cid,text,time,author,channel,votes,replies,photo,heart,reply,time_parsed
Ugzbtz7od6P_lSu5IRB4AaABAg,Juni 2026 masih nonton,5 days ago,@ameliaplants6572,UCxmqfYVLow534KwZNTPb33w,0,,https://yt3.ggpht.com/ohgsRDiSyW45BcSDGU_3ZTvK88ubPgi6uigbXj6amZi0UwfspDDdClCXb_F3doeVpw1Mvy_V=s88-c-k-c0x00ffffff-no-rj,False,False,1781246176.4817
UgzxmrExEU2nIOsnHJ54AaABAg,taii persebaya asumsimu bosok,5 days ago,@RahayuprawulandariPrawulandari,UCjnrAaiCio67X6mhq-1i97A,0,,https://yt3.ggpht.com/ytc/AIdro_nhoOi8Lhcr7w0l0Ur6N0ern1n6gqe49p8sDZDsXjKezsAllwS3frRAi1p45L_qVDrCfQ=s88-c-k-c0x00ffffff-no-rj,False,False,1781246176.48331
UgwicM-F1isN5TluQVt4AaABAg,"videomu hanya memperkeruh keadaan, kau berasumsi sendiri seolah2 kalian korban dan aremania pelaku",5 days ago,@RahayuprawulandariPrawulandari,UCjnrAaiCio67X6mhq-1i97A,0,1,https://yt3.ggpht.com/ytc/AIdro_nhoOi8Lhcr7w0l0Ur6N0ern1n6gqe49p8sDZDsXjKezsAllwS3frRAi1p45L_qVDrCfQ=s88-c-k-c0x00ffffff-no-rj,False,False,1781246176.48481
UgyfgAvZxNMB0e-UhZ54AaABAg,1:16:48 sok keras banget,5 days ago,@jihadhamasdawenan,UCrI178X3t44RY-Ugp6lkzNg,0,,https://yt3.ggpht.com/9BgUtlD6XOQLmWfjsVdzV6TULjKq6O0ks21Sk6B5YbHewPLmgIoTOnRdaSBye9QzwsqlIINuOw=s88-c-k-c0x00ffffff-no-rj,False,False,1781246176.486273
UgxvfQIEMNmJPNkxKCV4AaABAg,01:12:08,5 days ago,@jihadhamasdawenan,UCrI178X3t44RY-Ugp6lkzNg,0,,https://yt3.ggpht.com/9BgUtlD6XOQLmWfjsVdzV6TULjKq6O0ks21Sk6B5YbHewPLmgIoTOnRdaSBye9QzwsqlIINuOw=s88-c-k-c0x00ffffff-no-rj,False,False,1781246176.487738
UgzjMXNTsHdY7Pc4AYd4AaABAg,"udah 3 tahun aja, ga kerasa ya waktu",6 days ago,@AnchorSportPhoto,UCtVlxUUjZG6mmUHOwSaROKw,0,,https://yt3.ggpht.com/4UB1hERrO74txaSANPmQ_pnzEPPY_UxLaiLAlfeOCe3Ts_T4rJxgYmZzTl2Bw8sNc8ltgFXuHg=s88-c-k-c0x00ffffff-no-rj,False,False,1781159776.48917
Ugy_bdABUKxiiWXEBmV4AaABAg,Polisi baracuda masukanya mana knapa tidak mengambil tindakan sekalian,7 days ago,@WindaSari-m6r,UCOOgz-Y8gcwvFk4r0gNZiWg,0,,https://yt3.ggpht.com/ytc/AIdro_kNJc9RnBGBiYAcGAPzRP2vQMy9skHrI069ZGthQ8UhrfNMbfsmOyYes_FyBWwe6GTSzg=s88-c-k-c0x00ffffff-no-rj,False,False,1781073376.490662
UgyPYOft4wGDh016mX54AaABAg,"kami tidak menyalahkan semua polisi, hanya para oknum dari polisi yang menyemprotkan gas air mata ke penonton di tribun yang tidak turun ke lapangan, mengapa?? agar penonton yg turun ke lapangan tidak semakin banyakk?? tapi mengapa gas air mata yang di gunakan sudah kadaluarsa?. dan kenapa pintu di tribun saat itu di kunci,padahal waktu itu banyak suporter yang menumpuk ingin keluar, sedangkan yang menjaga pintu itu adalah pihak panitia dan polisi. yang harus di usut sebenarnya menurut sudut pandang saya, suporter yang memulai turun pertama kali ke lapangan dan memicu ke anarkisan, polisi yang menggunakan gas air mata, official yang tidak becus mengurus fasilitas stadion. 135+ never forget 🙏🙏",7 days ago,@DzaKi-ev8dw,UCMNA6GuzQwkjXGpodu61j1A,1,,https://yt3.ggpht.com/ytc/AIdro_nsY7Wz66Qkthpw8X7S-QjH6rLsZ8W4MCt8yLMHraVlOilDEr_euLO-DWFfReOv4gst5w=s88-c-k-c0x00ffffff-no-rj,False,False,1781073376.492096
Ugx6FmAJ7UYSyCciHHN4AaABAg,Pemain persebaya meludahi logo arema,12 days ago,@DanuReksa,UCM3BcMW5N9fp7nox-eZ5MWw,0,,https://yt3.ggpht.com/ytc/AIdro_n6uXwQUZQrJSqgJ6ZF2m7yPyU86vA2cV06lZe_vIJ30N0POsPL-swpaX5qoZBX-P1M2A=s88-c-k-c0x00ffffff-no-rj,False,False,1780641376.493601
UgxAMpmZhbG2_oPo6Jd4AaABAg,AREMA MATEKAN,2 weeks ago,@AldiputraRamadhani-s3z,UChIa0Ehy3pVvo_aRjT6KAMg,1,,https://yt3.ggpht.com/97rj54eyYA6f30EBtQx2zxL956zknuoP1ZiR0uYocTl_3wW4btOo2lq6RfdbPVHDkFTFAOrRFQ=s88-c-k-c0x00ffffff-no-rj,False,False,1780468576.49506
Ugy_5vCQG_UW0pHlJV94AaABAg,"pas delok Andika omong Persebaya""...yoalah cak atimu ijo nyelll✊",2 weeks ago,@RegaelBarapril,UCIbS0fppyQfIB5qLPzQohMA,2,,https://yt3.ggpht.com/ytc/AIdro_nda3NuW4HXFz11TFja6elUTDgEB9wuwjLWBcCho3VqWai3G3DxOL09_d1cje349l3kKw=s88-c-k-c0x00ffffff-no-rj,False,False,1780468576.496516
UgyQq2j9PxzACnZ2ljR4AaABAg,"Iseng muncul di beranda yt ,sebagai orang awam tidak mengerti bola,mendukung sewajarnya mau menang kalah hal itu sudah biasa terjadi di pertandingan apapun tidak harus sepak bola, jgn terlalu Fanatik karena akan kearah Negatif jika team yang di dukungnya kalah",2 weeks ago,@YanzzGaming-l4g,UCUVwOiVDkP05ZemlKthxsBg,0,,https://yt3.ggpht.com/ytc/AIdro_mcs__G4H9RxC8KlIb9zOmDFpOfY98OOHgbxjIKe3oyGvIH2hZmefgkOtHLuLWIC4IWQw=s88-c-k-c0x00ffffff-no-rj,False,False,1780468576.497965
UgzCpSO9wiSFLR8KDup4AaABAg,"Sebenarnya kalo tidak ada hukum HAM!!!! Polisi berhak sudah untuk menembak mereka,karna sudah mengancam nyawa dan melakukan penyerangan",2 weeks ago,@surabayabanyuwangi3310,UCbdGIzfxK12nDcMB1Od6mZQ,0,,https://yt3.ggpht.com/ytc/AIdro_kSGfJDEc-ehaGCvwnyuNBr8kfhML-Yew76Nj8hUUSrrke4-fZIU5cLYjQMy1xZcxRHzA=s88-c-k-c0x00ffffff-no-rj,False,False,1780468576.499416
Ugx-cnHbM61UBXE6zTB4AaABAg,Hadehh kopros aremaa😂,2 weeks ago,@Adam3452-h6r,UCk6HEgABn6Q7mA58E35BJ8g,2,,https://yt3.ggpht.com/ytc/AIdro_nmtsXDHjV3vsi3WJxNLeR6_m62bNa4V324lnRtnFy0u-rpS5RDcRIx863T-hajBZ4JOA=s88-c-k-c0x00ffffff-no-rj,False,False,1780468576.500869
UgwHpCLr19XOjbBa8ct4AaABAg,"Yang ingat kejadian arema waktu masih main diG10N sama persis sama kejadian yang ini cuma dulu belum ada sosmed aja jadi gak bisa seviral sekarang, dan lebih parah Arema waktu dulu daripada Persebaya yang ini sampe kaca bus pecah batu,bambu masuk kedalam bus gak pake Barakuda kaya Persebaya sekarang",2 weeks ago (edited),@ClipperNgasall,UCludATuFPSW-0RPt8lNL4Sw,0,1,https://yt3.ggpht.com/zNsb0LezrPufXBnhdWjesJDWEtvZMXmlv8JXOD0hC6HgXl5Cb9SykcrasP4kABfYXZ0u2NJx=s88-c-k-c0x00ffffff-no-rj,False,False,1780468576.502322
UgyTLXhZeoHuNwKjg_R4AaABAg,AREMANIA SAMPAH,2 weeks ago,@aryadzaky8226,UCGDPGETBCg0FDxHEhZIcttA,0,,https://yt3.ggpht.com/ytc/AIdro_mMKxWkyOV52_RzexHlgjMcnadw2RiGVpxeiGSkmzbjbA=s88-c-k-c0x00ffffff-no-rj,False,False,1780468576.503756
UgyV4oTmGwo1-11ya_d4AaABAg,"Sudah 3tahun berjalan
Baru nyempetin liat
Geram banget
Bangsat banget aremania itu ya
Pertaruhan hidup dan mati offical persebaya untuk pulang ke Surabaya lagi

Disisi lain mereka mencari pembenaran dengan menyalahkan polisi menggunakan gas air mata 😢",3 weeks ago,@ard2525-x1y,UC1NPHX_EImIs6pGwwAZ2Yrw,0,,https://yt3.ggpht.com/ytc/AIdro_meYAh6NPkc3qZ9RQbztfozX2jknUqc69hcasQTLZa7CCWY6MHmzRI1I6I59gYFhEiQXA=s88-c-k-c0x00ffffff-no-rj,False,False,1779863776.505187
Ugyb8F2EzoHwOTNtHM54AaABAg,"Arema "" playing victim pie anak buahmu pil sumpil",3 weeks ago,@surabayabanyuwangi3310,UCbdGIzfxK12nDcMB1Od6mZQ,1,,https://yt3.ggpht.com/ytc/AIdro_kSGfJDEc-ehaGCvwnyuNBr8kfhML-Yew76Nj8hUUSrrke4-fZIU5cLYjQMy1xZcxRHzA=s88-c-k-c0x00ffffff-no-rj,False,False,1779863776.506703
UgxNmRkRfZeUreKLzs14AaABAg,1:25:40 HARUSE MATI TEMENAN HAHAHA,3 weeks ago,@anggirizaldi8827,UC5bZch2jV_hGpbh2TcIl9vA,0,1,https://yt3.ggpht.com/ytc/AIdro_lIAcIDGH5l9z08VFdCEZi4RUK4a6s8HH-byiCmnAwhm3c=s88-c-k-c0x00ffffff-no-rj,False,False,1779863776.508151
UgwXofGpfMKN7I6lQhd4AaABAg,2026 masih nonton tragedi yg diswbabkan ulah suporfer arema,3 weeks ago,@ahchanel1194,UCsDIiPLFTFLwDmItDIySpNA,0,,https://yt3.ggpht.com/ytc/AIdro_nE6TUksZY_-R8ISD2YlXM2yE-zgSbTDSoJGE02TiNNFg=s88-c-k-c0x00ffffff-no-rj,False,False,1779863776.509716
UgwicM-F1isN5TluQVt4AaABAg.AXvGMFvfXkpAY688OrdK-0,"lah pemaine persebaya sampe dikejar aremania sing mudun yo cekne diredam Yo polisine terpaksa Nguncali gas air mata lah, lek gak sampe ngejar gak mungkin ngejar yopo se",1 day ago,@Muchammad7772,UCeu8xlK3hKJ8_VMJnHvf2EA,0,,https://yt3.ggpht.com/ytc/AIdro_mZ5lc_i1h56pQLYPEJZtsaI7fiLsDOUs-f29AmOkEQStX391GeuIaUOwS6ZWNznVbb5A=s88-c-k-c0x00ffffff-no-rj,False,True,1781591776.668935
UgwHpCLr19XOjbBa8ct4AaABAg.AXLIGmIMktGAXQzUZyYr3S,apakah ada pemain Arema yang jadi korban serangan supporter Persebaya seperti apa yang terjadi pada Nurkiman pemain Persebaya yg buta mata sebelah karena lemparan Aremania ?,2 weeks ago,@zeezeee03,UCFV2z7D33OZsF5NQ1lLKG7w,1,,https://yt3.ggpht.com/M5_Gg30X3776r9B647qJG1ASnVwkuDhvpzrugWfs3UUmt0s_42dVwrckad9UwjAbxIBFyz3h=s88-c-k-c0x00ffffff-no-rj,False,True,1780468576.814671
UgxNmRkRfZeUreKLzs14AaABAg.AX8wUzq7xxJAXQzY7TJuLO,makane urusan 135+ gak mari-mari 😂,2 weeks ago,@zeezeee03,UCFV2z7D33OZsF5NQ1lLKG7w,1,,https://yt3.ggpht.com/M5_Gg30X3776r9B647qJG1ASnVwkuDhvpzrugWfs3UUmt0s_42dVwrckad9UwjAbxIBFyz3h=s88-c-k-c0x00ffffff-no-rj,False,True,1780468576.951882
UgxGgp_wo-rI5iGHOiR4AaABAg,Ngeri 😢😢😢,4 weeks ago,@miftahulhudda4624,UCivt25QerJC4gSBtDr-pDKA,0,,https://yt3.ggpht.com/txqxSi-kdlqgn0e_kX5bDD8T03xRwzZ3BTXPtqYc7Qwqz8Aaj_yG_rtQpwJ1-C1dGQ_MO-c_Rg=s88-c-k-c0x00ffffff-no-rj,False,False,1779258977.161505
UgynPJ63ULuk-BYpH8t4AaABAg,SDM SDM😂,4 weeks ago,@diazfikar9945,UCEYVoMZQHOW-RqC15h_4Bug,1,1,https://yt3.ggpht.com/ytc/AIdro_nd9CUTH_vUS6yLFfCh_EH5NHiIQaskwp1Eiz_BGHeJdhT6LRhIGrQvmGbeGa18USPkig=s88-c-k-c0x00ffffff-no-rj,False,False,1779258977.163628
UgxHGGDvqfWv9HQwevB4AaABAg,"Wahai Aremania bagaimana tanggapanmu tentang video diatas? masihkah anda tidak berkaca? masihkah anda menebar kebencian.. Jika anda masih waras, mustinya anda semua wahai Aremania instropeksi diri. Liga terhenti gara2 anda, larangan suporter away juga gara2 anda. Namun sampai kini kelakuanmu sama saja dan tak pernah berubah! Masih saja menghujat, dan mencaci maki. Sungguh tabiat yg memalukan..",4 weeks ago,@decksist,UCb314Pni8NAW3hlY34zW9Dw,0,,https://yt3.ggpht.com/9JHatSJNNFBdq7gj3DdXAQuLNHyBXoq71MojdtXL7VtM2a4didwGhRPk7CdUsqg2GdcERkAE3Q=s88-c-k-c0x00ffffff-no-rj,False,False,1779258977.165541
Ugy1tWfEusov1SKDOC94AaABAg,Sedih rasanya liat video ini,1 month ago,@BadrudinAtep,UCPkNGDMcR36hdJVUsDMFPFQ,0,,https://yt3.ggpht.com/ytc/AIdro_k2Z6xibrg89ceTOo7QwIhmWgTtrF_4kXgPI5mFtPQPS_pSZElk3qsj1WdP_NCQ-9WqQw=s88-c-k-c0x00ffffff-no-rj,False,False,1778999777.168373
UgxxarQIeId1AuEx82F4AaABAg,"Dah kalah ga terima, to lol²😂",1 month ago,@MOCHDZAKIA,UCaTsUt4vGhgVPfdKCCoJV0Q,2,,https://yt3.ggpht.com/_vG1ESokE0V1VqE-4gKtC6CUE_EZ2hg31WcaZpoIOdQIhGPK57AVFhFyf91zjQIU9q4OnQdIMpQ=s88-c-k-c0x00ffffff-no-rj,False,False,1778999777.171102
UgzgxupclRVxWm-WxlZ4AaABAg,"SAKSI SEJARAH , SUPORTER YG MERASA HEBAT DAN MERASA TERDZALIMI... SUNGGUH MIRIS.... SEJARAH DAN VIDEO INI AKAN MEMBUKTIKAN KE GENERASI BERIKUTNYA, SIAPA SEBENARNYA KALIAN DI INDONESIA INI.... PECUNDANG 👎",1 month ago,@herikiswanto5630,UCOZJt35744AJ4MR5A6qTkyg,1,,https://yt3.ggpht.com/JRQnzzIIUtej6KyG9kUDmONPYqvoxA54bl7wYawEKQIQnIi5uUIOR9B18kSaJBm5QjW3-1tH6A=s88-c-k-c0x00ffffff-no-rj,False,False,1778999777.173924
UgyTL7702rrVKygcdxZ4AaABAg,suporter kampungan 😊,1 month ago,@SalmanAlfarizi-g7m7j,UCLYZ6tLlA2KdIVLHmrxCyuQ,0,,https://yt3.ggpht.com/ytc/AIdro_lA7jr0LZvBQFLmBc7jijnVjyoazsJEdCveoYk4bFvSLqy3mJRIVzhAwp7IKIkTOUTl9A=s88-c-k-c0x00ffffff-no-rj,False,False,1778999777.176717
UgxrCtYHW-g8fCRPqR14AaABAg,"Semoga ini menjadi pelajaran buat semuanya. 
Rivalitas & Fanatik itu boleh tapi cukup 90 menit di dalam lapangan.",1 month ago,@AdeWisnu-f4y,UC5eIYZ-vTqXEb2wJCtC5hEA,0,,https://yt3.ggpht.com/fb4owDA0Rn2pXQQYwI4E-uijss2ZMxoBW2nJXwIkHVDqnG6ZI5lnsbgW1vCrIy0fKb7HqiYZ=s88-c-k-c0x00ffffff-no-rj,False,False,1778999777.179313
Ugx9gsYYjeEytgItWIx4AaABAg,aremania baabiiii,1 month ago,@asoy1905,UC2GwPkwDIRDWk3aVxiOG_rA,1,,https://yt3.ggpht.com/ytc/AIdro_nusKmZATTFepe_OlKa8JyO-6iYOa1X47MpI9Y2RzmxHnb3yNgJRjgNAhXoZlMjqL8eQA=s88-c-k-c0x00ffffff-no-rj,False,False,1778999777.181912
Ugy7D3XsTOrQ2xaaQi94AaABAg,Up,1 month ago,@wahyuibrahim8725,UCbYTdzkUoLkTYdo7t9JrRlQ,0,,https://yt3.ggpht.com/ytc/AIdro_mwut6Z7ZgArtXd0YwCUh_sDMrY0qy0_z6F3oPu0PQ=s88-c-k-c0x00ffffff-no-rj,False,False,1778999777.184324
UgyodHyxXX7fxMjwV014AaABAg,Up,1 month ago,@wahyuibrahim8725,UCbYTdzkUoLkTYdo7t9JrRlQ,0,,https://yt3.ggpht.com/ytc/AIdro_mwut6Z7ZgArtXd0YwCUh_sDMrY0qy0_z6F3oPu0PQ=s88-c-k-c0x00ffffff-no-rj,False,False,1778999777.186845
UgwUL499fseYT3MuTqx4AaABAg,Up,1 month ago,@wahyuibrahim8725,UCbYTdzkUoLkTYdo7t9JrRlQ,0,,https://yt3.ggpht.com/ytc/AIdro_mwut6Z7ZgArtXd0YwCUh_sDMrY0qy0_z6F3oPu0PQ=s88-c-k-c0x00ffffff-no-rj,False,False,1778999777.189265
UgzEYypVNfVVqLN5caN4AaABAg,mulut mu harimau mu,1 month ago,@candraprasetiawan3673,UC3v-bBZhpDOZhIige3kiwKg,0,,https://yt3.ggpht.com/c5QwgedXHywUXYpaDnw_51wOn4Mkotxi5Q4_w4KD7iK7QFXegGobD--ECtBmk7JVPzuNis3b=s88-c-k-c0x00ffffff-no-rj,False,False,1778999777.191891
UgzRkvgpCOLI8P55Y3B4AaABAg,2026 Arematian JD arwah gaentayangan😂,1 month ago,@caripulsa222,UCHhGqSfSq4IqdhX0nsXArcg,0,,https://yt3.ggpht.com/n8E6VF34M_cPyXYObmP1njKTPugEJs4otYFLvNskIvaiH1krL0aCnAoOXMn5Ym-af9P_9GXG=s88-c-k-c0x00ffffff-no-rj,False,False,1778999777.194406
Ugw-LylxCeOpQ2TNKd54AaABAg,"wkwkwk arematian 😝😝🖕🖕🖕
kalah kok ngamuk mirip bedes ae 😂😂😂",1 month ago,@probster2727,UCeXdX0PTEpIZnNthLEhi-jA,1,,https://yt3.ggpht.com/ytc/AIdro_kPnWgPdaEneGRS_lHThnRi4WowEiydFJHvz_TIJ-uZt0uKxLt_qjIlJRs-UBamd5r2HA=s88-c-k-c0x00ffffff-no-rj,False,False,1778999777.196919
Ugyqv7kN7Wgawvf6trJ4AaABAg,Ada spanduk yang berkibar di tribun yg bertuliskan (KIAMAT MU DI MALANG) ingat ya ucapan itu adalah do'a,1 month ago,@RosiVhakenzo,UCR9BAhrNcn7pfCpoQfaMrTg,0,,https://yt3.ggpht.com/TO5oLQYwlm3-DxvwDCQGxqmHx6PtVJaF9fW8NcThxnRBmU1n4Qaa30JOgwZmO05JJNsZe5u30g=s88-c-k-c0x00ffffff-no-rj,False,False,1778999777.199437
Ugwp8ZfRHJO9Hq-7SuZ4AaABAg,Wes bongko 135 gak kapok...SOKOR GAK BOLO mu BONGKO,1 month ago,@lorenzojorge7937,UCaI02MXOmq1LUkqc2CmG7Mg,0,,https://yt3.ggpht.com/ytc/AIdro_n8itgRoCCAqnliXJEBfexLu-f1BXR-pgL478FU5Qc=s88-c-k-c0x00ffffff-no-rj,False,False,1778999777.202072
Ugz3K-TinqGtA6mRRTx4AaABAg,Dan sekarang 2026 malah arema kalah 0_4😢 bayangkan main di kanjuruan lg,1 month ago,@ytcalonbapak8959,UCe87N0pMmy-9eiETMu8HwIQ,0,,https://yt3.ggpht.com/QxirK49Z2s_swofnV5JO4ePcJBY4CNCBJyl8TjQTO0KSJS8Pp1lystCOwT5iIp8ZbfO7EUeq8A=s88-c-k-c0x00ffffff-no-rj,False,False,1778999777.204538
Ugw3ozvS-vCy0SZailB4AaABAg,polisi yg bawa AK untung peluru tajamnya ga ditembakkan ya allah..,1 month ago,@nugrahanagristiadiputro4904,UCeuMZLhPGGsG-wYSoDp1MEA,0,,https://yt3.ggpht.com/ogctuwjedprtwstRtdGRGRBkmVViFBwrXm8R1PHjuqVLAwa0Mk80TIAgcQdtpK0F_mfEw68h=s88-c-k-c0x00ffffff-no-rj,False,False,1778999777.207024
UgwLSFFGSw67ODag6wJ4AaABAg,Playing victim banget dia yg bikin rusuh dia yg merasa di sakitin,1 month ago,@se-harihari4589,UCpfo0le_qghB6yps4MiYTqw,0,,https://yt3.ggpht.com/ytc/AIdro_mZfGy7avsr_yzzxW-RpYT5IjLW5kwYVveU_P9yFzRFJg=s88-c-k-c0x00ffffff-no-rj,False,False,1778999777.209646
UgynPJ63ULuk-BYpH8t4AaABAg.AWzKPVwC2edAXsWGgFsOd0,😂😂😂,6 days ago,@miftachulhuda-t6w,UCoDmXot1viVmZqpNpFKS52w,0,,https://yt3.ggpht.com/ytc/AIdro_nn_gfmkVOesEgb6oab6LW5iSakSmlP6V8cyoGqatnK1rD75MmkpgLpVlllyAIAGhvexQ=s88-c-k-c0x00ffffff-no-rj,False,True,1781159777.352322
UgwRuPjUOrKunyN7GmJ4AaABAg,"Memang kalo melihat dari pihak terinjak dan salah sasaran tembak gas air mata polisi yg salah, tapi kalo dari pihak Arema yaa kalian liat sendiri😢mereka yg memulai",1 month ago,@Laksdwi138,UCY2lOfm80Rs-0JjnYiw661g,1,,https://yt3.ggpht.com/_WkQL2MPvA52QJeNjNwNIxirCoshkraSl2pdZONmlGoN_qPNrFQpYWk3vaEvKRcvh6N-RyrI=s88-c-k-c0x00ffffff-no-rj,False,False,1778999777.557864
UgyOqasqTPyCvFtH1SR4AaABAg,"Alhamdulillah..bongko akeh 135 .modiiaarrr.
sesuai sama kelakuannya.",1 month ago (edited),@andre_alee,UCjTHFP9ga10Fx7jcq92ko7A,0,,https://yt3.ggpht.com/ytc/AIdro_l5LLkTg-D-orAjIv3QnONs9TM45y_AotBXm2mRPRn4eltxYktPs1EaE6EeEfGMXSfLHQ=s88-c-k-c0x00ffffff-no-rj,False,False,1778999777.560824
UgwBXym1R9TIl5aO6-V4AaABAg,"Aku baru nonton jol 😢 nyong asli majenang cilacap 2x mbonek ng GBT, semoga nyong bisa mbonek maning 🐊💚",1 month ago,@dianahadnian1925,UCGHyD4Bl7BgbwLdydfRhS1A,0,,https://yt3.ggpht.com/ytc/AIdro_mdThiVxuZ7ux9lB_Zo5z6zRm3meolwgl30eXfXbrB2Zxc=s88-c-k-c0x00ffffff-no-rj,False,False,1778999777.563294
Ugwv86luYp-ObI9Z5eh4AaABAg,"Aku isin ndelok supotter e tim ku sek bocah"", seng gampang menyelesaikan masalah dengan kekerasan",1 month ago,@sonmin3527,UCkzovA9zeIjqQos8osuByqw,1,,https://yt3.ggpht.com/ERInMPjuFiJM0q0mu1zltheIbozW5sivhxoyknfwHOo7l06Kk3jheMrBVcoItB7RG7BQDFc8BA=s88-c-k-c0x00ffffff-no-rj,False,False,1778999777.565592
Ugxf2bAd9ATboHx5Uqh4AaABAg,Aku menonton sudah ke 10 x nya yang saya ambil hikmah adalah sungguh jahat dan merusak sifat fanatik tanpa berpikir positif.,1 month ago (edited),@Stopstroomilegal,UCXLMkDlGOlsCmtMRlhifUIg,1,,https://yt3.ggpht.com/T_UTTBfHsF6OeGLYfUAruR1exI9QI8H3nAiNTMSKPStUfT7iCjOHOtFU2bGq201ewuzsKV-ymw=s88-c-k-c0x00ffffff-no-rj,False,False,1778999777.567747
Ugwh4iGVr54-TAxf7SN4AaABAg,Up,1 month ago,@wahyuibrahim8725,UCbYTdzkUoLkTYdo7t9JrRlQ,1,,https://yt3.ggpht.com/ytc/AIdro_mwut6Z7ZgArtXd0YwCUh_sDMrY0qy0_z6F3oPu0PQ=s88-c-k-c0x00ffffff-no-rj,False,False,1778999777.569834
UgxMKMuuvxemFZnOQSV4AaABAg,Up,1 month ago,@wahyuibrahim8725,UCbYTdzkUoLkTYdo7t9JrRlQ,1,,https://yt3.ggpht.com/ytc/AIdro_mwut6Z7ZgArtXd0YwCUh_sDMrY0qy0_z6F3oPu0PQ=s88-c-k-c0x00ffffff-no-rj,False,False,1778999777.571799
UgyFGUEc2ZDQqwwgtJV4AaABAg,Up,1 month ago,@wahyuibrahim8725,UCbYTdzkUoLkTYdo7t9JrRlQ,1,,https://yt3.ggpht.com/ytc/AIdro_mwut6Z7ZgArtXd0YwCUh_sDMrY0qy0_z6F3oPu0PQ=s88-c-k-c0x00ffffff-no-rj,False,False,1778999777.573731
Ugz2QMkvAToj8lxRf6B4AaABAg,Up,1 month ago,@wahyuibrahim8725,UCbYTdzkUoLkTYdo7t9JrRlQ,1,,https://yt3.ggpht.com/ytc/AIdro_mwut6Z7ZgArtXd0YwCUh_sDMrY0qy0_z6F3oPu0PQ=s88-c-k-c0x00ffffff-no-rj,False,False,1778999777.575703
Ugxk_f5XqFZueznzZtt4AaABAg,Up,1 month ago,@wahyuibrahim8725,UCbYTdzkUoLkTYdo7t9JrRlQ,1,,https://yt3.ggpht.com/ytc/AIdro_mwut6Z7ZgArtXd0YwCUh_sDMrY0qy0_z6F3oPu0PQ=s88-c-k-c0x00ffffff-no-rj,False,False,1778999777.577603
UgyWHdO2YX3bwg_qye94AaABAg,up,1 month ago,@nardiwulung232,UC2x98Er0QmjZ16366PGxS8Q,1,,https://yt3.ggpht.com/ytc/AIdro_kfOXIxlJLqFJ1NtDuF2U-k4HD0Bsvd3RYYdEsWd264c5G4=s88-c-k-c0x00ffffff-no-rj,False,False,1778999777.579509
UgztUIv74DnfOP8EEaZ4AaABAg,SDM (Sumber Daya Monyet),1 month ago,@zulfianmisbachulfirdaus633,UCzaF67aPCl6r7jguwmxvEIQ,1,,https://yt3.ggpht.com/Wrul4lRq7ooXJKT2Y997MBLe4j4QXrA6pOxrHF0ow94RWTjwzpDM8XTD2KE0bIBJKe3_5QqS3Zg=s88-c-k-c0x00ffffff-no-rj,False,False,1778999777.581467
UgzvssN_JqTxxicj0_Z4AaABAg,Up,1 month ago,@wahyuibrahim8725,UCbYTdzkUoLkTYdo7t9JrRlQ,1,,https://yt3.ggpht.com/ytc/AIdro_mwut6Z7ZgArtXd0YwCUh_sDMrY0qy0_z6F3oPu0PQ=s88-c-k-c0x00ffffff-no-rj,False,False,1778999777.583387
UgydkPe__pOVMWOHGC54AaABAg,Up,1 month ago,@wahyuibrahim8725,UCbYTdzkUoLkTYdo7t9JrRlQ,1,,https://yt3.ggpht.com/ytc/AIdro_mwut6Z7ZgArtXd0YwCUh_sDMrY0qy0_z6F3oPu0PQ=s88-c-k-c0x00ffffff-no-rj,False,False,1778999777.585308
UgyPtWMEUZhWDRO60tt4AaABAg,Up,1 month ago,@wahyuibrahim8725,UCbYTdzkUoLkTYdo7t9JrRlQ,1,,https://yt3.ggpht.com/ytc/AIdro_mwut6Z7ZgArtXd0YwCUh_sDMrY0qy0_z6F3oPu0PQ=s88-c-k-c0x00ffffff-no-rj,False,False,1778999777.587358
UgzMXsjmQv4E45FYmLd4AaABAg,"Musim depan kita juara jol , 💯🎉 amin",1 month ago,@zainalarifin9090,UCtOGYIu4XuJmE5s4IjIF_7w,1,,https://yt3.ggpht.com/ytc/AIdro_mVbB5wd5mFrYJD-p8VboCKGuwFWzn6GQwlZFyLlqA0Eno=s88-c-k-c0x00ffffff-no-rj,False,False,1778999777.589666
UgyxBDGDLXTPzl5ik_J4AaABAg,semua gara gara arema,1 month ago,@Afdal-w9r,UCXkC5fjY1hSt-Pi0UIRB55g,2,,https://yt3.ggpht.com/ytc/AIdro_ka_OJb0XNJYDEohFXLN9aw8SQx2wooMyAYwzwnScVwBS5AeOdo4U3-cDL-EXswMyKilw=s88-c-k-c0x00ffffff-no-rj,False,False,1778999777.592964
Ugzb_GHpdEbYqviHDZ14AaABAg,Up,1 month ago,@wahyuibrahim8725,UCbYTdzkUoLkTYdo7t9JrRlQ,1,,https://yt3.ggpht.com/ytc/AIdro_mwut6Z7ZgArtXd0YwCUh_sDMrY0qy0_z6F3oPu0PQ=s88-c-k-c0x00ffffff-no-rj,False,False,1778999777.595294
Ugz4RZeG_Z1-o80SoRx4AaABAg,Up,1 month ago,@wahyuibrahim8725,UCbYTdzkUoLkTYdo7t9JrRlQ,1,,https://yt3.ggpht.com/ytc/AIdro_mwut6Z7ZgArtXd0YwCUh_sDMrY0qy0_z6F3oPu0PQ=s88-c-k-c0x00ffffff-no-rj,False,False,1778999777.597553
Ugyct2C0iNLOM9Fcwcp4AaABAg,Up,1 month ago,@wahyuibrahim8725,UCbYTdzkUoLkTYdo7t9JrRlQ,1,,https://yt3.ggpht.com/ytc/AIdro_mwut6Z7ZgArtXd0YwCUh_sDMrY0qy0_z6F3oPu0PQ=s88-c-k-c0x00ffffff-no-rj,False,False,1778999777.59981
UgyjOuz9NHbdwhnYLWZ4AaABAg,"Tiap selesai Derby, dari tahun ketahun pasti nntn video ini,",1 month ago,@user-fh9cp2gn5t,UCc4NTxuX2s8ds8XkFdbnHeg,2,1,https://yt3.ggpht.com/ytc/AIdro_nfrO6VW1YHrAaUYGH-Y4n-Ulb7lc-AQgFx4sypbnWPmMc=s88-c-k-c0x00ffffff-no-rj,False,False,1778999777.789607
UgyLTCbeRKnHNvtFEYt4AaABAg,karma is real bro😂,1 month ago,@ardhitapramesti-v4q,UCq2lucpu0YlxGg9anqFm6EA,1,,https://yt3.ggpht.com/ytc/AIdro_nK23S-OawLWDKo-qIIuEK51dsZl6Awtjllie1nmYluCiMZVMq-fSeMHKP5eDTJrgTaEA=s88-c-k-c0x00ffffff-no-rj,False,False,1778999777.793432
UgwfW78g86U2NYDiB414AaABAg,KAKEAN MACEM ANCENE SUPORTER E KALAH YOO KALAH AE,1 month ago,@azrulhidayatt,UCTVmIvuKmm5FHO-IGEeMsew,1,,https://yt3.ggpht.com/i3ZFMsDk_Ip8ak8h-a03Ft3rYAtIxEx9KX0U3FDIjumZ5MP_0WeOo9oCCCzOkHrSejgEz9aUOQ=s88-c-k-c0x00ffffff-no-rj,False,False,1778999777.796419
UgwS9I0u3S0euDc2IkV4AaABAg,"mnolak lupa ,alfatihah buat para korban",1 month ago,@mahastirahmahastir6620,UCPqFHgpiFKyeYMG0PVIRlTg,1,,https://yt3.ggpht.com/ytc/AIdro_ntvhfKnMvNIBGFk-3QtZIhv8lBqPPqMmuxHzsvZA8=s88-c-k-c0x00ffffff-no-rj,False,False,1778999777.798984
UgxhuWs6CNALKM-FwfZ4AaABAg,"Bobotoh kalo lihat ini, mereka ga kan mau temenan sama aremania,,, tapi gimana lagi ya,, namanya juga bobodoh 😊",1 month ago,@Gamal.mberot,UCI6pUafsx4JawlSM2fCrinQ,17,1,https://yt3.ggpht.com/ZAUfNEqplsopVXT0Hl6DBSUzBewrflfvY8Macn3WlSghnTZB2h0bbmC5iC6w2KB5P_2chpmgu60=s88-c-k-c0x00ffffff-no-rj,False,False,1778999777.801341
Ugw5aKMrtUvpHU3rv3p4AaABAg,"Aku bonek, setiap kali mau match vs arema, beberapa tahun kebelakang selalu nonton ini dulu. 

Bukan untuk euphoria kemenangan, tapi mengingatkan diri sendiri bahwa awal mula adanya korban karena ujaran kebencian. 

Psywar boleh, rivalitas boleh,
Stop kalau sudah berlebihan.

Semua tidak ingin ini terjadi kembali kan ?",1 month ago,@hardiandharma8555,UCJtrq6qY9Aedt_C624H6uag,1,2,https://yt3.ggpht.com/ytc/AIdro_l8Jl6K1axGYKaglDXza_5JrKGWU7gPdVs0400GllbV0HE=s88-c-k-c0x00ffffff-no-rj,False,False,1778999777.80359
UgxHMpowG8mD4uRRlx94AaABAg,Up,1 month ago,@wahyuibrahim8725,UCbYTdzkUoLkTYdo7t9JrRlQ,1,,https://yt3.ggpht.com/ytc/AIdro_mwut6Z7ZgArtXd0YwCUh_sDMrY0qy0_z6F3oPu0PQ=s88-c-k-c0x00ffffff-no-rj,False,False,1778999777.805735
UgxVxwg_s3QongI05cx4AaABAg,Up,1 month ago,@wahyuibrahim8725,UCbYTdzkUoLkTYdo7t9JrRlQ,0,,https://yt3.ggpht.com/ytc/AIdro_mwut6Z7ZgArtXd0YwCUh_sDMrY0qy0_z6F3oPu0PQ=s88-c-k-c0x00ffffff-no-rj,False,False,1778999777.807791
UgxNqmAhv_0HEgTV3gB4AaABAg,Up,1 month ago,@wahyuibrahim8725,UCbYTdzkUoLkTYdo7t9JrRlQ,0,,https://yt3.ggpht.com/ytc/AIdro_mwut6Z7ZgArtXd0YwCUh_sDMrY0qy0_z6F3oPu0PQ=s88-c-k-c0x00ffffff-no-rj,False,False,1778999777.809752
Ugz90fMVcnE7zcNsi3p4AaABAg,Up,1 month ago,@wahyuibrahim8725,UCbYTdzkUoLkTYdo7t9JrRlQ,0,,https://yt3.ggpht.com/ytc/AIdro_mwut6Z7ZgArtXd0YwCUh_sDMrY0qy0_z6F3oPu0PQ=s88-c-k-c0x00ffffff-no-rj,False,False,1778999777.811805
Ugy70152lhUaLfVqu494AaABAg,Up,1 month ago,@wahyuibrahim8725,UCbYTdzkUoLkTYdo7t9JrRlQ,0,,https://yt3.ggpht.com/ytc/AIdro_mwut6Z7ZgArtXd0YwCUh_sDMrY0qy0_z6F3oPu0PQ=s88-c-k-c0x00ffffff-no-rj,False,False,1778999777.81376
Ugy4AdPRzeGOqk5w2hF4AaABAg,Up,1 month ago,@wahyuibrahim8725,UCbYTdzkUoLkTYdo7t9JrRlQ,1,,https://yt3.ggpht.com/ytc/AIdro_mwut6Z7ZgArtXd0YwCUh_sDMrY0qy0_z6F3oPu0PQ=s88-c-k-c0x00ffffff-no-rj,False,False,1778999777.815957
Ugz15PjnKxZM5lYbz-R4AaABAg,Up,1 month ago,@wahyuibrahim8725,UCbYTdzkUoLkTYdo7t9JrRlQ,1,,https://yt3.ggpht.com/ytc/AIdro_mwut6Z7ZgArtXd0YwCUh_sDMrY0qy0_z6F3oPu0PQ=s88-c-k-c0x00ffffff-no-rj,False,False,1778999777.817989
Ugw0pGv139nhXiXZyKp4AaABAg,Up,1 month ago,@wahyuibrahim8725,UCbYTdzkUoLkTYdo7t9JrRlQ,1,,https://yt3.ggpht.com/ytc/AIdro_mwut6Z7ZgArtXd0YwCUh_sDMrY0qy0_z6F3oPu0PQ=s88-c-k-c0x00ffffff-no-rj,False,False,1778999777.82001
Ugwjo6yivF6NcUUuJn94AaABAg,Up,1 month ago,@wahyuibrahim8725,UCbYTdzkUoLkTYdo7t9JrRlQ,1,,https://yt3.ggpht.com/ytc/AIdro_mwut6Z7ZgArtXd0YwCUh_sDMrY0qy0_z6F3oPu0PQ=s88-c-k-c0x00ffffff-no-rj,False,False,1778999777.821949
UgxBfRHLKFrtXez-WQR4AaABAg,Up,1 month ago,@wahyuibrahim8725,UCbYTdzkUoLkTYdo7t9JrRlQ,1,,https://yt3.ggpht.com/ytc/AIdro_mwut6Z7ZgArtXd0YwCUh_sDMrY0qy0_z6F3oPu0PQ=s88-c-k-c0x00ffffff-no-rj,False,False,1778999777.823937
Ugxno0oupxqux4_FdNl4AaABAg,Up,1 month ago,@wahyuibrahim8725,UCbYTdzkUoLkTYdo7t9JrRlQ,1,,https://yt3.ggpht.com/ytc/AIdro_mwut6Z7ZgArtXd0YwCUh_sDMrY0qy0_z6F3oPu0PQ=s88-c-k-c0x00ffffff-no-rj,False,False,1778999777.825957
UgzMEBkM9h8l_9x2B2N4AaABAg,Up,1 month ago,@wahyuibrahim8725,UCbYTdzkUoLkTYdo7t9JrRlQ,1,,https://yt3.ggpht.com/ytc/AIdro_mwut6Z7ZgArtXd0YwCUh_sDMrY0qy0_z6F3oPu0PQ=s88-c-k-c0x00ffffff-no-rj,False,False,1778999777.8279
Ugx_WlSDXgQTFhiAqKt4AaABAg,Up,1 month ago,@wahyuibrahim8725,UCbYTdzkUoLkTYdo7t9JrRlQ,1,,https://yt3.ggpht.com/ytc/AIdro_mwut6Z7ZgArtXd0YwCUh_sDMrY0qy0_z6F3oPu0PQ=s88-c-k-c0x00ffffff-no-rj,False,False,1778999777.829829
UgxSJEcRpdX0XjdSeA14AaABAg,Up,1 month ago,@wahyuibrahim8725,UCbYTdzkUoLkTYdo7t9JrRlQ,1,1,https://yt3.ggpht.com/ytc/AIdro_mwut6Z7ZgArtXd0YwCUh_sDMrY0qy0_z6F3oPu0PQ=s88-c-k-c0x00ffffff-no-rj,False,False,1778999777.831734
UgyjOuz9NHbdwhnYLWZ4AaABAg.AWDAG_wJ_F3AWDrS6iqyQt,"podo mas, iling se bangsat kui polah e bedes bedes gunung",1 month ago,@Alfaariiis,UC370sOgAVFOedMVtwwAY6Qg,1,,https://yt3.ggpht.com/ytc/AIdro_lqybv1ymmQZzV-g7nROuYqYvRtqWJrzgIBL02smStPjjYqrzc547dVBcr4Ak5lP7MDAg=s88-c-k-c0x00ffffff-no-rj,False,True,1778999777.990034
UgxhuWs6CNALKM-FwfZ4AaABAg.AW90z3yKNb6AWkYiTV3iCu,Lah Jakmania begimane?,1 month ago,@jaksel-m3r,UC9BUYUptY_yq9xVwyhzIOHg,1,,https://yt3.ggpht.com/aHtFDLu_3T2G52cfHD6lS6lqUgvwK27qJTe3cjhn3vJwQpqEU-UYiwiU5NLud5S1dIGBr1hRNg=s88-c-k-c0x00ffffff-no-rj,False,True,1778999778.137144
Ugw5aKMrtUvpHU3rv3p4AaABAg.AW7ZeTK9NWYAW7t3nbIvTG,sama mas.,1 month ago,@noorhudha3758,UClNNWt6FUvPI4tIm-_RUqPw,1,,https://yt3.ggpht.com/ytc/AIdro_mlK7QB-Ghb0Ys5W0UMuCL6zIvgGT-mY9skWZu41aBLyPM=s88-c-k-c0x00ffffff-no-rj,False,True,1778999778.292693
Ugw5aKMrtUvpHU3rv3p4AaABAg.AW7ZeTK9NWYAWQQbAhTTYf,Podo cak salut respect suporter dewasa,1 month ago,@yazidalbustomi62,UCeUEnKkP0xD9FsjgPzASQ5Q,1,,https://yt3.ggpht.com/SAr2UcDr9KPTB5pUeiGYAmbSp-Ee1Rz6JF8vA6ovxvbJS6FffBczErKpTo6rB5z066_ypHDKzqY=s88-c-k-c0x00ffffff-no-rj,False,True,1778999778.295817
UgxSJEcRpdX0XjdSeA14AaABAg.AW-QM4fORSVAWU1MxFwhrQ,Berhasil kon cak metu teros ng beranda😂,1 month ago,@武田壮99,UCA3oWoJkONd3o5SAfal6b2w,0,,https://yt3.ggpht.com/ytc/AIdro_lbpfOC9I8qLiOVcpkqVGISdiSIIKblr7zkprr7zVhB1cV6PVM=s88-c-k-c0x00ffffff-no-rj,False,True,1778999778.441175
UgzXU7X4hS8NX9JwZml4AaABAg,Up,1 month ago,@wahyuibrahim8725,UCbYTdzkUoLkTYdo7t9JrRlQ,1,,https://yt3.ggpht.com/ytc/AIdro_mwut6Z7ZgArtXd0YwCUh_sDMrY0qy0_z6F3oPu0PQ=s88-c-k-c0x00ffffff-no-rj,False,False,1778999778.645051
Ugz53antWJEjHDJsy354AaABAg,Up,1 month ago,@wahyuibrahim8725,UCbYTdzkUoLkTYdo7t9JrRlQ,1,,https://yt3.ggpht.com/ytc/AIdro_mwut6Z7ZgArtXd0YwCUh_sDMrY0qy0_z6F3oPu0PQ=s88-c-k-c0x00ffffff-no-rj,False,False,1778999778.648083
Ugya0G-q2oqHVI36_hR4AaABAg,Up,1 month ago,@wahyuibrahim8725,UCbYTdzkUoLkTYdo7t9JrRlQ,1,,https://yt3.ggpht.com/ytc/AIdro_mwut6Z7ZgArtXd0YwCUh_sDMrY0qy0_z6F3oPu0PQ=s88-c-k-c0x00ffffff-no-rj,False,False,1778999778.651188
Ugx5YjTruRKt5KVflcl4AaABAg,Up,1 month ago,@wahyuibrahim8725,UCbYTdzkUoLkTYdo7t9JrRlQ,1,,https://yt3.ggpht.com/ytc/AIdro_mwut6Z7ZgArtXd0YwCUh_sDMrY0qy0_z6F3oPu0PQ=s88-c-k-c0x00ffffff-no-rj,False,False,1778999778.653968
Ugwcg26oPUlsDibzO794AaABAg,Up,1 month ago,@wahyuibrahim8725,UCbYTdzkUoLkTYdo7t9JrRlQ,1,,https://yt3.ggpht.com/ytc/AIdro_mwut6Z7ZgArtXd0YwCUh_sDMrY0qy0_z6F3oPu0PQ=s88-c-k-c0x00ffffff-no-rj,False,False,1778999778.656659
UgyQaBcjXhCxcdA5bph4AaABAg,Up,1 month ago,@wahyuibrahim8725,UCbYTdzkUoLkTYdo7t9JrRlQ,1,,https://yt3.ggpht.com/ytc/AIdro_mwut6Z7ZgArtXd0YwCUh_sDMrY0qy0_z6F3oPu0PQ=s88-c-k-c0x00ffffff-no-rj,False,False,1778999778.659182
UgxxiJSg3vfl_sHvS1N4AaABAg,Up,1 month ago,@wahyuibrahim8725,UCbYTdzkUoLkTYdo7t9JrRlQ,1,,https://yt3.ggpht.com/ytc/AIdro_mwut6Z7ZgArtXd0YwCUh_sDMrY0qy0_z6F3oPu0PQ=s88-c-k-c0x00ffffff-no-rj,False,False,1778999778.661853
UgzvVDF6Qw2sVJueWgd4AaABAg,Up,1 month ago,@wahyuibrahim8725,UCbYTdzkUoLkTYdo7t9JrRlQ,1,,https://yt3.ggpht.com/ytc/AIdro_mwut6Z7ZgArtXd0YwCUh_sDMrY0qy0_z6F3oPu0PQ=s88-c-k-c0x00ffffff-no-rj,False,False,1778999778.664232
Ugz0PEXEVCQYej3L-RN4AaABAg,Up,1 month ago,@wahyuibrahim8725,UCbYTdzkUoLkTYdo7t9JrRlQ,1,,https://yt3.ggpht.com/ytc/AIdro_mwut6Z7ZgArtXd0YwCUh_sDMrY0qy0_z6F3oPu0PQ=s88-c-k-c0x00ffffff-no-rj,False,False,1778999778.666518
UgwhcnntxSOWURsyzLZ4AaABAg,Up,1 month ago,@wahyuibrahim8725,UCbYTdzkUoLkTYdo7t9JrRlQ,1,,https://yt3.ggpht.com/ytc/AIdro_mwut6Z7ZgArtXd0YwCUh_sDMrY0qy0_z6F3oPu0PQ=s88-c-k-c0x00ffffff-no-rj,False,False,1778999778.668707
Ugy1mkzMgz3CtQpOFAx4AaABAg,Up,1 month ago,@wahyuibrahim8725,UCbYTdzkUoLkTYdo7t9JrRlQ,1,,https://yt3.ggpht.com/ytc/AIdro_mwut6Z7ZgArtXd0YwCUh_sDMrY0qy0_z6F3oPu0PQ=s88-c-k-c0x00ffffff-no-rj,False,False,1778999778.670875
Ugx87aPZzsroMVvnvrp4AaABAg,Up,1 month ago,@wahyuibrahim8725,UCbYTdzkUoLkTYdo7t9JrRlQ,1,,https://yt3.ggpht.com/ytc/AIdro_mwut6Z7ZgArtXd0YwCUh_sDMrY0qy0_z6F3oPu0PQ=s88-c-k-c0x00ffffff-no-rj,False,False,1778999778.672988
Ugw1wzi1v1WQK4k-ggJ4AaABAg,Up,1 month ago,@wahyuibrahim8725,UCbYTdzkUoLkTYdo7t9JrRlQ,1,,https://yt3.ggpht.com/ytc/AIdro_mwut6Z7ZgArtXd0YwCUh_sDMrY0qy0_z6F3oPu0PQ=s88-c-k-c0x00ffffff-no-rj,False,False,1778999778.67504
UgyMmehBsQTsrPjZwN94AaABAg,Up,1 month ago,@wahyuibrahim8725,UCbYTdzkUoLkTYdo7t9JrRlQ,1,,https://yt3.ggpht.com/ytc/AIdro_mwut6Z7ZgArtXd0YwCUh_sDMrY0qy0_z6F3oPu0PQ=s88-c-k-c0x00ffffff-no-rj,False,False,1778999778.677089
UgyvOyTwMKaveslUc354AaABAg,Yu siapa aja yang nonton tahun 2026,1 month ago,@Hilmansyah-f6p,UCzfbKRqbskxIKZ5T5TRbmag,1,2,https://yt3.ggpht.com/tdgDASO7jcrG5dRSMAhYVowmWPLg5F0-JBMwcBWnCJ8bNfJrf_1ixzORgZgbHRgEsFGIYJwRcw=s88-c-k-c0x00ffffff-no-rj,False,False,1778999778.679079
UgzQZgrbYnBV7TUXjkt4AaABAg,Up,1 month ago,@wahyuibrahim8725,UCbYTdzkUoLkTYdo7t9JrRlQ,1,,https://yt3.ggpht.com/ytc/AIdro_mwut6Z7ZgArtXd0YwCUh_sDMrY0qy0_z6F3oPu0PQ=s88-c-k-c0x00ffffff-no-rj,False,False,1778999778.68106
UgwImFWM6k-cw0j4uIh4AaABAg,Up,1 month ago,@wahyuibrahim8725,UCbYTdzkUoLkTYdo7t9JrRlQ,1,,https://yt3.ggpht.com/ytc/AIdro_mwut6Z7ZgArtXd0YwCUh_sDMrY0qy0_z6F3oPu0PQ=s88-c-k-c0x00ffffff-no-rj,False,False,1778999778.683017
Ugy75qg9Rqon2XfKYpx4AaABAg,Up,2 months ago,@wahyuibrahim8725,UCbYTdzkUoLkTYdo7t9JrRlQ,1,,https://yt3.ggpht.com/ytc/AIdro_mwut6Z7ZgArtXd0YwCUh_sDMrY0qy0_z6F3oPu0PQ=s88-c-k-c0x00ffffff-no-rj,False,False,1776407778.685006
Ugw00u1oxUwxrGHVau14AaABAg,Up,2 months ago,@wahyuibrahim8725,UCbYTdzkUoLkTYdo7t9JrRlQ,1,,https://yt3.ggpht.com/ytc/AIdro_mwut6Z7ZgArtXd0YwCUh_sDMrY0qy0_z6F3oPu0PQ=s88-c-k-c0x00ffffff-no-rj,False,False,1776407778.686986
Ugxn1QeR9lzh6wgI04N4AaABAg,Up,2 months ago,@wahyuibrahim8725,UCbYTdzkUoLkTYdo7t9JrRlQ,1,,https://yt3.ggpht.com/ytc/AIdro_mwut6Z7ZgArtXd0YwCUh_sDMrY0qy0_z6F3oPu0PQ=s88-c-k-c0x00ffffff-no-rj,False,False,1776407778.689093
UgyvOyTwMKaveslUc354AaABAg.AVmn5ju0xmEAWQQntuhFo2,Up,1 month ago,@yazidalbustomi62,UCeUEnKkP0xD9FsjgPzASQ5Q,2,,https://yt3.ggpht.com/SAr2UcDr9KPTB5pUeiGYAmbSp-Ee1Rz6JF8vA6ovxvbJS6FffBczErKpTo6rB5z066_ypHDKzqY=s88-c-k-c0x00ffffff-no-rj,False,True,1778999778.833234
UgyvOyTwMKaveslUc354AaABAg.AVmn5ju0xmEAVnYaG8pksW,uyy,1 month ago,@januarprayogi27,UCW9o1gUvmrqIMlrdTet8-Zg,1,,https://yt3.ggpht.com/1c9DOeSrYpHstDNEgwWvu3-vQuaM9ZUuHbfYAx51ngcg-F230ncrkcBkgVGzpW017ELf7kEDFw=s88-c-k-c0x00ffffff-no-rj,False,True,1778999778.836337
UgylYJ4Eu9dUPISBk8l4AaABAg,Up,2 months ago,@wahyuibrahim8725,UCbYTdzkUoLkTYdo7t9JrRlQ,1,,https://yt3.ggpht.com/ytc/AIdro_mwut6Z7ZgArtXd0YwCUh_sDMrY0qy0_z6F3oPu0PQ=s88-c-k-c0x00ffffff-no-rj,False,False,1776407779.029284
UgwNLlEIPd7fAJ2xnOV4AaABAg,Up,2 months ago,@wahyuibrahim8725,UCbYTdzkUoLkTYdo7t9JrRlQ,1,,https://yt3.ggpht.com/ytc/AIdro_mwut6Z7ZgArtXd0YwCUh_sDMrY0qy0_z6F3oPu0PQ=s88-c-k-c0x00ffffff-no-rj,False,False,1776407779.032609
UgxJBiAROmKSpTdDE2R4AaABAg,Up,2 months ago,@wahyuibrahim8725,UCbYTdzkUoLkTYdo7t9JrRlQ,1,,https://yt3.ggpht.com/ytc/AIdro_mwut6Z7ZgArtXd0YwCUh_sDMrY0qy0_z6F3oPu0PQ=s88-c-k-c0x00ffffff-no-rj,False,False,1776407779.03519
UgzvpZhf4_p64ulzCtp4AaABAg,Up,2 months ago,@wahyuibrahim8725,UCbYTdzkUoLkTYdo7t9JrRlQ,1,,https://yt3.ggpht.com/ytc/AIdro_mwut6Z7ZgArtXd0YwCUh_sDMrY0qy0_z6F3oPu0PQ=s88-c-k-c0x00ffffff-no-rj,False,False,1776407779.037646
UgwIlL3uMkSV0xMLFON4AaABAg,Up,2 months ago,@wahyuibrahim8725,UCbYTdzkUoLkTYdo7t9JrRlQ,1,,https://yt3.ggpht.com/ytc/AIdro_mwut6Z7ZgArtXd0YwCUh_sDMrY0qy0_z6F3oPu0PQ=s88-c-k-c0x00ffffff-no-rj,False,False,1776407779.040074
Ugzqvvp_RmIkpQ-7rbZ4AaABAg,Up,2 months ago,@wahyuibrahim8725,UCbYTdzkUoLkTYdo7t9JrRlQ,1,,https://yt3.ggpht.com/ytc/AIdro_mwut6Z7ZgArtXd0YwCUh_sDMrY0qy0_z6F3oPu0PQ=s88-c-k-c0x00ffffff-no-rj,False,False,1776407779.042236
Ugxn7frw12K99b6184B4AaABAg,Up,2 months ago,@wahyuibrahim8725,UCbYTdzkUoLkTYdo7t9JrRlQ,1,,https://yt3.ggpht.com/ytc/AIdro_mwut6Z7ZgArtXd0YwCUh_sDMrY0qy0_z6F3oPu0PQ=s88-c-k-c0x00ffffff-no-rj,False,False,1776407779.044433
UgxSOmNwnlhWFXBDbTF4AaABAg,Up,2 months ago,@wahyuibrahim8725,UCbYTdzkUoLkTYdo7t9JrRlQ,1,,https://yt3.ggpht.com/ytc/AIdro_mwut6Z7ZgArtXd0YwCUh_sDMrY0qy0_z6F3oPu0PQ=s88-c-k-c0x00ffffff-no-rj,False,False,1776407779.046616
UgxH6kbABl4oJ9uCYHV4AaABAg,Up,2 months ago,@wahyuibrahim8725,UCbYTdzkUoLkTYdo7t9JrRlQ,1,,https://yt3.ggpht.com/ytc/AIdro_mwut6Z7ZgArtXd0YwCUh_sDMrY0qy0_z6F3oPu0PQ=s88-c-k-c0x00ffffff-no-rj,False,False,1776407779.048728
UgzSnYbRbGZKdUOEZ4V4AaABAg,Up,2 months ago,@wahyuibrahim8725,UCbYTdzkUoLkTYdo7t9JrRlQ,1,,https://yt3.ggpht.com/ytc/AIdro_mwut6Z7ZgArtXd0YwCUh_sDMrY0qy0_z6F3oPu0PQ=s88-c-k-c0x00ffffff-no-rj,False,False,1776407779.050897
UgyTeUoFeBiCqH3pVwp4AaABAg,Up,2 months ago,@wahyuibrahim8725,UCbYTdzkUoLkTYdo7t9JrRlQ,1,,https://yt3.ggpht.com/ytc/AIdro_mwut6Z7ZgArtXd0YwCUh_sDMrY0qy0_z6F3oPu0PQ=s88-c-k-c0x00ffffff-no-rj,False,False,1776407779.053004
Ugx9h4pVOjXvbJp8qNd4AaABAg,Up,2 months ago,@wahyuibrahim8725,UCbYTdzkUoLkTYdo7t9JrRlQ,1,,https://yt3.ggpht.com/ytc/AIdro_mwut6Z7ZgArtXd0YwCUh_sDMrY0qy0_z6F3oPu0PQ=s88-c-k-c0x00ffffff-no-rj,False,False,1776407779.055108
UgxEGxV0MvcrGOGNgrx4AaABAg,Up,2 months ago,@wahyuibrahim8725,UCbYTdzkUoLkTYdo7t9JrRlQ,1,,https://yt3.ggpht.com/ytc/AIdro_mwut6Z7ZgArtXd0YwCUh_sDMrY0qy0_z6F3oPu0PQ=s88-c-k-c0x00ffffff-no-rj,False,False,1776407779.057263
UgzfDjqT-Ar4wTsv4a94AaABAg,Up,2 months ago,@wahyuibrahim8725,UCbYTdzkUoLkTYdo7t9JrRlQ,1,,https://yt3.ggpht.com/ytc/AIdro_mwut6Z7ZgArtXd0YwCUh_sDMrY0qy0_z6F3oPu0PQ=s88-c-k-c0x00ffffff-no-rj,False,False,1776407779.059304
UgzDh27PDtFovG_8rCB4AaABAg,Up,2 months ago,@wahyuibrahim8725,UCbYTdzkUoLkTYdo7t9JrRlQ,1,,https://yt3.ggpht.com/ytc/AIdro_mwut6Z7ZgArtXd0YwCUh_sDMrY0qy0_z6F3oPu0PQ=s88-c-k-c0x00ffffff-no-rj,False,False,1776407779.06129
UgxT_g0bBe2EzFLSSe54AaABAg,Up,2 months ago,@wahyuibrahim8725,UCbYTdzkUoLkTYdo7t9JrRlQ,1,,https://yt3.ggpht.com/ytc/AIdro_mwut6Z7ZgArtXd0YwCUh_sDMrY0qy0_z6F3oPu0PQ=s88-c-k-c0x00ffffff-no-rj,False,False,1776407779.063375
UgxmAiXi6zrKNKlBPeV4AaABAg,Up,2 months ago,@wahyuibrahim8725,UCbYTdzkUoLkTYdo7t9JrRlQ,1,,https://yt3.ggpht.com/ytc/AIdro_mwut6Z7ZgArtXd0YwCUh_sDMrY0qy0_z6F3oPu0PQ=s88-c-k-c0x00ffffff-no-rj,False,False,1776407779.065431
UgwrHa9dFrqt4NU4OXx4AaABAg,Up,2 months ago,@wahyuibrahim8725,UCbYTdzkUoLkTYdo7t9JrRlQ,1,,https://yt3.ggpht.com/ytc/AIdro_mwut6Z7ZgArtXd0YwCUh_sDMrY0qy0_z6F3oPu0PQ=s88-c-k-c0x00ffffff-no-rj,False,False,1776407779.067584
UgyfhyuaebuI31n3obh4AaABAg,Up,2 months ago,@wahyuibrahim8725,UCbYTdzkUoLkTYdo7t9JrRlQ,1,,https://yt3.ggpht.com/ytc/AIdro_mwut6Z7ZgArtXd0YwCUh_sDMrY0qy0_z6F3oPu0PQ=s88-c-k-c0x00ffffff-no-rj,False,False,1776407779.069637
UgxBXvnQVKsxU_nJ8hZ4AaABAg,Up,2 months ago,@wahyuibrahim8725,UCbYTdzkUoLkTYdo7t9JrRlQ,1,,https://yt3.ggpht.com/ytc/AIdro_mwut6Z7ZgArtXd0YwCUh_sDMrY0qy0_z6F3oPu0PQ=s88-c-k-c0x00ffffff-no-rj,False,False,1776407779.071705
Ugzcd6U7eY9q-90fPvV4AaABAg,Up,2 months ago,@wahyuibrahim8725,UCbYTdzkUoLkTYdo7t9JrRlQ,1,,https://yt3.ggpht.com/ytc/AIdro_mwut6Z7ZgArtXd0YwCUh_sDMrY0qy0_z6F3oPu0PQ=s88-c-k-c0x00ffffff-no-rj,False,False,1776407779.277497
UgyjEoK-i04DrFNf1ud4AaABAg,Up,2 months ago,@wahyuibrahim8725,UCbYTdzkUoLkTYdo7t9JrRlQ,1,,https://yt3.ggpht.com/ytc/AIdro_mwut6Z7ZgArtXd0YwCUh_sDMrY0qy0_z6F3oPu0PQ=s88-c-k-c0x00ffffff-no-rj,False,False,1776407779.280355
UgywwxP4vH4hHXQI-ml4AaABAg,Up,2 months ago,@wahyuibrahim8725,UCbYTdzkUoLkTYdo7t9JrRlQ,1,,https://yt3.ggpht.com/ytc/AIdro_mwut6Z7ZgArtXd0YwCUh_sDMrY0qy0_z6F3oPu0PQ=s88-c-k-c0x00ffffff-no-rj,False,False,1776407779.282762
UgwRyErrHVtwemAllLB4AaABAg,Up,2 months ago,@wahyuibrahim8725,UCbYTdzkUoLkTYdo7t9JrRlQ,1,,https://yt3.ggpht.com/ytc/AIdro_mwut6Z7ZgArtXd0YwCUh_sDMrY0qy0_z6F3oPu0PQ=s88-c-k-c0x00ffffff-no-rj,False,False,1776407779.285175
UgwlTsrXTrXA9SmpLON4AaABAg,Up,2 months ago,@wahyuibrahim8725,UCbYTdzkUoLkTYdo7t9JrRlQ,1,,https://yt3.ggpht.com/ytc/AIdro_mwut6Z7ZgArtXd0YwCUh_sDMrY0qy0_z6F3oPu0PQ=s88-c-k-c0x00ffffff-no-rj,False,False,1776407779.287444
UgweSowhdzoXkkB4Mk94AaABAg,Up,2 months ago,@wahyuibrahim8725,UCbYTdzkUoLkTYdo7t9JrRlQ,1,,https://yt3.ggpht.com/ytc/AIdro_mwut6Z7ZgArtXd0YwCUh_sDMrY0qy0_z6F3oPu0PQ=s88-c-k-c0x00ffffff-no-rj,False,False,1776407779.289635
UgxafOHJOkfuvw7mUrt4AaABAg,Up,2 months ago,@wahyuibrahim8725,UCbYTdzkUoLkTYdo7t9JrRlQ,1,,https://yt3.ggpht.com/ytc/AIdro_mwut6Z7ZgArtXd0YwCUh_sDMrY0qy0_z6F3oPu0PQ=s88-c-k-c0x00ffffff-no-rj,False,False,1776407779.291859
Ugwx3iMJMN7wwHeazBh4AaABAg,Up,2 months ago,@wahyuibrahim8725,UCbYTdzkUoLkTYdo7t9JrRlQ,1,,https://yt3.ggpht.com/ytc/AIdro_mwut6Z7ZgArtXd0YwCUh_sDMrY0qy0_z6F3oPu0PQ=s88-c-k-c0x00ffffff-no-rj,False,False,1776407779.293941
UgzcrS8kFgYp-m3hF-F4AaABAg,Up,2 months ago,@wahyuibrahim8725,UCbYTdzkUoLkTYdo7t9JrRlQ,1,,https://yt3.ggpht.com/ytc/AIdro_mwut6Z7ZgArtXd0YwCUh_sDMrY0qy0_z6F3oPu0PQ=s88-c-k-c0x00ffffff-no-rj,False,False,1776407779.296018
UgxnBkZnGH5E-ZE_KcZ4AaABAg,Up,2 months ago,@wahyuibrahim8725,UCbYTdzkUoLkTYdo7t9JrRlQ,1,,https://yt3.ggpht.com/ytc/AIdro_mwut6Z7ZgArtXd0YwCUh_sDMrY0qy0_z6F3oPu0PQ=s88-c-k-c0x00ffffff-no-rj,False,False,1776407779.298095
UgwKKKpSssmS8nOf9U94AaABAg,resiko mlebu kandang ketek,2 months ago,@MuhammadRizwan-m8f,UCow2422EvUMj-gCQ2_Pdvvg,1,,https://yt3.ggpht.com/ytc/AIdro_m5evfCF_YxC_lDCZai6PdDPi8RLB_PVhrL3a1ARTLFBM2x9-KClsWFWW2FfUzwIrVBkQ=s88-c-k-c0x00ffffff-no-rj,False,False,1776407779.300119
UgwzilNTeWOmYLk3q314AaABAg,Up,2 months ago,@wahyuibrahim8725,UCbYTdzkUoLkTYdo7t9JrRlQ,1,,https://yt3.ggpht.com/ytc/AIdro_mwut6Z7ZgArtXd0YwCUh_sDMrY0qy0_z6F3oPu0PQ=s88-c-k-c0x00ffffff-no-rj,False,False,1776407779.302227
UgyrLHozMQtNmE7_Dhx4AaABAg,Up,2 months ago,@wahyuibrahim8725,UCbYTdzkUoLkTYdo7t9JrRlQ,1,,https://yt3.ggpht.com/ytc/AIdro_mwut6Z7ZgArtXd0YwCUh_sDMrY0qy0_z6F3oPu0PQ=s88-c-k-c0x00ffffff-no-rj,False,False,1776407779.304232
Ugz-Nv_DdftlDtrg9Px4AaABAg,Up,2 months ago,@wahyuibrahim8725,UCbYTdzkUoLkTYdo7t9JrRlQ,1,,https://yt3.ggpht.com/ytc/AIdro_mwut6Z7ZgArtXd0YwCUh_sDMrY0qy0_z6F3oPu0PQ=s88-c-k-c0x00ffffff-no-rj,False,False,1776407779.306198
UgwD0ixV2K8ZJzhJZTR4AaABAg,Up,2 months ago,@wahyuibrahim8725,UCbYTdzkUoLkTYdo7t9JrRlQ,1,,https://yt3.ggpht.com/ytc/AIdro_mwut6Z7ZgArtXd0YwCUh_sDMrY0qy0_z6F3oPu0PQ=s88-c-k-c0x00ffffff-no-rj,False,False,1776407779.308174
UgxaQ5gy0lDGVHS6Vid4AaABAg,Up,2 months ago,@wahyuibrahim8725,UCbYTdzkUoLkTYdo7t9JrRlQ,0,,https://yt3.ggpht.com/ytc/AIdro_mwut6Z7ZgArtXd0YwCUh_sDMrY0qy0_z6F3oPu0PQ=s88-c-k-c0x00ffffff-no-rj,False,False,1776407779.310256
UgwPT_M2duHcphXGdq14AaABAg,Up,2 months ago,@wahyuibrahim8725,UCbYTdzkUoLkTYdo7t9JrRlQ,0,,https://yt3.ggpht.com/ytc/AIdro_mwut6Z7ZgArtXd0YwCUh_sDMrY0qy0_z6F3oPu0PQ=s88-c-k-c0x00ffffff-no-rj,False,False,1776407779.312381
UgzOIQAXsniQTMUO1RV4AaABAg,Up,2 months ago,@BayuFirmansyah-c5n,UCqmtk8I-SJvmPLbsKI9MpJA,0,,https://yt3.ggpht.com/ytc/AIdro_ncWjF6ELdgcuIjcujQyuEZTAeeGPZ80mMWsDh6pOqDtSqYtvfyOWPvp61gMoyzrzthrw=s88-c-k-c0x00ffffff-no-rj,False,False,1776407779.314449
UgxAREKI9LvmD5Hlfit4AaABAg,Up,2 months ago,@wahyuibrahim8725,UCbYTdzkUoLkTYdo7t9JrRlQ,0,,https://yt3.ggpht.com/ytc/AIdro_mwut6Z7ZgArtXd0YwCUh_sDMrY0qy0_z6F3oPu0PQ=s88-c-k-c0x00ffffff-no-rj,False,False,1776407779.316507
UgwcyNjAFDiUWMzeSNB4AaABAg,Up,2 months ago,@wahyuibrahim8725,UCbYTdzkUoLkTYdo7t9JrRlQ,0,,https://yt3.ggpht.com/ytc/AIdro_mwut6Z7ZgArtXd0YwCUh_sDMrY0qy0_z6F3oPu0PQ=s88-c-k-c0x00ffffff-no-rj,False,False,1776407779.318604
UgxaGsvxH8bYXMRnHgh4AaABAg,Up,2 months ago,@wahyuibrahim8725,UCbYTdzkUoLkTYdo7t9JrRlQ,0,,https://yt3.ggpht.com/ytc/AIdro_mwut6Z7ZgArtXd0YwCUh_sDMrY0qy0_z6F3oPu0PQ=s88-c-k-c0x00ffffff-no-rj,False,False,1776407779.518775
UgwTNBWJ2ZE0429PyLJ4AaABAg,Up,2 months ago,@wahyuibrahim8725,UCbYTdzkUoLkTYdo7t9JrRlQ,0,,https://yt3.ggpht.com/ytc/AIdro_mwut6Z7ZgArtXd0YwCUh_sDMrY0qy0_z6F3oPu0PQ=s88-c-k-c0x00ffffff-no-rj,False,False,1776407779.522163
Ugxojmv6aXLTavdXCul4AaABAg,Up,2 months ago,@wahyuibrahim8725,UCbYTdzkUoLkTYdo7t9JrRlQ,0,,https://yt3.ggpht.com/ytc/AIdro_mwut6Z7ZgArtXd0YwCUh_sDMrY0qy0_z6F3oPu0PQ=s88-c-k-c0x00ffffff-no-rj,False,False,1776407779.525115
UgzfDKcQpsWyY8mWcyJ4AaABAg,Up,2 months ago,@wahyuibrahim8725,UCbYTdzkUoLkTYdo7t9JrRlQ,0,,https://yt3.ggpht.com/ytc/AIdro_mwut6Z7ZgArtXd0YwCUh_sDMrY0qy0_z6F3oPu0PQ=s88-c-k-c0x00ffffff-no-rj,False,False,1776407779.527723
Ugya4CzgzNwST-EgD8R4AaABAg,Up,2 months ago,@wahyuibrahim8725,UCbYTdzkUoLkTYdo7t9JrRlQ,0,,https://yt3.ggpht.com/ytc/AIdro_mwut6Z7ZgArtXd0YwCUh_sDMrY0qy0_z6F3oPu0PQ=s88-c-k-c0x00ffffff-no-rj,False,False,1776407779.530054
UgwZQPJbBv32UoIN2I14AaABAg,Up,2 months ago,@wahyuibrahim8725,UCbYTdzkUoLkTYdo7t9JrRlQ,0,,https://yt3.ggpht.com/ytc/AIdro_mwut6Z7ZgArtXd0YwCUh_sDMrY0qy0_z6F3oPu0PQ=s88-c-k-c0x00ffffff-no-rj,False,False,1776407779.532312
Ugx6m4Vf0nuMLLc-gjR4AaABAg,Up,2 months ago,@wahyuibrahim8725,UCbYTdzkUoLkTYdo7t9JrRlQ,0,,https://yt3.ggpht.com/ytc/AIdro_mwut6Z7ZgArtXd0YwCUh_sDMrY0qy0_z6F3oPu0PQ=s88-c-k-c0x00ffffff-no-rj,False,False,1776407779.534588
UgyT0EonFmiJzzivfWl4AaABAg,Up,2 months ago,@wahyuibrahim8725,UCbYTdzkUoLkTYdo7t9JrRlQ,0,,https://yt3.ggpht.com/ytc/AIdro_mwut6Z7ZgArtXd0YwCUh_sDMrY0qy0_z6F3oPu0PQ=s88-c-k-c0x00ffffff-no-rj,False,False,1776407779.536813
Ugw_b4EfAQndot9f73N4AaABAg,Up,2 months ago,@wahyuibrahim8725,UCbYTdzkUoLkTYdo7t9JrRlQ,0,,https://yt3.ggpht.com/ytc/AIdro_mwut6Z7ZgArtXd0YwCUh_sDMrY0qy0_z6F3oPu0PQ=s88-c-k-c0x00ffffff-no-rj,False,False,1776407779.538913
UgxQzxWlrOU2Y4LNAll4AaABAg,Up,2 months ago,@wahyuibrahim8725,UCbYTdzkUoLkTYdo7t9JrRlQ,0,,https://yt3.ggpht.com/ytc/AIdro_mwut6Z7ZgArtXd0YwCUh_sDMrY0qy0_z6F3oPu0PQ=s88-c-k-c0x00ffffff-no-rj,False,False,1776407779.54125
Ugx35ui8xYA8OoK0dQR4AaABAg,Up,2 months ago,@wahyuibrahim8725,UCbYTdzkUoLkTYdo7t9JrRlQ,0,,https://yt3.ggpht.com/ytc/AIdro_mwut6Z7ZgArtXd0YwCUh_sDMrY0qy0_z6F3oPu0PQ=s88-c-k-c0x00ffffff-no-rj,False,False,1776407779.544283
UgzKa2Qge-pTkwsWQx54AaABAg,Up,2 months ago,@wahyuibrahim8725,UCbYTdzkUoLkTYdo7t9JrRlQ,0,,https://yt3.ggpht.com/ytc/AIdro_mwut6Z7ZgArtXd0YwCUh_sDMrY0qy0_z6F3oPu0PQ=s88-c-k-c0x00ffffff-no-rj,False,False,1776407779.548752
Ugx5Xc-DVmop5zjog6Z4AaABAg,Up,2 months ago,@wahyuibrahim8725,UCbYTdzkUoLkTYdo7t9JrRlQ,0,,https://yt3.ggpht.com/ytc/AIdro_mwut6Z7ZgArtXd0YwCUh_sDMrY0qy0_z6F3oPu0PQ=s88-c-k-c0x00ffffff-no-rj,False,False,1776407779.551646
UgwEj9ZuOB4GFc4c-ud4AaABAg,momen pembasmian hama terbesar,2 months ago,@Arfourenshv,UCQ4XQ3fA-3nM9VPpq5xfhqw,0,,https://yt3.ggpht.com/aUMZq20zidsPBCyb23a8wnWV46c-spFoPpKMQYxbaTJijN8BjFgUidririfgz0tpnE8ai4LZ=s88-c-k-c0x00ffffff-no-rj,False,False,1776407779.553958
UgyNQfiUzW4mwQYTa4F4AaABAg,Itulah kesalahan liga dan PSSI nya coba klo tanpa penonton mungkin GK akan ada korban banyak . Harusnnya tiap club antar rival main harusnya tanpa penonton aja dlu jgn maksain seolah olah aman,3 months ago,@AdeMahesa-pj9gh,UC954dsJzLDoZ2dAmnMW3T7g,0,,https://yt3.ggpht.com/ytc/AIdro_n2udBzeYBteVO94AOvACDKqyHN4sBTqV2YenVzO3Y2Ic5h7sd9c1UhQi-g7V9kvb_L3A=s88-c-k-c0x00ffffff-no-rj,False,False,1773729379.556283
Ugwrqc2ZgZ9ryu7uwvt4AaABAg,29:08 udah ada firasat burukk,3 months ago,@whytlo,UCo3_IQ_KfeAGnACSBObAnWQ,0,,https://yt3.ggpht.com/EyrEsg4jZaV5a_qpmTJSwasDe0g9YrLxXTDCIsv6IcdwCixGyao-9_lje6qtT_1PjrbT3ekzEg=s88-c-k-c0x00ffffff-no-rj,False,False,1773729379.558424
Ugy8YvdZShlOAIO_5A94AaABAg,Every 'I'm 19 and financially free' ad vanished the moment I installed Blockify. Worth it.,3 months ago,@Zonx-rune,UCOmijk1kqNpJ_8AvMCGswSg,0,,https://yt3.ggpht.com/I2sWnAom1bGUfMblg4DQY6YJldYoVW6agyyqF6ivMmAdJwmTs71ZQ7RguwkbRC7a2guQ59GD=s88-c-k-c0x00ffffff-no-rj,False,False,1773729379.56046
UgzscrS5y6_PnO-oSth4AaABAg,"MULUT MU HARIMAU MU... 

""KIAMAT MU DI MALANG""",3 months ago,@kicausport8179,UCSzoJA7PMMl3sZjmZVcTgPw,0,,https://yt3.ggpht.com/ncCH-S2uAoIQINCxAeG41Pm7JYKMtI0PsrrMnhybQ44HtsO_Ab4CoiKNVYu0xooZzaX1t5oeOA=s88-c-k-c0x00ffffff-no-rj,False,False,1773729379.562424
UgzOlkxOwstc-dgaR4B4AaABAg,2026 hadir...,3 months ago,@Rijal181,UCUKKMGmfTHYrhxbmkb2AojQ,0,,https://yt3.ggpht.com/ytc/AIdro_lp9OQ-_ykMGuXZ9KrcKyPSm9kA9vB9cMF5T5UXie-0OmMMmgygTjG1BuATiGxiSrkuCQ=s88-c-k-c0x00ffffff-no-rj,False,False,1773729379.564509
Ugxi8H8e7wD5DixPqRN4AaABAg,masih tak tonton aremania mikir kabotan,3 months ago,@REPCUSS,UCjlOklhMWhlWOHJRwGp5xpw,0,,https://yt3.ggpht.com/zP2-bGkauv4_Z9gApoyt2ooNLDAZgQedokEOZFw9QrpB9yc6PNfcg-8qM1zX8eF5INCKE6pybA=s88-c-k-c0x00ffffff-no-rj,False,False,1773729379.566493
UgxDj137GZ-bmUN1LRN4AaABAg,Gunane opo cakk ngunu wi,3 months ago,@arkanaibrahim8504,UCmJYvQJNPO9tuaFyjQjyzoQ,0,,https://yt3.ggpht.com/ytc/AIdro_mizVN0tYOO4QtijvaAkC5wuqJ8fOUDFMFa8E0tk3DyNBI=s88-c-k-c0x00ffffff-no-rj,False,False,1773729379.764392
UgzzeIJuLq2GxOEVSrN4AaABAg,Yang nonton berulangkali di 2026😉,4 months ago,@akhmadaziz2672,UCWjMqRYQyToRe1ogK5tTOOw,2,2,https://yt3.ggpht.com/GYka29bihsYelpZzO7sfjj8b8Oedx0heqeRmUtRnVF7JMyJixKNA6zq-5_U8kOhlYKgxvkDH=s88-c-k-c0x00ffffff-no-rj,False,False,1771310179.767068
UgxqqQMTn5p1egGTFzN4AaABAg,"Mben taun untold story iki lewat beranda dan selalu tak sempetno nonton masio bola bali tak puter, masih miris dan merinding. Al Fatihah kagem korban kanjuruhan🥀🖤🤍🕊️",4 months ago,@rpsandiprayoga6569,UC6bzNjLagnUIAyx28eAHorg,0,1,https://yt3.ggpht.com/ytc/AIdro_lkvZL6_kz1dOZZNlAfaTAAvzD815r_d0GFkV8C9bR31YRZeGPylgyyE4sM5v8Yxu6Veg=s88-c-k-c0x00ffffff-no-rj,False,False,1771310179.769513
Ugx1PCiZ5wvSClZe2FF4AaABAg,"Dan sampai sekarang tim singa masih main di liga 1, tidak ada sanksi disqualifikasi tim",4 months ago,@muhamadhadik-xo6xr,UC6ESclpSiw5IKXHQ7bsyVIQ,0,,https://yt3.ggpht.com/yRTD-c71QGCBoy-cm9xhKl2RbvnjgOm5sLZXo1jO7FcTCY-MPOxP7zDTiOF_UOA7yo791h0JCw=s88-c-k-c0x00ffffff-no-rj,False,False,1771310179.771825
UgzAH7Fl80D--F0WK0B4AaABAg,salut sama brimobbb 🎉🎉 brigadeeeeee,4 months ago,@FauziaIndah-k1o,UCA6gfgvIVCcNbdfT3ZpbcYw,0,,https://yt3.ggpht.com/ytc/AIdro_ls0vhWs4kqy-095ZwSEOKuRHtVtFFeSy6EKZThk5nR5Rjjb1uecFchqRpuGMVIzmHYcw=s88-c-k-c0x00ffffff-no-rj,False,False,1771310179.774111
Ugyv3qlRECY37L1IDGB4AaABAg,mantab aparat kwputusan yang bagus,4 months ago,@FauziaIndah-k1o,UCA6gfgvIVCcNbdfT3ZpbcYw,0,,https://yt3.ggpht.com/ytc/AIdro_ls0vhWs4kqy-095ZwSEOKuRHtVtFFeSy6EKZThk5nR5Rjjb1uecFchqRpuGMVIzmHYcw=s88-c-k-c0x00ffffff-no-rj,False,False,1771310179.776344
UgyXDxMHOdRJcfmOlAV4AaABAg,Kalo main bola d pegunungan dan perdesaan hla begini sudah hal wajar... Krn seharusnya tidak ada bola adanya sosistem horek dan jaran kepang😅 ..,4 months ago,@baguspurnomo9705,UCvDiybv-R7vRiGP7dDH0UXg,0,,https://yt3.ggpht.com/ytc/AIdro_m2Mwu6E24W5x-nRA4b8Bu-qsoxGFVjOVvePUNHLhI8pfo=s88-c-k-c0x00ffffff-no-rj,False,False,1771310179.778842
UgyyZWj2yfwzwT3Jc9d4AaABAg,"SANGAT RESPECT !!!
TIDAK ADA ASAP KALAU API GA NYALA.
jangan sepenuhnya menyalahkan kepolisian, karena mereka bekerja sesuai prosedur.
Kalau supporternya ga aneh² udah gw jamin polisi ga akan aneh² juga, karena notabene polisi juga manusia kerja sampe malem ya kangen juga sama anak istri dirumah ingin pulang, jadi kalian supporter jangan bikin aneh² di stadion.
Ingat kawan polisi juga makannya nasi bukan makan BATRE ABC.

Baru tau sih keadaan diluar stadion bener² menyedihkan, SEBEGITUNYA MEREKA CINTA DENGAN TIM SEPAKBOLA YANG SEJATINYA TIDAK AKAN DITANYA OLEH MALAIKAT : SIAPA TIM PEMAIN BOLA FAVORITMU WAHAI MANUSIA??

Untuk para supporter wajib di ingat rivalitas itu hanya 90 menit saja, setelah itu kita sama sama manusia, sama sama punya jantung utk hidup.

SALAM RESPECT UNTUK SELURUH SUPPORTER DI INDONESIA YANG TIDAK PERNAH ANEH² DI DALAM STADION",4 months ago,@deraga9285,UCLQ_86ZFXX8UbH4UA2fb8ig,1,1,https://yt3.ggpht.com/QgsmnjYeW0tS4DtQ8wnaS-1qySOMXHU5xSteqAGtTlkwMiIHCjtR7tfi7ThGjtuFF8X6C_I9=s88-c-k-c0x00ffffff-no-rj,False,False,1771310179.781158
Ugy3259KpIDLopq2UHl4AaABAg,"Yang masih nonton di tahun 2026, semoga kalian diberikan kesehatan baik dari surabaya dan malang agar kita bisa menikmati pertandingan persebaya dan arema ditahun ini dalam keadaan damai didalam stadion.",4 months ago,@ackadeniassinatra2900,UCaKmjmab_pGEzdCjVFkWuuA,95,2,https://yt3.ggpht.com/ytc/AIdro_n0-bHbzU0Ov33mx7zs6ydLdc2O7N134M2SgzxytUOX0Y4=s88-c-k-c0x00ffffff-no-rj,False,False,1771310179.783254
Ugz7T5tAt4fy3plnESl4AaABAg,Persebaya Selamanya,4 months ago,@Gtv_99,UCt8gGg4MAEf16RFdGv39ypQ,0,,https://yt3.ggpht.com/PmoTNkww3b0PyTaDOXVTmyzOHUJvMIAYvFBEOL3I7bDU6eiEJ_41-eXGbtRNpPRUhcS84X93jg=s88-c-k-c0x00ffffff-no-rj,False,False,1771310179.785366
UgyoQUMhpo9J8_p38fF4AaABAg,Takkan terlupakan,4 months ago,@Mengabadikanmoment,UCMTKBqg8JK2URtHH3tOvqFQ,0,,https://yt3.ggpht.com/K04w75X08_HeC80lTVwvIjTeMJ7eFloKJchZMEsBV0BnB6lusxMND4NRcFJIgfHyP70S7cuOvPI=s88-c-k-c0x00ffffff-no-rj,False,False,1771310179.787455
Ugx3glBu1vbH2Cjjfe54AaABAg,Sampai sekarang Kanjuruhan belom Aman bagi Persebaya 😢,4 months ago,@rzkyoan.,UCJ6fUPepAKlvga2Kw92FFiQ,1,,https://yt3.ggpht.com/am8KADwLrU3r2IcxVK-oKoDKUwuUGrKk8NFA8kLOifG3J7y-EAJE7NJP_OY8K2O7XTN6VqEwSw=s88-c-k-c0x00ffffff-no-rj,False,False,1771310179.789462
Ugy6qTzn4BGgI-GfZFJ4AaABAg,"Buat para suporter indo nih,ayo lah jangan banyak provokator,sepak bola itu buat ajang prestasi dan mencari atlet atlet terbaik,jika ada suporter 0 otak maka yang mengahncurkan sepak bola itu adalah orang itu. Dan buat aparat nih fokus ke SOP jika gas air mata itu di lemparkan ke rumah mu dan ada anak istrimu apakah kamu terima? Emosi iya,balas dendam juga iya,dan itu pas di stadion kanjuruhan berapa ratus juta orang yang meninggal,dan berapa ratus juta yang menghirup gas air mata ?",4 months ago,@johanrizkipermana7065,UCWUPFnHe60CSiQCGcQi2GNg,0,2,https://yt3.ggpht.com/EkWr4o7G7Ndh28_M1adAjHj_heRBzkBIGRkHbtnfW-wj4kgNUdrfY6AVv1OiOhVd-qpYw4--Mg=s88-c-k-c0x00ffffff-no-rj,False,False,1771310179.791525
UgzeMxsVf7n8kgbr5wJ4AaABAg,"setela delok iki berulang ulang, iso nyimpulno se banci opo wong2 an malang. wes elek congok matian, awmu seng resek awmu kabe sisan seng mati! satu kata teko aku.. MATIO!",4 months ago,@zx1164,UCO6BycXQSPxvogi1R4QgT3g,4,,https://yt3.ggpht.com/LI4HbWZha--v9_B7UMRAa4-Q_BKERvvC1sSpjeI9keASLqwW6zvGf-XQTT3xR1p1h4iNIyQF=s88-c-k-c0x00ffffff-no-rj,False,False,1771310179.793485
UgzDbz2J0PJmMh4myet4AaABAg,Respect adanya Big Force,4 months ago,@FarisFattah,UC7UVTdmGrctEJyleqlwuQfw,1,,https://yt3.ggpht.com/T3g1uMjXCKdFcLsR9XXM1_gen5RvgyHQSB2ZtiF41XTTZdMgcnacUi8CTQL6IZFILOTPj4Wyr2o=s88-c-k-c0x00ffffff-no-rj,False,False,1771310179.795993
Ugyz6iRZxg5JZFTUWPl4AaABAg,rr medog amat yak,4 months ago,@nthnielap,UCgChytnnjorTFGF7SDfqBWQ,0,,https://yt3.ggpht.com/jtNsyhcxD-y33-X3fM8mD5nA1OCbin8uAJyCk3x8RXPC4LPbYPSXHgNLDYRJsWAH5e5lAKQ=s88-c-k-c0x00ffffff-no-rj,False,False,1771310179.799338
UgynCn44SJrzSxgjvtd4AaABAg,saya yang terakhir nonton ini 😂,4 months ago,@irwanfagianto8074,UCSBN066-U1AOGd8ceVHBw0A,0,,https://yt3.ggpht.com/ytc/AIdro_kFc6AcGh8bN2KOeXj5wQkVyQ74V-wJ-d9MRs7ygLU=s88-c-k-c0x00ffffff-no-rj,False,False,1771310179.801552
UgwZm4xl9ipLzPnD9hZ4AaABAg,"saya orang bandung,saya menangis liat vidio ini,, semoga ga terjadi lagi kedepannya .. terutama para suporter klub besar di Indonesia ini semakin dewasa & damai ,, amiin",4 months ago,@rezhapramadita1807,UCKDNXBbb0yP23uOleKf518g,1,,https://yt3.ggpht.com/ytc/AIdro_k9DQIuvbTRj8FDut5CYIPc6bmuLk4ICkypC3A4SocQAAA=s88-c-k-c0x00ffffff-no-rj,False,False,1771310179.803777
UgwYe3oCZQCsF8y-Wi54AaABAg,"KEFANATIKAN (Kebodohan &  ketidak dewasaan) BERLEBIH Supporter Indonesia yg selalu berujung nyawa menghilang, tapi masih terus terjadi seperti tak pernah belajar dari kesalahan",5 months ago,@alphablitz9862,UCYAs_y8m4cd7oOX6k0zuQ7w,1,,https://yt3.ggpht.com/ytc/AIdro_mQ5YGcGCKAvEXzdU3poMkuY6TwyM7cqXJOXsD96Co=s88-c-k-c0x00ffffff-no-rj,False,False,1768631779.805901
Ugymzir1t5hb0wwW3s94AaABAg,Sebelum tragedi ini saya juga arema .. pas big match saya pasti hadir terus.. dan setelah  ini saya berhenti saya mikir apasi sampai segininya dan tolong minta doanya untuk kawan saya yg meninggal 6 orang dan alhamdulillah saya termasuk korban selamat. Banyak juga cerita yg saya ingin ceritakan.. dan juga mereka teriak usut tuntas.. tolong mengaca dari vidio ini.. tau kan get 13 tidak buka setelah after match.. kalian yg mulai kalian yg sok berduka. Dan saya sadar saya berhenti jadi aremania ini. Dan skrang hanya penikmat sepak bola saja tolong untuk teman teman aremania bonek viking the jack ayolah mau sampai kapan sperti ini? Rivalitas 90 menit dan satu lagi (KALAU KALIAN TERIAK POLISI SALAH COBA PIKIR ANARKIS KALIAN JUGA BISA MENYEBABKAN KORBAN JUGA) kalo kalian juga di usut bagaimana?,5 months ago (edited),@habibalsabilillah6448,UCdLCo14PbwQfUQMqeoCZklg,5,3,https://yt3.ggpht.com/ytc/AIdro_lhGcIB2MXkYA682djqa7smO3kOOUizZqHBU29mF84=s88-c-k-c0x00ffffff-no-rj,False,False,1768631779.808052
UgzzeIJuLq2GxOEVSrN4AaABAg.ATEuEzgxc_6ATEwjE6U-Y5,aku😂,4 months ago,@rifqim836,UC43ULwnKml1-ckCQZUye97A,0,,https://yt3.ggpht.com/ytc/AIdro_ksyrEF1OZHrOet1Qgi_6b7gbWqgbc53FcaM6Z-a5zP8fj-=s88-c-k-c0x00ffffff-no-rj,False,True,1771310179.958921
UgzzeIJuLq2GxOEVSrN4AaABAg.ATEuEzgxc_6ATbwR1fv5Uy,Aku bang,3 months ago,@REPCUSS,UCjlOklhMWhlWOHJRwGp5xpw,0,,https://yt3.ggpht.com/zP2-bGkauv4_Z9gApoyt2ooNLDAZgQedokEOZFw9QrpB9yc6PNfcg-8qM1zX8eF5INCKE6pybA=s88-c-k-c0x00ffffff-no-rj,False,True,1773729379.962943
UgxqqQMTn5p1egGTFzN4AaABAg.ATDJMIua4unAV0p1pHDCoy,Bener di bubarke wae arema iku,2 months ago,@prindapan11-12,UC3lEw5x8pcKnISjc0MILeFA,0,,https://yt3.ggpht.com/5Kygxi2pYQ3zAe81Tf348VttDez8bHnovZFL5ymAbwj_2E-FnPemn-5P6wy6l8C3PoT1wULrlQA=s88-c-k-c0x00ffffff-no-rj,False,True,1776407780.114382
UgyyZWj2yfwzwT3Jc9d4AaABAg.ASyfvmFQqCgAUFocn17Bb9,aku wong malang ae setuju karo iki,3 months ago,@Nitaya-nitnit,UC3Qivt-RHV_WsMIN04RXbPw,0,,https://yt3.ggpht.com/x8y_iOubOJbnLI1m1uavtFLf1yRQL28iwzR7Lw0qcWJcSoZ9Nx9k9GC1cLzFHFd_tscXMAHAN6g=s88-c-k-c0x00ffffff-no-rj,False,True,1773729380.254151
Ugy3259KpIDLopq2UHl4AaABAg.ASxeTQHiITPATzDbp2DszU,Aamin,3 months ago,@FerySanjaya-r8k,UCD5RHfenBTSDdTjF3lq9uZw,2,,https://yt3.ggpht.com/ytc/AIdro_n1UKC1gAN-YFZhCUog2kUuCJSGEwpbZCeeUyGChCtqFwdMgMoUCpJptjOM5HdMhNgHCg=s88-c-k-c0x00ffffff-no-rj,False,True,1773729380.401069
Ugy3259KpIDLopq2UHl4AaABAg.ASxeTQHiITPAWYr5SX0-r1,Hadirr semoga kejadian tersebut tidak terulang lagii amin....,1 month ago,@Achmadwahidhidayat,UCXxiw67WjbcWge7VP2KNT3Q,0,,https://yt3.ggpht.com/JsyrMaP-ikV9M23vrOw_OobIa83CLbcpD7kDdE1l4-tZWdmR-orvzm0LOtPu8rRHONJuNkFRyQ=s88-c-k-c0x00ffffff-no-rj,False,True,1778999780.403546
Ugy6qTzn4BGgI-GfZFJ4AaABAg.ASMnJ0lHI3RASXWwr6h92P,"Yg salah suporter arema sendiri mas.. kenapa sampai hauss ingin membunuh pemain dan official team persebayaa.. salah apa mereka??
Awal dulu saya juga nyalahin aparat kok mas.. tpi stelah lihat vidio ini.. ini adalah bukti bagaimana bringasnya suporter arema sampai ingin membunuh pemain dan official persebaya!!",4 months ago,@petotaee1352,UCWW3pOcZg_N7EanGk2YLDrg,2,,https://yt3.ggpht.com/zEeRX6FcZs_LYWxDmKjV5GgZw5UCfFOw5Lz1HD850Kn3LQSwcM3c3wDJfkQ4csIGZyvkbh4hcg=s88-c-k-c0x00ffffff-no-rj,False,True,1771310180.553303
Ugy6qTzn4BGgI-GfZFJ4AaABAg.ASMnJ0lHI3RAV0pMIlRTEe,Nonton jangan setengah setengah ngab biar bisa simpulin otak aremania itu kualitasnya kayak gimana 🤣,2 months ago (edited),@prindapan11-12,UC3lEw5x8pcKnISjc0MILeFA,0,,https://yt3.ggpht.com/5Kygxi2pYQ3zAe81Tf348VttDez8bHnovZFL5ymAbwj_2E-FnPemn-5P6wy6l8C3PoT1wULrlQA=s88-c-k-c0x00ffffff-no-rj,False,True,1776407780.555717
Ugymzir1t5hb0wwW3s94AaABAg.AS-18285YE1ASXXVaN371F,"Saya suka komentarmu mas..
Saya juga suka persebaya mas, dan saya dulu selalu berfikir aparat yg salah karna menembakan gass air mata.. tetapi setelah melihat dokumentasi dari vidio ini, saya mengubah cara berfikir saya ternyata bukan aparat yg salah, tetapi para suporter dari aremania sendiri yg bringas turun lapangan hingga diluar lapangan, sampai ingin membunuh para pemain dan official team persebaya..",4 months ago,@petotaee1352,UCWW3pOcZg_N7EanGk2YLDrg,0,,https://yt3.ggpht.com/zEeRX6FcZs_LYWxDmKjV5GgZw5UCfFOw5Lz1HD850Kn3LQSwcM3c3wDJfkQ4csIGZyvkbh4hcg=s88-c-k-c0x00ffffff-no-rj,False,True,1771310180.715679
Ugymzir1t5hb0wwW3s94AaABAg.AS-18285YE1ASXXb7UJs_Y,Jika aparat tidak menembakan gass air mata mungkin para pemain dan official team persebaya semua yg bakal mati,4 months ago,@petotaee1352,UCWW3pOcZg_N7EanGk2YLDrg,0,,https://yt3.ggpht.com/zEeRX6FcZs_LYWxDmKjV5GgZw5UCfFOw5Lz1HD850Kn3LQSwcM3c3wDJfkQ4csIGZyvkbh4hcg=s88-c-k-c0x00ffffff-no-rj,False,True,1771310180.718192
Ugymzir1t5hb0wwW3s94AaABAg.AS-18285YE1AT3GSIzoFuV,"Get 13 tidak dibuka after match, berarti yg ngunci pintu nya dari teman Aremania sendiri kah sam?",4 months ago,@AhmadMuharrom-k7x,UCCbaAYNVWgoo6_qAPKbw53w,0,,https://yt3.ggpht.com/ytc/AIdro_lImVEFshLCzwKPwsKil_wI44W3fLO5VgHisdM_-Jtm5ZMsPSMXFTRot9-tSU3zW38Ftw=s88-c-k-c0x00ffffff-no-rj,False,True,1771310180.72045
Ugw2jB1vpiZF6BQvWdF4AaABAg,"Tolak berlaga di malang terkhusus Kanjuruhan , 1 nyawa lebih berharga dari sepak bola , wani",5 months ago,@AminEsbi22,UCrgEdio4ARy4v-ZZ6nFKBhw,0,,https://yt3.ggpht.com/3hrIK0JVp0fKPVR5jsQhfRxUtxu6KE3iFl7AoBJaiZg--GqpjZb4a3y70-wsn4uz3qP9i9tavQ=s88-c-k-c0x00ffffff-no-rj,False,False,1768631780.935661
UgyWu5cU73QARM1Tydd4AaABAg,malang gendeng,5 months ago,@RayyTCG,UCoLNLZZMvHmDD6eHRPSQn1A,0,,https://yt3.ggpht.com/G0GkJ0kvtFSvWpevPPu24iGF9PkjIkycUZUBINICzI5jSYtLOKahzW8Jf2DY78kg9VUug3D2bA=s88-c-k-c0x00ffffff-no-rj,False,False,1768631780.937936
UgzDq8liZEKLdUVVTsZ4AaABAg,1:24:21 jann merinding🥹,5 months ago,@IlhamDwi-h9z,UCgN5X_HLGIcNFtyvAV4w_wg,1,,https://yt3.ggpht.com/ytc/AIdro_lbn_DLLFCpT33OXul6uM3VU0vPqBworcPBANUd89RXpN6LkZ3uPrNkmEcu9T7zctoS-Q=s88-c-k-c0x00ffffff-no-rj,False,False,1768631780.940049
UgyFtmp_AmOdLUnYxul4AaABAg,Sudah bertahun tahun vidio ini di up dan pastinya masih banyak orang yang belum nonton vidio ini sangat di sayangkan dibalik tragedi kanjuruhan ada cerita dari tim persebaya yang tidak terdengar keras di media...,5 months ago,@taufiqhidayat5489,UCvzu_44_MvBpk9Co-6zd7Yg,1,,https://yt3.ggpht.com/ytc/AIdro_kcR7e7rK1QO05xJqyzACCJ7vtbkityXWvsCkzUdGxVdTU=s88-c-k-c0x00ffffff-no-rj,False,False,1768631780.942073
UgyMUigxbXZRqNpZjVd4AaABAg,video percobaan pembunuhan paling jelas abad ini dianugerahkan pada Aremania,5 months ago,@PrinceCasp,UCJo9Z9wj7qi8jHAxInqRTog,2,,https://yt3.ggpht.com/ElDmPOZvppe4fZePH0ZElxt5cFj3sNi2pWYMoTUVnnHA01LKz7rbNgJbp7zFX7FVQc8557iZ=s88-c-k-c0x00ffffff-no-rj,False,False,1768631780.944104
Ugy8crstSIwjpEZGNo94AaABAg,ANCENE AREMA MBOKNE ANCOKKKKK,5 months ago,@RenyNanditha,UCaWbwUILHh5LCrBLHM5e_WQ,2,,https://yt3.ggpht.com/ytc/AIdro_nG4SbiRinF1vfW-o9Rnw5llJVk7TkcI6fsy_QOXjoibee1KSsh76gul9To0U7W2NWuBQ=s88-c-k-c0x00ffffff-no-rj,False,False,1768631780.946081
Ugwydw-B1BxIS4SAuI54AaABAg,Baned aja dari liga 1,6 months ago,@Iqbalmukti-h6v,UCqu0rg2CZLroGizsviazGqA,0,,https://yt3.ggpht.com/ytc/AIdro_nbIRpRoYqRgJ2spNIQtwabq6ir18ziB_GIrg8eyjIddwsRWvvxJsp8Y8bqRYKGYd7v5A=s88-c-k-c0x00ffffff-no-rj,False,False,1765953380.9481
UgxjU-oHM7TqQpLfbKB4AaABAg,arema ndeso janc,6 months ago,@ahmadfaizin3065,UCYA5jrj0ytu_qWw0wQ879QQ,0,,https://yt3.ggpht.com/ytc/AIdro_mDqi5yHAGYVSmpI_to9GulgZ4O-4NePuv3KtqSdiM=s88-c-k-c0x00ffffff-no-rj,False,False,1765953380.950089
Ugzz98G4dI01BHnnQxN4AaABAg,"yo gak salah lek mati 135, iku kabeh wes onok balesane",6 months ago,@Blendots,UCcqTxJlpky6xtIjXsQSpMVQ,5,,https://yt3.ggpht.com/I98QKU95htIADvz4-WZxRpwsMxeDfH1WLvuv_cZ8oLH0fVMdsBqhY7vR6RICL41mrbeyuD3jB2U=s88-c-k-c0x00ffffff-no-rj,False,False,1765953380.952221
UgyCLv7mPGWbDgpYN6J4AaABAg,"Pingin Video ini bisa di Up oleh media nasional bahkan media internasional , ini salah satu tindakan kriminal , mencoba membvnvh pemain sepakbola",6 months ago,@devanowyzsagumelar935,UCop_-fMRDdAMMQlX4Tj_cpw,2,,https://yt3.ggpht.com/ytc/AIdro_k4kJ0jNH0K-LOwDp6uf45j521dZbJaGEs9qsDHk5Pdmw=s88-c-k-c0x00ffffff-no-rj,False,False,1765953380.954301
UgxR6SKVq9lT3j-RPQh4AaABAg,Yang nonton gara gara seri sama arema🤚,6 months ago,@BryanRamadhan-g5r,UCy2eU8CzwCdTptY5t6Tixaw,31,4,https://yt3.ggpht.com/Y_e6sgbNkAYAEwc1mdDGaJX9NGJrjxhuK4yehdlou4nSKkann5pCDRB2A6ZTfzFX_QQNh92_bvA=s88-c-k-c0x00ffffff-no-rj,False,False,1765953380.956278
Ugzcd2Dka2R3-P-aoRF4AaABAg,Up,6 months ago,@wahyuibrahim8725,UCbYTdzkUoLkTYdo7t9JrRlQ,0,,https://yt3.ggpht.com/ytc/AIdro_mwut6Z7ZgArtXd0YwCUh_sDMrY0qy0_z6F3oPu0PQ=s88-c-k-c0x00ffffff-no-rj,False,False,1765953380.95834
Ugx4URMmV1LwGGAfVSx4AaABAg,Up,6 months ago,@wahyuibrahim8725,UCbYTdzkUoLkTYdo7t9JrRlQ,0,,https://yt3.ggpht.com/ytc/AIdro_mwut6Z7ZgArtXd0YwCUh_sDMrY0qy0_z6F3oPu0PQ=s88-c-k-c0x00ffffff-no-rj,False,False,1765953380.960293
Ugws9yxCCZlNaE61vgp4AaABAg,Up,6 months ago,@wahyuibrahim8725,UCbYTdzkUoLkTYdo7t9JrRlQ,0,,https://yt3.ggpht.com/ytc/AIdro_mwut6Z7ZgArtXd0YwCUh_sDMrY0qy0_z6F3oPu0PQ=s88-c-k-c0x00ffffff-no-rj,False,False,1765953380.962597
UgwTizlxSNaSh0vlasR4AaABAg,Up,6 months ago,@wahyuibrahim8725,UCbYTdzkUoLkTYdo7t9JrRlQ,0,,https://yt3.ggpht.com/ytc/AIdro_mwut6Z7ZgArtXd0YwCUh_sDMrY0qy0_z6F3oPu0PQ=s88-c-k-c0x00ffffff-no-rj,False,False,1765953380.966
UgxH1R0997mDsVWticB4AaABAg,Up,6 months ago,@wahyuibrahim8725,UCbYTdzkUoLkTYdo7t9JrRlQ,0,,https://yt3.ggpht.com/ytc/AIdro_mwut6Z7ZgArtXd0YwCUh_sDMrY0qy0_z6F3oPu0PQ=s88-c-k-c0x00ffffff-no-rj,False,False,1765953380.969651
UgzthjyI0VhZNu7nQnh4AaABAg,Up,6 months ago,@wahyuibrahim8725,UCbYTdzkUoLkTYdo7t9JrRlQ,0,,https://yt3.ggpht.com/ytc/AIdro_mwut6Z7ZgArtXd0YwCUh_sDMrY0qy0_z6F3oPu0PQ=s88-c-k-c0x00ffffff-no-rj,False,False,1765953380.973309
UgwUCRaX3aSCuz4t6-14AaABAg,Up,6 months ago,@wahyuibrahim8725,UCbYTdzkUoLkTYdo7t9JrRlQ,0,,https://yt3.ggpht.com/ytc/AIdro_mwut6Z7ZgArtXd0YwCUh_sDMrY0qy0_z6F3oPu0PQ=s88-c-k-c0x00ffffff-no-rj,False,False,1765953380.976935
UgwFsLhLNB0lEdgGWQ54AaABAg,Up,6 months ago,@wahyuibrahim8725,UCbYTdzkUoLkTYdo7t9JrRlQ,0,,https://yt3.ggpht.com/ytc/AIdro_mwut6Z7ZgArtXd0YwCUh_sDMrY0qy0_z6F3oPu0PQ=s88-c-k-c0x00ffffff-no-rj,False,False,1765953380.980636
UgxDvTjIXX6bjk7-gEl4AaABAg,Up,6 months ago,@wahyuibrahim8725,UCbYTdzkUoLkTYdo7t9JrRlQ,0,,https://yt3.ggpht.com/ytc/AIdro_mwut6Z7ZgArtXd0YwCUh_sDMrY0qy0_z6F3oPu0PQ=s88-c-k-c0x00ffffff-no-rj,False,False,1765953380.984423
UgxR6SKVq9lT3j-RPQh4AaABAg.APqqqpYYIafAPsaT0gTKIC,Gua Bang,6 months ago,@HangoverAbs,UCUwGfZ9yexOlTMvoELzc0gw,0,,https://yt3.ggpht.com/lnvmP9FlDvSwgLQneFOb8ApeotpnMJY0KuoZq2p7U6W0XYnziCE3g7NGTI3Cxnzn4BHGIgZPtWc=s88-c-k-c0x00ffffff-no-rj,False,True,1765953381.143725
UgxR6SKVq9lT3j-RPQh4AaABAg.APqqqpYYIafAPvY5gw_cRq,Hadir,6 months ago,@allzzsjlh26,UC_tpN5yjR6ex2jXSMrE-l8A,0,,https://yt3.ggpht.com/3zqv0bDtVwwkN18Lq6v2eGwiYmFehpqYQ7poY54e6haORTyUEfXIeMBtgrWfmq28YtkcBhA0QH0=s88-c-k-c0x00ffffff-no-rj,False,True,1765953381.146251
UgxR6SKVq9lT3j-RPQh4AaABAg.APqqqpYYIafAPxV_uu_kW7,wkwk saya bang baru nonton,6 months ago,@foodbang7638,UC7nHJ_1uZlXm5xU218jAf5A,0,,https://yt3.ggpht.com/LNFYQO9ZThgH_9d7IvN3mEAloui6ousgT2WbJmS1yZ1GkaBuzsXtwn8v1XFwSax_pm3p3dzAetQ=s88-c-k-c0x00ffffff-no-rj,False,True,1765953381.148723
UgxR6SKVq9lT3j-RPQh4AaABAg.APqqqpYYIafAQ1YEaxXKBQ,Sama bang,6 months ago,@dhebusswwe8281,UCs0xece4fngYlq2opcq5QoA,0,,https://yt3.ggpht.com/hDnUgFL7bwvcSWR42YBLeTfpCQ1On-nAmQacVk-9-Zwdx9x-JsGshdRo0NrD4EJaRwLSdlk5FQo=s88-c-k-c0x00ffffff-no-rj,False,True,1765953381.15106
UgwgoLeIJAphCAevK594AaABAg,Up,6 months ago,@wahyuibrahim8725,UCbYTdzkUoLkTYdo7t9JrRlQ,0,,https://yt3.ggpht.com/ytc/AIdro_mwut6Z7ZgArtXd0YwCUh_sDMrY0qy0_z6F3oPu0PQ=s88-c-k-c0x00ffffff-no-rj,False,False,1765953381.343363
Ugyao-h6IInScwOstyR4AaABAg,Up,6 months ago,@wahyuibrahim8725,UCbYTdzkUoLkTYdo7t9JrRlQ,0,,https://yt3.ggpht.com/ytc/AIdro_mwut6Z7ZgArtXd0YwCUh_sDMrY0qy0_z6F3oPu0PQ=s88-c-k-c0x00ffffff-no-rj,False,False,1765953381.345782
UgxT-T6wTMeIFZZXkbh4AaABAg,Up,6 months ago,@wahyuibrahim8725,UCbYTdzkUoLkTYdo7t9JrRlQ,0,,https://yt3.ggpht.com/ytc/AIdro_mwut6Z7ZgArtXd0YwCUh_sDMrY0qy0_z6F3oPu0PQ=s88-c-k-c0x00ffffff-no-rj,False,False,1765953381.348011
UgzaU45jxgzINtoQlVV4AaABAg,Up,6 months ago,@wahyuibrahim8725,UCbYTdzkUoLkTYdo7t9JrRlQ,0,,https://yt3.ggpht.com/ytc/AIdro_mwut6Z7ZgArtXd0YwCUh_sDMrY0qy0_z6F3oPu0PQ=s88-c-k-c0x00ffffff-no-rj,False,False,1765953381.350184
Ugy97qRauaKaYAeXAZh4AaABAg,Arema sepele,7 months ago,@DanyEko07,UCvwwc057F0Ih9utLNpotJUQ,0,,https://yt3.ggpht.com/ytc/AIdro_kQnWSAD6Gm3-wtlJwdGQ5jT55-cFBUBsNuleFX8xZm76T3ar1J01mTypF-cd73dN1eDg=s88-c-k-c0x00ffffff-no-rj,False,False,1763361381.352267
UgzJmyKNlaYqUesUPiB4AaABAg,Up,7 months ago,@wahyuibrahim8725,UCbYTdzkUoLkTYdo7t9JrRlQ,0,,https://yt3.ggpht.com/ytc/AIdro_mwut6Z7ZgArtXd0YwCUh_sDMrY0qy0_z6F3oPu0PQ=s88-c-k-c0x00ffffff-no-rj,False,False,1763361381.354393
UgxBwZ_XAh9-zbRK9854AaABAg,Up,7 months ago,@wahyuibrahim8725,UCbYTdzkUoLkTYdo7t9JrRlQ,0,,https://yt3.ggpht.com/ytc/AIdro_mwut6Z7ZgArtXd0YwCUh_sDMrY0qy0_z6F3oPu0PQ=s88-c-k-c0x00ffffff-no-rj,False,False,1763361381.356863
UgyS40Wils2NsG7RKBV4AaABAg,Up,7 months ago,@wahyuibrahim8725,UCbYTdzkUoLkTYdo7t9JrRlQ,0,,https://yt3.ggpht.com/ytc/AIdro_mwut6Z7ZgArtXd0YwCUh_sDMrY0qy0_z6F3oPu0PQ=s88-c-k-c0x00ffffff-no-rj,False,False,1763361381.35922
UgzKjvuXPVtf6IWg6ah4AaABAg,Up,7 months ago,@wahyuibrahim8725,UCbYTdzkUoLkTYdo7t9JrRlQ,0,,https://yt3.ggpht.com/ytc/AIdro_mwut6Z7ZgArtXd0YwCUh_sDMrY0qy0_z6F3oPu0PQ=s88-c-k-c0x00ffffff-no-rj,False,False,1763361381.361349
UgxyZRQZ5hN_OW3kJKd4AaABAg,Up,7 months ago,@wahyuibrahim8725,UCbYTdzkUoLkTYdo7t9JrRlQ,0,,https://yt3.ggpht.com/ytc/AIdro_mwut6Z7ZgArtXd0YwCUh_sDMrY0qy0_z6F3oPu0PQ=s88-c-k-c0x00ffffff-no-rj,False,False,1763361381.363379
UgyDGP3A0grebODVHFJ4AaABAg,Up,7 months ago,@wahyuibrahim8725,UCbYTdzkUoLkTYdo7t9JrRlQ,0,,https://yt3.ggpht.com/ytc/AIdro_mwut6Z7ZgArtXd0YwCUh_sDMrY0qy0_z6F3oPu0PQ=s88-c-k-c0x00ffffff-no-rj,False,False,1763361381.365817
UgxSnErJCMjQLog1H3x4AaABAg,Up,7 months ago,@wahyuibrahim8725,UCbYTdzkUoLkTYdo7t9JrRlQ,0,,https://yt3.ggpht.com/ytc/AIdro_mwut6Z7ZgArtXd0YwCUh_sDMrY0qy0_z6F3oPu0PQ=s88-c-k-c0x00ffffff-no-rj,False,False,1763361381.367897
UgwmDNJV-qMyxG5CB614AaABAg,Mugo Sesok Tanggal 22 November Iki Persebaya Menang Lawan Arema.,7 months ago,@Indra_risoneda,UCtqRWUHUr91POjDLu9kkFtg,0,,https://yt3.ggpht.com/U7R4HsohVODV0ISPx5lTR2s7y43J9fe1mqZydgiKkxTsu3DpuVawU9W7KPAOy2OZoj3JP1JMiw=s88-c-k-c0x00ffffff-no-rj,False,False,1763361381.369955
UgxjzDoU5ri1MRD1lEp4AaABAg,Up,7 months ago,@wahyuibrahim8725,UCbYTdzkUoLkTYdo7t9JrRlQ,0,,https://yt3.ggpht.com/ytc/AIdro_mwut6Z7ZgArtXd0YwCUh_sDMrY0qy0_z6F3oPu0PQ=s88-c-k-c0x00ffffff-no-rj,False,False,1763361381.372041
Ugwo5x8v1-rp2zVE47d4AaABAg,Up,7 months ago,@wahyuibrahim8725,UCbYTdzkUoLkTYdo7t9JrRlQ,0,,https://yt3.ggpht.com/ytc/AIdro_mwut6Z7ZgArtXd0YwCUh_sDMrY0qy0_z6F3oPu0PQ=s88-c-k-c0x00ffffff-no-rj,False,False,1763361381.374043
UgymNCk_ieVf2FCC3PV4AaABAg,Up,7 months ago,@wahyuibrahim8725,UCbYTdzkUoLkTYdo7t9JrRlQ,0,,https://yt3.ggpht.com/ytc/AIdro_mwut6Z7ZgArtXd0YwCUh_sDMrY0qy0_z6F3oPu0PQ=s88-c-k-c0x00ffffff-no-rj,False,False,1763361381.376107
UgyHHfaeDcfyZitMHod4AaABAg,Beginilah klo suporter gak terorganisir dgn baik dan rapih.. gada arahan gada nasihat2 tiap disosmed klubnya dari petinggi2 suporter akhirnya kacau dan merasa sok jago sok hebat sok keren.. begitu dpt masalah korban jiwa baru merasa terintimidasi oleh aparat.. dikira enak menghalau keributan ribuan orang cm dgn mulut teriak2..rasakno koe.. akibat ulahmu sendiri..anak2 jadi korbannya.. tanggung jawablah kau beserta teman2mu sewaktu merasa jadi jagoan dikerusuhan kemarin..,7 months ago,@ms.rabbit8739,UC-xmehqoVO7QOspxPvGgY_Q,0,,https://yt3.ggpht.com/vgfEoM9BCjF38CH9iPVfpPl7eIH4q-DxRrjHn9q1HyVyyNYj8PSr9lj49oh_zeIefBAv3HCilQ=s88-c-k-c0x00ffffff-no-rj,False,False,1763361381.378028
UgzrkNDSyTvJDpzoZah4AaABAg,Up,7 months ago,@wahyuibrahim8725,UCbYTdzkUoLkTYdo7t9JrRlQ,0,,https://yt3.ggpht.com/ytc/AIdro_mwut6Z7ZgArtXd0YwCUh_sDMrY0qy0_z6F3oPu0PQ=s88-c-k-c0x00ffffff-no-rj,False,False,1763361381.380072
Ugy-pbIGwFYQhVba3pB4AaABAg,Up,7 months ago,@wahyuibrahim8725,UCbYTdzkUoLkTYdo7t9JrRlQ,0,,https://yt3.ggpht.com/ytc/AIdro_mwut6Z7ZgArtXd0YwCUh_sDMrY0qy0_z6F3oPu0PQ=s88-c-k-c0x00ffffff-no-rj,False,False,1763361381.382166
UgzjbXJVMxduD6gRp6x4AaABAg,Up,7 months ago,@wahyuibrahim8725,UCbYTdzkUoLkTYdo7t9JrRlQ,0,,https://yt3.ggpht.com/ytc/AIdro_mwut6Z7ZgArtXd0YwCUh_sDMrY0qy0_z6F3oPu0PQ=s88-c-k-c0x00ffffff-no-rj,False,False,1763361381.384262
UgxL1q4uVBEW4HVaoAB4AaABAg,Up,7 months ago,@wahyuibrahim8725,UCbYTdzkUoLkTYdo7t9JrRlQ,0,,https://yt3.ggpht.com/ytc/AIdro_mwut6Z7ZgArtXd0YwCUh_sDMrY0qy0_z6F3oPu0PQ=s88-c-k-c0x00ffffff-no-rj,False,False,1763361381.5725
Ugw1wKzW1_nMza28Tsl4AaABAg,Up,7 months ago,@wahyuibrahim8725,UCbYTdzkUoLkTYdo7t9JrRlQ,0,,https://yt3.ggpht.com/ytc/AIdro_mwut6Z7ZgArtXd0YwCUh_sDMrY0qy0_z6F3oPu0PQ=s88-c-k-c0x00ffffff-no-rj,False,False,1763361381.574727
UgyF_u-zs311-dUiLad4AaABAg,Arema memang hama,7 months ago,@falleflasher1353,UCiDkVBrhnuIWlvoQyxnmU7g,0,,https://yt3.ggpht.com/ytc/AIdro_nZfCLnM44mNUF7Crj4E-PgqfmlmAhJ-PV5eut_kfXa_yTwgefCrxm4i3Gyba6fyhYSEw=s88-c-k-c0x00ffffff-no-rj,False,False,1763361381.576743
UgzYYtGxWAggMkycrQV4AaABAg,Up,7 months ago,@wahyuibrahim8725,UCbYTdzkUoLkTYdo7t9JrRlQ,0,,https://yt3.ggpht.com/ytc/AIdro_mwut6Z7ZgArtXd0YwCUh_sDMrY0qy0_z6F3oPu0PQ=s88-c-k-c0x00ffffff-no-rj,False,False,1763361381.578701
Ugx2ijLOQ7OUKgQROxp4AaABAg,Up,7 months ago,@wahyuibrahim8725,UCbYTdzkUoLkTYdo7t9JrRlQ,0,,https://yt3.ggpht.com/ytc/AIdro_mwut6Z7ZgArtXd0YwCUh_sDMrY0qy0_z6F3oPu0PQ=s88-c-k-c0x00ffffff-no-rj,False,False,1763361381.580584
UgyLnRxtYtaZdfsOKKt4AaABAg,Up,7 months ago,@wahyuibrahim8725,UCbYTdzkUoLkTYdo7t9JrRlQ,0,,https://yt3.ggpht.com/ytc/AIdro_mwut6Z7ZgArtXd0YwCUh_sDMrY0qy0_z6F3oPu0PQ=s88-c-k-c0x00ffffff-no-rj,False,False,1763361381.58246
UgwPwzFQ4Qesmhj2oxR4AaABAg,Up,7 months ago,@wahyuibrahim8725,UCbYTdzkUoLkTYdo7t9JrRlQ,0,,https://yt3.ggpht.com/ytc/AIdro_mwut6Z7ZgArtXd0YwCUh_sDMrY0qy0_z6F3oPu0PQ=s88-c-k-c0x00ffffff-no-rj,False,False,1763361381.584334
UgzIpQizMETp7XDq6L94AaABAg,Up,7 months ago,@wahyuibrahim8725,UCbYTdzkUoLkTYdo7t9JrRlQ,0,,https://yt3.ggpht.com/ytc/AIdro_mwut6Z7ZgArtXd0YwCUh_sDMrY0qy0_z6F3oPu0PQ=s88-c-k-c0x00ffffff-no-rj,False,False,1763361381.586253
Ugwqb3owk9RrFCLUKwN4AaABAg,Up,7 months ago,@wahyuibrahim8725,UCbYTdzkUoLkTYdo7t9JrRlQ,0,,https://yt3.ggpht.com/ytc/AIdro_mwut6Z7ZgArtXd0YwCUh_sDMrY0qy0_z6F3oPu0PQ=s88-c-k-c0x00ffffff-no-rj,False,False,1763361381.588208
UgwfMc7pUiM3G0KFmnN4AaABAg,Up,7 months ago,@wahyuibrahim8725,UCbYTdzkUoLkTYdo7t9JrRlQ,0,,https://yt3.ggpht.com/ytc/AIdro_mwut6Z7ZgArtXd0YwCUh_sDMrY0qy0_z6F3oPu0PQ=s88-c-k-c0x00ffffff-no-rj,False,False,1763361381.590153
Ugy6E5WNIpT5d59QaJN4AaABAg,Up,7 months ago,@wahyuibrahim8725,UCbYTdzkUoLkTYdo7t9JrRlQ,0,,https://yt3.ggpht.com/ytc/AIdro_mwut6Z7ZgArtXd0YwCUh_sDMrY0qy0_z6F3oPu0PQ=s88-c-k-c0x00ffffff-no-rj,False,False,1763361381.592013
UgwR2zm98CQacYecg0x4AaABAg,"Arema kopros sebua perbedaan persebaya away di sawati arema away di kawal bonek, suporter re arema kopross akenh 😂😂😂",7 months ago,@RifkiAlfiansyah-p7y,UCzqkx21Hy6j8HYnOisVbqBg,0,,https://yt3.ggpht.com/7Vnbylf3Sbn2Gm0Up6ZI9Q54uCyz3FsWFOpxz4iPzJpKbvDHANsM4WXXmuCUN9vgt9CpBr4pdhw=s88-c-k-c0x00ffffff-no-rj,False,False,1763361381.593874
UgwykPKLurtALbk49d54AaABAg,"TIDAK TERASA SUDAH 3 TAHUN YANG LALU TRAGEDI INI TERJADI , DAN SAYA INGAT BANER BERTULISAKAN ""KIAMAT'MU DI MALANG"" DAN ITU TERJADI KARENA ULAH MEREKA SENDIRI !!! AL-FATIHAH UNTUK SELURUH KORBAN KANJURUHAN 🙏",7 months ago,@forever_green27,UC2b2NBKHGVMk3JPiyeUvhPw,0,,https://yt3.ggpht.com/KkMmQtsS-Fv6FBl-taHb3hCBgrym0eIYsS64B9OOG0BJAx1nTN63PTTPyS2nvniRCxBCHpQ3=s88-c-k-c0x00ffffff-no-rj,False,False,1763361381.59571
UgxNfyBDslL3-9jDzLl4AaABAg,calon yang nonton ini di th 2026 siapa ??,8 months ago,@manboygun,UCQiX_tXdFjE869xIACPaEXg,0,,https://yt3.ggpht.com/7yXtTmRi_VDd9H-TqmJ4ZHdQLUAg6pp4sVpxdtChuSyUkc0F7Wob34MaWxkJB4N_s_2guyfN=s88-c-k-c0x00ffffff-no-rj,False,False,1760682981.597533
UgxTR71syzPNtW0Oaeh4AaABAg,"Tebak suku
..",8 months ago,@muhamadadrunnafis7708,UCi2u_d8DGs9kSXTWSN1d5Sg,0,,https://yt3.ggpht.com/ytc/AIdro_mQodPhvY3-ABVXJLoMMrzdYUB1Yj19rtjDqJlcq0_XNlM=s88-c-k-c0x00ffffff-no-rj,False,False,1760682981.599397
UgwcdLck9ra0BkmS21h4AaABAg,"merinding 2 jam 😬
pdhal udh 3 tahun, Al-Fatihah buat para korban 🤲🏻",8 months ago (edited),@MrRey.,UCtRg4Bczw4IOLEWyYW6Vc3Q,1,,https://yt3.ggpht.com/hRYAKaOVnF2cZKNN2uDNkmlzFXptYx0cr_HsLMkFrS7d2sBqc0r0ytzvX11yNEPSsUbOuz1FwA=s88-c-k-c0x00ffffff-no-rj,False,False,1760682981.601827
UgzJjkxqS-wS4LVDOK14AaABAg,"Bukan masalah rusuh. Klo soal rusuh suporternya persebaya sering rusuh turun lapangan ngancurin fasilitas malah dan nyerang mobil/bis nerror"" Lempar"" Juga pernah. Bukti media banyak. 
Tapiii ini soal gas air mata yg keliru ke arah teribun soal penanganan pengamanan yg kurang terstruktur dan lebih ke anarkisme senjata vs tangan kosong. 
Banyak kok suporter"" Indonesia yg rusuh ke lapangan brutal ngancurin fasilitas tpi masih sedikit korban soalnya tanpa di gas air mata yg ngawur. Kalau di kanjuruhan mohon maaf itu seperti sengaja membunuh🥺",8 months ago,@BambangPrayitno-s6m5y,UCgjIFx4eusKFiY0z-V7xDJw,0,6,https://yt3.ggpht.com/ytc/AIdro_kzsDgZQLeARR-sxx0uAv4dH2gyJFw8ckzyO5x8DqVHD6-0ptQArLfC1hQ06nmhRMoDob4=s88-c-k-c0x00ffffff-no-rj,False,False,1760682981.604555
UgxJ01SmcHQ1fN0L_-N4AaABAg,2 oktober 2025,8 months ago,@AG64461,UC_PWWYiDHCx7LRba00Dgg5w,0,,https://yt3.ggpht.com/SKcyQrgzhpOVleZ4dE1h4r_XIO_s6jqLYPb9DWDA_2GwcajbbC6OLZNKjuL3AQpyKK2TIpPA=s88-c-k-c0x00ffffff-no-rj,False,False,1760682981.606719
UgwMLBifbOA6gR96vOx4AaABAg,Penonton dari tahun 2025,8 months ago,@JefriSPutra-c6p,UCr3vs-SD8hu2aLlh3SzKMAQ,1,,https://yt3.ggpht.com/ytc/AIdro_mnHqUY0FTKsamoZjH0P9tQoBWlZXzGsND_80ZbUCQumHxnzproI3u1-WllQUnlU-r34g=s88-c-k-c0x00ffffff-no-rj,False,False,1760682981.608732
UgzrPhpMoqHcu8O7fHV4AaABAg,UP,8 months ago,@RIKORESO136,UCrHyLXGg_leSwNfsSJM67Kg,0,,https://yt3.ggpht.com/eWI21syaptbMe6u3MC2hgkyuSyRTpNd6OHUcuJemWZyb5EymATAo5857lPl_GeoILaO_QjNhJw=s88-c-k-c0x00ffffff-no-rj,False,False,1760682981.610703
UgzJjkxqS-wS4LVDOK14AaABAg.ANmZlE3bjOaASWjtOaRbTU,Aku lebih suka menyebutnya KARMA,4 months ago,@ardyasyari8178,UCpWsxu8Vpw5z5RGgK7qZWAA,1,,https://yt3.ggpht.com/ytc/AIdro_m_5zC7yAa154ze_hgZGmRDKLSpxrY6tAEm1DG8UX3fxJg=s88-c-k-c0x00ffffff-no-rj,False,True,1771310181.786852
UgzJjkxqS-wS4LVDOK14AaABAg.ANmZlE3bjOaANtN7MwnMoV,"kalau semisal arema gk kalah sama Persebaya, gak mungkin rusuh & gk mungkin ada gas air mata",8 months ago,@MrRey.,UCtRg4Bczw4IOLEWyYW6Vc3Q,0,,https://yt3.ggpht.com/hRYAKaOVnF2cZKNN2uDNkmlzFXptYx0cr_HsLMkFrS7d2sBqc0r0ytzvX11yNEPSsUbOuz1FwA=s88-c-k-c0x00ffffff-no-rj,False,True,1760682981.789433
UgzJjkxqS-wS4LVDOK14AaABAg.ANmZlE3bjOaANtNE-L2rMA,"kalau tau kejadian nya bakalan seperti ini, lebih baik Persebaya kalah saja",8 months ago,@MrRey.,UCtRg4Bczw4IOLEWyYW6Vc3Q,0,,https://yt3.ggpht.com/hRYAKaOVnF2cZKNN2uDNkmlzFXptYx0cr_HsLMkFrS7d2sBqc0r0ytzvX11yNEPSsUbOuz1FwA=s88-c-k-c0x00ffffff-no-rj,False,True,1760682981.791729
UgzJjkxqS-wS4LVDOK14AaABAg.ANmZlE3bjOaAPtB5Ez358T,"Kenapa aremania di hukum seperti itu dengan kejadian yg jauh memilukan?? Tuhan yg maha tahu. Harusnya tidak usah cari pembenaran, cukup instropeksi diri aja agar kejadian tidak terulang. Sebagai contoh pemain arema datang ke GBT tanpa rantis, pulang pergi selamat tanpa gangguan pakai bis. Tapi balasan pemain arema mencoba provokasi ke tribun penonton. Artinya mereka memang tak pernah belajar",6 months ago,@kebunomahku8790,UCARc4NVKp1lxJqO6lt7pkQw,0,,https://yt3.ggpht.com/ytc/AIdro_kyBUOVa2nQTKIwbkUd9Zbc9ahp_sbpTdS4CN1ClSPVHw=s88-c-k-c0x00ffffff-no-rj,False,True,1765953381.793864
UgzJjkxqS-wS4LVDOK14AaABAg.ANmZlE3bjOaARqip2uYY3Z,Karna ulah sendiri suporter anarkis brutal masih membela diri ajah,5 months ago,@AqilaNaura-l2d,UCU477d7KCeXmDSQKJeRSIgQ,0,,https://yt3.ggpht.com/ytc/AIdro_nATaj_XyZ449yTpyY9GNkkpedOEjet8B9ru95ikqwS3Mf-MXvcS1UlV0t6a5VEu6AwMQ=s88-c-k-c0x00ffffff-no-rj,False,True,1768631781.795985
UgzJjkxqS-wS4LVDOK14AaABAg.ANmZlE3bjOaASXYCXXJsDt,​ @AqilaNaura-l2d  bener bangett ulah suporter sendiri aparat yg disalahin.. mulai awal main saja sudah chant rasis lempar botol dll. Setelah laga selesai pemain dan para official persebaya jadi sasaran amukan suporter bringas haus darah.. kalau aparat gk nembakin gas air mata udah mati semua pemain dan official teamnya persebaya..,4 months ago,@petotaee1352,UCWW3pOcZg_N7EanGk2YLDrg,0,,https://yt3.ggpht.com/zEeRX6FcZs_LYWxDmKjV5GgZw5UCfFOw5Lz1HD850Kn3LQSwcM3c3wDJfkQ4csIGZyvkbh4hcg=s88-c-k-c0x00ffffff-no-rj,False,True,1771310181.798073
UgyJzLq_ThhyYXm7eNV4AaABAg,3 Tahun mengenang tragedi Kanjuruhan,8 months ago,@DhimasEventEquidment,UCgiWzayVC7Ts6EAHuAdx2Rg,0,,https://yt3.ggpht.com/UIX2ntODLIoUCMiALT8iR4hYLANjh92grPwJLqOxinJR5hZaZ8ruoB2pI50TfTq9pBjnAawk3g=s88-c-k-c0x00ffffff-no-rj,False,False,1760682982.02008
Ugx70vFyY_YOfSY78qJ4AaABAg,Gak keroso wes 3 tahun🐊🐊,8 months ago,@rizalunyil903,UCtyNXM4RF5mAHZ72ojqvZWA,1,,https://yt3.ggpht.com/ytc/AIdro_l4WBM-O3LGf3lZLr0xBESDufkN52YMbJ2-WcQ0-J4ffRE=s88-c-k-c0x00ffffff-no-rj,False,False,1760682982.024284
UgydoQcd8EVg4Mn5zNl4AaABAg,Up,8 months ago,@wahyuibrahim8725,UCbYTdzkUoLkTYdo7t9JrRlQ,0,,https://yt3.ggpht.com/ytc/AIdro_mwut6Z7ZgArtXd0YwCUh_sDMrY0qy0_z6F3oPu0PQ=s88-c-k-c0x00ffffff-no-rj,False,False,1760682982.028186
UgyXd5ZSUG-aLQPNCXd4AaABAg,Up,8 months ago,@wahyuibrahim8725,UCbYTdzkUoLkTYdo7t9JrRlQ,0,,https://yt3.ggpht.com/ytc/AIdro_mwut6Z7ZgArtXd0YwCUh_sDMrY0qy0_z6F3oPu0PQ=s88-c-k-c0x00ffffff-no-rj,False,False,1760682982.031473
UgzVaI1QmCblcFq2DoV4AaABAg,3 years ago 🥀🥀🥀,8 months ago,@abiputragokilzz,UCOcUK0ndWE4tS7wXW7rj8kA,0,,https://yt3.ggpht.com/ytc/AIdro_kJ8Z_fqKgbGnStiBxzimmgCBz_Rfo86SX2Fdke2TIxAkuCx2plxe9_oMvulNGVXe35MQ=s88-c-k-c0x00ffffff-no-rj,False,False,1760682982.033848
UgzmN3HR7Pg7icyspTZ4AaABAg,"Allahu Akbar!!! Tgl 01 Oktober Selain Hari Kesaktian Pancasila, InshaAllah Kami Akan Selalu Mengingat Momen Ini & Pepatah Jawa Kuno: Ngluruk Tanpo Bolo, Menang Tanpo Ngasorake, Sakti Tanpo Aji-Aji, Sugih Tanpo Bondo [Maju perang tanpa pasukan, Menang tanpa merendahkan lawan, Berwibawa tanpa mengandalkan kekuatan, Kaya tanpa didasari kebendaan].🌙🕋⭐",8 months ago,@mazjid.musholla,UC0YA2vFwVAPnak8GOxafWaA,0,,https://yt3.ggpht.com/ytc/AIdro_mKREBYwZvvh0rB6OcNQoaF7w7S64PudyGhTPoxnLsKdJU=s88-c-k-c0x00ffffff-no-rj,False,False,1760682982.035941
UgxsclObE561926AXpR4AaABAg,"GAK PEMAIN GAK SUPPORTER SAMA2 ""SAMPAH DAN SAMPAH"" GILIRAN MAT1 135 NYALAHIN APARAT WKWKWK KOCAK MAMPOSSSSS KALIAN MALANG ANJENG",8 months ago,@Babikauta,UC2WH7HaBYHQg_-qdO2qXz3Q,1,,https://yt3.ggpht.com/ytc/AIdro_nSNiYSvPvCCpOaA3XQDR5Z1JbETTCUrC0epju2BYRcUAhWBpYB6ETxcv4epfmtCNjofw=s88-c-k-c0x00ffffff-no-rj,False,False,1760682982.037899
Ugyn8RFRIUNazdnzKRN4AaABAg,buat bonek ataupun suporter persebaya jangan ditiru ya kelakuan suporter arema yang norak itu,8 months ago,@andriyanmax839,UCGC-r4UVh5VJ1lX-S0Z-cHg,0,,https://yt3.ggpht.com/ytc/AIdro_miHQLF-qgysxtH0cIBny0gtPm41JnI2cAStxO92WsoJw=s88-c-k-c0x00ffffff-no-rj,False,False,1760682982.039977
UgxNP5idp412YjSObit4AaABAg,"sebenarnya ke tololan suporter axxxx  lah yang bikin ini mmenjadi tragedi maut, fanatisme gila yang berujung maut, sikap tidak sportif dari sporter",8 months ago,@andriyanmax839,UCGC-r4UVh5VJ1lX-S0Z-cHg,0,,https://yt3.ggpht.com/ytc/AIdro_miHQLF-qgysxtH0cIBny0gtPm41JnI2cAStxO92WsoJw=s88-c-k-c0x00ffffff-no-rj,False,False,1760682982.041889
UgwhIFf9HG1pj1ZRi8l4AaABAg,"polisi ga semena mena melempar gas air mata kalo supporternya ga ricuh kalau udah ada yang banyak korban langsung merasa playing victim dan lol nya lagi,ga mikirin disitu banyak anak anak dibawah umur malah ricuh",8 months ago,@PersibBola1933,UCb-6Ltt4tkltLhqyucGzMlw,2,1,https://yt3.ggpht.com/2-3shrJ0UAizSwzywmj8QsMf8qtq01xEiwvzqOIgYj3VVt_4uQvRoJiTTtkSCKkuF-XeLlUThA=s88-c-k-c0x00ffffff-no-rj,False,False,1760682982.043774
UgwHMJixtMHbNThdvad4AaABAg,Jika tetap ndeso  dan kampungan sikap suporternya ya percuma diajak maju  bola ini. He he. Vidio top ini❤,8 months ago,@DewaDawi-s2b,UCU8ra_qii9iO-xnB9bU2m7g,1,,https://yt3.ggpht.com/ytc/AIdro_kQnWSAD6Gm3-wtlJwdGQ5jT55-cFBUBsNuleFX8xZm76T3ar1J01mTypF-cd73dN1eDg=s88-c-k-c0x00ffffff-no-rj,False,False,1760682982.045646
UgzPJZSmImqewzKa_gp4AaABAg,Harusnya arema turun liga,9 months ago,@Ahuhuyeueuebehhe,UCh2ZY5Ne1ah-2qaxAx5D6lQ,3,,https://yt3.ggpht.com/ytc/AIdro_ly84gCZbj073748inZAdJbzrlPdGp87gcGq_T0nktNEA=s88-c-k-c0x00ffffff-no-rj,False,False,1758090982.047491
Ugy6NAy1ApY4UozZyDZ4AaABAg,Oke baik ... narasimu tinggal menunggu roda berputar,9 months ago,@galihpratama8319,UCgJ5a2nlwrgaWjBIJmg8B4g,0,,https://yt3.ggpht.com/ytc/AIdro_lg5FInNAMBFHooMx4oaaqXCTAUEfDySG0cXGXsn1rS9sJe90gEKMH_g7KL4VFPbHCDqQ=s88-c-k-c0x00ffffff-no-rj,False,False,1758090982.049342
Ugz6C04vY80j83jhNF14AaABAg,Malah akeh mayite 😂,9 months ago,@akbarpratama1510,UCc3pcaJww4l3E5qRxd-xV4Q,0,,https://yt3.ggpht.com/ytc/AIdro_kh8J_loOO4BzCcyhs6AzaYbBhYLI-v2urS7LSBVI3DUA4=s88-c-k-c0x00ffffff-no-rj,False,False,1758090982.05126
UgzpkTfLn_ZCFrg7GlN4AaABAg,Up,9 months ago,@skripsitanpasampul,UCJ5_m0p5xmka5xi2JkOoe6Q,0,,https://yt3.ggpht.com/ytc/AIdro_nnCTA_AgiNlXri9GJAbFXw1KZNsyQXOpEJaKpnjNqsxBA=s88-c-k-c0x00ffffff-no-rj,False,False,1758090982.053141
UgwCzHGjcOPGXpmDaUR4AaABAg,Up,10 months ago,@wahyuibrahim8725,UCbYTdzkUoLkTYdo7t9JrRlQ,0,,https://yt3.ggpht.com/ytc/AIdro_mwut6Z7ZgArtXd0YwCUh_sDMrY0qy0_z6F3oPu0PQ=s88-c-k-c0x00ffffff-no-rj,False,False,1755412582.05513
UgyostFjDDqCuXGcKLd4AaABAg,Up,10 months ago,@wahyuibrahim8725,UCbYTdzkUoLkTYdo7t9JrRlQ,0,,https://yt3.ggpht.com/ytc/AIdro_mwut6Z7ZgArtXd0YwCUh_sDMrY0qy0_z6F3oPu0PQ=s88-c-k-c0x00ffffff-no-rj,False,False,1755412582.057061
UgybIEJqDoN1eo-AI1t4AaABAg,"Tiba tiba muncul di beranda ni video,gak kerasa udah hampir 3 tahun kejadian berlalu 
Salah satu tragedi terbesar di sepakbola dunia, mungkin yang terbesar di Indonesia di pertandingan antara Arema dan Persebaya,ya meskipun waktu itu masih nonton dirumah,tp begitu lihat berita seketika kerasa, bagaimana ngerinya suasana di Kanjuruhan saat itu,dari mulai ulah suporter Arema yang nggak ada respect nya,ada juga beberapa pasukan yang menembakan gas air mata saat kejadian, terlepas dari peristiwa tersebut,saya berterima kasih pada para polisi sudah melindungi pemain,official sampai pulang ke Surabaya, Alhamdulillah semua pemain selamat,
Gak kebayang juga sih jika ada disitu, beberapa mobil juga ada yg terbakar

Menurut saya, suporter Arema layak disalahkan disaat kejadian tersebut,rasa respect nya masih kurang banget lah,dari mulai lempar botol, hingga berujung pada tragedi ini, meskipun banyak yang nyalahin gas air mata,gak mungkin polisi nembakin gas air mata tanpa sebab

Ya meski saya netral disini yang namanya bola itu kalah menang udah biasa, kalau menang Alhamdulillah, kalau kalah ya udah jadikan sebagai evaluasi untuk pertandingan berikutnya 


Meskipun saya bukan fans Persebaya,tapi menurut saya apa yang dilakukan oleh aremania memang udah keterlaluan.Semoga ini jadi pelajaran bagi mereka",10 months ago (edited),@ramramadhan7481,UCpzB4Y29S7-GFWC86_59e5g,11,,https://yt3.ggpht.com/L15npyNZjV_BugN6ATJ4EWwghuj3-KpvzU6J3ceETbwT8JQo9qrrr434DuV36x54LdbRrZ0b=s88-c-k-c0x00ffffff-no-rj,False,False,1755412582.058988
UgzlXo9Mhgacq-bRWux4AaABAg,Up,10 months ago,@wahyuibrahim8725,UCbYTdzkUoLkTYdo7t9JrRlQ,0,,https://yt3.ggpht.com/ytc/AIdro_mwut6Z7ZgArtXd0YwCUh_sDMrY0qy0_z6F3oPu0PQ=s88-c-k-c0x00ffffff-no-rj,False,False,1755412582.060889
UgwNykjvDavPGk8hrzF4AaABAg,Up,10 months ago,@wahyuibrahim8725,UCbYTdzkUoLkTYdo7t9JrRlQ,0,,https://yt3.ggpht.com/ytc/AIdro_mwut6Z7ZgArtXd0YwCUh_sDMrY0qy0_z6F3oPu0PQ=s88-c-k-c0x00ffffff-no-rj,False,False,1755412582.062801
UgwhIFf9HG1pj1ZRi8l4AaABAg.ANTtlXguUHGAWU3H3eBmMY,"Hust, sodara baru maneh eta🤭",1 month ago,@武田壮99,UCA3oWoJkONd3o5SAfal6b2w,0,,https://yt3.ggpht.com/ytc/AIdro_lbpfOC9I8qLiOVcpkqVGISdiSIIKblr7zkprr7zVhB1cV6PVM=s88-c-k-c0x00ffffff-no-rj,False,True,1778999782.209912
UgzAe4uYhdI2u8mNwPB4AaABAg,Up,10 months ago,@wahyuibrahim8725,UCbYTdzkUoLkTYdo7t9JrRlQ,0,,https://yt3.ggpht.com/ytc/AIdro_mwut6Z7ZgArtXd0YwCUh_sDMrY0qy0_z6F3oPu0PQ=s88-c-k-c0x00ffffff-no-rj,False,False,1755412582.415035
Ugx3hhIoToFa4cZNEdZ4AaABAg,"Percuma bang lempar"" botol endingnya di tembak gas air mata",10 months ago,@GhaniIndrian-k9j2j,UCmU5QyZwNlDbwPgYXYGUCQQ,0,,https://yt3.ggpht.com/ytc/AIdro_lrHWTbFqZoDU9M3ff8W1iLLWIXHPXeSom1GjKU4xvUrnPxLAvT-ZnE0hGd6wW5uxS3EA=s88-c-k-c0x00ffffff-no-rj,False,False,1755412582.419546
UgxGEGuS_SgnLn-6IDd4AaABAg,2025,10 months ago,@achmadirfannovandi708,UCpLe-rx6ctx30VVvobMh6ag,0,,https://yt3.ggpht.com/ytc/AIdro_kHxc5-NPpsAHQbSNKOOAVbdSoI-HdzscNefvFDuQcj5KE=s88-c-k-c0x00ffffff-no-rj,False,False,1755412582.424131
UgyHet1Z_x73pAyM-YN4AaABAg,Malang pemuda nya  SDM rendah ya?,10 months ago,@TheSupplyScenes,UCUlmTc6jxcZpn50Dwfl6Tpg,2,,https://yt3.ggpht.com/vFdSXf-XhPmgDM4dTQDIoXNCX3YfepoROOPywO-M692rIKtktao2mvxQKE0Nq5ljEOHMb-nVHA=s88-c-k-c0x00ffffff-no-rj,False,False,1755412582.428617
Ugz6VGPqjGGhEwbm0oZ4AaABAg,Viralkan kembali,10 months ago,@achmadmushonnef582,UCivwP1ff8-EbASmonroMOkQ,0,,https://yt3.ggpht.com/ytc/AIdro_mOjkeQQxOFg3Y_lnjg0GNjFzxGqW8EE7ybKpdvoWM=s88-c-k-c0x00ffffff-no-rj,False,False,1755412582.433105
Ugy_iGPMTfZg8uCzy-Z4AaABAg,"Sampek segini nya ya ,nyawa pun jadi taruhannya,padahal ini cuma pertandingan sepakbola,buwat hiburan para penonton jadi nya nyawa taruhannya",10 months ago,@RizalDiwachid-n7j,UCYlHm0fIMIKSFFsgxT1kWXA,0,,https://yt3.ggpht.com/ytc/AIdro_kMYxzuoALeklp701_RTTqcGyDmQBNx8RUq7hexDYiJAbjeefA32v6O8iwKUH_tJvomYg=s88-c-k-c0x00ffffff-no-rj,False,False,1755412582.437419
UgwgLk456K_i70tt2Q54AaABAg,Yang baru melihat ini tahun 2025 ?,11 months ago,@SastrawanCilik,UC0rbBEqflfFGc3q-Hg0QOTQ,1,,https://yt3.ggpht.com/S5nAeJ36-jLswtxyEU678lz6fsyYZwMbWcSK3jDXWv08k2mRw-z_Gt8Lk0ZQ8E8pBHxR7kZVNsc=s88-c-k-c0x00ffffff-no-rj,False,False,1752734182.441709
UgxNPRA1vqRoDKC5rAx4AaABAg,Kalah kok ngamuk arema :v,11 months ago,@lalumegan8992,UCZTfHnxmhiThIszsBo72k2Q,1,,https://yt3.ggpht.com/2g4ASoc-c5WF5tYjGIR5WYOm7u-3JtP_sL8mlxPFM8mApVgtHEOQtOSqAGrAnTHY9EZsOsFULy8=s88-c-k-c0x00ffffff-no-rj,False,False,1752734182.445932
UgwYVy5z0iuMbeHWdb54AaABAg,"28:34 di pojok sebelah kanan, nampak jelas ada seorang suporter bawa banner yang bertuliskan ""KIAMAT MU DI MALANG!"", ga nyangka bakal direspon oleh yang maha melihat, setelah pertandingan berakhir 💀",11 months ago,@Ersha.Atmanegara,UC4T80PVa2c2Y3XVMTKhmTQg,16,1,https://yt3.ggpht.com/YKDHOumXmGAlWF6-YOC4adZq0wYLuGFQqQWMrA3tIqkKvhpuNM3zqiVnUqrQCCi1PhguK0IK8dc=s88-c-k-c0x00ffffff-no-rj,False,False,1752734182.450202
UgyKLSmmCfcH3zICM0N4AaABAg,super derby bukan sembarang atmosfer,11 months ago,@sorejah,UCaIZbt4r3XD82H3gHcPj4Hw,0,,https://yt3.ggpht.com/-pS3EiRM-eGqIST9PqImepxU6sVbySqrWq2XREyqWJUMt8yp0lUoHmK2oK_RZZ0HrZ1qHRbGqII=s88-c-k-c0x00ffffff-no-rj,False,False,1752734182.454487
UgzOD7tOzcbq0Cf2Foh4AaABAg,"Miris. Suporter yang anarkis rata rata udah dewasa, tapi korban yang tewas kebanyakan anak anak usia 17-19 thn dan para wanita.. kenapa tim arema tidak di bubarkan atau di hapus saja dari persepakbolaan Indonesia?",1 year ago,@ilhamjb-f9s,UCSws3pTdgPm4KXu6Os2l_dA,0,,https://yt3.ggpht.com/ytc/AIdro_lgdpvA_04LCOKPWe3I1YeEhJYaqtWqlJB3_w5Y-SM9NcuZbAEzUhZriSocRQguAqTgkA=s88-c-k-c0x00ffffff-no-rj,False,False,1750142182.457555
UgzoOKR82X2fwcqBIFZ4AaABAg,"Disini lah diperjelas ketololan aremania,,,,",1 year ago,@teguhwahyudiono-ub4hs,UCe5OK6j5uop7hcy40SFf3vQ,0,,https://yt3.ggpht.com/Jk8EQMHpgbpdVyufOpAoTP2wGxtcVRdqBIrnq2g4smeFpSqrOta2pLhSlE5j_w4bNHLl4-eb=s88-c-k-c0x00ffffff-no-rj,False,False,1750142182.460611
UgwRM0kEf9wrCUHDUMx4AaABAg,"Sdm nya rendah, polisinya biadab",1 year ago,@aisrockz8003,UCrQfKiFu97sEKPk1D1fVxNA,0,2,https://yt3.ggpht.com/ytc/AIdro_nL7r5ykHQJdJNvmAnOgqTweT8MmOwTSDGKyrUdexi7UcI=s88-c-k-c0x00ffffff-no-rj,False,False,1750142182.463837
UgzFv20YgL4rSM3FaZd4AaABAg,"""lempar bunga di balas dengan lempar batu'",1 year ago,@bimaXxx_23,UC-ygeb6bKMWACJ9I60mGOkw,0,,https://yt3.ggpht.com/ytc/AIdro_myl-YmOKaQ9kxMtKOAdaPMJldzsPDEcsnggcBZXO8kc8SSiqeYJmVBLTYymzxK0z14ww=s88-c-k-c0x00ffffff-no-rj,False,False,1750142182.466747
UgwgmcZ60TmSorOq2zN4AaABAg,"Suporter kyk arema ojok disakno pantes mati 135😂
Wes matek an kakean pola",1 year ago,@elitelokal5525,UC2ZjKoDkAVepo71loxzb15Q,2,,https://yt3.ggpht.com/ytc/AIdro_ncT3iOeIvKvyiGyg8yxsaKdY9pVTQNTL2kMTUMMNY=s88-c-k-c0x00ffffff-no-rj,False,False,1750142182.469778
UgycRUj-bXu8FRQWCrl4AaABAg,"Tragedi Thejak yg serang polisi terulang lg di malang sama Arema, mau ngmng gmnpun jg susah mereka kayak bukan manusia melainkan binatang, Kok bisa ya karna sepakbola sampe segtunya. Parah! Kalian kaya bgtu gaada untungnya sm sekali, dikirakeren? Dikira gengsi karna kalah sm rival? Gakgitu caranya, korban yg gaktau apa2 didalem stadion kasian grgr kalian yg anarkis mereka kehilangan nyawa",1 year ago,@mvsaepidemic,UCQaW9QiG2Sp07EJWIgCav5A,0,,https://yt3.ggpht.com/zv7P_UBolficIGwFnQ6YPGzObhx8ttqt862JF771hKcW3MhWHlQ-J5hKoKHIKXcaFO6deypyBw=s88-c-k-c0x00ffffff-no-rj,False,False,1750142182.472667
UgwGrawNbrB5VZl1wy94AaABAg,Udah Paling bener Kalo Big match Liga 1 Seperti Persib Vs Persija Persebaya vs Arema itu tanpa Penonton !!!,1 year ago,@ramadhanfauzi3137,UCFq9d0j5VXI6wG9RZTJq-kQ,0,,https://yt3.ggpht.com/ytc/AIdro_ksYSA1Ie4r1_PIJCJZ2Z7PiZPdu5WMsTwKjwQ8ak0=s88-c-k-c0x00ffffff-no-rj,False,False,1750142182.475482
UgyJUlCvnii0_eLU01h4AaABAg,"ngene kok jaluk keadilan,melanggar HAM..lah kon brutal ngene ng aparat yaopo..gak singo e tok seng edan..wonge.yo.edan...",1 year ago,@diajijibran4907,UCZsP3xaKB4MfALZkF6hcBog,1,,https://yt3.ggpht.com/ytc/AIdro_nCWHfuG5F_Erbi9Z7MGljkhFMEvT-9kjgnxCU4jJM=s88-c-k-c0x00ffffff-no-rj,False,False,1750142182.478328
Ugz9IIJgDc3_IMIowdN4AaABAg,"kera malang dari rumah niat nya udah bukan dukung arema, tapi niat nya emang udah mau menghabisi pemain dan official persebaya.",1 year ago,@fahmifahmi313,UCD0iygIsbIPmKwjnqIsPf9Q,3,,https://yt3.ggpht.com/ytc/AIdro_mk8flakzI2SK5KBflioqtQp_IEGGHx6tL1x2xpNed0YQ=s88-c-k-c0x00ffffff-no-rj,False,False,1750142182.481109
Ugw9g2beFUanTBnYqyp4AaABAg,waniiiii,1 year ago,@aldovalerian8338,UCQbuOcWsycieNJkxRuVF1vg,1,,https://yt3.ggpht.com/ytc/AIdro_mfJPfqwqk4C3gh4CxMHRwLLmxIIVrVyRi9Tv5UeiY=s88-c-k-c0x00ffffff-no-rj,False,False,1750142182.483888
UgwYVy5z0iuMbeHWdb54AaABAg.AJelBh8bEPgASWkiS6HeHm,Sang Hyang lagi mode fast respon mungkin 😂😂😂,4 months ago,@ardyasyari8178,UCpWsxu8Vpw5z5RGgK7qZWAA,3,,https://yt3.ggpht.com/ytc/AIdro_m_5zC7yAa154ze_hgZGmRDKLSpxrY6tAEm1DG8UX3fxJg=s88-c-k-c0x00ffffff-no-rj,False,True,1771310182.65814
UgwRM0kEf9wrCUHDUMx4AaABAg.AJDnWPVPyX5AKRgR3TBs_m,Sory to say itu sudah jelas polisi sudah melakukan yg terbaik😂😂😂 andai gak ada gas air mata bagaimana nasib para pemain persebaya apakah masih bisa bermain di australia ??? memang bukan tempatnya gas air mata di stadion tpi polisi melakukan yg terbaik untuk keamanan pemain dan official persebaya,11 months ago,@diasminataputra6614,UC-EwD1AJh11qp7YagVEciOQ,0,,https://yt3.ggpht.com/ytc/AIdro_mkgbhAXHtiJqBKj4TBL5zO3fVlcC8jWezWqVTBqVLKL_Q=s88-c-k-c0x00ffffff-no-rj,False,True,1752734182.81792
UgwRM0kEf9wrCUHDUMx4AaABAg.AJDnWPVPyX5ARqj9-gJvpo,Yang biadab itu suporter Arema LOL,5 months ago,@AqilaNaura-l2d,UCU477d7KCeXmDSQKJeRSIgQ,0,,https://yt3.ggpht.com/ytc/AIdro_nATaj_XyZ449yTpyY9GNkkpedOEjet8B9ru95ikqwS3Mf-MXvcS1UlV0t6a5VEu6AwMQ=s88-c-k-c0x00ffffff-no-rj,False,True,1768631782.821911
UgznWfHQuAQXwj039-B4AaABAg,Lapo yoan d.main.o bengi la wong lek main nak suroboyo gk tau main bengi,1 year ago,@lulutfajar1565,UCKVOm10D8Jq3GewcJa_xIbg,1,,https://yt3.ggpht.com/ytc/AIdro_kPDMU8J-5OP_YtAcKVXOoReR_tew_AUnKDv_uWHEeEUrz_hb-YzHO526b6KJ0TceMuJQ=s88-c-k-c0x00ffffff-no-rj,False,False,1750142183.049049
UgxihJHowRdW_84yipV4AaABAg,"SELAMANYA ANTI AREMA , SEUMUR HIDUP GAK NDUKUNG AREMA TERMASUK WONG WARAS",1 year ago,@Daaannnnnnnnn,UCzMxKxHPTghAoE5TfuLhnAw,5,,https://yt3.ggpht.com/WAUfwXp9KvIInIf7O34pMcbUkMPnLN8fPYMZkEx0iYaS9zMx1rWF3pWhDjJsk6v8BOuOZCzZAQ=s88-c-k-c0x00ffffff-no-rj,False,False,1750142183.0518
UgyVpzeyaFR8RgyhZEt4AaABAg,"Begitulah mental suporter malang, kalau bertemu sesama suporter saya jamin mereka pasti ciut.",1 year ago,@erichbudiyantoro5352,UC7QdpL7t6iuIJWb3IiwhA2g,0,,https://yt3.ggpht.com/ytc/AIdro_klqyR_GebLnDG8nUfzWDdiwNA3S89jaDW6n-n-KYFg1No=s88-c-k-c0x00ffffff-no-rj,False,False,1750142183.054446
UgwTchq0I2-KoM2TRD14AaABAg,"Polrestabes yang berjanji menjaga keselamatan tim persebaya, hampir saja janji tinggalah janji.

Polisi tetap bertanggung jawab, tim pun selamat.❤❤

Kerusuhan didalam stadion, kok merambat sampe udah jauh dari stadion.

Memang tuan rumah yg bermasalah",1 year ago,@MWCHANEL16,UCg3op3JYbup22wZXEMpNjmw,1,,https://yt3.ggpht.com/ytc/AIdro_li_ioWaicHFtIfn0uOJhTUQxho2jMoB9PD6bEsYaPopnU=s88-c-k-c0x00ffffff-no-rj,False,False,1750142183.057094
UgyhO6FZoBzzhF7mCJh4AaABAg,Parah,1 year ago,@khoirudinudin2575,UCECAeg3Nxw3EAi8KgOpFdfw,0,,https://yt3.ggpht.com/ytc/AIdro_kedlxAby9tBfPJkXZ8EQhn6bmlgHTDhb0RGpWJWrn_Xk7rZowkOmPXdaOCOCTpsF7fXg=s88-c-k-c0x00ffffff-no-rj,False,False,1750142183.059712
UgzjHsWvsU04QZyvM9F4AaABAg,Suporternya kurang dewasa dan terlalu fanatic,1 year ago,@muhamadrizky591,UCF1pPcpRPjCZLT3r0Uymt8A,1,,https://yt3.ggpht.com/ytc/AIdro_mO8cq6LccWGfcRVlp_AUCMOK0EjBR4WT080K3YWhmelps=s88-c-k-c0x00ffffff-no-rj,False,False,1750142183.062313
UgyLbh4dfb2fIWn7uJh4AaABAg,Seharusnya arema degradasi,1 year ago,@IqbalMuhammad-w4g,UC3Jc8_nj_oQy3dbAmNFr1ag,1,,https://yt3.ggpht.com/ytc/AIdro_lbn_DLLFCpT33OXul6uM3VU0vPqBworcPBANUd89RXpN6LkZ3uPrNkmEcu9T7zctoS-Q=s88-c-k-c0x00ffffff-no-rj,False,False,1750142183.06476
Ugwb_3KcyIVqKt5YtAF4AaABAg,"fakta yang pahit untuk diterima, namun ya inilah rekaman aslinya. bener bener ga kebayang gimana takutnya para pemain persebaya dan official yang ada disitu. walaupun udah 3 tahun, tapi nonton ini masih merasakan kengeriannya",1 year ago,@mhafidzmauludi,UCLdBkJNfFySpCrY00coX8sA,3,,https://yt3.ggpht.com/M_Nf8qO6m0EFJ4KW4jIBF78PLhylFmEp7-uBarIBesmlCt8AeA3GQ-7SSFvE3ZYWLUGWwtwdqA=s88-c-k-c0x00ffffff-no-rj,False,False,1750142183.067316
Ugwic4VAFXvrWLtE8SR4AaABAg,"Kalah kok ngamuk
Angeel wes angellllll........",1 year ago,@sheilamarcia9898,UCD_Q5TctBL2kqJowtMLzmAg,0,,https://yt3.ggpht.com/ytc/AIdro_kdnDLKSpR8gMkQ7_SvAKzcPP58BCw5vPL-vKtW610=s88-c-k-c0x00ffffff-no-rj,False,False,1750142183.069916
Ugyd6Q-5QZYFfhm_Zdp4AaABAg,siapa yg masih nonton 2025?,1 year ago,@mohrafliakbar,UCpMSjg-AFoC-V--5iHhStuQ,1,1,https://yt3.ggpht.com/ytc/AIdro_mMcxhuGZBFMfRBQDFYazvDM6I0Ju2hqDIjH_YkRWMkN6eYOqFo_cRHdbgwLkdaiRnKLA=s88-c-k-c0x00ffffff-no-rj,False,False,1750142183.072883
UgwmkE1rNtgWpCbw44N4AaABAg,"Bismillah saya mau jelasin yg sebenarnya memang ketika itu sporter aremania sudah sangat brutal dan tidak wajar,tapi yg harus kalian tau kebrutalan sporter yg makin gak wajar itu ketika ada tembakan gas air mata,jujur saya yg dibelakang stadion lagi ngopi sama temen saya yg gak tau apa"" situasi didalam setadion merasakan gas air mata yg sangat pedih kemata saya dan temen"" padahal jarak pintu stadion sama tempat ngopi saya itu sekitar 12 meter kurang,itu mata saya sangat kesakitan dan yg paling gak tega para sporter yg baru bisa keluar dari gate 10 itu ada beberapa anak yg semaput karena gak bisa nafas sebab gas air mata,trs yg lebih parah lagi ada anak kecil terkenak injak"" oleh sporter,lah trs knp gak ditolong?... gak ditolong bukan nya gak ada yg mau nolong cuman karena waktu itu aku dan temen"" ku cuman bisa b3rusaha bagaimana saya bisa selamat nyawa saya,mungkin para sporter yg lain begitu juga,karena pengaruh gas air mata yg sangat sakit kemata dan pernafasan,setelah saya udah bisa buka mata saya kemudian saya langsung bergegas langsung pulang karena saya berfikir,ini kalau sampek lama"" disini saya bisa semaput karena gas air mata,dan alhamdullih saya dan temen"" saya selamat sampai tujuan,tapi saya gak nyangka kalau esok hari nya banyak korban yg meninggal😢,al-fatihah untuk para korban🤲.

Intinya disini gak boleh saling menyalahkan,keduanya sama"" salah,tapi tolong masalah yg nembak gas air mata segera diusut tuntas,karena saya sampai kapan pun lillah gak akan rihdo sebelum orang nya dikenakan sanksi,karena saya yg gak ikut apa"" mata saya yg terkena imbasnya🙏.

Wallohua'lam.",1 year ago,@KamilRehan-w8w,UC0tZxZ7XISKthEZFr0uw6qw,1,,https://yt3.ggpht.com/8l_OekuHndFy-6DDdE7xlCeqO83-fZkVGuDqCf3tKoETVkz4pOqcYkpNvpAmpQbp6qII1IplWXY=s88-c-k-c0x00ffffff-no-rj,False,False,1750142183.075381
Ugx_tRHctsVGwodXp8F4AaABAg,Udah bukan suporter lagi ini aremania Tapi pembunuh !,1 year ago,@dannykafilardi1639,UCbysEruzN2cV4G8VIaGk31w,0,,https://yt3.ggpht.com/ytc/AIdro_kRIBZ3G6iIKohr8aI5JfwSKSEEGIlb--7IGYtQksuRlw=s88-c-k-c0x00ffffff-no-rj,False,False,1750142183.077971
Ugwb_dbHaD5jEirRzvN4AaABAg,Sumpah serem. Arema tk hanya mengacungkan jari tengah atau diskriminasi ke tim persebaya tapi arema punya niat ingin membakar atau menghabisi nyawa tim persebaya. Betapa tololnya arema. Mereka rela melukai orang hanya karena tim mereka kalah. Dan mereka seoalah tk peduli dengan nyawa....dan kemudia arema terus cari pembelaan. Sungguh ironis sekali kau arema. Kau benar2 seperti binatang,1 year ago (edited),@dadanzchannel,UCM1_C2WK74b4VvAfWDmuICA,1,,https://yt3.ggpht.com/itdYCCCLup2ytjcwZmpX-DfLgZv-vWIPZ0Ycczxtj48adJHejlQKYEXXYvKdcmIABnWv8fPoNw=s88-c-k-c0x00ffffff-no-rj,False,False,1750142183.080604
UgxBQATWRE6dPB5z2u54AaABAg,"Oknum yang Menembakan Gas Air mata kearah Tribun dan menyebabkan Kekacauan serta kematian Adalah Sampah/Pembunuh

 Tetapi Supporter yang tidak Menerima Kekalahan Kemudian Menyerang Team Sepak Bola,  Dan tidak dewasa, serta Tidak Ikuti aturan, Kemudian Turun ke Lapangan, yang Menyebabkan Kerusuhan sehingga mendorong Oknum aparat menembakkan gas air mata sehingga Adanya Korban Meninggal yg berjatuhan adalah Ribuan kali lebih Buruk Daripada Sampah/Pembunuh

🙏🙏",1 year ago,@kalamulama2036,UCzVkFIYPYqC1KJ6gkm1UwsA,0,,https://yt3.ggpht.com/GBsNb62sAsoULkstEeri8xn9D8cmKt8SFnvGterZE-l0y7i5WiHvj7nFTuk8uNZwf9QARKx3Cg=s88-c-k-c0x00ffffff-no-rj,False,False,1750142183.083178
UgyDDWdBgLBiSUOIfQ14AaABAg,"Dulu pas kejadian ini aku kasihan & ikut berduka sama suporter arema nonton bola aja taruhannya nyawa sampai mengira polisi yang jahat, tapi setelah lihat ini aku malah lebih kasihan & gak tega sama pemain persebaya & polisi. Kok bisa sih orang2 brutal & ganas gitu😭😭. Semoga kejadian kayak gini nggak terulang lagi dikemudian hari ya",1 year ago,@Juniaja99,UCGWt-uzGelU9oqM3Hsv_T9A,0,,https://yt3.ggpht.com/nw0Sq3vLLIYmPHX6Sqo2FyU8ZOgrRYOQGVB8ECXHNaMjZGy8DJbJ8HbJ4w5VguFVxDMIIXTjYg=s88-c-k-c0x00ffffff-no-rj,False,False,1750142183.08573
UgxvLnFZy7a0HSY8wpJ4AaABAg,"aku baru nonton, tapi ini bikin bingung
timnya kalah, tapi malah marah dan kesal sama tim lawan. Kok ya ga marah sama timnya sendiri yang kalah? kesel ke tim sendiri, marahin, pisuhin, biar mereka ga kalah lagi. Kok malah nyalahin dan marah marah ke pemain lawan. Dadi supporter kok congok.",1 year ago,@raynaldi_edo,UCZyy2iEfU_X7WVQUcmdDogQ,0,,https://yt3.ggpht.com/O0GoPCWYVsE9MM8fGZtgqzErzuJbwKat4EJo3fYOpFTCJw7z2KK9nVmh23CaZ1qbsq-Tr_9HJg=s88-c-k-c0x00ffffff-no-rj,False,False,1750142183.088288
UgyoXNVnfbWwYDGhXOV4AaABAg,WKWKWWKWKWK MATEK,1 year ago,@allkpopareplastique9086,UCvHWoNXqoT4j6DZOig_gcew,1,,https://yt3.ggpht.com/ytc/AIdro_lkP8eEPwy3C-4ljH9L_zZeUQvqE-hFNVLEXdu3WWQ=s88-c-k-c0x00ffffff-no-rj,False,False,1750142183.090871
Ugz_ohohXWCE5NvxpW14AaABAg,bedes kakean polah 😂,1 year ago,@dandeSTecu28,UC05kPhsGvHFbYyDLjeADJiA,3,,https://yt3.ggpht.com/kDGeX0DAPeL5L5Poue3AVQmnfO5sA7RSyrgXjWDb197PrKcCYK2eqdgMYfw8fL3vT7k1dFRp=s88-c-k-c0x00ffffff-no-rj,False,False,1750142183.09348
UgzQX_Amaw950QqSGW54AaABAg,pelajaran buat supporter jangan membuat tulisan atau ngomong yg gk baik,1 year ago,@DHAN227,UCCdq1BW-OaM_bu58ph6ZVQg,1,,https://yt3.ggpht.com/NLsZFeR6tY2aiBPfZeEzloxoE3iYw3PHl6JOpdlU0rSyFf0SDlhTon-EDiTh3ngcI8NV1-SxVw=s88-c-k-c0x00ffffff-no-rj,False,False,1750142183.096162
Ugyrgn5KcFmYZ3A-jHJ4AaABAg,"Salut para pihak keamanan , untuk suporter arema semoga ini bisa jadi saksi kebrutalannya oknum, untuk suporter lain jangan di contoh , sepakbola adalah hiburan rivalitas hanya 90 menit , jangan ada kekerasan",1 year ago (edited),@papashanum0592,UCqyDtxywF5iUGOpDX0vGPMw,2,,https://yt3.ggpht.com/4xMZfInrW2fdDBOaoo7h6D3uZMHtALdor0HR6Iy6lxmf2irfSd12qYD1ARRpn20eyZMWQzboBw=s88-c-k-c0x00ffffff-no-rj,False,False,1750142183.098991
Ugyd6Q-5QZYFfhm_Zdp4AaABAg.AIRL87uT74YAIShJM8VJC4,Hadir bang,1 year ago,@Publik_Biasa,UCrfMSLaXiAHm-mblbNk9aeQ,0,,https://yt3.ggpht.com/ytc/AIdro_ktqy1O9ZMmtieFCVhktcadGmGeip91BZeI6raorAXQdqX547fkG-1ICr6To3C9zosJlQ=s88-c-k-c0x00ffffff-no-rj,False,True,1750142183.260218
UgwGURvGBaDgh0CaxyN4AaABAg,Ngene kok kerepe jlok keadilan miris sekali,1 year ago,@saefikubro2683,UCM2WXishm6JzqlypyL1VkeA,2,,https://yt3.ggpht.com/ytc/AIdro_lvG-xZkoAPY5NWmZZRySNkM29F14NgfbuM9iNu3lQ=s88-c-k-c0x00ffffff-no-rj,False,False,1750142183.559666
UgyIKmvjMande3bD72J4AaABAg,"Di akun narasi pendukung aremania semua , padahal klo liat ini pasti bakal nyalahin Aremania",1 year ago,@biubitv6922,UCe6SQDG0AFRHC_MaxbEqGNw,7,,https://yt3.ggpht.com/Viym-Z_5EWBYQJgAHpdbtBlZQNgaRn1Kp4BU-W-Cj7b1TzuWSESgSNDt8-xJHth2Uc2XQNEs3g=s88-c-k-c0x00ffffff-no-rj,False,False,1750142183.562528
Ugzn5yhsb-uNIm72dxF4AaABAg,"Semoga semua yg terjadi menjadi pelajaran bagi semua pihak terutama untuk suporter aremania,lihat yg telah kalian perbuat sampai menelan banyak korban,sekarang kita kembalikan lagi pada PSSI dan PT liga untuk mengambil sikap untuk suporter tuan rumah jangan cuma sangsi,karna ini sudah melibatkan banyak nyawa orang..???",1 year ago,@IwanGenol-z6i,UC_FfJOzNoEV7cmtSgTFw6vg,0,,https://yt3.ggpht.com/ytc/AIdro_m7heFBUZ7Si0QA1kx1WjdZ_2aPQ3AZUNXFsPX7LUJ1OAOPIt2dM4430mdARXwcc-CmHw=s88-c-k-c0x00ffffff-no-rj,False,False,1750142183.56522
UgydYpHJ8LX9inLEIOZ4AaABAg,😢 puji Tuhan tim persebaya selamat dan bisa bersama keluarga. Stop anarkislah,1 year ago,@PixiemochiMochi,UCzlTJlcvUqhZUi1PHyofo7g,0,,https://yt3.ggpht.com/ytc/AIdro_mL5AcD1g44LBAuDqwNx43wXm0Ag2DM15y-xgqr60QEEIlmQdJi-HpFUQjDW-Zp-bCHzw=s88-c-k-c0x00ffffff-no-rj,False,False,1750142183.567907
UgzqHRCe-XyiDQMfCxl4AaABAg,"Mosok oknum kok akeh, ngene ta lek arema kalah tapi club musuh e seng disalahno dduk management ne, sampek club e arema dewe gak wani maen ng stadion ne dewe, supporter congokkkk",1 year ago,@EfwinaaYumiata,UC0xb9eU9Wov2ffx9aHSoqnQ,0,,https://yt3.ggpht.com/ytc/AIdro_l4aEfh_jJF9zK20QQIgQQyFIda2bzJeFkhVjY6Xs0BwI1bV9Y4Il7Wvg0pj_SFi1Uq-A=s88-c-k-c0x00ffffff-no-rj,False,False,1750142183.5705
Ugz1KC1L_PvpDopkryR4AaABAg,"Mosok oknum kok akeh, ngene ta lek arema kalah tapi club musuh e seng disalahno dduk management ne, sampek club e arema dewe gak wani maen ng stadion ne dewe, supporter congokkkk",1 year ago,@EfwinaaYumiata,UC0xb9eU9Wov2ffx9aHSoqnQ,0,,https://yt3.ggpht.com/ytc/AIdro_l4aEfh_jJF9zK20QQIgQQyFIda2bzJeFkhVjY6Xs0BwI1bV9Y4Il7Wvg0pj_SFi1Uq-A=s88-c-k-c0x00ffffff-no-rj,False,False,1750142183.5732
UgwbTOUi44ger54Lbxl4AaABAg,Dan mereka masih tidak belajar dan sadar dengan kejadian kelam ini. Dan mengulangi lagi di tahun ini dengan menyerang bus pemain persik kediri. Kenapa aremania tetap tidak bisa belajar dari kejadian kelam ini. Apakah memang aremania suporter yg susah di atur.???,1 year ago,@IbnuCharis2242,UCVffAI10OrbJZpnUk6CUtNQ,2,,https://yt3.ggpht.com/ytc/AIdro_kGA5P-5Pg3ckSU5VlRG1_fFC18y55u3dDG0Ahmc47IGG1eOkHfbuwB80QnYpNLIXa46g=s88-c-k-c0x00ffffff-no-rj,False,False,1750142183.575783
Ugy7j5Xg_GEkTOZU8Bh4AaABAg,Arema ndeso banget kan,1 year ago,@kadirov_indonesia6261,UCB3xN00y_JQ2_FtAB-IL70w,1,,https://yt3.ggpht.com/IBzS0GP1LqyKYEYMsn6HodXB3rMKBtpZTiGZRO-AsIbSgYkd_swaG1YaNa6KizjcOkYNR50mRg=s88-c-k-c0x00ffffff-no-rj,False,False,1750142183.578375
Ugy7TpZyfNHEy3Ovs814AaABAg,2025 masih ingat dengan tragedi ini dan masih berpikir ( nanaon kikituan Matak nyilakakeun Batur ),1 year ago,@ngatrok_chanel,UCo2DgUDKtV_x4oMmTNxbRPw,0,,https://yt3.ggpht.com/l7wJtqWYI2zSsuS8YOG-FCCnjCWrjAHsTnVyxinmBJVwTP8QIFb3b6UpuuPVHwq0HetO-mn2=s88-c-k-c0x00ffffff-no-rj,False,False,1750142183.580956
UgwaqiU3-qYNqRzQnyF4AaABAg,ya iki lemah teles gusti allah senh bales 😂,1 year ago,@vidio_random18,UCXSwrxF69iEhlDoQXgwYe9w,0,,https://yt3.ggpht.com/BkC7GQKm7KTbngCHAFcmgcMpW47jaaT4F_wzz1p7cQ_otKCVRKcPWB3NE_DQkwkbat4OdCr0Hg=s88-c-k-c0x00ffffff-no-rj,False,False,1750142183.583535
UgxRgk1AoTybx-538At4AaABAg,Next 18 Mei 2025 semoga persebaya menang lawan borneo💚,1 year ago,@mochsalamun7385,UCYIYVrEYHu2l7fnFZkYetyw,0,,https://yt3.ggpht.com/t5WKH-pzXtzK65UxUI6D7lPxXzur5-dmVfqNL25_Xq8TYPKzETFzYllieOXSOH4naVK1WnXd=s88-c-k-c0x00ffffff-no-rj,False,False,1750142183.586146
UgySsjcM1oxbeDSkGql4AaABAg,Dan di ulangi lagi saat melawan persik kediri 2025,1 year ago,@benyprisandy2664,UCruiNmi-STRTwu3i0ItQ7_A,2,,https://yt3.ggpht.com/ytc/AIdro_nw9hmtG-yYc5jV_OEYBW6sbVK1HZ6bfMmeqolpePsEPm4=s88-c-k-c0x00ffffff-no-rj,False,False,1750142183.588739
UgwPPdj47RuhabRNnmZ4AaABAg,Baru nonton official surabay 😢😢 bener2 hidup dan mati mau pulang aja 😭😭😭😭,1 year ago,@ayyhope97,UCANCMXcvtpWDSQ44HKfMV6A,1,,https://yt3.ggpht.com/U6-5zhXbXFHWCcC6Cg71Q1Bd9WmjXU8pt2cai6wXHXBHvVraj-Q86dZ8rMYhCJoAi3-IklL77A=s88-c-k-c0x00ffffff-no-rj,False,False,1750142183.591294
Ugw23mJ-dYDznVjObcl4AaABAg,Dan sekarang arema menerima karmanya😅,1 year ago,@septianaarief2187,UCqxQG06Azb_OgQDHed2Y7Fg,0,,https://yt3.ggpht.com/k4LKyTezhKYzV9Vq33EZ8hs4kSPJkHqzCn0tJcjto99sbS2l7f00vLGwLtJl8HZxrPH2KNuT9TY=s88-c-k-c0x00ffffff-no-rj,False,False,1750142183.593934
UgwuT7jrcs9QnOOO57x4AaABAg,Udah gila😢,1 year ago,@nvllsirnj9034,UCy6ghuI_1petCxKUuec4KDw,0,,https://yt3.ggpht.com/ytc/AIdro_mmi3oi8GdxpEBgOUWvKadpcpYC6gH6dan3Bb5ED6s=s88-c-k-c0x00ffffff-no-rj,False,False,1750142183.596202
Ugwk9p13S6TBgfwYO4F4AaABAg,"Rizky ridho bner2 GLOW up di JAKARTA , 

Tapi liat video ini jadi emnag udah keterlaluan fansnya Arema , yang tidak bersalah yang hanya nonton aja jadi kena meninggal .. kalau seandainya ak di situ gimana yaa 😢😢 mana punya Asma udh pasrah kayaknya",1 year ago,@lebbehamzah,UCZ0j-11rR3-PJf34e6o0LzA,3,,https://yt3.ggpht.com/T5Np1WvK0N9BA_QRKw30M1Y3KDAWpBHuWYAkkyCD3H1R0kf3BdsLbwYVTUnLcgt90sIveFEW=s88-c-k-c0x00ffffff-no-rj,False,False,1750142183.59981
Ugwq-X008C3L1mF-YWx4AaABAg,Ya Allah ga kebayang🥺,1 year ago,@ulfahnurahsanti1358,UCGKqCr8CL5wOaE6ieZvITfQ,0,,https://yt3.ggpht.com/ytc/AIdro_lsJ528gELjmgAebqV26JvFHyyy49FMjRXLulpzC1s2-wY=s88-c-k-c0x00ffffff-no-rj,False,False,1750142183.602542
Ugw5oajmlwOdhjiFy4R4AaABAg,"Kesini gara"" potongan taktik yg belum selesai videonya",1 year ago,@rivaladam5564,UCkNKMoC-bkFsc2khOsSuAUA,1,,https://yt3.ggpht.com/ytc/AIdro_mwHuS-1gXATrKmVywWAVDWn6S_c1LipdhjEwTbUnxDfg=s88-c-k-c0x00ffffff-no-rj,False,False,1750142183.605488
Ugyf1Nxl5XoqYyYn58J4AaABAg,Up,1 year ago,@KhawuloDeso,UCOQq3q18FPOS0f4uleYuZOw,0,,https://yt3.ggpht.com/ytc/AIdro_mOjCmCGC-uC0zWnvotcLg4c8cHbIkzB8lJSJCUlOgCEDc=s88-c-k-c0x00ffffff-no-rj,False,False,1750142183.608526
Ugx4RlkpWM2AL6Lgy7R4AaABAg,ngene jek nyalahne polisi,1 year ago,@kanayanaladhipa3818,UCZrQI9bVojNEM8RArid5gQw,1,,https://yt3.ggpht.com/ytc/AIdro_m_2D3e3T9dj56kKXYNRAj_F1NhPAt96JQSZq8VKw=s88-c-k-c0x00ffffff-no-rj,False,False,1750142183.611698
Ugxo_UFq62FFxLaJllt4AaABAg,"Pantes  banyak yang mati,,salah sendiri gak kondusif",1 year ago,@romirahman5835,UClCZzcq8l6sFH2k_Hy3MGhg,2,,https://yt3.ggpht.com/ytc/AIdro_moqOerNuAC2EERsuzf6HCdMf7xx8I1HdNdaDzyrKwUxSY=s88-c-k-c0x00ffffff-no-rj,False,False,1750142183.820156
UgzK9k_itS3KZPCX5HN4AaABAg,"bahkan arema gak ada permintaan maaf untuk persebaya atas kejadian ini dan ulah suporternya, semoga para keluarga korban lekas menemukan keadilannya",1 year ago,@virtualmicrowave999,UCDRxbm1Vn1uyHOnUsyO8yYA,4,,https://yt3.ggpht.com/FwZXoA4YmCsbhPC4KQFvwEkixKMJNMmbG1wi1HRbydPcuwFB3eLDrl9RqMyqUbZPYrZS7heT=s88-c-k-c0x00ffffff-no-rj,False,False,1750142183.824733
UgzPbY84Ud6TUuRGZc54AaABAg,Upppp,1 year ago,@bnssoundsytem,UCcXWAz4pZBihJOlQPaTclfw,0,,https://yt3.ggpht.com/6BW6BiFtnM89jHocXafM_bmfWUMJn7juJdprH_-PB56hy9mxq2kcaDp1Q9pLPLmzacVyA4_YeRw=s88-c-k-c0x00ffffff-no-rj,False,False,1750142183.82785
UgzfuGaB61IrAkKEqL14AaABAg,Bedes ngalam,1 year ago,@VANGROETEN,UCLokW04H-hjAPiZW53N1PEg,1,,https://yt3.ggpht.com/XaYQXa78VMpRCAojT6ZFe_u1z1U1co5906kNucSmtJabklgHFbT80kglG8HOVznVVJchlFwt=s88-c-k-c0x00ffffff-no-rj,False,False,1750142183.831284
UgykAwadnbH4jWReW_t4AaABAg,siapa yg baru nonton vidio ini☝️☝️,1 year ago,@dimasajipangestu4706,UCHC8anyIgoFsT_zFo73lW4A,4,,https://yt3.ggpht.com/ytc/AIdro_ktJyb8L5T4xbBXkjS4GfXiGZ9we_GFs58VdFN3pUTFOuA=s88-c-k-c0x00ffffff-no-rj,False,False,1750142183.834039
Ugz8alzDC4DFd9fTdXJ4AaABAg,Ini tujuan suporter nyerang itu mau membunuh gitu ta ? Terus kalau berhasil mereka dapet apa bangga ?,1 year ago,@putrimusalamah4484,UC3DvBgUeRfJyi25-Vgdho3Q,0,,https://yt3.ggpht.com/ytc/AIdro_nwPjG5Qfr9meclXZ-n_UMZhWO3BhMU3oKnq_diweLYIw4=s88-c-k-c0x00ffffff-no-rj,False,False,1750142183.836795
Ugz0xngd3RPGMakU9Yx4AaABAg,"Dengan adanya video ini masihkah mereka merasa tak bersalah dan menyalahkan polisi..sudah jelas"" mereka yang menyulut api dan mereka tak pernah belajar dari setiap kesalahannya..tolol emang",1 year ago,@AndiNorrahman,UCvMSNonjKXw9y4guQl-hgsg,1,,https://yt3.ggpht.com/ytc/AIdro_nHNmhgK4mtwlkvbYzWQNsHe7dvV4nJKisK6SmVW8O7u9Pa8T0cWxyinae9f8_eisKzEw=s88-c-k-c0x00ffffff-no-rj,False,False,1750142183.839521
Ugz4MzDHGqHYsRFLKBx4AaABAg,nice,1 year ago,@ahbabulmuhibbin03,UCAl9jZF62Rjbf50qn5cNKJA,0,,https://yt3.ggpht.com/CBCGdm54APq-Z-wA03oj2rgwLF50106_90oOWdUf_JB1J29tFJK1du1oCFrPfprJUA5wfMMo=s88-c-k-c0x00ffffff-no-rj,False,False,1750142183.842143
UgzY346gYM5Vj87-cx94AaABAg,Al fatihah buat coach bejo sugiantoro,1 year ago,@adityayudhachanel,UCdB2ggf_2KYXWq37LhOlxwQ,0,,https://yt3.ggpht.com/ytc/AIdro_khoDBYQ1mAywyLhNqjVpf0JgS78z_vFqWfsfL5UqC0Uw=s88-c-k-c0x00ffffff-no-rj,False,False,1750142183.844812
Ugw4PQNoCkEgsSM_Jo54AaABAg,1:45:11,1 year ago,@hafidzdzikri,UCDlrtT9qWaZmqxc9Ec82S0Q,1,,https://yt3.ggpht.com/fn2S-kXC372K263dImPYlVDgtMzkqMIPDgP8yyUQVOi1aNRbXVDQLGXA-9s9mVlCdGKG8fD4=s88-c-k-c0x00ffffff-no-rj,False,False,1750142183.847401
Ugygy9rFZuVzp9gY8Z94AaABAg,Saya dari 2025 setelah kejadian persik Kediri,1 year ago,@KhawuloDeso,UCOQq3q18FPOS0f4uleYuZOw,5,1,https://yt3.ggpht.com/ytc/AIdro_mOjCmCGC-uC0zWnvotcLg4c8cHbIkzB8lJSJCUlOgCEDc=s88-c-k-c0x00ffffff-no-rj,False,False,1750142183.850049
UgxjDcKOl0NOpukm0ER4AaABAg,Kenapa pintu ditutup karena itu mengarah ke ruang ganti pemain,1 year ago,@KhawuloDeso,UCOQq3q18FPOS0f4uleYuZOw,0,,https://yt3.ggpht.com/ytc/AIdro_mOjCmCGC-uC0zWnvotcLg4c8cHbIkzB8lJSJCUlOgCEDc=s88-c-k-c0x00ffffff-no-rj,False,False,1750142183.852715
UgybrAe_W-gtmmmqqmV4AaABAg,"Hmpir tragedi ke 2 kmrn pas lawan persik 
Alhamdulillah tim persik baik baik saja, untung cuman bus aja yg pecah
Dan lucunya LIB yg lempar katnya anak kecil😂😂😂",1 year ago,@FuadSandra,UCAg8mJw_xjtdXKRmGFpgI7Q,1,1,https://yt3.ggpht.com/ytc/AIdro_lRTWRoJ5Mm1J6dwSFwLZYO2tYqK3zKpN4VbdDGguTxhPP-sB_V7uVUqTAw-NzD5GCobQ=s88-c-k-c0x00ffffff-no-rj,False,False,1750142183.855281
Ugyx8HBDRX-eFnyy-m94AaABAg,Suporter Arema ga pernah dewasa wkwkwk,1 year ago,@krisnanovianto1511,UCT1PV8JoWR43dNnjEYoRYvg,2,,https://yt3.ggpht.com/jj5Nd4bJkh6-VbQeD3YRjsg1dzFUuESGW875pKcPsk3PP92P8v853WTsCBh8xwZLLrOsJLMoSM4=s88-c-k-c0x00ffffff-no-rj,False,False,1750142183.857893
UgxXeFXFOBw9iyw3Ifh4AaABAg,"blacklist Arema dari sepak bola indonesia!!! suporter kurang dewasa, mayoritas pelajar yg masih labil, klo ga bisa terima kekalahan gausah dukung tim sepak bola, gausah dukung tim olahraga, tim sendiri yg kalah nyalahin tim lawan, nyerang tim lawan, bikin rusuh, akibatnya banyak korban jiwa karna ulah mu sendiri, terima kekalahan, benahi diri, evaluasi tim dan pelatih, protes ke manajemen tim, bukan malah nyerang tim lawan. Blacklist AREMA dari sepakbola Indonesia!!!",1 year ago,@anggycaesario217,UC7MRbbAWgElBZBGtBSJ_GFg,4,1,https://yt3.ggpht.com/ytc/AIdro_lYJaFsuiWURqD7sWPk-wRUo_Rm2t_pYuMu6wYua0LnsU8=s88-c-k-c0x00ffffff-no-rj,False,False,1750142183.860638
UgwfI_GwfPu3HC_fJL94AaABAg,bal bal gk perlu se menyeramkan iki ian cah😢,1 year ago,@rizkiapriandy5666,UCONh3mVRPJDT1VmeuNUDiEA,2,,https://yt3.ggpht.com/ytc/AIdro_n5-chnNaz0xrnxaF9uTBJFGwkaHJASccqnZoDokQzplS4=s88-c-k-c0x00ffffff-no-rj,False,False,1750142183.863282
Ugz_cC3j2vaDPcBMr4d4AaABAg,KAMPUNGAN JAWA HAMA,1 year ago,@IceTutin-x8u,UCxq1fNPCiuO_XrNQR_PAIVw,0,1,https://yt3.ggpht.com/ytc/AIdro_lMF6e1YxbR__1TBCarFg7dhL9EUUBY0MQMymveJXwkDlWA7mNFLwm4F6AggfNTzLS9Sg=s88-c-k-c0x00ffffff-no-rj,False,False,1750142183.86586
UgxZala_gRorQKgnUJ14AaABAg,Kesini gara2 TikTok 🎉,1 year ago,@TorikUlul-k1z,UCakY4-JxK0WaCu5sRH-R87A,1,,https://yt3.ggpht.com/ytc/AIdro_laowbR60Lv85DaL-1gkW1CI1Ge8ed3cejEr3plrfWmaFd8UJx0FOv7bqO0B0l7qqkXLg=s88-c-k-c0x00ffffff-no-rj,False,False,1750142183.868342
UgxXvoKh_EZlx0g2yLJ4AaABAg,"Bisa2nya nyalahin polisi,padahal supporternya yg banyak tingkah",1 year ago,@alanmeidiansyah2516,UC5nAYGKgmDDFZITH7kSsg_Q,2,,https://yt3.ggpht.com/ytc/AIdro_nfWb03IAyG5GHnVFytkjnRZx8IVxQmNFm6DLKKTwk=s88-c-k-c0x00ffffff-no-rj,False,False,1750142183.870965
Ugxv_2h64VuEY6zup0d4AaABAg,klo kalah biasanya kang yg disalahin tim sendri ini kok... semenjak kejadian itu akupun warga malang udah malas nonton pertandingan arema dan beralih PBY/Persib,1 year ago,@AhmadHaikall,UCkpnyuktFgx7MAO6Ywx8BKg,0,,https://yt3.ggpht.com/-kl_pOTf-qEtFcJTJxmroOc6NKs1FzLzulMp7f_cLuznz_jnJFLkVVUGHXAH-tpAtgaUFEC7mw=s88-c-k-c0x00ffffff-no-rj,False,False,1750142183.873529
Ugygy9rFZuVzp9gY8Z94AaABAg.AIDYEkTUbNIAIFViYTLRTh,G belajar mereka,1 year ago,@incessha,UCoezTYVEJA2_qyyzPrYjqhg,0,,https://yt3.ggpht.com/TmGoljKM_DfqtylBXBRhC8I1g-d1VE7cNwrM4hPjReCg8Upm_DFeiTa9u5kicLeIBM9V5uWy=s88-c-k-c0x00ffffff-no-rj,False,True,1750142184.025105
UgybrAe_W-gtmmmqqmV4AaABAg.AIDXnL81CQHAIM74cYn6p8,Ga salah karena secara mentalitas masih anak kecil,1 year ago,@Mamanglolc1,UCAhQYqXvYdQ6a5E3yMnpicg,0,,https://yt3.ggpht.com/j-YVsslrZ5k0AnUS6DVHdtBBzO-_87-98sjiIsfvS6ZPLqH06s8P_HtcK6PhMWoal1xbD4Gf=s88-c-k-c0x00ffffff-no-rj,False,True,1750142184.164475
UgxXeFXFOBw9iyw3Ifh4AaABAg.AIDGkkMC_3dAIDeGMcslm2,Up,1 year ago,@KhawuloDeso,UCOQq3q18FPOS0f4uleYuZOw,0,,https://yt3.ggpht.com/ytc/AIdro_mOjCmCGC-uC0zWnvotcLg4c8cHbIkzB8lJSJCUlOgCEDc=s88-c-k-c0x00ffffff-no-rj,False,True,1750142184.311706
Ugz_cC3j2vaDPcBMr4d4AaABAg.AIDFci2wPcQAIJGJaEyfuz,Yang salah arema gausah bawa bawa jawa!,1 year ago,@Paijo-q9m,UCE6MI1ewsvGRaq7opWnkLeQ,1,,https://yt3.ggpht.com/ytc/AIdro_kX2z5qcmgHa12yKOqi1Ej1nDYPPv3MJGfwFc86HY4=s88-c-k-c0x00ffffff-no-rj,False,True,1750142184.450008
Ugy3y_PU5EJp2t6ud9t4AaABAg,Ini Video mahall nih keren,1 year ago,@mahendrarastrawardana5376,UCrU3nwBVqrscTCA04RxPRFQ,1,,https://yt3.ggpht.com/ytc/AIdro_lwUBGakery0NXKIXkXwBeVWc6jr2DsdL8cPHsOcUMOD10=s88-c-k-c0x00ffffff-no-rj,False,False,1750142184.684253
UgzibgDjLtAYcxsNxjt4AaABAg,Dan sampai detik ini PSSI masih sangat sayang iwan bule,1 year ago,@yogowandha6613,UCw6SVmwM0LdmZf78eAoZ0Bw,4,,https://yt3.ggpht.com/ytc/AIdro_lr6C1cMXVmc2DKw93LRV9u9lrjVIvrDtBfv4GjvuM=s88-c-k-c0x00ffffff-no-rj,False,False,1750142184.685846
Ugy2tnTpbzNL2AQ-s3Z4AaABAg,Dan laga perdana di Kanjuruhan kemarin Arema tetap tidak belajar. Bus pemain persik dilempar sampai kaca pecah.,1 year ago,@bilmorrison,UC7Vhz_3i0-ZafeekYYujDDQ,2,,https://yt3.ggpht.com/ytc/AIdro_mOXRaql0PwwNvU9VKarkOYwbythlBs_n3DmNLSkQgnAQDd=s88-c-k-c0x00ffffff-no-rj,False,False,1750142184.687458
UgxdZUQylKk4tP3K4sh4AaABAg,Dan laga perdana di Kanjuruhan kemarin Arema tetap tidak belajar. Bus pemain persik dilempar sampai kaca pecah.,1 year ago,@bilmorrison,UC7Vhz_3i0-ZafeekYYujDDQ,3,,https://yt3.ggpht.com/ytc/AIdro_mOXRaql0PwwNvU9VKarkOYwbythlBs_n3DmNLSkQgnAQDd=s88-c-k-c0x00ffffff-no-rj,False,False,1750142184.688946
Ugzi7PEMQcvsOwpMKd54AaABAg,Aremania kampungan cuk,1 year ago,@batmankarduzzz,UClHkh2lekcPc3CNMKKrGkkA,3,2,https://yt3.ggpht.com/cWZAiYpqVXowPjPUdtF0pySHBGqh1vp0UCBk3Ins6GQXi5db_IyiDI7iSNUzhpJwvUikI2zUUYI=s88-c-k-c0x00ffffff-no-rj,False,False,1750142184.690408
UgwdPl6Hl4FBFe6bzr54AaABAg,1:29:45,1 year ago (edited),@rolando8272,UC0pZhw5vwBOfkuDOknguZjA,0,,https://yt3.ggpht.com/qW-yXDa0T3Cfus-6jCHtNugrbmr5egzknh6TQgEPi_GflwlEcnqPtAANxnwE-lnCBQQtpu3H=s88-c-k-c0x00ffffff-no-rj,False,False,1750142184.691856
Ugy3ltd7WddLrfEfAwF4AaABAg,Up,1 year ago,@wahyuibrahim8725,UCbYTdzkUoLkTYdo7t9JrRlQ,0,,https://yt3.ggpht.com/ytc/AIdro_mwut6Z7ZgArtXd0YwCUh_sDMrY0qy0_z6F3oPu0PQ=s88-c-k-c0x00ffffff-no-rj,False,False,1750142184.693291
UgyE8vuQ7Y6aEkGrluh4AaABAg,yek matek'an yek,1 year ago,@raihanmasruurr,UC0x51PStnXdLiuPFjWWPwxw,0,,https://yt3.ggpht.com/8DW855wuRjqDcO54poDC9O4nvIMdUQ9HSDjwn5ST6okj0L-RxDLycBerSkEKqn7BvDkLqszIFA=s88-c-k-c0x00ffffff-no-rj,False,False,1750142184.694729
UgydFCvu6IBnuBoO6j94AaABAg,"Aremania pura² jadi korban polisi, padahal nilai sendiri di video ini",1 year ago,@devaholic8324,UCxAPfLvooroUCH6T5pmOpbQ,0,,https://yt3.ggpht.com/9jmQucIYHGXNb29W9pjWEEVC0xun7GoLUhMrJWuPl_NAIU7LBx7kOlk8WBSF1aRO4swNUd643xk=s88-c-k-c0x00ffffff-no-rj,False,False,1750142184.696153
UgwGu7kxbucezTxKhot4AaABAg,gilak ya 1 stadion niat ngebunuh pemain persebaya dan official . seharusnya di penjara semua tuh.,1 year ago,@ardydot8056,UCk1n5Wg7c-G40eQTvEgd5Fw,3,,https://yt3.ggpht.com/ytc/AIdro_nn1Wv7bp76MLfERpjuXhDMWkT64RZoQI5PLKXSJa-Ydb0=s88-c-k-c0x00ffffff-no-rj,False,False,1750142184.697578
UgyPm33IAcSE_vdTARV4AaABAg,"Sampek sepatu aja belum sempet dipake,gak pake alas kaki masuk ke mobil baracuda..😢😢😢",1 year ago,@andrimulianto2637,UCxYV5TPfKMzi3NZFTNN2JLQ,0,,https://yt3.ggpht.com/ytc/AIdro_n7HK-xgPIVNmF7VO8F4SfAXuwnI3zA0ULQAr9kpCVS2o0=s88-c-k-c0x00ffffff-no-rj,False,False,1750142184.699025
UgxvwYageIGnNCjVjMZ4AaABAg,"Anehnya Aremania merasa korban?????
Waraskah anda???",1 year ago,@TokDalang532,UCpATsx2WCbIXICfAYvWLIcg,1,,https://yt3.ggpht.com/ytc/AIdro_kOIcTa3ML__iCX2nBIn38bzJPiGmc-keigP-VSPVrrBDZs-MNU1B5OlxBkfnxQzKJY3g=s88-c-k-c0x00ffffff-no-rj,False,False,1750142184.700464
UgzZm0dJFCSDj839upl4AaABAg,suporter primitif ajg,1 year ago,@15inyomanlanangmayunardana31,UCR3EthI2yA1bcCk3WP_jewA,0,,https://yt3.ggpht.com/ytc/AIdro_l40fqQX22aBgyELIba9o30-LeuDk-6MvHkOb7xhKsL_A=s88-c-k-c0x00ffffff-no-rj,False,False,1750142184.702041
UgyjyxTmOBK2I9lXKd94AaABAg,Arema elek elek,1 year ago,@muhammadsopi8354,UCwdiXlt2xDwqk8geU2t67pA,0,,https://yt3.ggpht.com/ytc/AIdro_kAvXwKhF9W-758960a9XjLrXxvSdrZkX4XZl0vZ0CotMcCwuJe0HKveyMX8NMWQ9UFfw=s88-c-k-c0x00ffffff-no-rj,False,False,1750142184.703555
UgwBXmPRG1D1e2XUIQt4AaABAg,"udah felling sih kalau AREMANIA lah yang salah dibalik TRAGEDI tersebut dan bukan oknum polisi , kenapa ?dari kejadian ini sudah mencerminkan sendiri bahwa sanya mereka emang suporter kampung ,, logika aja tidak mungkin ada asap kalau tidak ada api,, bisa jadi dibalik tragedi KANJURUHAN lalu itu dipicu oleh SUPORTER SUPORTER mereka yang anarki dan tidak mengerti arti sepak bola sesungguhnya",1 year ago,@cambodiaxxx,UCD3dHDUwa0oM5QOXVo-KYeA,0,,https://yt3.ggpht.com/ytc/AIdro_kQWfTry85CJmswP94iJLQy1_BHAVttR5Ap-zWth8w_tii2S0SfUYjelAGOZw4CWx-vR-I=s88-c-k-c0x00ffffff-no-rj,False,False,1750142184.705095
UgyihU-9VTzV7TaHQZN4AaABAg,"Kembali ksini setelah melihat bus persik dilempari di kanjuruhan😢😢😢,miris sekali suporter arema,",1 year ago,@santisetianti4745,UC6ll7Xns53OP_ZaOnmf2Htg,0,,https://yt3.ggpht.com/RSVOdK6nx0suxUbG9E_wVqzWao7XsngT3sIOa3lAVK3pEXMbK6R_G5CtpqEzH7AivsR_e4jl8g=s88-c-k-c0x00ffffff-no-rj,False,False,1750142184.706679
Ugxb2i-SoWJ7RcCwQh14AaABAg,BEDES EDAN,1 year ago,@serabutandiary7328,UClTYSWjzJmA1YGeuqsObQjA,0,,https://yt3.ggpht.com/wd4PvJbkqaYCU_XsZFjpS55HOtd4H3iUPi8AxI5vAIheZE_YY0C9VOO3jsceOIETPB_qrP0o4Q=s88-c-k-c0x00ffffff-no-rj,False,False,1750142184.70814
UgwkSvZ1CzRodIMiue54AaABAg,Teko video iki ws nggambarno SDM e AREMAJANCOK iku RENDAH!!!!!!!,1 year ago,@YttAYee,UCD4QssCngVFWYNVNVLax9hw,0,,https://yt3.ggpht.com/82rRVVjNveXa5Nj7YnGsPvd0IzbhiF_DudPM3txxoqG51bDqpcEjhumU-r38exl_H5KAw-Z3tg=s88-c-k-c0x00ffffff-no-rj,False,False,1750142184.709558
UgxiEr-P24xB_kYbEXJ4AaABAg,"Kemaren terjadi lagi terhadap bus Kediri, bener Aremania ngga belajar t*l**l serius , bubarin sekalian 
Serius kesel!!!!!",1 year ago,@rizkisetia8075,UCqsxA1uHQk4jLN4Sxr9_KsA,0,,https://yt3.ggpht.com/ytc/AIdro_kBbM6hHbDPBe3ZjydNK74DgpQpFEHD-UKwDVpA7IHEZgM=s88-c-k-c0x00ffffff-no-rj,False,False,1750142184.710982
UgxXXxufpt4OJpGIGl94AaABAg,"Dajjal sama Israel lihat kelakuannya Aremania pasti gak percaya, mereka lebih gila dan berbahaya",1 year ago,@sulaimanalnilhmar784,UC6P3fc-pK9mjPLj8mZERTSg,0,,https://yt3.ggpht.com/ytc/AIdro_nmeuLVbCPzKwtf_h9XutgMxY7M38ReVxaagDR0FQjSTeI=s88-c-k-c0x00ffffff-no-rj,False,False,1750142184.71251
Ugzi7PEMQcvsOwpMKd54AaABAg.AICDrbU-4ZdAICbl6CZ16J,Kon iku sing kampungan,1 year ago,@batmankarduzzz,UClHkh2lekcPc3CNMKKrGkkA,0,,https://yt3.ggpht.com/cWZAiYpqVXowPjPUdtF0pySHBGqh1vp0UCBk3Ins6GQXi5db_IyiDI7iSNUzhpJwvUikI2zUUYI=s88-c-k-c0x00ffffff-no-rj,False,True,1750142184.855836
Ugzi7PEMQcvsOwpMKd54AaABAg.AICDrbU-4ZdAICbm3jdtYj,Lah kon jok melu2,1 year ago,@batmankarduzzz,UClHkh2lekcPc3CNMKKrGkkA,0,,https://yt3.ggpht.com/cWZAiYpqVXowPjPUdtF0pySHBGqh1vp0UCBk3Ins6GQXi5db_IyiDI7iSNUzhpJwvUikI2zUUYI=s88-c-k-c0x00ffffff-no-rj,False,True,1750142184.857409
UgyyK0QULte2CrrEUhF4AaABAg,Up,1 year ago,@DikySAudy,UCUb04pwEb4LAEStvX96yAPw,0,,https://yt3.ggpht.com/sIqt9LuK95bK-tEvAbPspjVKnckKL_2nTH_Kg9GRphhRoJdRdxSacWofh1C8es6EvyhKwoPdtg=s88-c-k-c0x00ffffff-no-rj,False,False,1750142185.054
UgztmCKyv6ltOVjRtXx4AaABAg,Up,1 year ago,@DikySAudy,UCUb04pwEb4LAEStvX96yAPw,0,,https://yt3.ggpht.com/sIqt9LuK95bK-tEvAbPspjVKnckKL_2nTH_Kg9GRphhRoJdRdxSacWofh1C8es6EvyhKwoPdtg=s88-c-k-c0x00ffffff-no-rj,False,False,1750142185.055657
UgwJWclQz3R5mj62_9V4AaABAg,Ternyata kedewasan itu terliat ketika team kebanggannya kalah,1 year ago,@wahidcandrairawan2505,UCq33W4l2SSIffmVVkLAqhJA,0,,https://yt3.ggpht.com/ytc/AIdro_mZmdGY0eVdZNtGaXf9pGuqDRHuxmsKUQjuLCaQ9GV-vHm9=s88-c-k-c0x00ffffff-no-rj,False,False,1750142185.057179
UgzJGNlLlkGhDq0CFe94AaABAg,"VIDIONYA MUNCUL LAGI GARA"" TRAGEDI KANJURUHAN SEASON 2 KMARIN",1 year ago,@DikySAudy,UCUb04pwEb4LAEStvX96yAPw,0,,https://yt3.ggpht.com/sIqt9LuK95bK-tEvAbPspjVKnckKL_2nTH_Kg9GRphhRoJdRdxSacWofh1C8es6EvyhKwoPdtg=s88-c-k-c0x00ffffff-no-rj,False,False,1750142185.058703
Ugyt2jtv2b5iGkf1pNx4AaABAg,Mereka bukan lg berupaya untuk melukai. tp sudah berupaya untuk membunuh,1 year ago,@reezaashari09,UCQfWJvgZQ8t3XW4l2oL9zFQ,0,,https://yt3.ggpht.com/A1QxAERKwQ0zj5YxSxsglJo8M6qJ7xg5jN0fBQH0s1P2dWoFhYGPfo1sNog5jfy-KyN5JbhM=s88-c-k-c0x00ffffff-no-rj,False,False,1750142185.060609
UgwnufTKy4xdukMYWbN4AaABAg,Next psby vs arema harus bawa kendaraan tank sih,1 year ago,@IlhammaulanaSakti,UCuxCreOCxRQRyYnzFm-4Q8w,0,,https://yt3.ggpht.com/ytc/AIdro_lwipGrMtw03q9rRS3u-wAHkA12LD8UeCn7-UUk93gUoG_7iN7OhFsK3V58eudoVYMMPA=s88-c-k-c0x00ffffff-no-rj,False,False,1750142185.062277
UgxEiCnd9Kyi8vt2jM54AaABAg,"Lihat ini , tidak ada suporter lain",1 year ago,@Nanana-q6p,UCNl_WqzwrGrVVRB__Q7LzVA,0,,https://yt3.ggpht.com/ofCyETlhRRig84Wo4rv8iwdvfdTwimFeuDPehaUNkT5iSM7S-Bf7mbyXGF-ASPZRW7TKgThXlg=s88-c-k-c0x00ffffff-no-rj,False,False,1750142185.063845
UgxLO4WiKeQOHCKIOuR4AaABAg,Aremania gblk . bedes degradasi liga 4 seharuse,1 year ago,@huseinagata6930,UCJwZ867FO2CsyaE1RgbZs1A,0,,https://yt3.ggpht.com/zhCm5TdoIrJAiwdTHjTKOdI5prIGMiBrdoEsex0i07H_l7anVwEF_GZBV_MbimTz0ApNA6-gBmc=s88-c-k-c0x00ffffff-no-rj,False,False,1750142185.065296
UgxOkDk1FfD2-6TRgoZ4AaABAg,"Setelah lebih dari 2 tahun saya menonton lagi karena ada pelemparan bis tim persik kediri 
Seharusnya tim dan supporter ini dihukum sejak 2022 karena tragedi ini seharusnya",1 year ago,@nevidm9246,UCZfb50x76rYVfQG3NB29uNw,1,,https://yt3.ggpht.com/ytc/AIdro_n5ItRSzJp_WoBIAQG7E5RsHxLZSJ0zJd4NStDm7JnpAg=s88-c-k-c0x00ffffff-no-rj,False,False,1750142185.066746
Ugw7q8YcA7YKuT_saSN4AaABAg,Dan sekarang aremani mengulang kembali,1 year ago,@indraary9240,UCCu4kIDOkMDha57-PH3Q4WA,0,,https://yt3.ggpht.com/rkOYcDhn_5FsPCp3MHRiVBw8pCBYPfTUtuwBRaLZiosFwjxCAD1ynbgVoVTkKs8jyVLQeRAsrg=s88-c-k-c0x00ffffff-no-rj,False,False,1750142185.068219
UgyOmpXalAADY9UTPtd4AaABAg,yang salah yo aremania iku ncen haamaaa,1 year ago,@Top2an,UCZJTghxp_yLGmQ83R8-Zbqw,1,,https://yt3.ggpht.com/--N8l3nymmVfTLHqg-qaomJ_1e4qFvhLTqIkDcRnrMtvu8vjFyD-IWscnkTLwAMLdY0WmP3w=s88-c-k-c0x00ffffff-no-rj,False,False,1750142185.069653
UgyXmarhsrOyZrbuMiJ4AaABAg,Sebenarnya pelaku nya itu suporter arema,1 year ago,@LEONARDDAVID741,UCxW7297dARFod5-GwUbtdNw,0,,https://yt3.ggpht.com/Sj21JzLHelLfQKDklrvfEf_tA3z_q0pyS8aTr6vRGlWOXf5IDLARfh6maVJX5pBJZ_A6cx8yhw=s88-c-k-c0x00ffffff-no-rj,False,False,1750142185.071057
UgzpYC8odh7fy1tf29l4AaABAg,"Wkwkwk terbukti kan setelah sekian lama lebih dr 20 tahun sya ga bgtu simpati sma kelompok suporter Malang. Tnpa mengurangi rasa duka sya, emg pantes ini tim dn suporternya d hina sma org pdhal org Malang d luar konteks sepak bola sbnernya baik"" cma golongan kumpulan sampah ini bikin rese jd permusuhan blm lg anomali yg namanya Yuli Sumpil ini d puja"" sm simpatisannya",1 year ago,@Justin_Bijlow,UCDV4y1Pnsh0KMJJ4KWBHXuw,1,,https://yt3.ggpht.com/ALp_mFACpfSWldeFz2bN1XyZ6Lhyb4WoKxqECbNMdSR2IYTqZyR_Y5SKlQdfgBoFCkswK6nz=s88-c-k-c0x00ffffff-no-rj,False,False,1750142185.072554
UgylBetPOVaEp2CVCGd4AaABAg,@NAJWA SIHAB AFK 😂😂😂,1 year ago,@ekapujantiproject,UC21rC9NlcoCcwGec3jLw4_w,0,,https://yt3.ggpht.com/ytc/AIdro_nt79AzpmcT2-Aww1mL__AC_9syeIk9XNxwrurCn3PNqg=s88-c-k-c0x00ffffff-no-rj,False,False,1750142185.074119
UgwUcF8XnhwTLM5sEOt4AaABAg,Dan nyatanya dari kejadian ini mereka tidak belajar😢,1 year ago,@myaldyatana_7662,UCauC5CSxalR3xpCVGDgwxeA,11,1,https://yt3.ggpht.com/ytc/AIdro_nIWwz2DLYL0_6YQxZri2TZr6dru08szwbCVZ6cqFg=s88-c-k-c0x00ffffff-no-rj,False,False,1750142185.075537
UgyavG9p7GGxxYkYnhh4AaABAg,Biadab,1 year ago,@thangkazcx6773,UCV3e4xRxYOR1NVVMR_t0dig,1,,https://yt3.ggpht.com/ytc/AIdro_mwjpX80ORfo_oOGp0oph1K8g7032xy6__LqwYKg8PrPQ=s88-c-k-c0x00ffffff-no-rj,False,False,1750142185.076966
UgxMDl6MXWl8F8UjsKJ4AaABAg,Tarah sampah kok arem2 ki,1 year ago,@anangwahyudi_83,UC7jqNJzhzxgS0T5bSz4nC8Q,0,,https://yt3.ggpht.com/ytc/AIdro_ljx5un6jyuXVOsbXgH3kXpOOgoCfSivpLnoXo4d-0dpKw=s88-c-k-c0x00ffffff-no-rj,False,False,1750142185.078476
UgzAmW2lv2LEOQHKxOB4AaABAg,"Sayang dulur persib pas pelatihnya abis bocor kena lemparan mrk, malah mau di ajak seduluran sambil caci maki saudara surabayanya",1 year ago,@abdiandika9062,UChjp3dOYOsBiqBL-a7O0Tjw,3,,https://yt3.ggpht.com/ytc/AIdro_kmxkbwq8wFWBhyqnl5RSv-423OCt5tD1qu6spN-T_Wtg=s88-c-k-c0x00ffffff-no-rj,False,False,1750142185.079965
UgxgQfcdJabUgllm7hx4AaABAg,AREMA KERA BOSS,1 year ago,@Gilabolaz,UC05hou2Dyak8AqP7j7V0Jbg,0,,https://yt3.ggpht.com/HDVWY6waHZ6RfXSzypfIDBxG8CY_pHQypniPYtR4IlZilUvP3U4Q2u8tlC1_ECR3xSzA9nrOtYg=s88-c-k-c0x00ffffff-no-rj,False,False,1750142185.081414
UgwZa2VAhQ-_su0chdx4AaABAg,Aremania ga mau liat ini lagi ta setelah kejadian bus persik yang di lempar 😢,1 year ago,@maftuchalif8001,UCqugn5iy3f5UI-tsDg_i-1g,2,,https://yt3.ggpht.com/ytc/AIdro_nE42K_dX2pfUfXuSJzvTfUyQdw9Pfycr8dVhCJ3ypgwfs=s88-c-k-c0x00ffffff-no-rj,False,False,1750142185.082858
UgwUcF8XnhwTLM5sEOt4AaABAg.AI6dcVtmtZrASdYc06qbbI,"kejadian di kediri jauh sebelum ini aja belum belajar apapun, memang sdmnya minum alkohol sebelum nonton",4 months ago,@youttthhhh,UCpTxdVpI4vUYQl5gxaE69JQ,0,,https://yt3.ggpht.com/-n83jSavG_6j1LrC3Nz0GcnS1s_rmkdVXEMdTqm942kjti5Ni6reD2khgmYYqJsUOPI_t14A=s88-c-k-c0x00ffffff-no-rj,False,True,1771310185.237007
UgynYcGJXT61BXN7hRh4AaABAg,up,1 year ago,@OswasaMahasura,UCr2UUgEv8WTEe2ECqulgWTw,0,,https://yt3.ggpht.com/VbH4easMmYJ2T9Wc_rSA2TPQ5oXcmdkIxXeK1crIUy5gl9L3QjaHpg0GFFYTkPbfz98DXUR_=s88-c-k-c0x00ffffff-no-rj,False,False,1750142185.434901
UgyJwIXBuWF6t0KoKsN4AaABAg,Bubarkan AREMA,1 year ago,@kadekranita1609,UCDY_j_yetIPUi5rq8SslQcw,0,,https://yt3.ggpht.com/ytc/AIdro_lZd3IV7nI5_r78xBsGqdeDUSf6ZKDy1utzm1ofOugkvJaNztTT_zrN-CFCRviw34O3NA=s88-c-k-c0x00ffffff-no-rj,False,False,1750142185.43648
Ugy9VKVvfTjX-eTJkvp4AaABAg,Datang dari 2025 dan yg katanya “oknum supporter” mereka ternyata ya masih sama aja tantrum kalo kalah. Dengan lemparin batu ke official bus persik. Puancetttt wes ga belajar dan ga berubah belas.,1 year ago,@galuhratwitaningrum,UCO_CJwV3gqVpmgzjxRj0wVw,4,,https://yt3.ggpht.com/ytc/AIdro_kl6f4plFe41hq_CKVdJ6IkZmz5BFMmq5SMZtimmPTbJdY=s88-c-k-c0x00ffffff-no-rj,False,False,1750142185.437983
UgzyGK2Un2TBxZSZwP94AaABAg,Parahh sih dah kaya perang jaman belanda,1 year ago,@dikiaprianto8695,UCEBuWyBgOyg91VE5fXZSrRw,0,,https://yt3.ggpht.com/ytc/AIdro_nQI4Kq0aFphmn2yDWBPQDg_Eaw5ScEbjglH_9JgdS9Ino=s88-c-k-c0x00ffffff-no-rj,False,False,1750142185.439474
UgzqcEOrvbwXIvP8OBV4AaABAg,Dan mereka tidak pernah belajar,1 year ago,@tukiklampet,UCQfbVtn49qbQZn_3KqlVAnQ,1,,https://yt3.ggpht.com/ytc/AIdro_kq6YXb49jimZm2YludLYcB7k8cNgTm_4PC3ukkjBS36lsG88gBf4yVReewSB8_5Sc-1A=s88-c-k-c0x00ffffff-no-rj,False,False,1750142185.440982
UgxBLrscNEgirmmV8P54AaABAg,up,1 year ago,@Cakksum,UCXXhtTBRoPjVF604pu4fNcA,1,,https://yt3.ggpht.com/WSlPC--09GeoVXYTkgxrgBItYGSXFiXkjpJizas2Us7JBgIwI3C5ZtAMXiV05kjqvsax1YLr7Q=s88-c-k-c0x00ffffff-no-rj,False,False,1750142185.442429
Ugwa3mvXrsLoEte8kJN4AaABAg,ngene kok salah o polisi,1 year ago,@MASDIK10,UCQvvIdkTJP839gPR4Cuamcw,3,,https://yt3.ggpht.com/tldVPv7payWObaifPjk_1mdrzxhZGBCJ02w1WVZJhPThnbTcV9imFO4jP1DEzB92dbdHIyH5dw=s88-c-k-c0x00ffffff-no-rj,False,False,1750142185.445092
Ugwcx3qkHNz5u_3RO_p4AaABAg,Up,1 year ago,@faridismawanto1976,UCE9Erb7HpklZsCGRJtV-3Eg,2,,https://yt3.ggpht.com/ytc/AIdro_nBv-R_-skQwmpgJ1NlV6w-H3FWIS5Oxe0LTwXIFHyNq90=s88-c-k-c0x00ffffff-no-rj,False,False,1750142185.446764
Ugzv52aiUwEnDED66Pd4AaABAg,kelakuan aremania sekarang berulang kembali dgn merusak bus pemain persik kediri suporter bodoh ga ada otak banned ae aremania,1 year ago,@dianadwiwulandari3443,UCIhTfL0umEwOUqa81p74C1A,4,,https://yt3.ggpht.com/ytc/AIdro_nlbLfGU0W0ypFlKhIAfQuyTimc04eapCaZ5flER0wIkg=s88-c-k-c0x00ffffff-no-rj,False,False,1750142185.448363
UgysnEo8pppi054UK2x4AaABAg,"Mampir sini habis arema vs persik. Emang Arema supporternya primitif. Kalah dikit langsung ngamuk. Bus persik sampai dilempari batu. Mereka bener"" gak belajar dari Tragedi Kanjuruhan :)",1 year ago,@ridwanmuhammady,UCtVNl1WlqNDvH275KAPyzKg,6,,https://yt3.ggpht.com/ytc/AIdro_k_QCp1zPViS_wLjKJ9_Kuep4dJaZPp3W0BjI60jYODRWX_=s88-c-k-c0x00ffffff-no-rj,False,False,1750142185.449892
UgyQAr-MPp9nayLVjIJ4AaABAg,Up,1 year ago,@wahyuibrahim8725,UCbYTdzkUoLkTYdo7t9JrRlQ,1,,https://yt3.ggpht.com/ytc/AIdro_mwut6Z7ZgArtXd0YwCUh_sDMrY0qy0_z6F3oPu0PQ=s88-c-k-c0x00ffffff-no-rj,False,False,1750142185.451355
UgwerZ_pd-zsJ5PNgQZ4AaABAg,Saya bru nonton . Anehnya arema masi di liga 1 sekarang,1 year ago,@an666ara,UCjZpG1IO0-hIRwr-DfAL-Lw,4,,https://yt3.ggpht.com/ytc/AIdro_mxIxgwNJNJ3orBHvpfnvNNq0V7qfF1pIW4p_kgsijc8MqFCxJiW_5VgEl7JcELOv7DGQ=s88-c-k-c0x00ffffff-no-rj,False,False,1750142185.45287
UgzF7_nQOKBejEVX7Mh4AaABAg,salah satu kasus percobaan pembunuhan kepada pemain sepakbola yang terabadikan,1 year ago,@corelis666,UCU-LyjoOWBaQvQDp92ljhwQ,33,1,https://yt3.ggpht.com/WZ-QNXmjM_5Bh8CTFRVdCxJbU4m6w3DErxSgOD-iPa-QWkb-Mmj5ewx0A0UWcU8r-e5NPXCnB84=s88-c-k-c0x00ffffff-no-rj,False,False,1750142185.454478
UgzACwsuwL0XCjNyzal4AaABAg,saya baru saja menonton full video 2tahun ini.. dan saya benar benar minta maaf pada prasangka buruk kami kami pada POLISI pengamanan tragedi Kanjuruhan Dan mengharapkan serta memohon pada PSSI untuk MEMBUBARKAN AREMA SEKARANG,1 year ago,@laanyaalaadoolaalaa4671,UCCTKth55XeklhH7ajWNluZw,95,25,https://yt3.ggpht.com/ytc/AIdro_mXYR458dVuDQ9e4F3oQqXqbJ3Ka_xqILzphRKnoX8=s88-c-k-c0x00ffffff-no-rj,False,False,1750142185.456
UgwtmkcU8VcUlbsETH54AaABAg,Yoh up,1 year ago,@maswahyu9041,UCU93Nfn0CgbFQi5QVv8X0dQ,1,,https://yt3.ggpht.com/ytc/AIdro_lshh-A6SOskvbNdnW1RMliG5Lp-gqPH7i_7wLPySI=s88-c-k-c0x00ffffff-no-rj,False,False,1750142185.457439
UgzyvmoPuIdI8Rw-yWR4AaABAg,Dan di ulang lagi ke bus persik kediri,1 year ago,@danangkurniawan8771,UCGkCygNj0e2kWS7A_hV8gFg,10,1,https://yt3.ggpht.com/ytc/AIdro_kowk2ypk6f8PuPzGYq1jIClcmY6gQyBjkFgAxZmRI=s88-c-k-c0x00ffffff-no-rj,False,False,1750142185.458987
Ugwm9RE0vL7GB4G1QkJ4AaABAg,Up,1 year ago,@wahyuibrahim8725,UCbYTdzkUoLkTYdo7t9JrRlQ,0,,https://yt3.ggpht.com/ytc/AIdro_mwut6Z7ZgArtXd0YwCUh_sDMrY0qy0_z6F3oPu0PQ=s88-c-k-c0x00ffffff-no-rj,False,False,1750142185.460438
UgxJnApbDKFhrJS04B94AaABAg,Up,1 year ago,@wahyuibrahim8725,UCbYTdzkUoLkTYdo7t9JrRlQ,0,,https://yt3.ggpht.com/ytc/AIdro_mwut6Z7ZgArtXd0YwCUh_sDMrY0qy0_z6F3oPu0PQ=s88-c-k-c0x00ffffff-no-rj,False,False,1750142185.461921
UgxBp3X9keIiHrp0_yJ4AaABAg,Up,1 year ago,@alfin026gaming3,UC32DlmnMz2Ky_NRpE7enQEQ,0,,https://yt3.ggpht.com/ytc/AIdro_kSE_W2CWK5sb5wU-XDx8Ridy0V2F_00PdK49QA9GV1VPQ=s88-c-k-c0x00ffffff-no-rj,False,False,1750142185.463364
Ugza9A377z6kJFv_kk14AaABAg,Up,1 year ago,@alfin026gaming3,UC32DlmnMz2Ky_NRpE7enQEQ,0,,https://yt3.ggpht.com/ytc/AIdro_kSE_W2CWK5sb5wU-XDx8Ridy0V2F_00PdK49QA9GV1VPQ=s88-c-k-c0x00ffffff-no-rj,False,False,1750142185.464814
UgzF7_nQOKBejEVX7Mh4AaABAg.AI1MgagZzI0AVZ3y-URCyj,59:38 di saat yg sama di universe yg lain sedang ada pembantaian,2 months ago,@vinsmoke-z4b,UCRyEETFDtz3fY6iJQElcLFg,1,,https://yt3.ggpht.com/uU5kzZdGSzfW5QaRSijjDVmmxGjGFWFpPsY7NN6yErjizh6RSpFPZCQGkkp1GFfS7tR0SaqcZ0M=s88-c-k-c0x00ffffff-no-rj,False,True,1776407785.608327
UgzACwsuwL0XCjNyzal4AaABAg.AI1JVHzL2tsAIFIZXHO-jv,"Bayangin aja bang ga ada polisi yang ngawal, mungkin kita ga bisa liat mas ridho di timnas😭😭",1 year ago,@Ketombelaut27,UCPfNiYNlPKVFkBYAltXswaQ,7,,https://yt3.ggpht.com/4wR0rwJ14d_5V79wFhzuEhn7Pqmy18vAaWMWnFMewdNtgEaaMfalY6UUG4mu8mUCIzxIJdIw8g=s88-c-k-c0x00ffffff-no-rj,False,True,1750142185.778012
UgzACwsuwL0XCjNyzal4AaABAg.AI1JVHzL2tsAJIfVM3BKnq,"Gak ngaruh,,,Emangnya kalau ada ridho timnas bisa juara piala dunia kah,​ @Ketombelaut27 ",1 year ago,@Sumanto_43,UC54VxJU8cN8Kc0XpX86vTbw,0,,https://yt3.ggpht.com/TZmN2eIcCS5o7CgQWqkH_UwDhLv3r3u_tp5MZmwRpt1GviEQq-IZxe23fF0-IQVHN7jP5BBx8fA=s88-c-k-c0x00ffffff-no-rj,False,True,1750142185.779782
UgzACwsuwL0XCjNyzal4AaABAg.AI1JVHzL2tsAICvZNGZ4gu,ke Malang udah lihat wisata² sama kuliner aja,1 year ago,@AhmadHaikall,UCkpnyuktFgx7MAO6Ywx8BKg,0,,https://yt3.ggpht.com/-kl_pOTf-qEtFcJTJxmroOc6NKs1FzLzulMp7f_cLuznz_jnJFLkVVUGHXAH-tpAtgaUFEC7mw=s88-c-k-c0x00ffffff-no-rj,False,True,1750142185.781338
UgzACwsuwL0XCjNyzal4AaABAg.AI1JVHzL2tsAU2SiPhGz7Z,"Polisi neng njero stadion ki yo salah, aremania opo maneh. Seng dadi tameng yo gur brimob neng njobo stadion ngawal pemain beserta official persebaya, harus e tembakan gas air mata khusus buat supporter aremania seng anarkis ndek njobo. Aremania yo ojo playing victim nyalahno aparat, aparat yo keos ndek njobo. Intine ojo merasa paling tersakiti koreksi yaopo polah e aremania. Wes ojo nyalahno sepihak pokok SALAH KABEH, seng pahlawan gur aparat seng neng njobo wes ngelindungi aset negara",3 months ago,@candraega-m7t,UCbQ_oBbsAcUwlHtQmdaQniQ,0,,https://yt3.ggpht.com/ytc/AIdro_lChINaMGzuGgYEdxh2b3CDLHVRP0vOCNdungwimTXwMXnLgD61gOFh7OyoNaPYCYhBMA=s88-c-k-c0x00ffffff-no-rj,False,True,1773729385.783979
UgzACwsuwL0XCjNyzal4AaABAg.AI1JVHzL2tsAIBVuS-5zvS,"Lebih tepatnya nih ya mas, sangat menyayangkan pelemparan gas air mata yg uda kadaluwarsa ke tribun. Kenapa tidak menunggu redam emosi Aremania, dan seharusnya narasi berita diluaran sana jangan dipukul rata polisi. Karena polisi yg di luar stadion sangat menjadi pahlawan untuk pemain-pelatih-official Persebaya. Aremania vs polisi itu salah , seharusnya aremania vs polisi yang di dalam stadion. Al-fatihah untuk para korban tragedi Kanjuruhan😭🙏🏻",1 year ago,@apasihkepo563,UChcaqlv1956JQRQkainaUsA,5,,https://yt3.ggpht.com/ytc/AIdro_l-AWNvzbFdYIpitBDGdd8W_-dDbCoBtbjvzH7PMDQ=s88-c-k-c0x00ffffff-no-rj,False,True,1750142185.785467
UgzACwsuwL0XCjNyzal4AaABAg.AI1JVHzL2tsAIH2EEs_jMo,​ @apasihkepo563  menunggu sampai redam atau menunggu sampai team dan official Persebata sampai abis bang?? Gila aja kek gtu nunggu tenang siapa yang bs tenang?,1 year ago,@farrichalamsyah1321,UCwm2jet2KOXq_g9AuhElgbw,3,,https://yt3.ggpht.com/ytc/AIdro_l1LxuNeo6ZdHiqdi7YGAYQs2-3t0XFI9U4DzZVijOdwA=s88-c-k-c0x00ffffff-no-rj,False,True,1750142185.786964
UgzACwsuwL0XCjNyzal4AaABAg.AI1JVHzL2tsAWLmaE8ZJni,​ @apasihkepo563 haruse sampeyan melu diwawancara cek gak yapping tok,1 month ago,@NurilHuda-r3v,UCgS-tPzf31-ZHFkVDSsJYtA,1,,https://yt3.ggpht.com/ytc/AIdro_nfsRMcdQ-VFoiGqSem9tOD6dD-rK6_7_L87-oT8m-LZ9_Zz1QPLPwPCuXy3MEW6JluRA=s88-c-k-c0x00ffffff-no-rj,False,True,1778999785.789459
UgzACwsuwL0XCjNyzal4AaABAg.AI1JVHzL2tsAJQGPCllRUk,​ @apasihkepo563 ilang duluan polisi sama tim official Persebaya,1 year ago,@Ryann14-k8v,UCWQAGzuQXXMZT0h3KAQFwkA,1,,https://yt3.ggpht.com/ZOBn1TDRwVGZNBLmg1qFPxpuY88GI0uFCSmaHj79HwmNfldFD1D4Ilp22aSR1J-keX1m6-Jc=s88-c-k-c0x00ffffff-no-rj,False,True,1750142185.790965
UgzyvmoPuIdI8Rw-yWR4AaABAg.AI0otFdSuEUANc-GbQAgi1,"Tp hebat nya GK kenak sanksi dan stadion nya di renov 😂😂
Kocak emang",8 months ago,@DewiChumairoh-o9o,UCyRaPDHqgATmVJX85Xz8yaA,0,,https://yt3.ggpht.com/ytc/AIdro_n4wJ1o745a8pX0WITv50Uujw4uXvzulMVIepHG4zeFQ8-oJCV9hJ7hsVaXbntXvYzOwA=s88-c-k-c0x00ffffff-no-rj,False,True,1760682985.933688
UgyTHh51XWNN87PJvoh4AaABAg,Up,1 year ago,@alfin026gaming3,UC32DlmnMz2Ky_NRpE7enQEQ,0,,https://yt3.ggpht.com/ytc/AIdro_kSE_W2CWK5sb5wU-XDx8Ridy0V2F_00PdK49QA9GV1VPQ=s88-c-k-c0x00ffffff-no-rj,False,False,1750142186.153616
Ugw_tDYl9FIrE4eqmtp4AaABAg,up,1 year ago,@hayolo89,UCGdRcWHkCeVX_ZhzjeP5cNw,0,,https://yt3.ggpht.com/pNXLvc4Fo-fnnSS0KYF0r1H3u3xOkQte5ILIA7KIb13DS_izDbdS8-iHMfHDWFiz7s7-JQnBuBg=s88-c-k-c0x00ffffff-no-rj,False,False,1750142186.155475
UgyJWjXxn9rOsPyQTRV4AaABAg,up,1 year ago,@hayolo89,UCGdRcWHkCeVX_ZhzjeP5cNw,0,,https://yt3.ggpht.com/pNXLvc4Fo-fnnSS0KYF0r1H3u3xOkQte5ILIA7KIb13DS_izDbdS8-iHMfHDWFiz7s7-JQnBuBg=s88-c-k-c0x00ffffff-no-rj,False,False,1750142186.157107
Ugx_UUn3nq595tdehRB4AaABAg,up,1 year ago,@hayolo89,UCGdRcWHkCeVX_ZhzjeP5cNw,0,,https://yt3.ggpht.com/pNXLvc4Fo-fnnSS0KYF0r1H3u3xOkQte5ILIA7KIb13DS_izDbdS8-iHMfHDWFiz7s7-JQnBuBg=s88-c-k-c0x00ffffff-no-rj,False,False,1750142186.158645
UgzOOdchzJ8t43rZxDp4AaABAg,up,1 year ago,@reyhanvariansyah,UCF0LoirZt8udrYUn_jX6qzw,0,,https://yt3.ggpht.com/SYjj8tEjduNZzSMSqxghGdZNzH2_qWQja8K2czXugeu3LhDd9IkeC_MZ5p7-80R5y7tW7ARrng=s88-c-k-c0x00ffffff-no-rj,False,False,1750142186.16012
UgwKdzcKqY-TSTVp8jZ4AaABAg,Up,1 year ago,@wahyuibrahim8725,UCbYTdzkUoLkTYdo7t9JrRlQ,0,,https://yt3.ggpht.com/ytc/AIdro_mwut6Z7ZgArtXd0YwCUh_sDMrY0qy0_z6F3oPu0PQ=s88-c-k-c0x00ffffff-no-rj,False,False,1750142186.161575
UgykFp3lVccHD0TJRc14AaABAg,Up,1 year ago,@wahyuibrahim8725,UCbYTdzkUoLkTYdo7t9JrRlQ,0,,https://yt3.ggpht.com/ytc/AIdro_mwut6Z7ZgArtXd0YwCUh_sDMrY0qy0_z6F3oPu0PQ=s88-c-k-c0x00ffffff-no-rj,False,False,1750142186.163697
UgwCuG40LsqTN8MIuz14AaABAg,Up,1 year ago,@wahyuibrahim8725,UCbYTdzkUoLkTYdo7t9JrRlQ,0,,https://yt3.ggpht.com/ytc/AIdro_mwut6Z7ZgArtXd0YwCUh_sDMrY0qy0_z6F3oPu0PQ=s88-c-k-c0x00ffffff-no-rj,False,False,1750142186.166272
UgzyI3O_Q6qMTUK93eN4AaABAg,Up,1 year ago,@wahyuibrahim8725,UCbYTdzkUoLkTYdo7t9JrRlQ,0,,https://yt3.ggpht.com/ytc/AIdro_mwut6Z7ZgArtXd0YwCUh_sDMrY0qy0_z6F3oPu0PQ=s88-c-k-c0x00ffffff-no-rj,False,False,1750142186.168877
UgzdryQmVQFc8eeduV94AaABAg,11 mei 2025 terjadi lagi.,1 year ago,@zvjkehvhanncl2144,UC0o9HNcUNFBF6uDf6jqaWKQ,2,,https://yt3.ggpht.com/QyEkDbzzKduN30CgnkN-sl6xcdDCIeFPWUJH-2gW2ZTYvZ6SS4PYJKV89zqN7gX_hMzitOSh=s88-c-k-c0x00ffffff-no-rj,False,False,1750142186.171783
Ugwwe0m8ig5-MKQY2ON4AaABAg,up,1 year ago,@aristyo4113,UC2-DlKOHfh7RTGYJCqFiotQ,0,,https://yt3.ggpht.com/ytc/AIdro_mdraRvtsV7TrcgRRHdsLXJvpS8Uj_E1Vt05uArdqaJOb_-NkpcjOwq2BAVlmg5I3L81w=s88-c-k-c0x00ffffff-no-rj,False,False,1750142186.174314
UgxB7IT709r7LfC-djl4AaABAg,Dan terjadi lagi,1 year ago,@Nelganputra,UCtW6HYjGLvT57hKHawo1qng,1,,https://yt3.ggpht.com/IyCORr96CCsOn-Lw4rHpQkoKmGFhiekAFJsQHNTurpHbTqvsUJexF9GJMZwJ5yLQ5WRl00QfCg=s88-c-k-c0x00ffffff-no-rj,False,False,1750142186.17682
UgzO1jsDscpKLFx8IPN4AaABAg,UP,1 year ago,@VillaBeest,UCU7t3YHmAOIeEdyO9jda8IQ,0,,https://yt3.ggpht.com/ZiO6BoDplXx_ocVzSoip1lcXSWtEEBzJ_cX5byhuFx2WNzolu6cCzdEcevwBuellD_Y9VFbl=s88-c-k-c0x00ffffff-no-rj,False,False,1750142186.179356
UgwnUUCzW1DOAYxyj7F4AaABAg,Up,1 year ago,@wahyuibrahim8725,UCbYTdzkUoLkTYdo7t9JrRlQ,0,,https://yt3.ggpht.com/ytc/AIdro_mwut6Z7ZgArtXd0YwCUh_sDMrY0qy0_z6F3oPu0PQ=s88-c-k-c0x00ffffff-no-rj,False,False,1750142186.182085
UgygoYevVR6eIwyGr6l4AaABAg,Up,1 year ago,@wahyuibrahim8725,UCbYTdzkUoLkTYdo7t9JrRlQ,0,,https://yt3.ggpht.com/ytc/AIdro_mwut6Z7ZgArtXd0YwCUh_sDMrY0qy0_z6F3oPu0PQ=s88-c-k-c0x00ffffff-no-rj,False,False,1750142186.18466
UgyvWhpIh4D3x4jSXzt4AaABAg,Up,1 year ago,@wahyuibrahim8725,UCbYTdzkUoLkTYdo7t9JrRlQ,0,,https://yt3.ggpht.com/ytc/AIdro_mwut6Z7ZgArtXd0YwCUh_sDMrY0qy0_z6F3oPu0PQ=s88-c-k-c0x00ffffff-no-rj,False,False,1750142186.18729
Ugwlqf-qjD3msDoUzXB4AaABAg,USUT TUNTAS TENTANG PENYERANGAN DAN PERCOBAAN PEMBUNUHAN YG COBA DI LAKUKAN KE PEMAIN DAN TIM OFFICIAL PERSEBAYA !!!,1 year ago,@DavaYanuar-z3s,UCav9fia0N1dDZqeu42gQrBA,3,,https://yt3.ggpht.com/ytc/AIdro_k65DZsAHQBUnAuOxSZT7r9fAk4iy8_eNYr_aT6LrBfoCwrcS85Lh9VOPaGRI17GotdtA=s88-c-k-c0x00ffffff-no-rj,False,False,1750142186.18984
Ugxz-CBZUfUyPX-XDXh4AaABAg,Aremania kh0n th0I,1 year ago,@c.12os,UC0-LYTZOBlJ3yirD-HDdk2g,2,,https://yt3.ggpht.com/H_twmDg1fjmRHEQDyv7L_NDex3b4yspTC6i3sQlKPC7SlXbXaXrEhofjlFN8owskuid20bWT9A=s88-c-k-c0x00ffffff-no-rj,False,False,1750142186.192403
UgwrzDap0E9WI08920p4AaABAg,Up,1 year ago,@wahyuibrahim8725,UCbYTdzkUoLkTYdo7t9JrRlQ,0,,https://yt3.ggpht.com/ytc/AIdro_mwut6Z7ZgArtXd0YwCUh_sDMrY0qy0_z6F3oPu0PQ=s88-c-k-c0x00ffffff-no-rj,False,False,1750142186.194977
UgyVSK8ypF638x-w8_x4AaABAg,Up,1 year ago,@wahyuibrahim8725,UCbYTdzkUoLkTYdo7t9JrRlQ,0,,https://yt3.ggpht.com/ytc/AIdro_mwut6Z7ZgArtXd0YwCUh_sDMrY0qy0_z6F3oPu0PQ=s88-c-k-c0x00ffffff-no-rj,False,False,1750142186.197485
Ugz5ueN5gL6FTv_GQoR4AaABAg,Up,1 year ago,@wahyuibrahim8725,UCbYTdzkUoLkTYdo7t9JrRlQ,0,,https://yt3.ggpht.com/ytc/AIdro_mwut6Z7ZgArtXd0YwCUh_sDMrY0qy0_z6F3oPu0PQ=s88-c-k-c0x00ffffff-no-rj,False,False,1750142186.396203
Ugwq-RS7V7YtSKor1b94AaABAg,Up,1 year ago,@wahyuibrahim8725,UCbYTdzkUoLkTYdo7t9JrRlQ,0,,https://yt3.ggpht.com/ytc/AIdro_mwut6Z7ZgArtXd0YwCUh_sDMrY0qy0_z6F3oPu0PQ=s88-c-k-c0x00ffffff-no-rj,False,False,1750142186.398188
UgxMEOgDT9Gvt90AhIh4AaABAg,Up,1 year ago,@wahyuibrahim8725,UCbYTdzkUoLkTYdo7t9JrRlQ,0,,https://yt3.ggpht.com/ytc/AIdro_mwut6Z7ZgArtXd0YwCUh_sDMrY0qy0_z6F3oPu0PQ=s88-c-k-c0x00ffffff-no-rj,False,False,1750142186.399844
UgwZYNjMv7Urd8ZEpPh4AaABAg,Up,1 year ago,@wahyuibrahim8725,UCbYTdzkUoLkTYdo7t9JrRlQ,0,,https://yt3.ggpht.com/ytc/AIdro_mwut6Z7ZgArtXd0YwCUh_sDMrY0qy0_z6F3oPu0PQ=s88-c-k-c0x00ffffff-no-rj,False,False,1750142186.401406
Ugwu1OzjkGNsFDDZGXh4AaABAg,Up,1 year ago,@wahyuibrahim8725,UCbYTdzkUoLkTYdo7t9JrRlQ,0,,https://yt3.ggpht.com/ytc/AIdro_mwut6Z7ZgArtXd0YwCUh_sDMrY0qy0_z6F3oPu0PQ=s88-c-k-c0x00ffffff-no-rj,False,False,1750142186.402913
UgyIRMX_pda38AMEOGp4AaABAg,video ter epic abad ini 🔥🔥🔥,1 year ago,@andrianwong2522,UCJ25Pt2RCAQqA-yezNr_Q3A,0,,https://yt3.ggpht.com/ytc/AIdro_l0CHar6ysOdL7rFV-sR50an3WqEN2EsoTHZ1DVi-sNh7g=s88-c-k-c0x00ffffff-no-rj,False,False,1750142186.404395
UgytHlzcoX17LDglRZ14AaABAg,Dari ini saya tdk ada kata kasihan sama aremnia,1 year ago (edited),@achmad_yani27,UCqdfyBKvMrr7w6pGrHhR-vg,0,,https://yt3.ggpht.com/ytc/AIdro_muKVc3RpskJJktzd8kiEzZy6FyS7KsxpY_T61PZ1fAVUpRpkItwY9o9my2yNTQ-NSHuw=s88-c-k-c0x00ffffff-no-rj,False,False,1750142186.405893
Ugysek_-RxX6uUETj2p4AaABAg,Up,1 year ago,@wahyuibrahim8725,UCbYTdzkUoLkTYdo7t9JrRlQ,0,,https://yt3.ggpht.com/ytc/AIdro_mwut6Z7ZgArtXd0YwCUh_sDMrY0qy0_z6F3oPu0PQ=s88-c-k-c0x00ffffff-no-rj,False,False,1750142186.40741
UgzIeilhjUvndluYYLR4AaABAg,Up,1 year ago,@wahyuibrahim8725,UCbYTdzkUoLkTYdo7t9JrRlQ,0,,https://yt3.ggpht.com/ytc/AIdro_mwut6Z7ZgArtXd0YwCUh_sDMrY0qy0_z6F3oPu0PQ=s88-c-k-c0x00ffffff-no-rj,False,False,1750142186.408867
UgzTnVtPZOfpKciSELV4AaABAg,Up,1 year ago,@wahyuibrahim8725,UCbYTdzkUoLkTYdo7t9JrRlQ,0,,https://yt3.ggpht.com/ytc/AIdro_mwut6Z7ZgArtXd0YwCUh_sDMrY0qy0_z6F3oPu0PQ=s88-c-k-c0x00ffffff-no-rj,False,False,1750142186.41031
UgwsSSgSjutzXjIxTaB4AaABAg,Up,1 year ago,@wahyuibrahim8725,UCbYTdzkUoLkTYdo7t9JrRlQ,0,,https://yt3.ggpht.com/ytc/AIdro_mwut6Z7ZgArtXd0YwCUh_sDMrY0qy0_z6F3oPu0PQ=s88-c-k-c0x00ffffff-no-rj,False,False,1750142186.411908
UgzcgE0BdbrwoAFlzI14AaABAg,Dosa Yuli sumpil,1 year ago,@ronymuhamadanugrah5786,UCiguaZpXVeLAwxp7fsLKpjQ,0,,https://yt3.ggpht.com/ytc/AIdro_kQ1UZY7iBaxd8mv9uE5JgyE9K9WnwnvV3CKQggQfUMGoo=s88-c-k-c0x00ffffff-no-rj,False,False,1750142186.413384
UgyV5hZpkdkvD7rrdD54AaABAg,Terlihat betapa primitif nyaSDM supporter bola di malang,1 year ago,@kebunomahku8790,UCARc4NVKp1lxJqO6lt7pkQw,0,,https://yt3.ggpht.com/ytc/AIdro_kyBUOVa2nQTKIwbkUd9Zbc9ahp_sbpTdS4CN1ClSPVHw=s88-c-k-c0x00ffffff-no-rj,False,False,1750142186.414868
UgxY_ZKyqXsgLX1aeUR4AaABAg,Setiap Persebaya mau bertanding lawan Arema saya selalu melihat video ini,1 year ago,@mochtomiardianto5452,UC1U2e7KZVswEdHP-IyQiyxw,0,,https://yt3.ggpht.com/-80-QhrUQbVy0HqYaHn6Xdblp9EV5owiBz-9md7ACoCQwbuc5z6qRi7UR_1UHW1k-L-Ll9OW9Q=s88-c-k-c0x00ffffff-no-rj,False,False,1750142186.416317
UgyrFkorSGHTZUs5C4t4AaABAg,"Inilah potret suporter yg krng dewasa,tdak bisa menerima kekalahan team yg di bela...pada akhir nya menjadi Boomerang bagi dirinya sendiri...Salam Satoe Nyali Wani...!!!",1 year ago,@acsurabayakaisartechnik6993,UCGMnaJTB_tz1mOOFnJLQS-g,0,,https://yt3.ggpht.com/kfNZmIcKKx1k3By1AR6sj_Ee8d5k7teM9lp0ucinZuMfIY56JyYrXiXr7I4hTlWazqBqJ9wvQw=s88-c-k-c0x00ffffff-no-rj,False,False,1750142186.417778
UgzihbGHwQQBjZDwaRp4AaABAg,Alhamdulilah akhir'a perusuh dpt akibat'a..selamat di tribun baru mu...akherat😅😂,1 year ago,@andisusanto8109,UC_P7IPOvYWG9OH2IGcipidA,0,,https://yt3.ggpht.com/ytc/AIdro_kdOj2wgGX_2F9Q7EQZAqo6pqoYiqA1w5I82Gl1QWoWPHg=s88-c-k-c0x00ffffff-no-rj,False,False,1750142186.419255
UgwCDOAolsCHRWUPZKl4AaABAg,Aq mbrebes Mili 😭😭😭😭,1 year ago,@DianFernando-v3u,UCi5RJXD-0u5lXPircaDl_8A,0,,https://yt3.ggpht.com/ytc/AIdro_mO-FmweL8y1uNqqNcUDZ4M2Un4LX2rU-rFLpju9-lPnEwniZbZVQiSSLxwVY_IJGv2Ww=s88-c-k-c0x00ffffff-no-rj,False,False,1750142186.420827
Ugzq2ZohUpopXhudqEJ4AaABAg,mungkin ini yg di maksud cak tessy biar gak ada part 2,1 year ago,@rifuldarojat,UCQAsQLkOjFi8ubNSQ-ygj0w,0,,https://yt3.ggpht.com/ytc/AIdro_mpBG3a0KlmbX4S6RvAtK2FjboVZb90Gb1WHYoAcCSfxdY=s88-c-k-c0x00ffffff-no-rj,False,False,1750142186.422291
UgySOnOe8YnF5YA5nlB4AaABAg,Di jadiin flim keren ini,1 year ago,@nvirraaaaaa,UCpIvb9mPEzHjaGGt7jCXPgA,0,,https://yt3.ggpht.com/LIDmjlBl5n7sDdtmf2OJZDf0Wc8af0wg4W-0Yij20xQSMu_0Hj1L8RpW3JiKfLsRd7o2zvh1AA=s88-c-k-c0x00ffffff-no-rj,False,False,1750142186.423865
UgzvAmjrKMzSl2Z97id4AaABAg,Up,1 year ago,@wahyuibrahim8725,UCbYTdzkUoLkTYdo7t9JrRlQ,1,,https://yt3.ggpht.com/ytc/AIdro_mwut6Z7ZgArtXd0YwCUh_sDMrY0qy0_z6F3oPu0PQ=s88-c-k-c0x00ffffff-no-rj,False,False,1750142186.425336
Ugw0Zg-ScXVN2HDlbGh4AaABAg,Up,1 year ago,@wahyuibrahim8725,UCbYTdzkUoLkTYdo7t9JrRlQ,1,,https://yt3.ggpht.com/ytc/AIdro_mwut6Z7ZgArtXd0YwCUh_sDMrY0qy0_z6F3oPu0PQ=s88-c-k-c0x00ffffff-no-rj,False,False,1750142186.639144
UgxArzaJVeVXM7bH2ip4AaABAg,Up,1 year ago,@wahyuibrahim8725,UCbYTdzkUoLkTYdo7t9JrRlQ,1,,https://yt3.ggpht.com/ytc/AIdro_mwut6Z7ZgArtXd0YwCUh_sDMrY0qy0_z6F3oPu0PQ=s88-c-k-c0x00ffffff-no-rj,False,False,1750142186.640952
UgwTn2rLcrnWdtenSkx4AaABAg,Up,1 year ago,@wahyuibrahim8725,UCbYTdzkUoLkTYdo7t9JrRlQ,1,,https://yt3.ggpht.com/ytc/AIdro_mwut6Z7ZgArtXd0YwCUh_sDMrY0qy0_z6F3oPu0PQ=s88-c-k-c0x00ffffff-no-rj,False,False,1750142186.64248
Ugxfuz_bmkCfSzThzeJ4AaABAg,Up,1 year ago,@wahyuibrahim8725,UCbYTdzkUoLkTYdo7t9JrRlQ,1,,https://yt3.ggpht.com/ytc/AIdro_mwut6Z7ZgArtXd0YwCUh_sDMrY0qy0_z6F3oPu0PQ=s88-c-k-c0x00ffffff-no-rj,False,False,1750142186.644033
Ugw_mJeq_2uqii_l8xl4AaABAg,Up,1 year ago,@wahyuibrahim8725,UCbYTdzkUoLkTYdo7t9JrRlQ,1,,https://yt3.ggpht.com/ytc/AIdro_mwut6Z7ZgArtXd0YwCUh_sDMrY0qy0_z6F3oPu0PQ=s88-c-k-c0x00ffffff-no-rj,False,False,1750142186.645478
UgxmCZC9Fm9jZlIDErJ4AaABAg,Up,1 year ago,@wahyuibrahim8725,UCbYTdzkUoLkTYdo7t9JrRlQ,1,1,https://yt3.ggpht.com/ytc/AIdro_mwut6Z7ZgArtXd0YwCUh_sDMrY0qy0_z6F3oPu0PQ=s88-c-k-c0x00ffffff-no-rj,False,False,1750142186.646989
UgyEdHmrG2rbvOQ5hEx4AaABAg,"Main Nang sby gak perlu Rantis,gak usah kawal2an polisi malah dikawal Bonek (memanusiakan manusia) lain Ama yg polapikir pendek (cupet) segala cara ditempuh demi sang Ego yg tinggi tnp pikir panjang efek kedepannya",1 year ago,@putramarinajr5310,UC6UKhcEgexPs5XtrOPlehOQ,2,,https://yt3.ggpht.com/s1-G40c87i0f3sZfgQU2sRjtt3PnuQ814L5RrvsUx1SCcvLleYF_drIg-M7rQhnfco-uveARlg=s88-c-k-c0x00ffffff-no-rj,False,False,1750142186.648435
UgxM26-EyCx1XJaePxt4AaABAg,Detik2 malaikat maut ikut Nobar di Kanjuruhan,1 year ago,@putramarinajr5310,UC6UKhcEgexPs5XtrOPlehOQ,0,,https://yt3.ggpht.com/s1-G40c87i0f3sZfgQU2sRjtt3PnuQ814L5RrvsUx1SCcvLleYF_drIg-M7rQhnfco-uveARlg=s88-c-k-c0x00ffffff-no-rj,False,False,1750142186.650115
Ugz9bkmHd2WPUroVDrJ4AaABAg,Yang ono malah playing victim wkwk,1 year ago,@Whisper9-x7w,UCfy2AEkc1SK08s4SKf6P9jg,1,,https://yt3.ggpht.com/wKkxESEE2shp17ql-z-TYLZ1gQn-vQlyqA43_j5poR829HqJgGZiQQdbPeWRadpGalQX8-I7Ukw=s88-c-k-c0x00ffffff-no-rj,False,False,1750142186.651554
Ugw5V5O58LpCpY4bTk94AaABAg,"Kebanyakn dialog,",1 year ago,@riefkaanugrah221,UCmkYzqmXBxr01JJDx8mxXrQ,0,1,https://yt3.ggpht.com/ytc/AIdro_nAbbJWwh586GoOXa8EnoZzEx50vSU63VSqGoecmpkIp7Y=s88-c-k-c0x00ffffff-no-rj,False,False,1750142186.652981
UgyzzYFh2qZIzyfrtKd4AaABAg,"Wajah2 suporter yg tidak mau menerima kekalahan!! Geram bgt lihat nya, sedangkan skrng di up terus menerus minta keadilan YaAllah manusia macam apa yg sedang di hadapi oleh persibaya waktu itu 😢😢😢",1 year ago,@Wikeuanggraeni,UCL-vvOTlAP-fxAapMnmfEhQ,1,,https://yt3.ggpht.com/kbCM9Pvg8PbhK-F5Ct6TKZa2CndadUnF13MtCmtYBnziGPrWOVA_czExZQCmK0LZQ5CoVrwLwA=s88-c-k-c0x00ffffff-no-rj,False,False,1750142186.65443
UgxwL-Mcp_4ZKg_E-xZ4AaABAg,"Tadinya mau nyalahin seblah pihak tapi mikir2 lagi, yaa karna orang2 yg tidak menerima kekalahan, piye kabar nya saiki? Awas ya lu pada pada nikah ama orang Surabaya 😂",1 year ago,@Wikeuanggraeni,UCL-vvOTlAP-fxAapMnmfEhQ,1,,https://yt3.ggpht.com/kbCM9Pvg8PbhK-F5Ct6TKZa2CndadUnF13MtCmtYBnziGPrWOVA_czExZQCmK0LZQ5CoVrwLwA=s88-c-k-c0x00ffffff-no-rj,False,False,1750142186.656044
UgwYFu8TUjICANQ7Cu14AaABAg,sumpah parah x klau kita liat sisi dari sini gak semua nya salah polisi emg suporter nya aj yg susah kita mau cakap nya,1 year ago,@jodysetiawan956,UCOlq8raPyXwaqPW9Y5B5xTg,0,,https://yt3.ggpht.com/ytc/AIdro_mhsmnYE8s43yKvrOUEuO15ubUhsinTg2sCvnzOqI9_bv10vBFKsBHnJGDP5ESWQFEWmg=s88-c-k-c0x00ffffff-no-rj,False,False,1750142186.657523
UgwFBPcRy3P7EM7mFmd4AaABAg,saya sampai merinding ketakutan apalagi kalo saya di posisi itu saya udah bayang bayangin,1 year ago,@JuanMamboai-t9l,UCqc6ldv7Tm-yR1sTcoFHVAA,0,,https://yt3.ggpht.com/ytc/AIdro_ltIu98QW9aVmbqVxBW_IQi0xR-vFgzH-Rl4Tsb2VD6G1NqCdIv6pqabuAAW4pBrhtoAw=s88-c-k-c0x00ffffff-no-rj,False,False,1750142186.658982
Ugw1bNAqzGEcIogdn-V4AaABAg,kejam banget fans arema,1 year ago,@swedishwaalkesz,UCIrr3Tac2kqETSK2I-NDiqA,0,1,https://yt3.ggpht.com/mXXkCIpXMumX0O_RrCH2Uy67UiPvK2-UsrDPgF_733Z0pqeIdw7JNEDDwASxvEJhAlAQXl-snQ=s88-c-k-c0x00ffffff-no-rj,False,False,1750142186.660538
UgxjbDJU1aOX0zm3XaN4AaABAg,Salam dari laskar pandaran persebi Boyolali,1 year ago,@BanuRamadhan-m1g,UCdz3vA7AxdY6kWTZwBXN7Nw,0,,https://yt3.ggpht.com/9CEVeIvH4VUZpO85oOQaHXGlih0JOsAr-nW2Pa11pGjrrxIanDyWgtG6_HxRHr4Oj3fMyDuTvQ=s88-c-k-c0x00ffffff-no-rj,False,False,1750142186.662045
UgzzG9sHehUDuzAR-9F4AaABAg,kiamat untuk malang atas perbuatannya sendiri,1 year ago,@lyonelarga3011,UCJE1KJTm7Iq96d0o_8O2z_A,1,,https://yt3.ggpht.com/ytc/AIdro_mMCFGLpx-oVhpUD-5nWuGkQGaSnhc77pZDhv7mEa7cxk6UAAgzralettYUi9Lid9Cr3w=s88-c-k-c0x00ffffff-no-rj,False,False,1750142186.663461
UgylKLxbA6mcycRdA3t4AaABAg,Bravo Bonek Bobotoh Jack Satu Hati. Untuk Garuda ❤🎉 Dan lain2.,1 year ago,@ArrohmahWalasnaaniyyah96,UCpJoea2uS13aBc-GfWGWGVw,0,,https://yt3.ggpht.com/ytc/AIdro_njMp9P5pDrqRaj4oHRodXslSma01EB2tIA4mBbGR7rDJoi92M1smujcI3N84wSKYdkGA=s88-c-k-c0x00ffffff-no-rj,False,False,1750142186.664898
UgwgYQxI2MSAyvGU6cR4AaABAg,"Persebaya sejak tahun 90an sudah diperlakukan tidak baik di malang, jadi tidak usah heran dengan kelakuan aremania seperti ini.  Bersyukur sekarang sudah era digital, jadi ada rekaman yg bisa diviralkan, sehingga setelah melihat video perlakuan terhadap tim persebaya, yang menonton bisa mempunyai perspektif berbeda",1 year ago,@kheipriyanka9484,UC5GuQJLa4bWLopoK8fS5z8A,1,,https://yt3.ggpht.com/ytc/AIdro_l_nHMV04ZlZAVQKOZriUUWAgCwWdKpXWxNVGNPh07fRxk=s88-c-k-c0x00ffffff-no-rj,False,False,1750142186.666319
UgyJeV19GGajMxC-GZh4AaABAg,💚🤘🏻,1 year ago,@pingkyputri8500,UClw0i2-azDDhSt8vqcb_2aw,0,,https://yt3.ggpht.com/ytc/AIdro_kJpjxV10NcHGdoXdyNvqlSQZJRB-iRnjZvmmYot_iCz7Lp=s88-c-k-c0x00ffffff-no-rj,False,False,1750142186.667831
UgxmCZC9Fm9jZlIDErJ4AaABAg.AH6YzSmxhNVAHFMBnExPLd,UP,1 year ago,@yazidalbustomi62,UCeUEnKkP0xD9FsjgPzASQ5Q,1,,https://yt3.ggpht.com/SAr2UcDr9KPTB5pUeiGYAmbSp-Ee1Rz6JF8vA6ovxvbJS6FffBczErKpTo6rB5z066_ypHDKzqY=s88-c-k-c0x00ffffff-no-rj,False,True,1750142186.805465
Ugw5V5O58LpCpY4bTk94AaABAg.AGDnNoE4haUAHV0bwFgGa3,namanya aja story,1 year ago,@peace-jv6gc,UCqpVy5ui9r65TNxxtG3H2Ag,0,,https://yt3.ggpht.com/ytc/AIdro_myrbgyrYcKSiDB9RUaYUowbQCNWQYx4WXuSotMH2h1Gg=s88-c-k-c0x00ffffff-no-rj,False,True,1750142186.943095
Ugw1bNAqzGEcIogdn-V4AaABAg.AG1ZsLD_Ns_AGfFN3RRSps,Korban 90% aremania 10% aparat,1 year ago,@NamikazeKazutora,UCgnzegGU5gCD4-oL1bnWpdA,0,,https://yt3.ggpht.com/ytc/AIdro_nfaS9vjq2Wu5GonnDUIOhRL2y6pnzLaoMqhU-6dfu7LLR1aLU8I2-k3XCvlqvcw0YKRQ=s88-c-k-c0x00ffffff-no-rj,False,True,1750142187.088036
Ugwr30iJr2OAjhj98Cl4AaABAg,Alwi Selamat the best Capten yg pernah dimiliki Persebaya....,1 year ago,@IkhsanRaditya-b8w,UC11ppqhLVnXo-ELWAt5eCmA,0,,https://yt3.ggpht.com/ytc/AIdro_kWGOY2zL43BkQohHAF2ubCG6ZxCBJ3MFVPoRSNnCPL3skEILciTq3Gatqql3ZDXtWv5A=s88-c-k-c0x00ffffff-no-rj,False,False,1750142187.287072
Ugz5RKSXZmB05EfU_1B4AaABAg,Laga el-clasico sebenarnya dipegang Arema FC vs Persebaya,1 year ago,@EkoprasetiaEko,UC23qjsBN1ZB8JWrJ41gCyfA,1,,https://yt3.ggpht.com/oipAP5F3pHn84fiGEHEa_QLJL6zhmMXQ3Htwgx3eo8uJiLemezC8lgkgsnMgEggIJ0XrRjZcl04=s88-c-k-c0x00ffffff-no-rj,False,False,1750142187.288768
UgxHyDmvVWWPJKcj9G14AaABAg,"Arema FC vs Persebaya 
Persija vs Persib 
4 klub berbasis suporter fanatik😮😮",1 year ago,@EkoprasetiaEko,UC23qjsBN1ZB8JWrJ41gCyfA,0,,https://yt3.ggpht.com/oipAP5F3pHn84fiGEHEa_QLJL6zhmMXQ3Htwgx3eo8uJiLemezC8lgkgsnMgEggIJ0XrRjZcl04=s88-c-k-c0x00ffffff-no-rj,False,False,1750142187.290256
UgzNHiVoJV-LSv3THcN4AaABAg,"Kiamatmu di Malang, eh kiamate dewe hahaha",1 year ago,@zeezeee03,UCFV2z7D33OZsF5NQ1lLKG7w,0,,https://yt3.ggpht.com/M5_Gg30X3776r9B647qJG1ASnVwkuDhvpzrugWfs3UUmt0s_42dVwrckad9UwjAbxIBFyz3h=s88-c-k-c0x00ffffff-no-rj,False,False,1750142187.291873
UgwndYp5-4SiWljQk2R4AaABAg,Giliran pada celaka nyalahin polisi🥲,1 year ago,@MuzkieeL,UC68kX7KrBhAQDGPR5ZerNdg,0,,https://yt3.ggpht.com/35OC6DadBnOnDxhfCuoTcBZQrTB9J_7Hsqja97BdHYeG7GMybumleE9yxN2r7iRn-lfMoCaEmw=s88-c-k-c0x00ffffff-no-rj,False,False,1750142187.293402
Ugwbhw6VhzsqKaznFWF4AaABAg,Cen arema dancookkkk sdm rendah raiso belajar seko pengalaman,1 year ago,@firnasaja_5085,UCYPnNweFJCC0pyVX1U6Rcbw,1,,https://yt3.ggpht.com/MDyrFHYkNeH0P_xOI4tRGE0O8o5bJreQNKXDMVVQhyZMpFa8AnYchv4rMgkhbJam9ohSLpkHwg=s88-c-k-c0x00ffffff-no-rj,False,False,1750142187.295006
UgwhEiIyXmHiuVUQlUR4AaABAg,Rizki Ridho,1 year ago,@webhu-q6p,UCvql2cecwaJrHnZVAV7bxcg,0,,https://yt3.ggpht.com/ytc/AIdro_ng3vdmQ70ckkEDn8ODXy01T1k4iclHBSOBC5Qal-YxKcB6AAI=s88-c-k-c0x00ffffff-no-rj,False,False,1750142187.296479
UgzS0cLORF8oDm0n4GB4AaABAg,"Meski pun gw juga gak suka sama Aparat, Tapi klo diliat dari sudut pandang di sini ternyata Aremania yg emang PLAYING VICTIM, Salahkan orang lain atas Musibah yg mereka buat sendiri",1 year ago (edited),@goplaychnl1880,UCVEXQbKhA1b4uh-zSDFFlMg,0,,https://yt3.ggpht.com/Kl_aL9r4SaVHtZTlXNW1zfnkPdc_IrUam2sTPWwSPU_cllAym4Y5DzPg-WEm4WiVDG6BHXvt=s88-c-k-c0x00ffffff-no-rj,False,False,1750142187.298188
UgzYkPptIKfkso2HJOF4AaABAg,Senjata makan tua,1 year ago,@dygaming2025,UCZ9YRCuv9crlDJIGKpuc1Xg,0,,https://yt3.ggpht.com/Fr7EGv1VpeoX4OkQpaM6wktt-bcrZmYuzRS71SV2ckYzYMpnxfrkvAEHktGAdbIi5Rd472uM=s88-c-k-c0x00ffffff-no-rj,False,False,1750142187.2997
Ugyg9Mk8khPQqDsgmWp4AaABAg,Kayak gini kok gak dihukum degradasi liga 4. Ya Allah 😢,1 year ago,@Mbleset,UChsa3_56lmtsHOwOSZagvCA,0,,https://yt3.ggpht.com/8QR3Y7duSw0EKmD4O4QbYid3AoUM3cNKvH6N1AFb42Lr4KZ4bm7gP_8O1vUr8PB5je-RDcvF=s88-c-k-c0x00ffffff-no-rj,False,False,1750142187.301155
Ugy7cfSmyQanovkGo7F4AaABAg,"Inilah bentuk sepak bola Kita ,bubar in aja",1 year ago,@febriyanirvannaldy2275,UCv-wFPzNV0MKJ3K0p0T04eA,0,,https://yt3.ggpht.com/ytc/AIdro_nj-RvpXHQyvnciO7IX_shozBl7-vhmqxeCsiOtOSqkm1kb=s88-c-k-c0x00ffffff-no-rj,False,False,1750142187.302723
Ugy8SWsn91dgeJNFGY14AaABAg,"Gak terima kekalahan berujung kejadian fatal yang mengukir sejarah kelam, bahkan yang tidak terlibat konflik pun harus meregang nyawa karena sesak nafas, dihimpit, pintu dikunci, dll. Tapi disini salut bagi official dan para tim Persebaya berhasil selamat walaupun punya trauma yang mendalam setelah berlaga dengan arema😢",1 year ago,@Yoweslah-ph3ls,UCl6j4eRyQQ6XEG51hEgPQSw,0,,https://yt3.ggpht.com/ytc/AIdro_lkIByNVbSuFqJGUCTwWjyjAGNZyOZyewDqD3snyIfuaSW6VQtIro6BXAVa29R6UGf8zQ=s88-c-k-c0x00ffffff-no-rj,False,False,1750142187.30419
UgyGVR8fuAk-E1MPhHt4AaABAg,"Merinding ,kaya mau perang😭😭 Alhamdulillah pulang pergi selamat,wanj 🤲🤲🔥🔥",1 year ago,@AniHida-lz4vy,UCYzQ8b0seGArtCg0X2wXXSg,0,,https://yt3.ggpht.com/ytc/AIdro_nATaj_XyZ449yTpyY9GNkkpedOEjet8B9ru95ikqwS3Mf-MXvcS1UlV0t6a5VEu6AwMQ=s88-c-k-c0x00ffffff-no-rj,False,False,1750142187.305643
UgyLIrM0OkWtf5kpo0x4AaABAg,siapa yang nonton 2025 ngacung dong☝🏼,1 year ago,@rendraluky267,UCsEG6Y5qfl-VAM1FErXQNgA,15,,https://yt3.ggpht.com/ytc/AIdro_kICLEWVz_Df11W9j2QDfrHNDDg1x_VaLwS8b0VSK2HbsRDCJlZlRWUA-jL7XAQ5mwfAg=s88-c-k-c0x00ffffff-no-rj,False,False,1750142187.30716
Ugyt7ETOApcxRnxSjIN4AaABAg,Suporter psikopat,1 year ago,@readone95,UCuX7mA3SUbwmLOezTokTLKw,1,,https://yt3.ggpht.com/6YXg37novhDbJq-DCiPvPmaVjwOgDvB8n81qbUKLZtJSwdvOsVTZ4uBjBLLB7fWCoeP8dJ88w2k=s88-c-k-c0x00ffffff-no-rj,False,False,1750142187.308667
UgwGN_aAhYLqKIfbSet4AaABAg,Saya sebagai org malang asli merasa malu atas kejadian ini saya itulah kenapa saya nda suka bola kebanyakan tawuran kebanyakan kelainya harusnya jadi hiburan malah jadi tempat buat anarkisan saya lebih seneng moto gp lebih menghibur tapi dari semua itu saya selaku org malang meminta maaf yah 🙏🏽,1 year ago,@syawalputra1792,UCgbVxn5KMGFiz7VwUFALLiA,0,1,https://yt3.ggpht.com/ytc/AIdro_kKRKvt8duOBh4Mji-fEJ6TY-q_kTehRNYDzf-YSehhtIo=s88-c-k-c0x00ffffff-no-rj,False,False,1750142187.310093
UgyqiKjJCmiLP_R0add4AaABAg,1:36:47 😮,1 year ago,@NopaRenaldi,UC1ZHe2vgyU5N98B59O0gYPw,2,,https://yt3.ggpht.com/ytc/AIdro_l3w5pHbAbv1UvTOPK0opzB0B7dPW0ZNUdarnydvhKgG4l6j3Av59TtPzgAeNOLj7pxDQ=s88-c-k-c0x00ffffff-no-rj,False,False,1750142187.311523
UgxS1tGYlCbwE9Xo6654AaABAg,Disini laah kenangan coach bejo tak akan di lupakan😢,1 year ago,@abdulghofur2029,UCEJpTAXQM5P8tOYFVOnpQeg,1,,https://yt3.ggpht.com/ytc/AIdro_mFtjYDaGh9g2ur3bABBHxlWlgYF-qguf-tAPPwm0o=s88-c-k-c0x00ffffff-no-rj,False,False,1750142187.313099
UgyR3s5yny7KSjCE_9V4AaABAg,"Dari awal Polisi ga diadili, sampe Polisi diadili. Hingga detik ini Arema tetap tidak peduli dan seakan-akan menganggap tragedi ini tidak pernah terjadi. Jadi sudah jelas, memang tim ini tidak memiliki empati sama sekali.  Juga bagi kalian yang turun ke lapangan lalu berlindung dibalik 135 korban dan orang yang tidak bersalah, sampai saat ini kalian kemana? Masih enak menghirup udara segar dan lupa dengan tragedi ini, lalu menonton kembali tim sepakbola yang pernah jadi pilu kalian pada saat Kanjuruhan terjadi. Nyatanya kalian tidak gentle dan malah berlindung dibalik 135 korban dan orang yang tidak bersalah.",1 year ago,@RazidanePutraHerdiyana,UC270UWPXxpBKgUdfjvNB4Jg,0,1,https://yt3.ggpht.com/ytc/AIdro_l-WPruEngifbfolAJ9ooMYouWRIljSLSUdcbFXhpBKLR2w067aQRcH7LDc0zzrTdX9yg=s88-c-k-c0x00ffffff-no-rj,False,False,1750142187.314511
UgzO7WzVP42RisK2Nzl4AaABAg,Up,1 year ago,@alvaror3891,UC_XMO0mkKJ0ilVeJZcM7eGw,0,,https://yt3.ggpht.com/ytc/AIdro_nI3aDlo70KjuTILbZevI7A6sGw-HletynmXEZ_vN4qPg=s88-c-k-c0x00ffffff-no-rj,False,False,1750142187.315966
UgwGN_aAhYLqKIfbSet4AaABAg.AF8Maajy59DAGdG5WCM9kj,"sama bang, mending nonton liga jepang gua dibanding nonton liga kita",1 year ago,@Earyzz,UCLJoqrJErbXmogk010iI-BA,0,,https://yt3.ggpht.com/VKuIpiCVPWn-kYqBX9WIm4RLeo7uWta20Of2s7BK7FMTTKnt0LLXjRb0a1Jej24nZNm6mv71=s88-c-k-c0x00ffffff-no-rj,False,True,1750142187.461637
UgyR3s5yny7KSjCE_9V4AaABAg.AF2pRApb9ASAFKolsRptgI,Playing victim,1 year ago,@goplaychnl1880,UCVEXQbKhA1b4uh-zSDFFlMg,0,,https://yt3.ggpht.com/Kl_aL9r4SaVHtZTlXNW1zfnkPdc_IrUam2sTPWwSPU_cllAym4Y5DzPg-WEm4WiVDG6BHXvt=s88-c-k-c0x00ffffff-no-rj,False,True,1750142187.622206
UgxwW6yqvZqF3kzlfKp4AaABAg,Primitif sekali supporter Arema,1 year ago,@zakyrizky6489,UCTwDw2j5xHdHE2hj9fqW6SQ,0,,https://yt3.ggpht.com/ytc/AIdro_nOWiR4_jQTIgrd-XCg_WWs1ZBg9KSse_aFe3DooRpC0g=s88-c-k-c0x00ffffff-no-rj,False,False,1750142187.830541
UgzUFu_v5oOaYdNPgit4AaABAg,Young marselino ferdinan,1 year ago,@joelbellington,UCwl-ag9ZxppNkpj736xolnw,0,,https://yt3.ggpht.com/nGZ4Svce6HNsZ6GZj-a4f4cVvC6KPQjLLvbEx80zxt9jF3iC2UiIgf611pObsi4fr_oiUM5LtQ=s88-c-k-c0x00ffffff-no-rj,False,False,1750142187.832311
UgyMr60DH3wSlp-X2_x4AaABAg,"AREMANIA KELOMPOK PALING PLAYING VICTIM. KELAKUAN GA KAYAK MANUSIA MAKANYA LANGSUNG KENA MUSIBAH DIBALAS LANGSUNG OLEH PENCIPTA.
Si paling tersakiti padahal pelaku. Sengkuni kabeh ancene",1 year ago,@Alamin7717,UCbGg2BtVGvyk_qaktHYwm1A,2,,https://yt3.ggpht.com/ytc/AIdro_lQG-H9Dy4y6Tn3mqUa-I86CDDLdhdnGIQ2qdWoRyMYkQ=s88-c-k-c0x00ffffff-no-rj,False,False,1750142187.833852
UgyqkgOxP7sRkL69tSF4AaABAg,Baru sempet untuk nonton ternyata serem banget,1 year ago,@fajarfbss,UCrkALplviul70JyfDXQ214A,2,,https://yt3.ggpht.com/ytc/AIdro_kRHlUjrIjOvcWxrKNlU48upo8pOL0d9oe7klcSsO4OakY=s88-c-k-c0x00ffffff-no-rj,False,False,1750142187.835301
Ugy_MF02cZw-8RYQbHp4AaABAg,"Dokumentasi ini menjadi saksi digital kemenangan besar Persebaya dan harus dibayar sangat mahal, tak ternilai oleh sang rival. ""tapi aku tetep dungo kejadian iki ojo terulang maneh!""",1 year ago,@theharchannel3148,UCu62ah_64w3K_hRV_DWiM4w,159,7,https://yt3.ggpht.com/v-TFgsQB-aBvtwDzTkCLrdGqQGAN9O25oz1gNjcyI_hK7rRFKuq8AGWTHiUNzaT5AzoClnpDJA=s88-c-k-c0x00ffffff-no-rj,False,False,1750142187.836749
Ugxbs7Vw3oqT-TQL3eV4AaABAg,Persebaya taek,1 year ago,@rezananda2430,UCdYOdRDdLBFq9q_2J-kcThw,0,2,https://yt3.ggpht.com/ytc/AIdro_kICLEWVz_Df11W9j2QDfrHNDDg1x_VaLwS8b0VSK2HbsRDCJlZlRWUA-jL7XAQ5mwfAg=s88-c-k-c0x00ffffff-no-rj,False,False,1750142187.838215
Ugwk86ZtR7RD7S2ej3d4AaABAg,Re re,1 year ago,@indrasaputrabumi6674,UCStVoNmYz97ybSXQPTSMyZA,0,,https://yt3.ggpht.com/ytc/AIdro_nzpzsSUuk5Mu6HwSxg-lUmdUTQ3ISKdPUYltT59a3scj8=s88-c-k-c0x00ffffff-no-rj,False,False,1750142187.839694
UgxrIKikGK9V9vJBDEF4AaABAg,bukti sdm rendah indonesia ya ini salah satunya supportter fanatik😂,1 year ago,@lonlyme-db6kw,UCijQQiK9hgs0YuJspRiEe2w,0,3,https://yt3.ggpht.com/ytc/AIdro_kM2VDcHg_i9XoYf9aRQvVcAmC5OAkovgTAndEqVT7sPvtFlQfPFf_68sae4KBciA7BbQ=s88-c-k-c0x00ffffff-no-rj,False,False,1750142187.841202
UgwcX6T2AWKt8_AVNvJ4AaABAg,ganok gas air nggk kyok ngono aku ndek nggen ndlok,1 year ago,@Nhurzlas,UCQOE_sATOUbL22cEzdsleSA,0,,https://yt3.ggpht.com/ytc/AIdro_kVrDUhBwT9mRE2gmGtChvxhznEB5UPX2XPBtWPAOOek_gveCxp4-WhcCMLH1t7oFAkEQ=s88-c-k-c0x00ffffff-no-rj,False,False,1750142187.842926
UgwOzxEwrCcmUizL2iZ4AaABAg,"Laknat ancen arek² malang,ancen wong ndeso",1 year ago,@abdollohanjaya9427,UCp881KFpQMJaz6t6nfw3ZHA,1,,https://yt3.ggpht.com/ytc/AIdro_njMp9P5pDrqRaj4oHRodXslSma01EB2tIA4mBbGR7rDJoi92M1smujcI3N84wSKYdkGA=s88-c-k-c0x00ffffff-no-rj,False,False,1750142187.84537
Ugw2K9m0v7xOHCdh-ep4AaABAg,Adam alis disini barbar sekali😂,1 year ago,@dewiagustin7445,UCGeY1BSfgvClz5vAEwLRRUg,0,,https://yt3.ggpht.com/wiyoFlAUU6ziiPveD6SfPQW4KIcxrMHQqtB3e2HavmOR2BKjH_9RYysMf87zpngOCWr3c6kb8A=s88-c-k-c0x00ffffff-no-rj,False,False,1750142187.847671
UgyV_pfrpKKWKaL5F4J4AaABAg,"Nonton 180225
Saat stlh nntn psb vs psj yg dibilang klo psb menang tkt trjd kanjuruhan 2 😢",1 year ago,@dewiagustin7445,UCGeY1BSfgvClz5vAEwLRRUg,1,,https://yt3.ggpht.com/wiyoFlAUU6ziiPveD6SfPQW4KIcxrMHQqtB3e2HavmOR2BKjH_9RYysMf87zpngOCWr3c6kb8A=s88-c-k-c0x00ffffff-no-rj,False,False,1750142187.849231
Ugw9XAV6lh5LFKkj2vd4AaABAg,AREMA KAMPUNGG,1 year ago,@NajwanArfa,UCGV4V6L37gtESt5rMJAz_IQ,0,,https://yt3.ggpht.com/Q6zRekVI1y9EUIkRTPT17rCXl7XYS2jhmQ9mgTha9IOcTH8cC0dUVkZ7ts9_8d-k2_Xnkc8m=s88-c-k-c0x00ffffff-no-rj,False,False,1750142187.850813
UgzT5a2fkid25Xfybot4AaABAg,Terakhir bung jebret jadi komentator 😮😮,1 year ago,@AndrePro-b8h,UCVxLLSC-1CwOYQBLfuQaT2A,1,,https://yt3.ggpht.com/ytc/AIdro_n2udBzeYBteVO94AOvACDKqyHN4sBTqV2YenVzO3Y2Ic5h7sd9c1UhQi-g7V9kvb_L3A=s88-c-k-c0x00ffffff-no-rj,False,False,1750142187.852305
UgyyV6efhcKs620obdB4AaABAg,AREMANIA E GAK KOMEN ISIN DELOK IKI NGUNU IKU WONG MALANG SIN NGISIN I JAWA TIMUR😅,1 year ago,@AnisaMaulida-b5h,UCljdoLPhP8C8fTqypzLGRQw,3,1,https://yt3.ggpht.com/ytc/AIdro_meYAh6NPkc3qZ9RQbztfozX2jknUqc69hcasQTLZa7CCWY6MHmzRI1I6I59gYFhEiQXA=s88-c-k-c0x00ffffff-no-rj,False,False,1750142187.853879
UgyVcajpIgYyelI4Med4AaABAg,Nora sekali Aremania kena batunya sendiri,1 year ago,@Angga-u3u,UCgzkQ_xvj2M0OlEAPhrA7hA,1,,https://yt3.ggpht.com/0kN7LPfqejC07Y5FZvS_EewiVPY4qAyAU3YJa5IW4Pz04lc0xGkSPDtC5qI09G2iptSOcwGKGA=s88-c-k-c0x00ffffff-no-rj,False,False,1750142187.855353
UgyZFlKo-GWvovqW34d4AaABAg,Persib. Adalah. Tim. Yang. Henat,1 year ago,@AlvinoAWP,UCitFQdouuwFTvMp7D2Av5XQ,0,,https://yt3.ggpht.com/koFC6s8j_-5gKUqtijKzI2bjFSbeRcyxqPDp-QAwnQ_SMthqPOs_Xhqb8zsYL6MjlLHqNyTHAg=s88-c-k-c0x00ffffff-no-rj,False,False,1750142187.856909
UgxiYNZoYw8OHSTJzzB4AaABAg,Sumpil kudune mati iku,1 year ago,@SahlanWulan,UCarNlZnt82ZqkGmo1jkp6BQ,0,,https://yt3.ggpht.com/ytc/AIdro_kN0vHjIDhTA7B0t2l-8jw4du0Fp3Q4NWDxREtZ0wG6prM4O5dykKEJAxt14lhBl9HMMQ=s88-c-k-c0x00ffffff-no-rj,False,False,1750142187.858402
UgyBquU5dkfDY45Zv-B4AaABAg,Ayo nyallahkan lagi permusuhan nya 😅,1 year ago,@EkoBudianto-u3t,UCee2fZ5Q-QJBva3N-n3R_jw,0,,https://yt3.ggpht.com/ytc/AIdro_kFKyUfpTt-g7ZZ-6LZ1sANP6791YgWTIsbAPxggknb2p4vMYee8SivclGdDEQnvFVPyg=s88-c-k-c0x00ffffff-no-rj,False,False,1750142187.859934
Ugyzkz5JHHDu-OnRcNZ4AaABAg,Buosok e kerekam kabeh,1 year ago,@Dhuhasyams,UCePipIxWMwN4TyQQfV1W30g,4,,https://yt3.ggpht.com/qX-tSrdFeKSrzPrmZzfQX0ZBJ89ALDH2rPsd93wS1RXmXHOidKSNy8Rfm8_cNGUr0s_d9A2QtA0=s88-c-k-c0x00ffffff-no-rj,False,False,1750142187.86164
Ugy_MF02cZw-8RYQbHp4AaABAg.AEplHjP6BW1AI59kcUyinM,persik kediri korban selanjutnya😂,1 year ago,@rayhandwi3744,UCn3voe9BI9jcBJULL0hBpRQ,1,,https://yt3.ggpht.com/kVdHl9D6sjmyg54xO-pSjJOg2k3lVlEJn_8jFP-kxX0ZBW7fAWSga6roaeeJeBpJhAqtl02N3A=s88-c-k-c0x00ffffff-no-rj,False,True,1750142188.017862
Ugy_MF02cZw-8RYQbHp4AaABAg.AEplHjP6BW1AIDvdTLrJYb,"​ @rayhandwi3744  ora belajar teko tragedi sebelumnya mas, peh jan nemen og pemikirane tonggo sebelah iki",1 year ago,@limitdestroyer1839,UCrP-dMxT9A5KBJ3-0BdHP2g,2,,https://yt3.ggpht.com/ytc/AIdro_mwJCkbJuMNA92leGUQqrIhGBZYW0xFBCdmY5s0G4hFsTI=s88-c-k-c0x00ffffff-no-rj,False,True,1750142188.019593
Ugy_MF02cZw-8RYQbHp4AaABAg.AEplHjP6BW1AIDvjw9WO8t,"​ @rayhandwi3744 aku winginane away mas, alhamdulillah budal muleh slamet",1 year ago,@limitdestroyer1839,UCrP-dMxT9A5KBJ3-0BdHP2g,0,,https://yt3.ggpht.com/ytc/AIdro_mwJCkbJuMNA92leGUQqrIhGBZYW0xFBCdmY5s0G4hFsTI=s88-c-k-c0x00ffffff-no-rj,False,True,1750142188.021128
Ugy_MF02cZw-8RYQbHp4AaABAg.AEplHjP6BW1AI61QaTQxD0,Lg ae wingi part 2..,1 year ago,@anangwahyudi_83,UC7jqNJzhzxgS0T5bSz4nC8Q,1,,https://yt3.ggpht.com/ytc/AIdro_ljx5un6jyuXVOsbXgH3kXpOOgoCfSivpLnoXo4d-0dpKw=s88-c-k-c0x00ffffff-no-rj,False,True,1750142188.022611
Ugy_MF02cZw-8RYQbHp4AaABAg.AEplHjP6BW1AI-xUB6ouM0,Arema babi,1 year ago,@muhammadfathikamalalfarabi4598,UCIel_D5JAJLJZsJZilASXow,0,,https://yt3.ggpht.com/ytc/AIdro_nAE26Nqm6z_j2nS7SbgzTKCerB1kkV4nuaKH90wBKWxJE=s88-c-k-c0x00ffffff-no-rj,False,True,1750142188.024061
Ugy_MF02cZw-8RYQbHp4AaABAg.AEplHjP6BW1AICDwWGg_tU,Kok aku pngn terulang lagi yah smpek sak stadion neng kanjuruhan mati kabeh. Soale aremania itu kampungan,1 year ago,@batmankarduzzz,UClHkh2lekcPc3CNMKKrGkkA,0,,https://yt3.ggpht.com/cWZAiYpqVXowPjPUdtF0pySHBGqh1vp0UCBk3Ins6GQXi5db_IyiDI7iSNUzhpJwvUikI2zUUYI=s88-c-k-c0x00ffffff-no-rj,False,True,1750142188.02555
Ugxbs7Vw3oqT-TQL3eV4AaABAg.AEpV2Uhn3ONAF1mn_oCIme,Penting sebagian besar suporternya masih hidup sampe sekarang😂,1 year ago,@plankton3286,UCOfCsIbZuVnRYwhM7CtFM7Q,1,,https://yt3.ggpht.com/ZxMiJPqy2wJTg7yid-r1TFK8hHj_VCPtEeT-rctdLAO0uNyydXk2k6FfSwQyjWDWnww1vpDr=s88-c-k-c0x00ffffff-no-rj,False,True,1750142188.174233
Ugxbs7Vw3oqT-TQL3eV4AaABAg.AEpV2Uhn3ONAFRyC0pXelZ,Info 135? Tambah kusut ae,1 year ago,@zeezeee03,UCFV2z7D33OZsF5NQ1lLKG7w,0,,https://yt3.ggpht.com/M5_Gg30X3776r9B647qJG1ASnVwkuDhvpzrugWfs3UUmt0s_42dVwrckad9UwjAbxIBFyz3h=s88-c-k-c0x00ffffff-no-rj,False,True,1750142188.175948
UgxrIKikGK9V9vJBDEF4AaABAg.AEkeSPithCKAF1muWBp69D,"Lahh??? SDM RENDAH? eropa yg notabene negara maju dan SDMnya TINGGI juga suporternya fanatik,bukan banci kayak elu😂",1 year ago,@plankton3286,UCOfCsIbZuVnRYwhM7CtFM7Q,0,,https://yt3.ggpht.com/ZxMiJPqy2wJTg7yid-r1TFK8hHj_VCPtEeT-rctdLAO0uNyydXk2k6FfSwQyjWDWnww1vpDr=s88-c-k-c0x00ffffff-no-rj,False,True,1750142188.333767
UgxrIKikGK9V9vJBDEF4AaABAg.AEkeSPithCKAGdPugae9K7,"​ @plankton3286 eropa fanatik tapi tau batas, ga ada ampe merugikan pihak lain, soalnya mereka sadar ntar yg kena sanksi malah klub kesayangan mereka",1 year ago,@Earyzz,UCLJoqrJErbXmogk010iI-BA,0,,https://yt3.ggpht.com/VKuIpiCVPWn-kYqBX9WIm4RLeo7uWta20Of2s7BK7FMTTKnt0LLXjRb0a1Jej24nZNm6mv71=s88-c-k-c0x00ffffff-no-rj,False,True,1750142188.335611
UgxrIKikGK9V9vJBDEF4AaABAg.AEkeSPithCKAGdQ7zJfBdz,beda ama kasus Arema ini beehh parah,1 year ago,@Earyzz,UCLJoqrJErbXmogk010iI-BA,0,,https://yt3.ggpht.com/VKuIpiCVPWn-kYqBX9WIm4RLeo7uWta20Of2s7BK7FMTTKnt0LLXjRb0a1Jej24nZNm6mv71=s88-c-k-c0x00ffffff-no-rj,False,True,1750142188.337125
UgyyV6efhcKs620obdB4AaABAg.AESGJt2jYcSAJevt6QWwQU,Bayu Skak arek Malang ae yo isin ndelok kuto ne koyok ngene karena kelakuan tonggone koyok gatel 😂,11 months ago,@Ersha.Atmanegara,UC4T80PVa2c2Y3XVMTKhmTQg,1,,https://yt3.ggpht.com/YKDHOumXmGAlWF6-YOC4adZq0wYLuGFQqQWMrA3tIqkKvhpuNM3zqiVnUqrQCCi1PhguK0IK8dc=s88-c-k-c0x00ffffff-no-rj,False,True,1752734188.477104
UgzbMZAcSCMFHWYfn9h4AaABAg,Aremania gak berguna mending di ban aja dari liga 1 udah 2 lisme supporter pengen menang terus kalau menang terus mending bikin liga sendiri aja,1 year ago,@Riz087-p5b,UCzn_MbagyOFeFHdlxgCoxhQ,0,,https://yt3.ggpht.com/ytc/AIdro_lkvZL6_kz1dOZZNlAfaTAAvzD815r_d0GFkV8C9bR31YRZeGPylgyyE4sM5v8Yxu6Veg=s88-c-k-c0x00ffffff-no-rj,False,False,1750142188.673058
UgwjDapKVfcz2y-KyCd4AaABAg,Persebaya lapain moleh balek ta koyok Arema tapai untuk hormat tragedi Kanjuruhan SALAM SATU JIWA 💙🦁,1 year ago,@KIANO-i6y,UCMCyBTqqljOwHuqEGPHV-cQ,0,2,https://yt3.ggpht.com/W2EjM4Pt-4u8_C97COVvFHZEsaoF4_EdWgXVVRyNo44o9Rh-VM_qr66imJPca3YN7e2cADq7=s88-c-k-c0x00ffffff-no-rj,False,False,1750142188.67489
UgzWBZMSSG_4GbPRfRh4AaABAg,Sedih Lihat persaingan yang tidak sehat ini,1 year ago,@EkoSepdianto,UCmcCG0yScVB00whUgr7NhPA,0,,https://yt3.ggpht.com/ytc/AIdro_mM6Cy52r3imQYsY71-0lv4LN-BL49FOCSGD0MXULFXR4gQCJhFycIsfB6qawVr434KQQ=s88-c-k-c0x00ffffff-no-rj,False,False,1750142188.676459
UgzlO9swERLQ6K2q0IB4AaABAg,Fans indon mana pernah belajar.,1 year ago,@mycodenameisejatt,UCwb_9gphw9P37H-g22JeGpw,0,,https://yt3.ggpht.com/ytc/AIdro_kgfGByTSdybBGC25KaiO6dMyaoGdYr-ZzDOsYsvLNApA=s88-c-k-c0x00ffffff-no-rj,False,False,1750142188.677986
UgwIbB1mxz5lr0TNCo14AaABAg,jangan mengkambing hitamkan polisi,1 year ago,@syeksitijenar,UCbmwqsxbFnVx4lEDQUBB13A,1,2,https://yt3.ggpht.com/ytc/AIdro_kSGfJDEc-ehaGCvwnyuNBr8kfhML-Yew76Nj8hUUSrrke4-fZIU5cLYjQMy1xZcxRHzA=s88-c-k-c0x00ffffff-no-rj,False,False,1750142188.679486
UgySb_H_yu4ZmnaUhRN4AaABAg,"kalau mencari pelaku utama, tragedi ini
2-3 oknum AREMANIA yg turun ke lapangan
itu pelaku utama, itu yg bikin lain.nya ikut turun",1 year ago,@syeksitijenar,UCbmwqsxbFnVx4lEDQUBB13A,0,,https://yt3.ggpht.com/ytc/AIdro_kSGfJDEc-ehaGCvwnyuNBr8kfhML-Yew76Nj8hUUSrrke4-fZIU5cLYjQMy1xZcxRHzA=s88-c-k-c0x00ffffff-no-rj,False,False,1750142188.680966
Ugw2JJPfxwwYxzkHoHR4AaABAg,"walau semua berduka atas 100 korban,
walau seluruh suporter liga 1 kirim bunga
walau ada seruan untuk perdamain
hentikan Rivalitas antar suporter liga 1,
Saya sangat² yakin itu tak akan terjadi, 
kalau bkan sangsi Degradasi untuk AREMA",1 year ago,@syeksitijenar,UCbmwqsxbFnVx4lEDQUBB13A,0,,https://yt3.ggpht.com/ytc/AIdro_kSGfJDEc-ehaGCvwnyuNBr8kfhML-Yew76Nj8hUUSrrke4-fZIU5cLYjQMy1xZcxRHzA=s88-c-k-c0x00ffffff-no-rj,False,False,1750142188.68241
UgwUQ3BU3YXbxGDDXUp4AaABAg,"jujur saya sedih, saya berduka cita..
tapi saya kecewa sama komdis+PSSI
Arema hrusnya Degradasi demi efek jerah
maka saya sangat² yakin Sangsi Degradasi
 akan buat suporter bner² Taubat masal.",1 year ago,@syeksitijenar,UCbmwqsxbFnVx4lEDQUBB13A,0,,https://yt3.ggpht.com/ytc/AIdro_kSGfJDEc-ehaGCvwnyuNBr8kfhML-Yew76Nj8hUUSrrke4-fZIU5cLYjQMy1xZcxRHzA=s88-c-k-c0x00ffffff-no-rj,False,False,1750142188.683918
UgzOJq9yZTttih1qccR4AaABAg,"suporter bola kok membabi buta sprti itu
mmbunuh orang hanya karna Rivalitas
ditengah kpasrah'an persebaya & poilsi
Tuhan berkehendak lain, tuhan memilih
tuhan ambil Nyawa Ratusan Aremania
Mereka Layak Tewas, Untuk Revolusi",1 year ago,@syeksitijenar,UCbmwqsxbFnVx4lEDQUBB13A,1,,https://yt3.ggpht.com/ytc/AIdro_kSGfJDEc-ehaGCvwnyuNBr8kfhML-Yew76Nj8hUUSrrke4-fZIU5cLYjQMy1xZcxRHzA=s88-c-k-c0x00ffffff-no-rj,False,False,1750142188.685345
UgzR-5MeeMczEAwBkDJ4AaABAg,dari vidio ini saya sadar yang salah 100℅ adalah supporter aremania bukan aparat yang lempar gas air mata..& perlu di sadari aparat melakukan itu semua karna keadaan contoh nya kek di vidio ini,1 year ago,@anjalutung666,UCCqmJFCAYW-hSRXFcVNFkFA,1,,https://yt3.ggpht.com/ytc/AIdro_ng3vdmQ70ckkEDn8ODXy01T1k4iclHBSOBC5Qal-YxKcB6AAI=s88-c-k-c0x00ffffff-no-rj,False,False,1750142188.686907
UgzXf5ShZCf5wRID1Hx4AaABAg,Vido yang bisa membungkam cangkem e sumpil seng bengok bengok tidak ada penyerangan ke pemain dan official persebaya,1 year ago,@RadinHakiana,UCc4RPNGVtpXnscqBcGV0J9Q,1,,https://yt3.ggpht.com/ytc/AIdro_lp9OQ-_ykMGuXZ9KrcKyPSm9kA9vB9cMF5T5UXie-0OmMMmgygTjG1BuATiGxiSrkuCQ=s88-c-k-c0x00ffffff-no-rj,False,False,1750142188.688417
Ugyz9SQ5UnIU6IIZ_pB4AaABAg,"Sepurane, tapi kebacut kon rek. Wong atasane balbalan nganti koyok ngene. Aturane wes gak iso disepuro kon kon iku. Nguawurmu jan kebacut.

Ilingo sik sedulur kabeh iki sak Indonesia.",1 year ago,@nasijinggoammanda9889,UCCKtl5JeWKAL3jTf5eRXZsQ,1,,https://yt3.ggpht.com/ytc/AIdro_k97HZdkHM_JdSKEZ5Ap5JO289n-PVGCA4Z8V_4Xoo=s88-c-k-c0x00ffffff-no-rj,False,False,1750142188.689858
UgzwjU1M-Dx1bf479lJ4AaABAg,Arema harusnya dibubarkan,1 year ago,@muhammadmahdar6162,UCE0z4PXaFIKRsR19OVkQwYA,2,,https://yt3.ggpht.com/2BxX5VwBBsgrDDXArd-VW-tQphKJ97WHTeUSAYlzp3qRg5L3GcgAfWs9pqSwyXHKjb5836GDjA=s88-c-k-c0x00ffffff-no-rj,False,False,1750142188.691402
Ugw_7sulQH-eGoYyzHp4AaABAg,"Supporter Arema Yang Masih Nyalahin Polisi,  gara gara ulah suporter Rusuh kalian banyak korban ngk bersalah ibu"" anak kecil menngal 😢, buka mata Liat Nih Video, seharusnya Arema malang Di ban Dari BRI liga 1 Seumur hidup",1 year ago (edited),@napadiadj,UCngwQX1MA6cSjQRipPsGd3A,2,,https://yt3.ggpht.com/obuEGD1tPLWsbF9GEfUWQbhzuHRLb0JmcRDsgJeENkfOiqmjYO5BH6JQEmfNtB2P0-BT8aWOcg=s88-c-k-c0x00ffffff-no-rj,False,False,1750142188.693015
UgzgJlZ6Cto8uCQu1_d4AaABAg,Jawa= Kreen,1 year ago,@muhrobby7557,UCqWJbjgsaWFGqzg0ThXiOLQ,0,1,https://yt3.ggpht.com/ytc/AIdro_lWROKgI2pLjiFX3xT7vAwGvHdSAUxJwLOEv-fmrZ9m8Q=s88-c-k-c0x00ffffff-no-rj,False,False,1750142188.696002
UgwRSsxPzXR5caI5C6t4AaABAg,ini sudah bukan lagi sepakbola tapi anarkisme ... 😢,1 year ago,@normalpeople-g1f,UCAOmOW5aOxJRCKWzXCxNImg,1,,https://yt3.ggpht.com/qvO-IkmI-Nuxmn1rz_Y-SBkiYsr6BXfN4I37kh5oSRR2nb-4Er_0Hh62juhOTHpXefPIKnQFZA=s88-c-k-c0x00ffffff-no-rj,False,False,1750142188.697515
UgwNmnL1wTheiEKZN2J4AaABAg,arema hama,1 year ago,@AGAZZAAA,UCNeMg_R-ER5h3JbD-PQ5_iQ,0,,https://yt3.ggpht.com/Je039P5CeUSmIrOuCre4xGQqg_TyuDc1dgpqKnhKPVpge6CAX4ydkNlNtqg3a-IE1vcNkBPYdA=s88-c-k-c0x00ffffff-no-rj,False,False,1750142188.699102
Ugwj9a-8B-A_0ZbfxeV4AaABAg,"Sampe sesak nafas aku,yaallah😭",1 year ago,@melindaofficial1375,UCVgNqT9gbBjdCfTAb_ycQ2g,0,,https://yt3.ggpht.com/We-MrKMPsfTPSD6T19NuQ37rn5e4PwzXCLobN5lL1kk2xPMR7pymezn4GVlTz8dQ4LYfxyVd=s88-c-k-c0x00ffffff-no-rj,False,False,1750142188.700686
UgxPf-NH7QPoefbXzj54AaABAg,Buruk nya aremania,1 year ago,@ygsabarpastibisa1489,UC63ndloOJ43MXcgcLayd52A,0,,https://yt3.ggpht.com/ytc/AIdro_l88qhhZ4ds_D8XEvmr21NhcQNa8pFcHw9qOP17wrGcKGy-=s88-c-k-c0x00ffffff-no-rj,False,False,1750142188.702681
Ugy_430yr8nDM3vRb2J4AaABAg,Ganti pelatih,1 year ago,@dwiputra3188,UCERP2OT6FD0tb8C_5XU1BqA,0,,https://yt3.ggpht.com/ytc/AIdro_k84CYgPVnPLqaGFElOSkz_EbgRpl8AdjKM_rq3_bo=s88-c-k-c0x00ffffff-no-rj,False,False,1750142188.704368
UgwjDapKVfcz2y-KyCd4AaABAg.AE8fCiBlGEBAEILC0U0ikK,omong opo se des bedes sdm rendah😂,1 year ago,@lordmeme4939,UC3UzO3meh-4RPUlCPUqX7gg,1,,https://yt3.ggpht.com/0tnW2ArM9SQB4TSSr-SZpeGMxFaai1k_0O_ds3lwqmfgAHP1QKTcQCjNCnTGc2U9qgxefnjGeA=s88-c-k-c0x00ffffff-no-rj,False,True,1750142188.851168
UgwjDapKVfcz2y-KyCd4AaABAg.AE8fCiBlGEBAFRyEVZUbqG,Info 135? Tambah kusut ae,1 year ago,@zeezeee03,UCFV2z7D33OZsF5NQ1lLKG7w,0,,https://yt3.ggpht.com/M5_Gg30X3776r9B647qJG1ASnVwkuDhvpzrugWfs3UUmt0s_42dVwrckad9UwjAbxIBFyz3h=s88-c-k-c0x00ffffff-no-rj,False,True,1750142188.853075
UgwIbB1mxz5lr0TNCo14AaABAg.ADyfI_iTbOzAEf0DGm4GC8,Smpe kapolsek atau kapolresnya sih yah yang dipecat,1 year ago,@dewiagustin7445,UCGeY1BSfgvClz5vAEwLRRUg,0,,https://yt3.ggpht.com/wiyoFlAUU6ziiPveD6SfPQW4KIcxrMHQqtB3e2HavmOR2BKjH_9RYysMf87zpngOCWr3c6kb8A=s88-c-k-c0x00ffffff-no-rj,False,True,1750142188.998271
UgwIbB1mxz5lr0TNCo14AaABAg.ADyfI_iTbOzAFCKMrKWOv5," @dewiagustin7445  itu namanya mengambing hitamkan polisi, coba 2 Aremamia yg pertama turun ke lapangan di tangkap, itu provokatornya",1 year ago,@syeksitijenar,UCbmwqsxbFnVx4lEDQUBB13A,0,,https://yt3.ggpht.com/ytc/AIdro_kSGfJDEc-ehaGCvwnyuNBr8kfhML-Yew76Nj8hUUSrrke4-fZIU5cLYjQMy1xZcxRHzA=s88-c-k-c0x00ffffff-no-rj,False,True,1750142188.999916
UgzgJlZ6Cto8uCQu1_d4AaABAg.ADrfSxWb-5HAJewJqEom7y,Ga semua jawa ye. Tapi khusus Malang aja ya yang dicap hama!,11 months ago,@Ersha.Atmanegara,UC4T80PVa2c2Y3XVMTKhmTQg,0,,https://yt3.ggpht.com/YKDHOumXmGAlWF6-YOC4adZq0wYLuGFQqQWMrA3tIqkKvhpuNM3zqiVnUqrQCCi1PhguK0IK8dc=s88-c-k-c0x00ffffff-no-rj,False,True,1752734189.146795
Ugxgy-xICjtbk7eEAR14AaABAg,"ya bisa diambil kesimpulan disini saya enggak berpihak A maupun pihak B, ya namanya aja kompetisi ada yang win ada yang lose, dan gimana caranya kita menerima kekalahan udah itu aja balik lagi namanya juga kompetisi kok 😊",1 year ago,@watsongarrymichelle5684,UC0l8IXmQRTG11Q4lbCdUIOQ,0,,https://yt3.ggpht.com/d1zgW84j4PBwRnL1hs73dYw5kFb-dvBS_G5U__n-pDAi5n0y63WcRYtNb6zCnqHvGf3SIht7YA=s88-c-k-c0x00ffffff-no-rj,False,False,1750142189.366834
UgyKha9qXOVGTQiSZn54AaABAg,"Ini mah bukan oknum suporter tapi semua suporter arema telibat dalam kejadian ini. Jadi fixs ini bukan salah polisi, tapi suporter arema yg memulai kericuhan itu sendiri",1 year ago,@AriSetiawan-h2e,UCx8Kz12jplVNRPNP36yirKQ,4,2,https://yt3.ggpht.com/ytc/AIdro_nmtsXDHjV3vsi3WJxNLeR6_m62bNa4V324lnRtnFy0u-rpS5RDcRIx863T-hajBZ4JOA=s88-c-k-c0x00ffffff-no-rj,False,False,1750142189.368584
UgwXqRHGOErOzyUz3hZ4AaABAg,pssi harus tindak tegas suporter aremania karna isinya preman preman semua,1 year ago,@kevin01109,UCPi4IaOThX2Lvm9ORfpxsgw,0,,https://yt3.ggpht.com/ytc/AIdro_nFGP-xZLuzb0MPxjrKFgFTM9uafOt7t7bZm7R6Wyi16tE=s88-c-k-c0x00ffffff-no-rj,False,False,1750142189.370121
UgwTXBDnV98eFCoIyjR4AaABAg,Al Fatihah buat para korban kanjuran 😢😔🤲🏻🥀,1 year ago (edited),@fauzankakang8093,UCiJ_m08Der3Q7c-JLclXlig,0,,https://yt3.ggpht.com/10O4EfAHAhTBpMm3QzVUNXWQ8i9hik59qgGBddBDDBu1_lnE05rjmUdfBJoOcklM4C7vT7tK=s88-c-k-c0x00ffffff-no-rj,False,False,1750142189.371595
Ugz4BzT6nKjq83rvrOh4AaABAg,lapo ga mati kabeh ae bien,1 year ago,@bramestaandra6762,UCZhLkfDwdRTsVLNsimaIfEg,0,,https://yt3.ggpht.com/ytc/AIdro_kBQxmNqCMJbE3CHmhLaOGxgYENUlRLWxmUVrPwtMDJ9ztY=s88-c-k-c0x00ffffff-no-rj,False,False,1750142189.373094
UgzoMfharJ2Psfck7nB4AaABAg,SUPPORTER NORAK!,1 year ago,@rafiq_zainuddin,UC9G36Psanrk5wSOxpJxtxtA,0,,https://yt3.ggpht.com/L0cJZGvUHLNBKIwSTzgWb2Kfzf3Fb0uRCpjUbHxkZnF1yVUoD-_uLcKdb6Q2JEXX3pn8SJ-9mY4=s88-c-k-c0x00ffffff-no-rj,False,False,1750142189.374654
Ugyl94Z8NMGiT71s_-V4AaABAg,2025 masih nonton,1 year ago,@FadillahMursid,UCXqiDIdehcljPrGCxO-oLCA,1,,https://yt3.ggpht.com/ytc/AIdro_lRTWRoJ5Mm1J6dwSFwLZYO2tYqK3zKpN4VbdDGguTxhPP-sB_V7uVUqTAw-NzD5GCobQ=s88-c-k-c0x00ffffff-no-rj,False,False,1750142189.376441
UgxRkWJerAsLHolI9dp4AaABAg,"2025 nontn lagi. Dan masih gk percaya, perkoro bola iso ngawe wong m4ti,  nrk dadi suporter bola arek ora seneng kalah yo ojo dadi suporter bola. Pemain lawan dan official persibaya datang ya pasti buat menang. Peh jan luar nalar.",1 year ago,@Zhionix93,UCMnYMYfp46beCN2i3sWKLbg,0,,https://yt3.ggpht.com/4RpaAZe6B9N_T48QT-W08yEIDIacoBZYEi9QA39oeQ-DjtUJwPYCzx5HeC-URVEMubBxViVMYD0=s88-c-k-c0x00ffffff-no-rj,False,False,1750142189.377991
UgwIpm1mosGQ9SqAISh4AaABAg,Apakah dikejadian ini suppoter arema sadarrr???,1 year ago,@haididamdani7090,UC1MnsNaJkYXOrMiUumq8knA,0,,https://yt3.ggpht.com/ytc/AIdro_mOOgQ2hqo_8db1L3DjyuhCoR3sEsRjEbbW34gOXd4maa9Sgm2SsTXc4jkocSqBJa1XlQ=s88-c-k-c0x00ffffff-no-rj,False,False,1750142189.379474
UgyNrXgsgJaNMhfuNyt4AaABAg,gak malang gak lucu ancenn,1 year ago,@hafiszayn,UC0NAddvSB1wPca-cyWw3HpQ,0,,https://yt3.ggpht.com/ytc/AIdro_n1kfxKeD7KcmqDQXgwGMssTunkRNfjFM0vHJ5-7kBgBYce=s88-c-k-c0x00ffffff-no-rj,False,False,1750142189.38113
UgwSCobv9rE41ANxumZ4AaABAg,Tekanan dari tuan rumah pada laga ini tidak pernah akan dilupakan oleh para pemain. Tidak semua pemain di dunia bisa merasakan atmosfer pertandingan setegang ini.,1 year ago,@maztenx,UCn8suR7ZHjZu8M64T-SJklw,1,,https://yt3.ggpht.com/CwoHg11ebCPrRqqI64sOcfEv8Q9jWzmLKjIauTOV52lSH06ShQrsbeRDvn6bmuF0pHLW97E0=s88-c-k-c0x00ffffff-no-rj,False,False,1750142189.382662
UgxcdoH4bbX_1S-y6HB4AaABAg,"Pantes di tutup pintu keluar stadion , ternyata di luar chaos , gakebayang kalau semua keluar offic persibaya kaya gmna ,",1 year ago,@bangjhon129,UCcEhbe7sEb87tMYKxLSSulg,2,1,https://yt3.ggpht.com/39Iw9ZpdfN8mtTl2KbV5sy19w3ppb_VfEeB2QlVx3126stIxSTk3R0kkr5giMhYZhCPtjYfbkw=s88-c-k-c0x00ffffff-no-rj,False,False,1750142189.384233
UgxUvwNzgI_NQia53Qt4AaABAg,Andai sho yamamoto ga cetak gol😂,1 year ago,@Nbaframeandpicts,UCqmDwvPORGh5Z-tvdVpNlkg,0,,https://yt3.ggpht.com/JXIZGa4AmAJFhlTe8ZECYY_PJq1psvuUcEknTZhLtRgz3kgoWet7ffDXwObKVNI-7LkLeKvh=s88-c-k-c0x00ffffff-no-rj,False,False,1750142189.385704
Ugw1syEGEuMPiRvYmE14AaABAg,SUPORTER KAMPUNGAN...! DIA YANG BRUTAL MALAH NYALAHIN APARAT,1 year ago,@adisyahputra9825,UCCNbunKVjbakntIck-5BdAQ,2,,https://yt3.ggpht.com/ytc/AIdro_mWYr5ACRc2UQmKsIH-xTThIcCKjzz4WRuNfbW8Dkx4HXE=s88-c-k-c0x00ffffff-no-rj,False,False,1750142189.387177
UgxfbHKKfy8Y6GFM4rZ4AaABAg,Titik terendah dan terhina supporter adalah menyerang pemain dan official dari team rival. 😂😂 Mau kaget tapi ini alema,1 year ago (edited),@ichsanahmad4220,UC7uI-w1cmZUqfoXw4gJkZhQ,3,,https://yt3.ggpht.com/ytc/AIdro_lnJ4DUFSX9ZX_bd7VF6LMrpJasKuilWsBS6pG3w3o=s88-c-k-c0x00ffffff-no-rj,False,False,1750142189.388635
UgxjVhayBOXFbHUQujh4AaABAg,Bjirrr ketiban fakta 🥴🥴,1 year ago,@rover9135,UChC0yJqq8Di9G7HdXTHTekw,0,,https://yt3.ggpht.com/AsbrqS9YSynim-ENXLHgwDaDZk-qieFjCAYvLsu1_7LCMSiE1RyhcjkI5omwg1F4SThxJnMusRk=s88-c-k-c0x00ffffff-no-rj,False,False,1750142189.390077
Ugys3b_FBMUH3_Zxk_J4AaABAg,"Hadir cak
Wani!",1 year ago,@AFABYT,UC2sVrryURQgkD3nlavXsnqA,0,,https://yt3.ggpht.com/4QaHgs3IGCTylwBh4Arzdf9MLcXaDRJ0idV78_GcQbOeAqa5kMeyX5TB0chcAt-Aqj2M3sDs=s88-c-k-c0x00ffffff-no-rj,False,False,1750142189.391645
UgznGRxT9nDNkmcZegh4AaABAg,"2025 hadir 🎉😂


Ngunu kok ra isin bedes kon melek matane",1 year ago,@AgungJegink,UCbb2_gccTU7d-bOqsfY-hsg,0,,https://yt3.ggpht.com/4TMRjvErSeaMg23NgHx_y0BPQj_GhAlB4BuMsWe3sdz2Y0UNZbUQLFFTFE5FsiH2yVl5y4Hn=s88-c-k-c0x00ffffff-no-rj,False,False,1750142189.39313
UgwWoFoyP4hPFgXzLNp4AaABAg,Apakah masih menyalahkan polisi setelah anda melihat video ini sampai full?,1 year ago,@ishamferniawan700,UCs3hlqpHqLryh1AMCSufFYA,4,,https://yt3.ggpht.com/m5bmmvW2Pn0hOKJ_vGwsX4JiO7agJMHzVzmhciZOT3_iCotrE2xAELo7E3uOFzjU41u0NX0HgQ=s88-c-k-c0x00ffffff-no-rj,False,False,1750142189.3951
Ugx4qzs1hAm_Y5ggln94AaABAg,@NarasiNewsroom,1 year ago,@abdullohhisyam7679,UCbpAmLmaWShwxQd5_0iiIPw,0,,https://yt3.ggpht.com/TL9tpxdldO1xybgNhzalW5_HyUe_dnE4UgZ_b0JHVVkHsQwYdNp0isS6vWDagMPFDdNHXXXP2OE=s88-c-k-c0x00ffffff-no-rj,False,False,1750142189.396702
UgyKha9qXOVGTQiSZn54AaABAg.ADZoRjqmimNAEo0uZxoxJD,tapi greget mas liat komen orang awam yang cuma liat dari satu sudut pandang,1 year ago,@Bimasaktiawan-rx5mx,UC2Ohpxe4utPv1qARivOvFpQ,0,,https://yt3.ggpht.com/ytc/AIdro_k78bXqxjvCHrukhuyGTsKlhlaQhxV6ae87tix931MAixZFqdBbIe8JVhOogv1wZNqh6A=s88-c-k-c0x00ffffff-no-rj,False,True,1750142189.549261
UgyKha9qXOVGTQiSZn54AaABAg.ADZoRjqmimNAEo5a4XC-bt, @Bimasaktiawan-rx5mx  dari cuplikan ini kan org2 pada tau siapa sebenarnya yang membuat kericuhan.,1 year ago,@AriSetiawan-h2e,UCx8Kz12jplVNRPNP36yirKQ,0,,https://yt3.ggpht.com/ytc/AIdro_nmtsXDHjV3vsi3WJxNLeR6_m62bNa4V324lnRtnFy0u-rpS5RDcRIx863T-hajBZ4JOA=s88-c-k-c0x00ffffff-no-rj,False,True,1750142189.550981
UgxcdoH4bbX_1S-y6HB4AaABAg.ADG-JmDsKYrADa9z74IfRX,di luar udh kek medan perang,1 year ago,@saya131,UCcpWlTk9ZV-Yhy3C7yoBTeQ,0,,https://yt3.ggpht.com/HdpcU422NCJ35yeq08pmXtEZhFb5MwYNyLP__xWs9UbTJ0OT-15R8sb40lNxOQ7d-xXNu0M9cQ=s88-c-k-c0x00ffffff-no-rj,False,True,1750142189.696099
UgxLTfigbcysnx4JP-B4AaABAg,Pantes pada meninggoy orang suporternya kaya gini😂😂,1 year ago,@ggjhtt1829,UCkJUKktMbOqLrVDg3umz1ZQ,1,,https://yt3.ggpht.com/ytc/AIdro_mRg2zl_zwWMftTu85KJZ7U4zMRfVfx6Rype4BaXnQ=s88-c-k-c0x00ffffff-no-rj,False,False,1750142189.906935
Ugxs-ArtncQyvb06gUF4AaABAg,Iyo mas..tidak semua aremania brutal mas..sepurone yo mas..sing meninggal iku ora melok melok mas ora salah ora melu nyerang aparat..koncoku tomggoku menyelematkan diri...mugo disepuro dosa2ne...mugo2 kabeh sadar mas...iso rukun seduluran yo kabeh aremania bonek..kabeh di awali tensi panas dan tinggi mas...,1 year ago,@oniryusuf274,UC6Bl5io5KK9J2Ozo9mX010w,0,,https://yt3.ggpht.com/ytc/AIdro_nMzR-L5XeZZqfOLZ-JQs0VEXqvGnoFV2d9_EscPeZ8Sf1Y=s88-c-k-c0x00ffffff-no-rj,False,False,1750142189.908746
UgyQt_jXD4kjBIt2e9h4AaABAg,Jejak digital yang tak pernah hilang dan tak bisa di hapus,1 year ago,@ekoyanto1425,UCX2ovAI4ZrOYYSICcvQ68tQ,0,,https://yt3.ggpht.com/ytc/AIdro_lzftDd8m5l_evGwpzSZ2ohijsKXH0GgUcfFQfLZ04CYpU=s88-c-k-c0x00ffffff-no-rj,False,False,1750142189.910487
Ugx0JfKLM_ipYjwXLgx4AaABAg,Yang nonton ditahun 2025 angkat tangan✋,1 year ago,@candrapanji3779,UCL15GPaKg7btItMG4NgXHLg,51,8,https://yt3.ggpht.com/ytc/AIdro_ntdRfCJHWOefBEevdzu75b89n6Z3XH1U6sOTrR7K_3qg=s88-c-k-c0x00ffffff-no-rj,False,False,1750142189.912134
Ugz1M5LmkL_1t42wNuB4AaABAg,Saya nonton video ini bulan Desember 2024,1 year ago,@vancuvenk,UCy4BAIyvp00aMKG2UM2GuQQ,0,,https://yt3.ggpht.com/BGi52XdzDW516X-sdUuIGUXC4W3DG3UmYmqRmojgIDDXI6JmEPp0VPR18XWhPQiEvM-XXgeQvQ=s88-c-k-c0x00ffffff-no-rj,False,False,1750142189.913702
Ugw5kUpGmb7Wx0MkkeJ4AaABAg,"Jos Muhammad Hidayat 😂
Pas menit 43.00 gambar SINGO.E di idoni (di LUDAH.I ) 😂😂


Salam teko PASURUAN (SAKERA MANIA )",1 year ago,@FitriHandayani-or9oz,UCoVoHhYthert2ZX5ThNDJwg,4,2,https://yt3.ggpht.com/E9QDfg_wOTWibbP2UIcw4-pf_TNzg0CVl5-5FnzotFawTVBYgtG8yNSEs25QHdKWnbFmVJHr=s88-c-k-c0x00ffffff-no-rj,False,False,1750142189.91522
Ugzz-ukM9JAhLgXu3jF4AaABAg,"Coba saiki isek enek marselino ,riski, alwi sama m Hidayat pasti makin kuat",1 year ago,@bocildoang3234,UCzv2nJYhpI2Qbh5hZoxjLsQ,0,,https://yt3.ggpht.com/ytc/AIdro_l6LfiGUOovI1gGphSJuRe0J78AzT4UMRYC_hyCjtiSi8XqkNILzrxpVmBSvC9ns51YqA=s88-c-k-c0x00ffffff-no-rj,False,False,1750142189.916699
Ugzo-nc-GxLYgExQgyd4AaABAg,Masih menyalahkan polisi?,1 year ago,@evanb.p.p9221,UCfQROz4qYSFjqZ_vedYBvPA,0,,https://yt3.ggpht.com/ytc/AIdro_lXCpv9R4B07OCtxS5nKbqTd2dOphEMw5_JbLklUmIjhy4uMx4EL0dgbCbWmLeygOLbOQ=s88-c-k-c0x00ffffff-no-rj,False,False,1750142189.91816
UgyVWmPYH6r5F_cVbMt4AaABAg,"Bersatulah supoorter indonesia..
Kita saudara..",1 year ago,@amaljariyah-n3h,UCzFSCuwKoN5tAqcOwexeqkw,0,,https://yt3.ggpht.com/ycmBDJ11s853auLEPlGj3C174KEzA6QXRC_oW0npCn7lc53h6XDF8Lqsgj3cZpiEr_vDe70oD2U=s88-c-k-c0x00ffffff-no-rj,False,False,1750142189.919648
UgxORCg0S90S4S7l2nd4AaABAg,Arema semangat,1 year ago,@thoyyibahnafia8603,UC9i6qeuSQj2dGmYQGgESg9Q,0,,https://yt3.ggpht.com/Juak6353l6rLN3CH4Mae7j0kLvuxrYv9EmgavSZ13TWSPTp0q2IDJsn1z2RiDY9X-G_PF7qH=s88-c-k-c0x00ffffff-no-rj,False,False,1750142189.92109
Ugzfut7JaqbFjgZvDcF4AaABAg,Sampai saat ini ga pernah mereka mengakui bahwa tragedi tsb sebab awalnya dari ulah suporter mereka ( aremania ) tapi sibuk mengalihkan tragedi tsb karena kesalahan aparat. Semoga kejadian serupa tidak terulang lagi.,1 year ago,@fafannoplus6170,UCLcIhMwFjI4fxCfETAKVaSA,12,2,https://yt3.ggpht.com/ytc/AIdro_mNK2i3gtpXX7ED26otpY1p4a_DYZ4t7ab8c5StMUJPBg=s88-c-k-c0x00ffffff-no-rj,False,False,1750142189.922601
UgxYN2tig978l2G9ulh4AaABAg,Bedes Arema😂,1 year ago,@AkuNetralLek,UCnVTztzZ5FPCUPHE_GLW1Tg,1,,https://yt3.ggpht.com/-JcCXv3WhW6WaKPXryry95XOztRTiJrPAMJCOb-6WMLQQ_9FP5gzwonfVU7gW_w_qQGdOCZen9g=s88-c-k-c0x00ffffff-no-rj,False,False,1750142189.924058
UgzyL4Fovb-Pndu7MZJ4AaABAg,AREMA SDM RENDAH,1 year ago,@imann9105,UCE8Ps5rLiLGM3dgzdAcprqA,2,,https://yt3.ggpht.com/ytc/AIdro_myH6RvGXrfc6EC2viSEfgEKuogvS56i2MpXbVT04KNRok=s88-c-k-c0x00ffffff-no-rj,False,False,1750142189.925486
UgyoPfY8E-8Txl6m9nJ4AaABAg,Di sini kelihatan coach aji benar2 totalitas kasih arahan ke pemain2 Persebaya.... untuk berjuang sampai titik penghabisan,1 year ago,@maxinoda4208,UCrAsAlenGM4-qVHGnbg21Fg,0,,https://yt3.ggpht.com/CLe1bbk9G4k66L651ZEJoabX754_lqAxIHBDObc5Wf2JMKrWHmZ2Gu90E4pGb9Z8UDQM6xZGyw=s88-c-k-c0x00ffffff-no-rj,False,False,1750142189.926934
UgzNXbBwcqZO95vtTMF4AaABAg,Nontong lagi yang ke 3×,1 year ago,@fisalrifkiansyah7413,UCd9zKLHgOpL37LgKmEx85Ww,0,,https://yt3.ggpht.com/ytc/AIdro_ls0vhWs4kqy-095ZwSEOKuRHtVtFFeSy6EKZThk5nR5Rjjb1uecFchqRpuGMVIzmHYcw=s88-c-k-c0x00ffffff-no-rj,False,False,1750142189.928411
UgytfJJm0l8RUzIbSat4AaABAg,Persebaya❤,1 year ago,@fisalrifkiansyah7413,UCd9zKLHgOpL37LgKmEx85Ww,1,,https://yt3.ggpht.com/ytc/AIdro_ls0vhWs4kqy-095ZwSEOKuRHtVtFFeSy6EKZThk5nR5Rjjb1uecFchqRpuGMVIzmHYcw=s88-c-k-c0x00ffffff-no-rj,False,False,1750142189.92992
UgyhyJnH6ZhHI3bA3-d4AaABAg,Selagi masih ada IB ✌️ klub arema masih selamat dari sanksi PSSI. Kalo suporter arema bikin ulah lagi cukup di bubarkan aja,1 year ago,@nizar_ae,UCcqtf2dpJgutRTQJ7OVh1-w,0,,https://yt3.ggpht.com/ytc/AIdro_lI5aDxWDIVwQWn2Dun0faVxVMFYeD0rw9iq9KQ0ltN2dR9pCPWY0WuJ6rPOPQusko1-w=s88-c-k-c0x00ffffff-no-rj,False,False,1750142189.931514
Ugy9BZqzJDHFYDiPQ8N4AaABAg,"Semacam peringatan utk sepakbola indonesia, agar lebih baik lagi, junjung sportivitas, kalah menang sudah biasa. Namanya bertanding ya ada kalah menang seri. Mendewasakan suporter tidak mudah. Bravo sepakbola indonesia",1 year ago,@hasnanhae,UC8S5PONlm6d_HanhUGGL5Rg,0,,https://yt3.ggpht.com/-oo2ZBq6vMO2AqbD_SidjSXUY9784JtsURX-B0iEvYkXjTD9j-11DSBaTf8AiHdkVarxBl65jQ=s88-c-k-c0x00ffffff-no-rj,False,False,1750142189.932976
UgyW1GBjBVNcDOay7XB4AaABAg,Alhamdulillah ndilalah kok tim official ada yg ngevlog sehingga  punya dokumentasi.. Tak disangka tak diduga kalo di akhir laga ada tragedi hebat kaya gtu,1 year ago (edited),@TinTin-ru3ln,UC5sYFKTGwTqnXYTnzLKy0pw,0,,https://yt3.ggpht.com/ytc/AIdro_l4FbtRq7mJZxA-X6FnIGjui9lHi0LEre8r5Ujigns=s88-c-k-c0x00ffffff-no-rj,False,False,1750142189.934401
Ugy3UG1E6uMvxsBPTm94AaABAg,Arema : hama,1 year ago,@FJKTOY,UC_BCcA_JlCNMVQ_b_qwCcjg,0,,https://yt3.ggpht.com/8oq3Cv0bcYY2ukr7SDTXswHUUhJOIWuMjuHykxowKlete7u5jlvCbxRbeSUAOb0pCZL-Y5BY-A=s88-c-k-c0x00ffffff-no-rj,False,False,1750142189.93591
Ugx0JfKLM_ipYjwXLgx4AaABAg.ACWKMbQn2E0AEgSIWH5LJ-,Aku,1 year ago,@wanahpath1051,UCIfaZgkRDK4uj6H0aT_2-Vw,1,,https://yt3.ggpht.com/GsKL8nflF3N3x0MvXvmX-thTmOvG08gtyKPPgokKBdiKC5FiYyXxjmm_MqCo6weBrs7nvXhUyQ=s88-c-k-c0x00ffffff-no-rj,False,True,1750142190.120284
Ugx0JfKLM_ipYjwXLgx4AaABAg.ACWKMbQn2E0AGRA14aB1tw,🤚,1 year ago,@NaskhiAlfaizin,UCDPuPhMktoijqVBOiCwVKoA,1,,https://yt3.ggpht.com/ytc/AIdro_mvRD3li-d41yRn_E5Os_4vOsBVZjneUdJDuG7vaq5mQf2ukH8_J5e7d4ICjs5ajyz-7g=s88-c-k-c0x00ffffff-no-rj,False,True,1750142190.12252
Ugx0JfKLM_ipYjwXLgx4AaABAg.ACWKMbQn2E0AH4zWOrgtl5,Hadir,1 year ago,@RafaAluminiumdankaca,UCuuwtsNvJFEeWmzpgNuF--A,1,,https://yt3.ggpht.com/ytc/AIdro_l3eSdJrs9xkcAFM7kExUd2KzasO2x_y1BOcwBOQFRsO4jhq02GQpbHzLNdWF64M9fNlQ=s88-c-k-c0x00ffffff-no-rj,False,True,1750142190.124566
Ugx0JfKLM_ipYjwXLgx4AaABAg.ACWKMbQn2E0AI7Jzg9PCdN,☝🏼,1 year ago,@adiesambodo,UCqKgL08CcSIceH5QzFd_7XQ,1,,https://yt3.ggpht.com/ytc/AIdro_mVRZ0GPOLKEXsY8CEfbMXCXiHsIvureCpTPmB8TG6yiw=s88-c-k-c0x00ffffff-no-rj,False,True,1750142190.126556
Ugx0JfKLM_ipYjwXLgx4AaABAg.ACWKMbQn2E0ANjFXfvJeQA,✋,8 months ago,@AsepAryadi-e3r,UCvFQfzUhxMIqzzTxa5508rQ,1,,https://yt3.ggpht.com/ytc/AIdro_li0yM6cYLIOWjD11MRFrJBTyO1UpGuxl0HXyI_Shaix_AohWC1X6iVYA2plRVEmtsyaw=s88-c-k-c0x00ffffff-no-rj,False,True,1760682990.129853
Ugx0JfKLM_ipYjwXLgx4AaABAg.ACWKMbQn2E0APZli-5USnj,🤚,7 months ago,@MessiAffandi,UCU1MyAca383hzpHFoVkZSvA,1,,https://yt3.ggpht.com/NJEmcdTTFACJ1VPEH1rWhc_ZVWToA-hXcgWh_9nuw7gTma68hvHiDTk0viZO4q4PaCMNo75WUQ=s88-c-k-c0x00ffffff-no-rj,False,True,1763361390.132481
Ugx0JfKLM_ipYjwXLgx4AaABAg.ACWKMbQn2E0AOY1TS299Gn,Akuuu,7 months ago,@kane_java3881,UCvDTWiyStjqIhaxiQax7vfw,0,,https://yt3.ggpht.com/ytc/AIdro_muQKc7it7X6pgagpT5F8F4hTbYOikSGf78AiMmpJGpHtc=s88-c-k-c0x00ffffff-no-rj,False,True,1763361390.134875
Ugx0JfKLM_ipYjwXLgx4AaABAg.ACWKMbQn2E0ARgFRDdnw8W,2026😊,5 months ago,@nnda09_JR,UCT4pVx9orSPMwQXtZpgTAIg,0,,https://yt3.ggpht.com/kGJJjwqmD-lCzTWVP-mM77e0ECNTmq-q9NGfwd20xiWjiAta91tf4izbOeOZyzSAcpwhcrdGxA=s88-c-k-c0x00ffffff-no-rj,False,True,1768631790.137044
Ugw5kUpGmb7Wx0MkkeJ4AaABAg.ACRFy1CPoBXACdVUYv-7GX,kabar persekabas gmn skrg?,1 year ago (edited),@SofyanMuhammad-wh9xp,UC2TiZEJCIG3-aITnm-7-Y2g,0,,https://yt3.ggpht.com/ytc/AIdro_ln-9HYXgytSDFQbDRDb_rgH6bzytH6hE2dknWeVZrk6K8go1x19Eeds3jB779sjKtoDw=s88-c-k-c0x00ffffff-no-rj,False,True,1750142190.278299
Ugw5kUpGmb7Wx0MkkeJ4AaABAg.ACRFy1CPoBXAJet3bPxiO4,Aku yo arek Pasuruan cak. Seduluran awakdewe 😂,11 months ago,@Ersha.Atmanegara,UC4T80PVa2c2Y3XVMTKhmTQg,0,,https://yt3.ggpht.com/YKDHOumXmGAlWF6-YOC4adZq0wYLuGFQqQWMrA3tIqkKvhpuNM3zqiVnUqrQCCi1PhguK0IK8dc=s88-c-k-c0x00ffffff-no-rj,False,True,1752734190.282131
Ugzfut7JaqbFjgZvDcF4AaABAg.ACI_F98h2SOATowg3dNx7_,"Kalau ga di lapangan gausa ngomong, mas!!! 

Begitu kira-kira jawabannya",3 months ago,@gallantprakoso7412,UCwtZSfoWsoFrTZtO4Yg0jYQ,1,,https://yt3.ggpht.com/ytc/AIdro_lA3KDuqK-uA2sj79BD4d0aplf8iScYOgx8xArh1dIDMw=s88-c-k-c0x00ffffff-no-rj,False,True,1773729390.433537
Ugzfut7JaqbFjgZvDcF4AaABAg.ACI_F98h2SOAW94U1ckcNv,"​ @gallantprakoso7412 terus salah sopo mas,, eamng dari awal rasis tok ngunu",1 month ago,@Gamal.mberot,UCI6pUafsx4JawlSM2fCrinQ,1,,https://yt3.ggpht.com/ZAUfNEqplsopVXT0Hl6DBSUzBewrflfvY8Macn3WlSghnTZB2h0bbmC5iC6w2KB5P_2chpmgu60=s88-c-k-c0x00ffffff-no-rj,False,True,1778999790.436085
UgzNiXHPNq13U-Mo9p14AaABAg,1.36.00 ada hiburan 😅😂,1 year ago,@kinkinswkinki,UCizYPUIWJDzx16RkaSx6xmg,0,,https://yt3.ggpht.com/ytc/AIdro_n-6RW7yHnAVJghxO10WjUQZsKvMPGOD7WLkQp8UMcyRafOGcU9XC42RB35QvDCecSw1g=s88-c-k-c0x00ffffff-no-rj,False,False,1750142190.636337
UgyK-AHyXhKeFuPVZR54AaABAg,"Sampai saiki aku gak bosen ndelok vidio iki 😢 pemain gak salah malah disawati watu, dan mereka membalikkan fakta, nangis seolah"" Mereka korban padahal pelaku😢 RIP Akal Sehat 😢


Btw Terimakasih Persebaya Aku Bangga Jadi Bonek Bismillah Tahun Ini Juara 💚💚💚🐊",1 year ago,@muhammadrizalridwan4529,UCJEWectuTBzpJ8iA1tab-gw,0,,https://yt3.ggpht.com/ytc/AIdro_mzJu5Xy_1vXJSnvvBi33LxLHH0bPrbsygwUR-dLtNjqsc=s88-c-k-c0x00ffffff-no-rj,False,False,1750142190.638083
UgxNotgelcQc5unEWpN4AaABAg,Kanzoorohan,1 year ago,@anaktambang2,UCB28eJMYJFQwzdEXDYELgcg,1,,https://yt3.ggpht.com/ytc/AIdro_k9VxC1N1RzmMOyxTKNwzL1ak0exlqGlRU1vkmk93M=s88-c-k-c0x00ffffff-no-rj,False,False,1750142190.639588
UgxH3gkp4NZb1TuW_Nl4AaABAg,"Dasar fans aremania, gak sportif, tim nya kalah ga terima. Tidak mengaca, pantas indonesia disebut SDM rendah. Bikin malu nama Indonesia aja😡",1 year ago (edited),@Sndyyyツ,UCXShwImXnQ4KNprIObrTzaw,1,,https://yt3.ggpht.com/wHVtG2dQpuCUQ64Ojcwkt8xHzMPUBdhqqtfD9sHBoWu-YFDmW7tNnMUPO5hNJOopCFCikgTLzA=s88-c-k-c0x00ffffff-no-rj,False,False,1750142190.641044
UgzaT7DR8SfN6CLhR5V4AaABAg,Video ini bawa ke FIFA,1 year ago,@aldericjeffreinaldo3563,UCuVK_ggJNrtmm7EQ7Dcij0w,3,,https://yt3.ggpht.com/ytc/AIdro_mY5s9d1AkozLeh0y6f0FwEWe3qiC8ghqQc375Q8cYkWtI=s88-c-k-c0x00ffffff-no-rj,False,False,1750142190.642498
Ugw9UZ7IKj97WLDxX7h4AaABAg,"Kalau lihat video ini , memang sangat layak untuk tidak di maafkan. Harusnya di Bubarkan itu Arema. Kalau ada yang tanya, sampai kapan ?!? Sampai Seluruh Suporter pendukungnya Taubatan Nasuha dan punya pikiran yang dewasa seperti manusia Normal. Kecuali biang keroknya yang suka memprovokasi , ngomong kasar , ngomong jorok dan menghina mati semua Alhamdulillah berarti ke depannya suporternya tinggal manusia² baik semua dan ini bisa di bina dg baik ,tapi si sumpil saya denger masih hidup? Provokator yang masih hidup harus segera di kandangi dan layak di HUKUM dengan SEBERAT-BERATNYA, karena dia penyebab hilangnya RATUSAN NYAWA!!!",1 year ago (edited),@MuhammadSaifullah-fr9iy,UCp2UHwd5CBIdGTqpQPJ4kMQ,2,,https://yt3.ggpht.com/xP_2-kOHI0iqPifW7UNz5D_USvJd7pZOofQhaOwuJF0yUwSr84D6cgjaascmbjTbj8dUyKq_Rg=s88-c-k-c0x00ffffff-no-rj,False,False,1750142190.643967
Ugx3MFcDz3RFizDx_HN4AaABAg,Delok emosi jek bocil arema emng parah ngono jarene kate damai di ajak damai kyok ngono,1 year ago,@BrianPutra-l9y,UC3YCtB7kZcvBss6fwyQIM7w,2,,https://yt3.ggpht.com/ytc/AIdro_k78bXqxjvCHrukhuyGTsKlhlaQhxV6ae87tix931MAixZFqdBbIe8JVhOogv1wZNqh6A=s88-c-k-c0x00ffffff-no-rj,False,False,1750142190.645435
UgxSpk19Li6Ie0gTA1N4AaABAg,Delok emosi jek bocil arema emng parah ngono jarene kate damai di ajak damai kyok ngono,1 year ago,@BrianPutra-l9y,UC3YCtB7kZcvBss6fwyQIM7w,1,,https://yt3.ggpht.com/ytc/AIdro_k78bXqxjvCHrukhuyGTsKlhlaQhxV6ae87tix931MAixZFqdBbIe8JVhOogv1wZNqh6A=s88-c-k-c0x00ffffff-no-rj,False,False,1750142190.64689
UgzaL4IVoIHR029F6Ul4AaABAg,Menegangkan jooll....😢,1 year ago,@laskarpelangi1583,UC_Xyc45KZvl3QkecCG1WG6g,1,,https://yt3.ggpht.com/ahhD6WCuZeZeUq16giZ3C9Py2NExzQVgbblCwUKQGQ4nPQ019qOznmxfH40MPpNZ4ozP1vyFjA=s88-c-k-c0x00ffffff-no-rj,False,False,1750142190.648476
Ugww3nt4K-3NzXWWEMl4AaABAg,"Gak tau apa jadinya kalau Gak ada mobil rantis Polrestabes Surabaya😢.. 

Trma kasih ya Allah.. Trimakasih polrestabes Surabaya.. Trimakasih Polda Jatim",1 year ago,@MuhammadZidanAzharNasution,UCsOu6RQHe6CxtMQbB0cTPTw,2,1,https://yt3.ggpht.com/ytc/AIdro_mzwk73fmnfDwFs4aca8l6kkQx6GyTAVAtENSyHlH_Zex_oOyaCVbcQl_w7mzDMX7MLRg=s88-c-k-c0x00ffffff-no-rj,False,False,1750142190.650239
Ugw69HjCETr8BRn8LAx4AaABAg,menolak damai sama arema,1 year ago,@whyuwhyu-n8m,UC9IpbGKRPcLlbNnUU_q2KCg,3,,https://yt3.ggpht.com/ytc/AIdro_ng1gw3UADM_235diAlSe3Nu54RPueGgFUgZiGNofsoeDo4rC_uo4wYFNhkOEklAvuJYQ=s88-c-k-c0x00ffffff-no-rj,False,False,1750142190.651728
UgzBqqPm4QgN2wAeeGN4AaABAg,Wi umpomo di bedil hukume piee,1 year ago,@SAHABAT_PASER,UCN8Bg09vrKgh3gpeYojurQg,3,,https://yt3.ggpht.com/Z9dkXbPJCJ8snuYLmzTDHrpwPfDCRH_jusEMXWdXuLJlrnvYH9UJ1TvAYYVJzciV_WGSpwH3=s88-c-k-c0x00ffffff-no-rj,False,False,1750142190.653169
UgyQnz2-DnVATqlb15N4AaABAg,"Sopo seng gaiso moleh dadine,supportermu dewe kan seng gaiso moleh,malah moleh ng rahmatullah alemah",1 year ago,@MOCHANDIANFIRMANSYAH,UCxD-KfEWYwPdMzKksFaK3UQ,3,,https://yt3.ggpht.com/vFHiwuxXGjjQkj_u1I5IWgSj_jdsE9xECBlrn03uHd4zfjNw54MI5PUlt6TixpKcEWkoYrGlhw=s88-c-k-c0x00ffffff-no-rj,False,False,1750142190.654614
UgztgGAX2_s9o__Fi0t4AaABAg,alemaa😂,1 year ago,@AmelLia-g6p,UC4FG6SXNgOz9SSNY86QAAHA,2,,https://yt3.ggpht.com/ytc/AIdro_k489dbUjVHiavMXCVBLGMHjuZ1MbGhFgMATRJyE25ZAk1KhQl3s6Hf7REnBDXFhbKjBA=s88-c-k-c0x00ffffff-no-rj,False,False,1750142190.656059
UgyTZGW7MDok0Vrc-t54AaABAg,Tak sengaja d branda youtube keluar video ke tololan aremania,1 year ago,@Sharpoo-n7n,UCw5gK0uFJUJ4oDSOaU_VTmQ,4,,https://yt3.ggpht.com/-OsbZXw_ME85-TM23p5AGE0PK0-e6JAOHeA44IBXYrzOQOk0jyj47UePNXiKOE_fNy_Z-Mjf=s88-c-k-c0x00ffffff-no-rj,False,False,1750142190.657523
UgxRTWeDd2nOQ0In8yF4AaABAg,Bubarkan Arema,1 year ago,@BowniSudjiwan-xn2kq,UCuKNLakJXBY_diN3SK3YGvQ,3,,https://yt3.ggpht.com/ytc/AIdro_nSNiYSvPvCCpOaA3XQDR5Z1JbETTCUrC0epju2BYRcUAhWBpYB6ETxcv4epfmtCNjofw=s88-c-k-c0x00ffffff-no-rj,False,False,1750142190.659029
UgxxsKLWOeSWJIJqT3t4AaABAg,Polisi sudah bekerja sangat baik di video ini cuman org org primitif distu terlalu bodoh mereka seperti tida miliki akal norakkk,1 year ago,@marcoscoco6868,UCmuaseI8_xycyJ3B8XTzAmw,2,,https://yt3.ggpht.com/ytc/AIdro_l5LbrmERgOyVCCzLcDksCeerBgyzdVWeZozMwryJLBzw=s88-c-k-c0x00ffffff-no-rj,False,False,1750142190.660542
Ugzzxa-CLrlHiN0qBmZ4AaABAg,Kiamate suroboyo dek malang,1 year ago,@Apriliantdwi,UCrfbyM7GiFwRC-nLO2V42vQ,2,2,https://yt3.ggpht.com/QDfE3JFZB5lP--2tT6CVC5lpU_b6uDo_97O5OJQMGj-P8_cBAr7ukrutOTFsRuMuv6Nt4QfN=s88-c-k-c0x00ffffff-no-rj,False,False,1750142190.661991
UgwwGit596CGz7JXojF4AaABAg,"Jangan ada lagi Sepanduk 
KIAMATMU DI MALANG",1 year ago,@syiennyamrull4604,UCLOb9z74ledVd20Z32GoOGg,1,,https://yt3.ggpht.com/ytc/AIdro_k0cSeDU7e2LPJgw_ez094KLNhygkdllQ19GxI8x6N5doA=s88-c-k-c0x00ffffff-no-rj,False,False,1750142190.663432
Ugyw-rAn45ovr_JCIVt4AaABAg,"🤣MEMANG UDAH DI NIATIN POLISI"" MENCURIGAKAN DI DALAM SUDAH ADA BOCORAN NIAT BUSUK SEBELUMNYA",1 year ago,@MuhammadIbrahim-cv6bt,UCCjNDmNNEfQqjfkg-yJeb0g,1,,https://yt3.ggpht.com/ytc/AIdro_nWBkhs3XZcENi1MSPCdcXzpUjnMm2sZJbVobSifX-nvmmNb8bXfpOmj_RTnLGbL03qbA=s88-c-k-c0x00ffffff-no-rj,False,False,1750142190.664871
Ugww3nt4K-3NzXWWEMl4AaABAg.AC095B1N6rmAJeuMipqpT5,"Kalo naik bus, pasti penyok semua bodinya bro.",11 months ago,@Ersha.Atmanegara,UC4T80PVa2c2Y3XVMTKhmTQg,0,,https://yt3.ggpht.com/YKDHOumXmGAlWF6-YOC4adZq0wYLuGFQqQWMrA3tIqkKvhpuNM3zqiVnUqrQCCi1PhguK0IK8dc=s88-c-k-c0x00ffffff-no-rj,False,True,1752734190.821909
Ugzzxa-CLrlHiN0qBmZ4AaABAg.ABwSVh4EMCLAC0GBJHdqvE,Malah dadi kiamat e alema dewe wkwk,1 year ago,@MalikTheKing116,UCOKx9xSNHWMJuaV06PwVCnQ,4,,https://yt3.ggpht.com/ytc/AIdro_nkY7EgWbAdgqI_NcHP8Nu8McDeWQZ7b3OpTIvTez2DTAs=s88-c-k-c0x00ffffff-no-rj,False,True,1750142190.965017
Ugzzxa-CLrlHiN0qBmZ4AaABAg.ABwSVh4EMCLABwZtr92LcD,Opo iyo😂😂,1 year ago,@dwicahyono6767,UCrfDN-Ysw4Oux-9GnCBwNeA,0,,https://yt3.ggpht.com/ytc/AIdro_mZ8cBjTXB_9MRM2grxkA3wDXgmgkxTWagoWmPh1xvQpHY=s88-c-k-c0x00ffffff-no-rj,False,True,1750142190.966712
UgyIwQe0wZhByugFcjN4AaABAg,"Yak.bringas ngene polisi.kudu wani tembak.tepat...nyowo iki pak...pssi mah mek tolah toleh sakno.pemain karo official...
PSSI harus jamin keselamatan.pemain.liga 1",1 year ago,@nyimakaeee,UCJihrycCOmlZIrZNMC6Kvkw,2,,https://yt3.ggpht.com/OHlLbfZtz1E6eT7ttjLMQ5PHkqqP8o3jY3lVxp2mQjbp47sEjQGRjx_2s2drsbkpdxvSZr3o=s88-c-k-c0x00ffffff-no-rj,False,False,1750142191.16857
UgxD6Ci8jJPOtP1qPzV4AaABAg,"Bambang irawan
Ingat. Allah menciptakan manusia di muka bumi ini harus saling mencintai, menghormati, kasih sayang sesamanya, bila manusia melanggarnya pasti Allah akan memberi murka.
Saya menyarankan kepada PSSI, kedepanya bila Arema sebagai tuan rumah menghadapi Persebaya. Dilaksanakan saja di luar jawa, tanpa penonton.",1 year ago,@ruang08smala-le2tk,UCewqxK7NxnJYFDINRoJ3O7A,1,,https://yt3.ggpht.com/ytc/AIdro_lkvZL6_kz1dOZZNlAfaTAAvzD815r_d0GFkV8C9bR31YRZeGPylgyyE4sM5v8Yxu6Veg=s88-c-k-c0x00ffffff-no-rj,False,False,1750142191.170265
UgxVZhgx4JW__IHR3vB4AaABAg,Sangat brutal Aremania miris saya melihatnya kasihan pemain Persebaya terancam nyawa nya,1 year ago,@shahrukhalkathiri10,UCub7xQpdSg4q1pdUO3f54OQ,1,,https://yt3.ggpht.com/zhVolWSDI4QKOEFuCkInJGPNOwt-nqKXknEf04K4QjKDj974xiZrs_RCO-arD-jI0TyApyPBZg=s88-c-k-c0x00ffffff-no-rj,False,False,1750142191.171752
Ugz6unN5rSypQ0KSV_14AaABAg,AREMATEK,1 year ago,@pakiszur,UCyXtEUxmDt-BckfSGayUaWA,3,,https://yt3.ggpht.com/ytc/AIdro_mzVVpUZLVSyffjziTGzkKbWAYgj1T68otYg8nOJ9JKF5Jcx3v_FmvtuVtiTkxDnRhXpA=s88-c-k-c0x00ffffff-no-rj,False,False,1750142191.173236
UgyTZ42ykcc52eJbsTp4AaABAg,Usut tuntas taek iki gae bukti bedes gunung ben ndelok kelakuan ne koq iso nyalak no polisi,1 year ago,@userlaziobolachannel,UC70eSuqEnmTFNWmdt2HDRLw,2,,https://yt3.ggpht.com/07FWe6Hf_XO2gFUSIoONtQ2qk-6eXhxFEGbhTqH7r45JfqBzk_FNzY9ytTwuQfZLY56BlB6hCH8=s88-c-k-c0x00ffffff-no-rj,False,False,1750142191.174718
UgzVi0ZTXx7zqKcNKbh4AaABAg,AREMATIAN🤣🤣🤣🤣,1 year ago,@goprakchannel3697,UCo7QU50oYkPwLBwQNitonNA,6,1,https://yt3.ggpht.com/ytc/AIdro_m6HEvwRBHMgwk_A1YUqBYPC_aGNGuzqv3Blv-0AqLeYTo=s88-c-k-c0x00ffffff-no-rj,False,False,1750142191.176152
UgwmpfnG9pcrZ1iUlol4AaABAg,kiamatmu dimalang,1 year ago,@ramawalker9735,UC-RPYHlx4YgntOMNM6EAzjQ,2,,https://yt3.ggpht.com/ytc/AIdro_lQ1N269tC_sclHwQgwTjoklhnJAGGk5FSckqKupB8=s88-c-k-c0x00ffffff-no-rj,False,False,1750142191.178186
Ugyh5Xj6EWThMDG2UzZ4AaABAg,Akhirnya bajol ijo .... Makan rica rica singgo,1 year ago,@m0krem1927,UCXy1JSK2O_y_TwJ43vQJirw,2,,https://yt3.ggpht.com/ytc/AIdro_lbt1NidQ4VdFp9wmZ5GL_I7v8iWlfLsmTPztZ966MdCWX3HyB8AR4y_ozf4bQkMiOO-w=s88-c-k-c0x00ffffff-no-rj,False,False,1750142191.179735
UgxR3RVyJb5IBqKN2uN4AaABAg,Sing nyawat iku asline Bedes Kabeh cuma macak Menungso.😌,1 year ago,@rendrakusuma7229,UCSYIe3ZkXX4MjGU3PagAk6Q,2,,https://yt3.ggpht.com/ytc/AIdro_mZfhqp9IE_LEnTMpAU_GBrQntaYQNoWD3qRza1Kyw=s88-c-k-c0x00ffffff-no-rj,False,False,1750142191.181286
UgzI7xbXI7BuWP2X0-J4AaABAg,43:01 ... Alwi meludahi gambar aremaaa....bagussssss,1 year ago,@sahruljunior511,UCxI1S7R5Nwvi1daYwby4ing,11,2,https://yt3.ggpht.com/ytc/AIdro_n7mNLepaAw61ozucmBLj3XXYfNgKKT8ujbQgsMg6U=s88-c-k-c0x00ffffff-no-rj,False,False,1750142191.18281
UgwA5-tnSth4nLl5CkJ4AaABAg,Hallo aremania? Amarah yg kalian lakukan justru berimbas banyaknya korban yg meninggal.. hal ini jadi pembelajaran bagi kita semua agar lebih pintar utk mendukung tim kebanggaan kita. Mendukung boleh tapi bodoh jangan.. sudahi permusuhan ini.. sepakbola itu seni bukan perang.. kalah menang biasa.. jangan sesama anak bangsa saling menyakiti.. kita ini 1 darah..,1 year ago,@kristiyan0544,UCOQa7lqLlUgzUVemhsDyxBA,0,,https://yt3.ggpht.com/kt8HFPnLJMqQY7LU9gY_FHenJBTwSShvXpBl2yUfAXEAw3Rr_uWxwsb_gHFWGB10bZkudzHR=s88-c-k-c0x00ffffff-no-rj,False,False,1750142191.184277
Ugx1M-LvKPv9js9WcH14AaABAg,Itu jumlah korbanya gak seberapa dibandingkan kejadian di Surabaya korbannya lebih banyak..,1 year ago,@ikiyutub6778,UCKg2vHpIRCxSSqB2k-dHCQQ,2,7,https://yt3.ggpht.com/ytc/AIdro_l5CrsC1kn-RyGQsQgeEZrH6AXv-N_Q1WCSOuaTAHy6bXqruU3cI4TdyFKMSlgV-7ED_w=s88-c-k-c0x00ffffff-no-rj,False,False,1750142191.185752
Ugywp4uao1XX6A5cGeJ4AaABAg,"Kejadian yang tidak bisa termaafkan smpe kpanpun , anti bedes gunung smpe kiamat",1 year ago,@bangjago7819,UCa7K7ydcviEmrffL-nZtIbg,1,,https://yt3.ggpht.com/ytc/AIdro_lFAqnR4MVcFTc1vB1e6EYgnq3RAcJX0jAAcR_2vaN5SsY=s88-c-k-c0x00ffffff-no-rj,False,False,1750142191.187177
Ugz7bFJJuahqccl6zZt4AaABAg,Arema ancen gancok,1 year ago,@antiprovokasinya7622,UCQOEuXtC4hm-ji62MSspJrg,2,,https://yt3.ggpht.com/ytc/AIdro_mO7KnFohyxu5MJs00CyzSiCBRvxVSSEzdXXF8vjyqRQA=s88-c-k-c0x00ffffff-no-rj,False,False,1750142191.188658
UgwIa2fxnSCzGvilohd4AaABAg,up,1 year ago,@kebunomahku8790,UCARc4NVKp1lxJqO6lt7pkQw,0,,https://yt3.ggpht.com/ytc/AIdro_kyBUOVa2nQTKIwbkUd9Zbc9ahp_sbpTdS4CN1ClSPVHw=s88-c-k-c0x00ffffff-no-rj,False,False,1750142191.190116
UgxGDs4xppYyMXSWgJd4AaABAg,menangan bosqu,1 year ago,@djomanjikun,UCC0aqeGYh4RQSrVvQNFqURw,2,,https://yt3.ggpht.com/ytc/AIdro_m1_Y4k6zhdirwx7_g5uu1jaVPITDYzfmsEBZNRgnHL6SAio24fm-cgmIM0yDmz8QUd6Q=s88-c-k-c0x00ffffff-no-rj,False,False,1750142191.191628
Ugw17Y13muyDvUefJUx4AaABAg,up,1 year ago,@aryaalfadlan2920,UC0y4g-ztXK0K9n73dnDLyUw,0,,https://yt3.ggpht.com/ytc/AIdro_mu3S96uVMqbOifsk599wtzyBeRWiuon9zyUvRYjl3sqA=s88-c-k-c0x00ffffff-no-rj,False,False,1750142191.193065
UgyLYeQwjzMWaX10plp4AaABAg,up,1 year ago,@aryaalfadlan2920,UC0y4g-ztXK0K9n73dnDLyUw,0,,https://yt3.ggpht.com/ytc/AIdro_mu3S96uVMqbOifsk599wtzyBeRWiuon9zyUvRYjl3sqA=s88-c-k-c0x00ffffff-no-rj,False,False,1750142191.194655
Ugyz7OhlURWw0EAS7Pt4AaABAg,up,1 year ago,@aryaalfadlan2920,UC0y4g-ztXK0K9n73dnDLyUw,0,,https://yt3.ggpht.com/ytc/AIdro_mu3S96uVMqbOifsk599wtzyBeRWiuon9zyUvRYjl3sqA=s88-c-k-c0x00ffffff-no-rj,False,False,1750142191.196142
UgxDtu6ai3kIORJptnV4AaABAg,BONEK🎉,1 year ago,@RamaWijaya-p3r,UCUCeoCLPdyVuH3Dw8VimEFQ,0,,https://yt3.ggpht.com/ytc/AIdro_l3eSdJrs9xkcAFM7kExUd2KzasO2x_y1BOcwBOQFRsO4jhq02GQpbHzLNdWF64M9fNlQ=s88-c-k-c0x00ffffff-no-rj,False,False,1750142191.19772
UgzVi0ZTXx7zqKcNKbh4AaABAg.ABuktdgnX95ABuxRrT9rC8,HEHH AWOKAWOK OJO NGNO TOO😂,1 year ago,@putrasj9616,UCmQy9hqRD-GVpOOvdgpxk9w,2,,https://yt3.ggpht.com/1WjYCu93hU-F59p9mMG46qOW6MkeY3aDVH5bvWHWbDxxnudYtihwHF4G7uBC4k_1Uf31zf93cg=s88-c-k-c0x00ffffff-no-rj,False,True,1750142191.340811
UgzI7xbXI7BuWP2X0-J4AaABAg.ABtJrD7-QN5ABua7Fn57yx,Hidayat bos,1 year ago,@Syafahrzl,UCEmIOiTO7KxzWqru-FFFHKg,2,,https://yt3.ggpht.com/ytc/AIdro_mJWnsy-4D0HHK7e70lAjKZZtXkBBcCBOJGArgGB83flQAgJc3mP46709hKr12KPbfx0A=s88-c-k-c0x00ffffff-no-rj,False,True,1750142191.489106
UgzI7xbXI7BuWP2X0-J4AaABAg.ABtJrD7-QN5AJen_foJuZZ,"Hidayat lol 😂. Wkwk saking gregeten dan panas kupingnya, sampe meludahi hewan kesayangan bedes gunung 😂",11 months ago,@Ersha.Atmanegara,UC4T80PVa2c2Y3XVMTKhmTQg,2,,https://yt3.ggpht.com/YKDHOumXmGAlWF6-YOC4adZq0wYLuGFQqQWMrA3tIqkKvhpuNM3zqiVnUqrQCCi1PhguK0IK8dc=s88-c-k-c0x00ffffff-no-rj,False,True,1752734191.492274
Ugx1M-LvKPv9js9WcH14AaABAg.ABrs3dsmCNpABtrstLwHJB,"135 ga seberapa? 
Tragedi kanjuruhan ini No urut 2 jumlah korban tragedi sepak bola di dunia",1 year ago,@MalikTheKing116,UCOKx9xSNHWMJuaV06PwVCnQ,0,,https://yt3.ggpht.com/ytc/AIdro_nkY7EgWbAdgqI_NcHP8Nu8McDeWQZ7b3OpTIvTez2DTAs=s88-c-k-c0x00ffffff-no-rj,False,True,1750142191.641745
Ugx1M-LvKPv9js9WcH14AaABAg.ABrs3dsmCNpABvs803CHBp,"@Malik-ri9rj  di Surabaya korbanya lebih dari 15rb, saat lawan Inggris",1 year ago,@ikiyutub6778,UCKg2vHpIRCxSSqB2k-dHCQQ,1,,https://yt3.ggpht.com/ytc/AIdro_l5CrsC1kn-RyGQsQgeEZrH6AXv-N_Q1WCSOuaTAHy6bXqruU3cI4TdyFKMSlgV-7ED_w=s88-c-k-c0x00ffffff-no-rj,False,True,1750142191.643497
UgzhMHY1UFHzp8NgeSx4AaABAg,"Gara2 kejadian ini, temen2 yg dari kecil smpe bapak2 mbonek bareng skrg pada pensiun.. skrg tinggal beberapa yg masih mau nribun. Aremania ndueso ajg gara2 kalian kampung ku kalo persebaya main skrg udh gak rame lagi kyk dulu 😢",1 year ago,@dwiperek6300,UCBKc8a8q7O_0VvYBiiVcblA,1,,https://yt3.ggpht.com/ytc/AIdro_neGrEF1MOZcwIe2zHoH1Wg7xRUoVrLdnUSoYMRJAA=s88-c-k-c0x00ffffff-no-rj,False,False,1750142191.840842
Ugzm-1TLfDvrTo1NZWF4AaABAg,"Semoga. Semua. Almarhuma. Saudara. Arema/Aremanita.diampuni.segala.dosa2nya.&dilapangkan.kuburnya, 🤲🤲Amin. Yra. Dri, saudara. Tuamu. Bonek&Bonita.🤝❤🇲🇨",1 year ago,@SilviSafitri-t3s,UCPp7iNBpQFpyVdYQRpehMag,1,,https://yt3.ggpht.com/ytc/AIdro_naVtQgGqLR2mEJBYsUptJWeahbG_5vnBCPaDOqBcwUdRBL6bJjSCLq-kGRbS6uIBwmZQ=s88-c-k-c0x00ffffff-no-rj,False,False,1750142191.842473
UgxYjxq8hxKHuIuQErl4AaABAg,"rewatch 2024 setelah match persebaya vs arema, rasa nya tetap lah sama...",1 year ago,@himhimaean,UCnxA2dpranmaEQNmH8TIOyQ,0,,https://yt3.ggpht.com/ytc/AIdro_lKSqaph7k3ANkdegNSz7j154viZDddXSeD4Cc4VSUAsJ6q=s88-c-k-c0x00ffffff-no-rj,False,False,1750142191.843999
UgwzVUd4tRpXea0p-et4AaABAg,Tembus 2jt lebih ditonton.... Wow,1 year ago,@bobaja3665,UCxgyZRCEELX9k8X__adfIFQ,0,,https://yt3.ggpht.com/ytc/AIdro_mfkbCsFKZhoUqRv2hj3OKi_aTTPhofGp41tVgSF3VMPA=s88-c-k-c0x00ffffff-no-rj,False,False,1750142191.845495
Ugw6Biv4yGN1uTqRSYx4AaABAg,"salam satu jiwa ❌
salam satutigalima ✅",1 year ago,@fauziseptian357,UC1wJrHBMdNiQf6PixH4sFVw,1,,https://yt3.ggpht.com/ytc/AIdro_kcXEOu6k8h4vhd7TDiBQEyGlFlZxCRHzbQX8RkSVGKqSDE8MJMACx0THsWFFcXjtrIGA=s88-c-k-c0x00ffffff-no-rj,False,False,1750142191.846981
UgyJHVIMAgcd78dyhkF4AaABAg,8 desember 2024.masih tetap aku ulang2 nonton.mengenang perjuangan pahlawan2 surabaya.sangar kabeh,1 year ago,@onnityalesmana5173,UCiK7GPjrQswK84fHUtF0DiQ,3,,https://yt3.ggpht.com/ytc/AIdro_nn6wAY-AxtgTwo2pyg5WJTFOiQHG37wGiqSvuy8e4iK64=s88-c-k-c0x00ffffff-no-rj,False,False,1750142191.848464
UgzLDxy8xvrs4Q31FJ14AaABAg,Menonton kebiadapan binatamg binatang yg bernama aremania,1 year ago,@kebunomahku8790,UCARc4NVKp1lxJqO6lt7pkQw,2,,https://yt3.ggpht.com/ytc/AIdro_kyBUOVa2nQTKIwbkUd9Zbc9ahp_sbpTdS4CN1ClSPVHw=s88-c-k-c0x00ffffff-no-rj,False,False,1750142191.849954
UgwQb8ytnrII_GV1kmN4AaABAg,Alhamdulillah kita menang lagi. 🐊🐊🐊🐊🐊🐊,1 year ago,@cakdisboyo3533,UCp7C1swG0Tn-i4QQDtXINng,2,,https://yt3.ggpht.com/EX_fsTlM4B8-SpHLRAc3ShbjO2QP8btgMeavHvxlXpvk3CXwahsFjSslIto_gp1TsHLEt2d9uA=s88-c-k-c0x00ffffff-no-rj,False,False,1750142191.851465
UgxowTUb04xfQWqJeO94AaABAg,ANGKA KRAMAT 3-2🥶🥶,1 year ago,@mawardejong-d8d,UCN1jGY1mpfD1R5H2MIpduWA,6,,https://yt3.ggpht.com/ytc/AIdro_mHmuU06D7d5sBRgDRpRTvVd8vsSTtRz8SeQaLfhG4HVx1vDFIuKij6U4A3NXKz4jBOYA=s88-c-k-c0x00ffffff-no-rj,False,False,1750142191.85296
UgyskfwGzEHquWfHHPR4AaABAg,KOYOK AREK CILIK AE WONG MALANG NGUNU AE BAPER😅,1 year ago,@AnisaMaulida-b5h,UCljdoLPhP8C8fTqypzLGRQw,1,,https://yt3.ggpht.com/ytc/AIdro_meYAh6NPkc3qZ9RQbztfozX2jknUqc69hcasQTLZa7CCWY6MHmzRI1I6I59gYFhEiQXA=s88-c-k-c0x00ffffff-no-rj,False,False,1750142191.85455
Ugz90x_qQM7LRWecwWx4AaABAg,persebaya,1 year ago,@TaigaYuki-y4t,UCXYBn1AXzoZDfGhHfDYF2BA,0,,https://yt3.ggpht.com/ytc/AIdro_ltGlb3_7X3ZrEVI0dp-wUXaYlREqiCrEqkY4NCx2S_MpG4NsIz1P3T3t04Uxz3vKkEjA=s88-c-k-c0x00ffffff-no-rj,False,False,1750142191.856028
UgyDZaiBTXdwNk_Uc8Z4AaABAg,Up,1 year ago,@wahyuibrahim8725,UCbYTdzkUoLkTYdo7t9JrRlQ,0,,https://yt3.ggpht.com/ytc/AIdro_mwut6Z7ZgArtXd0YwCUh_sDMrY0qy0_z6F3oPu0PQ=s88-c-k-c0x00ffffff-no-rj,False,False,1750142191.857519
UgwOGA3QVTHQEk8PQlZ4AaABAg,Up,1 year ago,@wahyuibrahim8725,UCbYTdzkUoLkTYdo7t9JrRlQ,0,,https://yt3.ggpht.com/ytc/AIdro_mwut6Z7ZgArtXd0YwCUh_sDMrY0qy0_z6F3oPu0PQ=s88-c-k-c0x00ffffff-no-rj,False,False,1750142191.85903
UgxvopsgthGExxBZZqh4AaABAg,Up,1 year ago,@wahyuibrahim8725,UCbYTdzkUoLkTYdo7t9JrRlQ,0,,https://yt3.ggpht.com/ytc/AIdro_mwut6Z7ZgArtXd0YwCUh_sDMrY0qy0_z6F3oPu0PQ=s88-c-k-c0x00ffffff-no-rj,False,False,1750142191.861074
UgxZEWOF-ScfJP4zsVt4AaABAg,Up,1 year ago,@wahyuibrahim8725,UCbYTdzkUoLkTYdo7t9JrRlQ,0,,https://yt3.ggpht.com/ytc/AIdro_mwut6Z7ZgArtXd0YwCUh_sDMrY0qy0_z6F3oPu0PQ=s88-c-k-c0x00ffffff-no-rj,False,False,1750142191.863745
Ugx8x9fpVoNufxHlvRJ4AaABAg,pokoke sing salah aremania,1 year ago,@MirzaReza-w7e,UClrhtdzBTII4eWGdbizd8FQ,1,,https://yt3.ggpht.com/ytc/AIdro_nZa2L5tvX7AvSd4Ge5CNES4grhI0iSwAR0FOEKVgy-ONyNf84-qq6U12ADeVbgPcot_Q=s88-c-k-c0x00ffffff-no-rj,False,False,1750142191.865819
UgywbeZWcsUTLugMj694AaABAg,Up,1 year ago,@wahyuibrahim8725,UCbYTdzkUoLkTYdo7t9JrRlQ,0,,https://yt3.ggpht.com/ytc/AIdro_mwut6Z7ZgArtXd0YwCUh_sDMrY0qy0_z6F3oPu0PQ=s88-c-k-c0x00ffffff-no-rj,False,False,1750142191.867361
UgwRszAms94ZtNDKU7R4AaABAg,Up,1 year ago,@wahyuibrahim8725,UCbYTdzkUoLkTYdo7t9JrRlQ,0,,https://yt3.ggpht.com/ytc/AIdro_mwut6Z7ZgArtXd0YwCUh_sDMrY0qy0_z6F3oPu0PQ=s88-c-k-c0x00ffffff-no-rj,False,False,1750142191.868964
Ugz_yOnKiooDB9zYrdR4AaABAg,HISTORY MAKER,1 year ago,@dafin.f.p6977,UCg9KAvrgXIvpFI3q9_XzZ-w,0,,https://yt3.ggpht.com/UkPvGkEwfCAMb2DzaRRnBA0FAKFarJCQ-6tUTPEej8D9MluhGJ9qZrX6Q1_AjG9BUFOBDqeK1g=s88-c-k-c0x00ffffff-no-rj,False,False,1750142191.870872
Ugw5ohj8ypKd65DWMzR4AaABAg,"ingat rek,tanggal 7 desember 2024  derby jatim maneh ojok sampek rusuh maneh ingat timnas indonesia beserta federasi lagi bagus bagus saya berharap menang kalah sudah bisa di pertandingan",1 year ago,@zoelkarnaen7788,UCTD59ToqeHciU4HWK4Mlu7A,0,,https://yt3.ggpht.com/ytc/AIdro_knMslUin1QxgYzsx9Jn7_8e4zYbrsQfKraJoMRLa-AOcKnAxnsFfbYoVvtG1uAvVHAeQ=s88-c-k-c0x00ffffff-no-rj,False,False,1750142191.873478
Ugybn6xrNLpXdiYwKQB4AaABAg,Brimob pulisi joss,1 year ago,@btscnannel5655,UCKsgIqy7gpLaghXNgxp4RBQ,2,,https://yt3.ggpht.com/p5oCBOoe8o3JjBIt1J6AGq3JDHoIeUOye0TNmu_HGy9UefvXZsKyivFUJdWsVdaCCXSlDp1ACg=s88-c-k-c0x00ffffff-no-rj,False,False,1750142192.082035
Ugyp6dfxMujyQ6zvofV4AaABAg,Gara gara bola seperti medan tempur,1 year ago,@ZyanPrsdnt-vd3yf,UCfIHvdkinQ92IUBY1u4MNXg,1,,https://yt3.ggpht.com/ytc/AIdro_mWHEgbf3SLKRpLlr6mJNf9CC7Djqo1RkmeKP5bw0qhKBhsxY7PaCVEXQeUbhmgH37tWA=s88-c-k-c0x00ffffff-no-rj,False,False,1750142192.08368
UgzRjl6cISoq319JNSB4AaABAg,"Hahaha ula suporter Arema kok mau nuntut ke polisi Arema lawak ,ula sendiri tiba mati kok gak mau di salah kan",1 year ago,@Fadil-r9l,UCDF5l2ix1K6oapkMqffoqng,0,,https://yt3.ggpht.com/Fx-3Y6BV8ChtTPXK4q1aq2SZtoxMKMcN5X9GzKfuZassy_Sr9KaGL_dakPaDX5My6Woe8CPdsA=s88-c-k-c0x00ffffff-no-rj,False,False,1750142192.085167
UgwtPlGPaf71DE09lnJ4AaABAg,"Kwkwkwwk...ngakunya suporter terbaik, suporter panutan, ngakunya banyak kelompok suporter iri...kalah ngamok chuakss",1 year ago,@blackdog-official18,UCKlbyicUE682j5OZlhKBozQ,0,,https://yt3.ggpht.com/syEEixxLrKUwFgxdtsut_GzZSHHzXzSwoUtkhUJ2MQTxJoBM3LzXgJpfC22GWwOLcAx5rTMk=s88-c-k-c0x00ffffff-no-rj,False,False,1750142192.086691
UgwAwE-z8NIn8XJ9NC54AaABAg,VIDEO SEJARAH JOK PERNAH DIHAPUS ATO HILANG REK.. IKI BUKTI VIDEO ANARKIS AREMANIA NAK TIM PERSEBAYA WAKTU IKU..   INGAT KERUSUHAN KANJURUHAN KARENA AREMA KALAH 2-3,1 year ago,@gusrider19,UCW5siBqAFaYnLcurRYy6oLQ,3,3,https://yt3.ggpht.com/DLdHlOC2oQ40EMQYMhZBY6YCSPMXhg2uF_IcDcGO0RL9PuVL_myfyiDP3Qx4y9QKTj9lrwsjGw=s88-c-k-c0x00ffffff-no-rj,False,False,1750142192.088163
UgyDrto6F7XUiRhgMHV4AaABAg,"Video mahal ini , menjadi video dokumenter yg paling mengerikan dlm dunia jagad sepak bola dunia.",1 year ago,@hariserlangga6012,UCZRxQRqdYiH6HaNiYR9W1pg,4,,https://yt3.ggpht.com/ytc/AIdro_mkPiQhDIKjqXWtSTRn2snP4qruM35gC0VXQks0lGbUwBQ=s88-c-k-c0x00ffffff-no-rj,False,False,1750142192.089683
Ugxx1lBKI3AuLXaa2xZ4AaABAg,Up,1 year ago,@wahyuibrahim8725,UCbYTdzkUoLkTYdo7t9JrRlQ,0,,https://yt3.ggpht.com/ytc/AIdro_mwut6Z7ZgArtXd0YwCUh_sDMrY0qy0_z6F3oPu0PQ=s88-c-k-c0x00ffffff-no-rj,False,False,1750142192.09115
Ugyw8DKXmSOYs3tBr3l4AaABAg,Up,1 year ago,@wahyuibrahim8725,UCbYTdzkUoLkTYdo7t9JrRlQ,0,,https://yt3.ggpht.com/ytc/AIdro_mwut6Z7ZgArtXd0YwCUh_sDMrY0qy0_z6F3oPu0PQ=s88-c-k-c0x00ffffff-no-rj,False,False,1750142192.0927
UgwRC6d0oqzNv1j3U3Z4AaABAg,Up,1 year ago,@wahyuibrahim8725,UCbYTdzkUoLkTYdo7t9JrRlQ,0,,https://yt3.ggpht.com/ytc/AIdro_mwut6Z7ZgArtXd0YwCUh_sDMrY0qy0_z6F3oPu0PQ=s88-c-k-c0x00ffffff-no-rj,False,False,1750142192.094183
UgxgpiBOLOWetx5PzD54AaABAg,Up,1 year ago,@wahyuibrahim8725,UCbYTdzkUoLkTYdo7t9JrRlQ,0,,https://yt3.ggpht.com/ytc/AIdro_mwut6Z7ZgArtXd0YwCUh_sDMrY0qy0_z6F3oPu0PQ=s88-c-k-c0x00ffffff-no-rj,False,False,1750142192.095643
UgwN2hkzjkzZM0tfZq54AaABAg,Up,1 year ago,@wahyuibrahim8725,UCbYTdzkUoLkTYdo7t9JrRlQ,0,,https://yt3.ggpht.com/ytc/AIdro_mwut6Z7ZgArtXd0YwCUh_sDMrY0qy0_z6F3oPu0PQ=s88-c-k-c0x00ffffff-no-rj,False,False,1750142192.097072
Ugw7vZBEGqTWt9J6mAp4AaABAg,"❤HISTORY MAKER❤
THANK YOU VERY MUCH",1 year ago,@Usut_tuntas,UCE2FkSKWGwGLxl-YMGOMJEw,0,,https://yt3.ggpht.com/JnwfHJQvB1-JC4bGgvKjz47ZrLpaiJy1I9yH2j-zHMv-Bpvu13p43p-weXVLaBypxO-1McYL=s88-c-k-c0x00ffffff-no-rj,False,False,1750142192.098694
UgyQEkXhuBS0-WvShvB4AaABAg,Aku yakin pas marselino golin kemarin para kera ini ikut selebrasi apa gak malu ya mereka untung aja dalam tragedi ini rr sama marselino selamat,1 year ago (edited),@Angga32-z9r,UCWnmsJLt92mqEY6onbPl3Ug,4,,https://yt3.ggpht.com/NFjNPcydNVBF2Xt1WGPQJvWv17hJwLpwGTGNe7UjaSHF5pBgpB1Vwsri09kRE3zN0cbas05moH0=s88-c-k-c0x00ffffff-no-rj,False,False,1750142192.100144
UgxvNbYVwj9SaSxq74h4AaABAg,46:28 marselino ferdinan anak emas timnas❤indonesia,1 year ago,@mrgabutz7667,UC_0In12pTQgsnDV7wZC_GQA,2,,https://yt3.ggpht.com/ytc/AIdro_moiWshg4uUnMDdsLJBTUZMvCVM_hWiBq3xizu59YLHbx4=s88-c-k-c0x00ffffff-no-rj,False,False,1750142192.101622
UgzWSwDm9Si2m51PDgJ4AaABAg,Menit 1jam 35menit.. itu KESUURUPAN ARWAH JIM MORISON MAS 😂😂,1 year ago,@YudithOfirisaUtami,UC8uIGJ4MFsjhbCM_f7FaK6A,1,,https://yt3.ggpht.com/ytc/AIdro_lIDeRZJq7nVqrBrJVhTMms_4kKiMcDDMWFc7jSndK5qw=s88-c-k-c0x00ffffff-no-rj,False,False,1750142192.103041
Ugwux9ikj-6eCH3Ecnp4AaABAg,😅😅😅,1 year ago,@YudithOfirisaUtami,UC8uIGJ4MFsjhbCM_f7FaK6A,0,,https://yt3.ggpht.com/ytc/AIdro_lIDeRZJq7nVqrBrJVhTMms_4kKiMcDDMWFc7jSndK5qw=s88-c-k-c0x00ffffff-no-rj,False,False,1750142192.10478
Ugyz9NeAHTQaElmSosR4AaABAg,Supporter arema liar ga punya adab,1 year ago,@atikeka8592,UCqLJw_DAzXjxLMPi-Tb2u_g,0,,https://yt3.ggpht.com/ytc/AIdro_lHWPE3HdRVJmhuiq9BU8DzcNY5TM5A1Mfh_Lzm80A=s88-c-k-c0x00ffffff-no-rj,False,False,1750142192.106641
UgwCWTMNYvsWeM_e3L14AaABAg,Stop ketololan dalam menjadi suporter sepak bola. Atau anda akan merugikan orang lain. Kalau kamu sendiri yg celaka sih orang lain ga peduli.,1 year ago,@dodikmulyanto,UC7c3LklHDUGQQWIWLXW_SMw,0,,https://yt3.ggpht.com/cK4uhJ7u0HocyAZnKa8Owm9MXEmPh2hWLbn6CaNy4Bxcr1WyYVU9LOGYiA4tLUBLiRcllfrFmZ8=s88-c-k-c0x00ffffff-no-rj,False,False,1750142192.108493
Ugww0gnJwk-gKbAhoAp4AaABAg,Up,1 year ago,@wahyuibrahim8725,UCbYTdzkUoLkTYdo7t9JrRlQ,0,,https://yt3.ggpht.com/ytc/AIdro_mwut6Z7ZgArtXd0YwCUh_sDMrY0qy0_z6F3oPu0PQ=s88-c-k-c0x00ffffff-no-rj,False,False,1750142192.11043
Ugzg4xCmTluBwytMYfN4AaABAg,Up,1 year ago,@wahyuibrahim8725,UCbYTdzkUoLkTYdo7t9JrRlQ,0,,https://yt3.ggpht.com/ytc/AIdro_mwut6Z7ZgArtXd0YwCUh_sDMrY0qy0_z6F3oPu0PQ=s88-c-k-c0x00ffffff-no-rj,False,False,1750142192.112307
UgwAwE-z8NIn8XJ9NC54AaABAg.ABbfgl7_YkTABbzIdgLWHd,La iyo mas pas marselino wingi paling melok selebrasi opo gak duwe isin ta bedes kui,1 year ago (edited),@Angga32-z9r,UCWnmsJLt92mqEY6onbPl3Ug,1,,https://yt3.ggpht.com/NFjNPcydNVBF2Xt1WGPQJvWv17hJwLpwGTGNe7UjaSHF5pBgpB1Vwsri09kRE3zN0cbas05moH0=s88-c-k-c0x00ffffff-no-rj,False,True,1750142192.275139
UgwAwE-z8NIn8XJ9NC54AaABAg.ABbfgl7_YkTAC01KhZDLct,"nek isok di pin yo dipin wkwk, sangking gak isok, seksyukur pemainne kene selamet lek gak marsel,lino gak kiro isok main ng timnas neh kek saiki",1 year ago,@hatcc_i,UCMcUeo0dF3ORHEY-aPUWi6Q,0,,https://yt3.ggpht.com/R2Sh8kDHDPVeGdwx3CaawSsb6n3j2fusWuJOvHv0NeXTzwe6fI3gQLaYyEftb1PIVHxpIkgYjN4=s88-c-k-c0x00ffffff-no-rj,False,True,1750142192.276748
UgwAwE-z8NIn8XJ9NC54AaABAg.ABbfgl7_YkTAJewyazeXwI,Ini sejarah harus ditonton anak cucu kita nanti gimana kondisi dunia sepakbola di Indonesia di masa lalu.,11 months ago,@Ersha.Atmanegara,UC4T80PVa2c2Y3XVMTKhmTQg,0,,https://yt3.ggpht.com/YKDHOumXmGAlWF6-YOC4adZq0wYLuGFQqQWMrA3tIqkKvhpuNM3zqiVnUqrQCCi1PhguK0IK8dc=s88-c-k-c0x00ffffff-no-rj,False,True,1752734192.279232
UgxZ3czNrI6pPGUOxjp4AaABAg,"never forget, loser🍀",1 year ago,@farellya6699,UCeoUEMk8yToa2LD5p89F3wA,0,,https://yt3.ggpht.com/KNRd4qAOwyzru816ONn0PGAuxvAFA20P3bI_5GWDpVTt7Wwk7kZEZR9HDBxDsf0HBo2mdKEYZAM=s88-c-k-c0x00ffffff-no-rj,False,False,1750142192.468359
UgwtNkkX_QkCNgyaGG14AaABAg,Emang biadab fanatik buta.. kaya gto kok hukumanya  club suporter  ga sesuai..,1 year ago,@adikris1099,UCCcCf9PTIMQjO5anZmgjo4Q,1,,https://yt3.ggpht.com/ytc/AIdro_m2zL9BTJLaOQiOlNsMP2r02u5SACfnEWgXTPId43X7=s88-c-k-c0x00ffffff-no-rj,False,False,1750142192.469919
UgwuSBO0W4M5SlpS_fN4AaABAg,Up,1 year ago,@wahyuibrahim8725,UCbYTdzkUoLkTYdo7t9JrRlQ,0,,https://yt3.ggpht.com/ytc/AIdro_mwut6Z7ZgArtXd0YwCUh_sDMrY0qy0_z6F3oPu0PQ=s88-c-k-c0x00ffffff-no-rj,False,False,1750142192.471441
UgwKb8wcZoJ8XlJFxE94AaABAg,Up,1 year ago,@wahyuibrahim8725,UCbYTdzkUoLkTYdo7t9JrRlQ,0,,https://yt3.ggpht.com/ytc/AIdro_mwut6Z7ZgArtXd0YwCUh_sDMrY0qy0_z6F3oPu0PQ=s88-c-k-c0x00ffffff-no-rj,False,False,1750142192.472985
UgzRhnAUUr245_r0tNF4AaABAg,Up,1 year ago,@wahyuibrahim8725,UCbYTdzkUoLkTYdo7t9JrRlQ,0,,https://yt3.ggpht.com/ytc/AIdro_mwut6Z7ZgArtXd0YwCUh_sDMrY0qy0_z6F3oPu0PQ=s88-c-k-c0x00ffffff-no-rj,False,False,1750142192.474427
Ugyz7ltzRzbTwkxkPWZ4AaABAg,Up,1 year ago,@wahyuibrahim8725,UCbYTdzkUoLkTYdo7t9JrRlQ,0,,https://yt3.ggpht.com/ytc/AIdro_mwut6Z7ZgArtXd0YwCUh_sDMrY0qy0_z6F3oPu0PQ=s88-c-k-c0x00ffffff-no-rj,False,False,1750142192.475881
UgwVW71JL9juSINWb_F4AaABAg,Up,1 year ago,@wahyuibrahim8725,UCbYTdzkUoLkTYdo7t9JrRlQ,0,,https://yt3.ggpht.com/ytc/AIdro_mwut6Z7ZgArtXd0YwCUh_sDMrY0qy0_z6F3oPu0PQ=s88-c-k-c0x00ffffff-no-rj,False,False,1750142192.477374
UgyxBYUydM7vzZ6pG1J4AaABAg,Saya tidak mengikuti pertandingan lokal. But thank u for all team peserbaya! Melahirkan talenta berbakat di hari ini. Love u guys🫶🏼🙌🏻,1 year ago,@Hyghiz,UCAY-jJRLC-xzOLVdzma7SDg,0,,https://yt3.ggpht.com/OgKC7M989vGoHQLX29Xg-HGkNvH430E4PGzdiTIMakJK__JCx1ti1hfO1D_x25Lo4sXdaIF4Dg=s88-c-k-c0x00ffffff-no-rj,False,False,1750142192.478846
UgwKsAPfBAmD_N9xQ_94AaABAg,"""KIAMATMU DI MALANG""😂 WKWKW MALAH TEWAS MENGENASKAN",1 year ago,@MuhammadIrfan001,UCYxnyb92OIeuyTutSFo3vIQ,5,,https://yt3.ggpht.com/ytc/AIdro_meZQDvkVwIytlz05tUr4sKYRoxduo30MYm6fDWZDFwo5Dx5x44u4bpmQY2f_R4uW4yGQ=s88-c-k-c0x00ffffff-no-rj,False,False,1750142192.480287
UgwYp3p7Dgf2s0mU4J14AaABAg,Sdm rendah,1 year ago,@serambippwalisongo,UClNKzULqaY59pQ3c7MYEIvw,1,,https://yt3.ggpht.com/ECsKYJ6sVxBKwTbzs_J_1sabVc8YLEA1rD1isTzAoP333NxdPNKjRmCmSyN_EDObzZ9DFy7cug=s88-c-k-c0x00ffffff-no-rj,False,False,1750142192.481711
Ugz5nHsfsPyD4yXEYbR4AaABAg,"marcelino riskiy rido..
pemain top indonesia..
gk bisa byangkan kalu mreka knpa2 di mlng .
salam waras Arema",1 year ago,@candraprasetiawan3673,UC3v-bBZhpDOZhIige3kiwKg,1,,https://yt3.ggpht.com/c5QwgedXHywUXYpaDnw_51wOn4Mkotxi5Q4_w4KD7iK7QFXegGobD--ECtBmk7JVPzuNis3b=s88-c-k-c0x00ffffff-no-rj,False,False,1750142192.483127
Ugz9D-H7fHMv0L79rHB4AaABAg,arema iku ibarat sekolah sek tk,1 year ago,@candraprasetiawan3673,UC3v-bBZhpDOZhIige3kiwKg,1,,https://yt3.ggpht.com/c5QwgedXHywUXYpaDnw_51wOn4Mkotxi5Q4_w4KD7iK7QFXegGobD--ECtBmk7JVPzuNis3b=s88-c-k-c0x00ffffff-no-rj,False,False,1750142192.484551
UgzFl9B1eVN0NOVaUJN4AaABAg,"PERSEBAYA IS THE BEST, bertanding sepak bola seperti mau perang.",1 year ago,@omongkosong.,UCcwrQ1PNR7lSuoo64F9b9bw,0,,https://yt3.ggpht.com/4yv6IUqvqk5anm8asZxMmam_PbEZjHdrQZZII8mnH7Qd5q0w1TYaKYFbl2Zh21VB9HvnEvy9ow=s88-c-k-c0x00ffffff-no-rj,False,False,1750142192.486077
UgzlLN69EujCHDeOTKN4AaABAg,Info yuli sumpil sam 🤣,1 year ago,@prindapan11-12,UC3lEw5x8pcKnISjc0MILeFA,0,,https://yt3.ggpht.com/5Kygxi2pYQ3zAe81Tf348VttDez8bHnovZFL5ymAbwj_2E-FnPemn-5P6wy6l8C3PoT1wULrlQA=s88-c-k-c0x00ffffff-no-rj,False,False,1750142192.487554
Ugy2cNqPqX6CGAHCVbJ4AaABAg,suporter SDM rendah,1 year ago,@ilhamramadhan5263,UCj7EZxgN_2jqxwqgOItwXpg,0,,https://yt3.ggpht.com/ytc/AIdro_lv7XNYw8-8M1h_rXir2KhzvbGugKzkkON009QwXfLYsRU=s88-c-k-c0x00ffffff-no-rj,False,False,1750142192.489316
UgwZHk659qZ7zI7wz9Z4AaABAg,"Brutal juga sih ternyata kelakuan para supporter aremania waktu itu..apa mereka mau membunuh (membakar hidup2) para pemain + official persebaya waktu itu hanya demi sepakbola yg sejatinya hanya ajang olahraga..

Nyawa lebih berharga dari sepakbola..semoga juga para korban meninggal mendapatkan tempat terbaik di SISINYA..amin",1 year ago,@ZedCoker8714,UCzbE3Vt_I_VJQVPKtrhuAIg,6,,https://yt3.ggpht.com/Gjrc3POLTAAFY8NJuN9hVIhUqsNm7hIQpmLYlN3F55fwPrQmEPCVYuCv1PtyDNvEVr0vklGG0g=s88-c-k-c0x00ffffff-no-rj,False,False,1750142192.490792
Ugx9-SqTrpVcTBtzejJ4AaABAg,Maklum SDM rendah,1 year ago,@arkonomo8996,UCUTZBYHc9kNjzsfxxJF99Yg,2,,https://yt3.ggpht.com/ytc/AIdro_kC_EFvZyV5ZlwuuSPJm2HL7kqWM6Vr0kuvJLDjEUM=s88-c-k-c0x00ffffff-no-rj,False,False,1750142192.492222
Ugw56LIpoAmH4bxviHx4AaABAg,ngene kok kon usut tuntas 😅😅😅😂😂😂,1 year ago,@AndriSetio-dw3yh,UCQdb2wLzxveCNtCmauNVFlQ,1,,https://yt3.ggpht.com/ytc/AIdro_meYAh6NPkc3qZ9RQbztfozX2jknUqc69hcasQTLZa7CCWY6MHmzRI1I6I59gYFhEiQXA=s88-c-k-c0x00ffffff-no-rj,False,False,1750142192.49377
Ugyr_gOwh-OaZlSmA3V4AaABAg,"Tak terasa 3 tahun berlalu😊derbi yang membuat luka sepanjang masa😢asli mrinding sangat"" brutal aremania menyerang official persebaya dan polisi",1 year ago (edited),@RimaApriliani-uv6ew,UCDWXAzro5XmHmvO_RmABhKA,1,,https://yt3.ggpht.com/ytc/AIdro_nBiBza47xrVI22HQqbI5vVMSjOKCrypMV0wpODLhDTVe4Nl2G7EKpFmagMA2FW4bucAg=s88-c-k-c0x00ffffff-no-rj,False,False,1750142192.495209
Ugz6tm0M9yC7zxsXrmB4AaABAg,Banyuwangi Wani!!!,1 year ago,@RxKing-135cc,UCaROqMmb-tj7e4GnUPWXN9Q,3,,https://yt3.ggpht.com/ytc/AIdro_m-5NlDaWo4Cblx9JXdmKvFeit_w7SKYRuR1_Y20Yg=s88-c-k-c0x00ffffff-no-rj,False,False,1750142192.496673
Ugypj0Lq0cFymRKh26p4AaABAg,"sudut pandang yang berbeda. dari sini, lebih dari 90 menit meraka selalu mengobarkan kebencian, bahkan ancaman pembunuhan. team kalah, otomatis terbakar amarahnya. dari sudut pandang ini, jelas AREMANIA YANG RUSUH SALAH. DAN TOLONG JUDULNYA DIRUBAH ""UPAYA PEMBUNUHAN PEMAIN,OFFICIAL PERSEBAYA OLEH AREMANIA""",1 year ago (edited),@aathehwe471,UCNJ_a4uOR1xcW4KbTO7Gldw,7,,https://yt3.ggpht.com/ytc/AIdro_kGfgKDoX0NlPBHQRa-ek_b-OqJLlgC1WugqNT53ucczA=s88-c-k-c0x00ffffff-no-rj,False,False,1750142192.693673
UgwjW97HX59saPcZ4dF4AaABAg,Ngeriii😱,1 year ago,@Liwang.07,UC97uCph7pczBvC5MMX4aGbw,1,,https://yt3.ggpht.com/hf6I63gKsIBzxH6DjSleHSfJ3ldUtzkHuJt2sbFOpZo3W_Jn96CWjhadQyfw0CqvGpEXqPrn=s88-c-k-c0x00ffffff-no-rj,False,False,1750142192.695332
UgxkkXlN1T97TM2pcl94AaABAg,"Najwa Shihab gatel, gawe narasi ngawur,suruh nonton video ini dia",1 year ago,@indiraindira9376,UCXp-acW1b-nOvL3ozdJgt3g,3,,https://yt3.ggpht.com/ytc/AIdro_liVg8x8NJl2nqi1dQddljiqBcIdZf9QExwU14PZ8i3dA=s88-c-k-c0x00ffffff-no-rj,False,False,1750142192.696953
Ugzc6NcBR1EFAFuP1R94AaABAg,"BAHRAI LIAT INI COBA, MAU GINI JUGA GA😂 INI BARU SUPORTER CLUB, BLUM SUPORTER NEGARA' NYA INDONESIA 😂",1 year ago,@hobikesemak,UC6acMRt7Z5bxji591iNBrpA,3,,https://yt3.ggpht.com/FNbxEejBqNNyJq8Z7rRcFMflQMGs00UwqO-sxCHv5urZOKEvOd-I9k_sGZs8L2WbPmdIX6guilA=s88-c-k-c0x00ffffff-no-rj,False,False,1750142192.698447
UgzJ1ZdbhQA6pEUPXtx4AaABAg,Aku sendiri 2024,1 year ago,@RAILFANS829,UCL-pxWXV5Is4oT1UJklIQUg,3,,https://yt3.ggpht.com/ShvzwIQ9vkUgvHdEbdPWmwiVCOGHN9T1tbqBgqr2i9isWQPkbRq8oeDu51FeOeHeXfZWvYGi=s88-c-k-c0x00ffffff-no-rj,False,False,1750142192.700007
UgxN18I2Q5btI0eOh114AaABAg,"Once every year I will watch this again 
Mojokerto 12-10-2024",1 year ago,@reymasrur,UCUBUIjzA1ZXjShC74twQx-Q,1,,https://yt3.ggpht.com/x5Xwv5pfNkQSlczX_45qo_78473TuSXMgFnWiyQNm1-yntSB3LipKjYrnj7SjQnEJE5uTF7T=s88-c-k-c0x00ffffff-no-rj,False,False,1750142192.702331
UgzFcFQ_ad7qglD7UQV4AaABAg,namanya pertandingan pasti semua klub bola ingin menang itu pun dari usaha pemain tragedi Kanjuruhan mungkin berlebihan sehingga terjadi tragedi Kanjuruhan,1 year ago,@kahfiludinzuhriirsadulibad2605,UCMmLm2WsxlY5PtU21kPwHDw,0,,https://yt3.ggpht.com/ytc/AIdro_nz9Ag076WwqK-bgm1Fe-dsvJt18paEQaRKx4VyN5N54KY=s88-c-k-c0x00ffffff-no-rj,False,False,1750142192.704796
Ugzg3QxZetOfi9AoDi14AaABAg,Seng Nyalahno polisi ngene2 ..opo ra delok video iki yo Piye Brutale aremania nang pemain official persebaya,1 year ago,@Robetskyy,UCCWLp9hXFY9bs48A1mfljGQ,1,1,https://yt3.ggpht.com/OBvmc9AaJNF69rft5E24fwlZ0vyPXi-cBKAYnbnxcH_dqaE3ScO-2XKWwHgj6BevRGNeBlod-IE=s88-c-k-c0x00ffffff-no-rj,False,False,1750142192.706355
Ugyd2jLk80DV56HaoP94AaABAg,"Back song e kebauanteren cak , paleh gak krungu wong wong ngomongno opo ae ,",1 year ago,@anggawahyu913,UCQ1enktMXRcX11A4ln3losg,2,,https://yt3.ggpht.com/ytc/AIdro_kdsv5YMKwe-mR7JHMQa49naqNwxWDCHXg_LxQzv_Y=s88-c-k-c0x00ffffff-no-rj,False,False,1750142192.707973
UgxkpY_vmGNfEs_IpQt4AaABAg,Up,1 year ago,@wahyuibrahim8725,UCbYTdzkUoLkTYdo7t9JrRlQ,1,,https://yt3.ggpht.com/ytc/AIdro_mwut6Z7ZgArtXd0YwCUh_sDMrY0qy0_z6F3oPu0PQ=s88-c-k-c0x00ffffff-no-rj,False,False,1750142192.709483
UgxPb9K1m8aRgg7C-2B4AaABAg,Up,1 year ago,@wahyuibrahim8725,UCbYTdzkUoLkTYdo7t9JrRlQ,1,,https://yt3.ggpht.com/ytc/AIdro_mwut6Z7ZgArtXd0YwCUh_sDMrY0qy0_z6F3oPu0PQ=s88-c-k-c0x00ffffff-no-rj,False,False,1750142192.711051
UgxcSKQXI8cxKFQi-rp4AaABAg,Up,1 year ago,@wahyuibrahim8725,UCbYTdzkUoLkTYdo7t9JrRlQ,1,,https://yt3.ggpht.com/ytc/AIdro_mwut6Z7ZgArtXd0YwCUh_sDMrY0qy0_z6F3oPu0PQ=s88-c-k-c0x00ffffff-no-rj,False,False,1750142192.712533
UgwfZyC-9xMawxfnH8d4AaABAg,Up,1 year ago,@wahyuibrahim8725,UCbYTdzkUoLkTYdo7t9JrRlQ,0,,https://yt3.ggpht.com/ytc/AIdro_mwut6Z7ZgArtXd0YwCUh_sDMrY0qy0_z6F3oPu0PQ=s88-c-k-c0x00ffffff-no-rj,False,False,1750142192.714005
UgxsUkbQFrSiNbu1Dax4AaABAg,Di 2024 masih melihat kegoblokan ke goblokan para bedes,1 year ago,@sulishandayani8587,UCfXPcTbVsrLNrIxH-As3pqA,1,,https://yt3.ggpht.com/dgGvFDMEhIX6nDs1lhZ2myvt3pFCgvBkEKrDoHOD_e1HFJQ74AUBthOrwccoP41wOcJtOgsb=s88-c-k-c0x00ffffff-no-rj,False,False,1750142192.715427
UgwqwDudFgogehLgUdJ4AaABAg,Semoga korban suporter arema FC tenang di alam surga,1 year ago,@abizaratmoko5557,UCRJXwpdQCYab_5T7ti6P6JA,0,,https://yt3.ggpht.com/ytc/AIdro_nzf_38osY0eh7aPQbfKu6wRof-DTAs7pSaNm9ZMqGPUJFfWyS5SFzzSHFBOz2qGsV8gw=s88-c-k-c0x00ffffff-no-rj,False,False,1750142192.716857
UgzUJhmyv0qeQF75uk54AaABAg,"ngene sng arema nyalahno polisi,,, dahall lk arema ga sebrutaliku ga ngara kyk ene",1 year ago,@mochammaddzikri7928,UCPke6GVanX5_YiE0mTe896A,1,,https://yt3.ggpht.com/ytc/AIdro_nGcvcml7xaJAohD7dU5sfaRRBgNSndZmW5ZwbjvicwjG0=s88-c-k-c0x00ffffff-no-rj,False,False,1750142192.718396
UgxpZaAvdFwG9-xBm7x4AaABAg,"Tragedi yg terjadi akibat kebodohan mereka sendiri yg anarkis, brutal karena protes ga mau terima kekalahan🤣",1 year ago,@rahmayana72,UCCR-9srV7cxwZEunk4e1VaA,3,,https://yt3.ggpht.com/00VnJQjbAUM5e8_O1qvzjR7N4sLkr-IE5aNwvdG_6g5kVyH0W-bLIHbcNINc0l7-5ofpeEKb-6c=s88-c-k-c0x00ffffff-no-rj,False,False,1750142192.72072
Ugz_k7dHOURDKC0QbwR4AaABAg,aq gak bosan lht ini.... Ayo rek sing kompak utk thn 2024 !!!!,1 year ago,@jeffrifernando6462,UCL-zyGHXWqAG6G3fodRcL1A,2,,https://yt3.ggpht.com/ytc/AIdro_nlR6eykp0OhXe6ieV5Wh35cN5hr3-86RP4Zx86qDcya1k=s88-c-k-c0x00ffffff-no-rj,False,False,1750142192.722362
Ugzw7ttwuVKRSRqUqnN4AaABAg,GUSTI ALLAH SWT SING BALES!,1 year ago,@arishidayat4408,UCApF-ddd3hQxl-knSTVX8-Q,0,,https://yt3.ggpht.com/ytc/AIdro_nZ-UfHJShNpx6a9LcNO7RmL0uZyg7dmL3tn_EsTH64lvM=s88-c-k-c0x00ffffff-no-rj,False,False,1750142192.723823
Ugyho-UQ9hqhFHA9RPZ4AaABAg,"opo mung aku sing ndelok beritane kui ora sedih tapi bahagia wkwkwk wes menang,supoter2 goblog malang do matek😂🤣Kebahagiaanku doublekill",1 year ago,@woyoloss7192,UCbaDPhp298PecPybIWbcMcQ,1,,https://yt3.ggpht.com/NEqrOw9tRVuPResdCaIAvEB5Z1V8iC9t58cC5S5EAwll_JSoeCrU4r6_tt6qbWoNsgsCeyIB5g=s88-c-k-c0x00ffffff-no-rj,False,False,1750142192.725276
Ugzg3QxZetOfi9AoDi14AaABAg.A9OjWvlN5oHAC027imlTDd,lek gak onok polisi ws mati kabeh pemaine kene😢,1 year ago,@hatcc_i,UCMcUeo0dF3ORHEY-aPUWi6Q,1,,https://yt3.ggpht.com/R2Sh8kDHDPVeGdwx3CaawSsb6n3j2fusWuJOvHv0NeXTzwe6fI3gQLaYyEftb1PIVHxpIkgYjN4=s88-c-k-c0x00ffffff-no-rj,False,True,1750142192.863002
Ugwhf2qvuBx28XuEAFp4AaABAg,"Menolak forget 5-october,2024",1 year ago,@saikhurokhim,UCKp7_5WhLNUsd5ksc_GKQ4Q,0,,https://yt3.ggpht.com/ytc/AIdro_kpX2dVn_1OP0TJZLlhpZBe9TwZBrDiIgagYEO8MnPLVp1D=s88-c-k-c0x00ffffff-no-rj,False,False,1750142193.070839
UgxgVZrEdKAeK7aYTv94AaABAg,brutal,1 year ago,@bintangerlangga5749,UCUHyibkOTmFy1BKXAYtsh5g,0,,https://yt3.ggpht.com/ytc/AIdro_nIz5p76F8gUjxrUhXfKUyz_oM0nPN_n6S5dkzL7ppuf10=s88-c-k-c0x00ffffff-no-rj,False,False,1750142193.072652
UgyhTr4OrbpBP-umiD54AaABAg,"dr dulu memang sudah begitu suporter sebelah
kita semua berduka tp kalau soal fakta jangan merasa jadi korban 🔥",1 year ago,@bukanianantono,UCKkTtW7zYAl4fJSy6PmwK3w,2,,https://yt3.ggpht.com/ytc/AIdro_l_q9XMbaqBTqklkY0ZuJUPVLjL3pBuPOF7Ccr5NyoIRqST=s88-c-k-c0x00ffffff-no-rj,False,False,1750142193.074528
UgwPtHVU8NLDZxZyiOF4AaABAg,Masak kalau udah kxk gini polisi yg di salahkan ea gk lah ... Aremania yg sok jago giliran bxk yg mati mintak di usut tuntas tragedi malang,1 year ago,@HairulAnam-iz8hu,UC5vVkSbuHMMxuyp5ieI8RcA,1,,https://yt3.ggpht.com/ytc/AIdro_krOvw37jTzdXxKx9LLxqthA0TYsfEMIBqW17GhNiJZj6fAXWZX5VrvzLyMIgKzxEDtDw=s88-c-k-c0x00ffffff-no-rj,False,False,1750142193.076264
UgwBZIc0lONwgQcjNJ54AaABAg,Up,1 year ago,@wahyuibrahim8725,UCbYTdzkUoLkTYdo7t9JrRlQ,1,,https://yt3.ggpht.com/ytc/AIdro_mwut6Z7ZgArtXd0YwCUh_sDMrY0qy0_z6F3oPu0PQ=s88-c-k-c0x00ffffff-no-rj,False,False,1750142193.077885
Ugzd6CDifXYmspHeUwh4AaABAg,Up,1 year ago,@wahyuibrahim8725,UCbYTdzkUoLkTYdo7t9JrRlQ,1,,https://yt3.ggpht.com/ytc/AIdro_mwut6Z7ZgArtXd0YwCUh_sDMrY0qy0_z6F3oPu0PQ=s88-c-k-c0x00ffffff-no-rj,False,False,1750142193.079535
UgzTyGNvKv3GOGZ_a4h4AaABAg,Up,1 year ago,@wahyuibrahim8725,UCbYTdzkUoLkTYdo7t9JrRlQ,1,,https://yt3.ggpht.com/ytc/AIdro_mwut6Z7ZgArtXd0YwCUh_sDMrY0qy0_z6F3oPu0PQ=s88-c-k-c0x00ffffff-no-rj,False,False,1750142193.081231
UgxE8ASZMeU7pQnyQPV4AaABAg,Up,1 year ago,@wahyuibrahim8725,UCbYTdzkUoLkTYdo7t9JrRlQ,1,,https://yt3.ggpht.com/ytc/AIdro_mwut6Z7ZgArtXd0YwCUh_sDMrY0qy0_z6F3oPu0PQ=s88-c-k-c0x00ffffff-no-rj,False,False,1750142193.082892
UgwPkuLJKzXfoX7B4xJ4AaABAg,pemain timnas pada kumpul di persebaya semua 🙌🏻,1 year ago,@jidantabah3532,UCYLac4qHg0IMslCghR_jZqA,1,,https://yt3.ggpht.com/ytc/AIdro_lIParPwT5cyJ9b92VbeynDRirJtStC0nYhF6Lh1dfbgxo=s88-c-k-c0x00ffffff-no-rj,False,False,1750142193.084494
UgwVyfyUQyl2AK24Jvt4AaABAg,"SDM rendah sekali itu suporter , nggak semua suporter arema begitu , tp. Divideo ini bukan 1 2 suporter lagi yg bener2 kriminal , tindakannya udah membahayakan orang lain ,",1 year ago,@suryalesmana8222,UCt1dumN0a94Mq9pkPK41Hcw,1,,https://yt3.ggpht.com/ytc/AIdro_mJWnsy-4D0HHK7e70lAjKZZtXkBBcCBOJGArgGB83flQAgJc3mP46709hKr12KPbfx0A=s88-c-k-c0x00ffffff-no-rj,False,False,1750142193.086164
UgyquUTXN-I6-7O1h8B4AaABAg,PERSEBAYA SURABAYA WANI..!!!!,1 year ago,@dickypropertysurabaya-gres9910,UCgMjS2I6VQhsYw81kILb7Lg,1,,https://yt3.ggpht.com/u8Hym_x9fGd14c1bVyRObF3SZFUzHOwzQn_wMRxw4D8l_QgSr56-PzgzSTnnMwV79cIv64JMwxY=s88-c-k-c0x00ffffff-no-rj,False,False,1750142193.087835
Ugy49zkKy_15P9G3CQR4AaABAg,"2 tahun yg lalu, alfatihah utk semua korban 😢",1 year ago,@hamzahhasbi1942,UCXcE7J6eZ1HA0q540Ku6kLQ,2,,https://yt3.ggpht.com/ytc/AIdro_nxCLxcfk5XvV08NE4lNglA3UPe1vgqSoTd6ZeI2sMMFUU=s88-c-k-c0x00ffffff-no-rj,False,False,1750142193.089507
Ugx69F0uLbeFi4m6QVZ4AaABAg,Mental pemain persebaya mantap sih,1 year ago,@fildheaayustin6281,UCSMbYsPp6ijB0DSwsuEKjzA,2,,https://yt3.ggpht.com/ytc/AIdro_ncApbvHwr7duc517UyQwOsuaYoz5KSEsiVp-W7OCTYWcJj=s88-c-k-c0x00ffffff-no-rj,False,False,1750142193.091149
Ugw4Aormcx5x02oVVZN4AaABAg,Sampah banget yaa sebagian suppoter arema wkwk keliatan banget sdm rendahnya divideo ini mereka 😂,1 year ago,@fildheaayustin6281,UCSMbYsPp6ijB0DSwsuEKjzA,1,,https://yt3.ggpht.com/ytc/AIdro_ncApbvHwr7duc517UyQwOsuaYoz5KSEsiVp-W7OCTYWcJj=s88-c-k-c0x00ffffff-no-rj,False,False,1750142193.092765
UgwkN0Da_rbokDxUqH54AaABAg,54:12 rungokno yel yele. si dibun** koncoe dewe tibake,1 year ago,@AriesRiyanto,UCh4jtiVqfcxLhho8yumHCmA,1,,https://yt3.ggpht.com/ytc/AIdro_n1WRAzJFUMg0X2AqOQAjd_Hp2D3G-u0142BMn4n3Ah2dc=s88-c-k-c0x00ffffff-no-rj,False,False,1750142193.09448
UgwFH56Byh2REo5FjVN4AaABAg,2 THN YNG LALU,1 year ago,@bonekdomas1927,UCUcfP5u81qpNjhqABP8kkQw,2,,https://yt3.ggpht.com/ytc/AIdro_lbGHeo7hMQFZAnJhwgBg5xd9KVztxLNRsnoi5KE7-bwZU=s88-c-k-c0x00ffffff-no-rj,False,False,1750142193.09628
UgxD9vL-CwRO4QPOTQV4AaABAg,Login,1 year ago,@namadepannamabelakang6389,UCZZH9T2XoEzBqXTyfD_9u3w,1,,https://yt3.ggpht.com/ytc/AIdro_m44hs2E21BN4G3-3IvXfEOZKte91Kw8RVIcd0bdBg=s88-c-k-c0x00ffffff-no-rj,False,False,1750142193.098091
UgyIYhiTqzqfxpi2Zrd4AaABAg,Sedih kalau inget ni video 😢,1 year ago,@Angga32-z9r,UCWnmsJLt92mqEY6onbPl3Ug,1,,https://yt3.ggpht.com/NFjNPcydNVBF2Xt1WGPQJvWv17hJwLpwGTGNe7UjaSHF5pBgpB1Vwsri09kRE3zN0cbas05moH0=s88-c-k-c0x00ffffff-no-rj,False,False,1750142193.099864
UgxyW88K6ACiCdL-dcl4AaABAg,Hari ini tepat 2 taun tragedi itu terjadi 1-10-2024.,1 year ago,@denimochammad6116,UCQJEds8a7FXq6Ucih9amyTw,1,,https://yt3.ggpht.com/ytc/AIdro_m1tGWEFiywQQZeQGbuKYH0PxHRo04tGDU1gBOdyvy7M68=s88-c-k-c0x00ffffff-no-rj,False,False,1750142193.10165
UgwcxMlT2Uq0cQnQPvx4AaABAg,Saya kembali setiap tgl 1 Oktober. Dan ini sudah tahun 2024.,1 year ago,@muslin9188,UCSxlOhn8mMIfz5GlhtoDZOw,5,,https://yt3.ggpht.com/ytc/AIdro_nLUrcGZv_z4ytQrRntcEuI9Ap-jCtFnBSTDrMJByOtYHkd=s88-c-k-c0x00ffffff-no-rj,False,False,1750142193.103256
UgyfYiE_XOi62LWuoyt4AaABAg,Al-fatihah kagem korban sedoyo,1 year ago,@watakoe,UCf_jyxJRUW1faITJuTyDpJA,1,,https://yt3.ggpht.com/ytc/AIdro_mQzuQ5_bXykkHShStc9deEb3gpNmLIZPS-YJNJrnf1ZT4=s88-c-k-c0x00ffffff-no-rj,False,False,1750142193.316414
UgwDawewYLZjzotPmFp4AaABAg,"Di saat kami siap berpesta menyambut kedatangan persebaya di surabaya dan tiba2 batal karena respect setelah dengar ada korban meninggal. Padahalyg kami denger meninggal ada 5 orang, gak tahunya makin pagi makin bertambah sampai 135 org.",1 year ago,@kebunomahku8790,UCARc4NVKp1lxJqO6lt7pkQw,6,,https://yt3.ggpht.com/ytc/AIdro_kyBUOVa2nQTKIwbkUd9Zbc9ahp_sbpTdS4CN1ClSPVHw=s88-c-k-c0x00ffffff-no-rj,False,False,1750142193.318032
UgwrG-mCG3_HXGsNLJx4AaABAg,2 tahun kejadian,1 year ago,@RendyDewata-s4z,UC715RZBKDxs-gKamazJTPiA,1,,https://yt3.ggpht.com/ytc/AIdro_lawf9yWTQpDKE0MLo3587nhlwH_ppxDQse0Bw_-WWV25kHUsQnoRSTBnBBFdxj69wZBg=s88-c-k-c0x00ffffff-no-rj,False,False,1750142193.320206
Ugw-YAMT44odrp9Pzwp4AaABAg,"2 tahun tanpa keadilan, Don't stop talking about kanjuruhan🥀",1 year ago,@mfauzhan802,UC2doqxDv0rVv_Rbd2yAgUFg,2,2,https://yt3.ggpht.com/ytc/AIdro_nSB_raYCBnWCCDJ3IM7w9Fo9pV4k2CX8bIW9J8Yhk=s88-c-k-c0x00ffffff-no-rj,False,False,1750142193.321987
Ugw4g-VOwEbjp4m85gB4AaABAg,stadion kanjuruhan jadi kenangan buruk,1 year ago (edited),@andinicahayaputri8682,UCO2PmmmidTKgSloEExMv-ug,1,,https://yt3.ggpht.com/ytc/AIdro_kli0k3C-RDbTpqOliVbT34Ikn-oTv3_V2RCefRrDn7vl9ySG3kVOKW5vZSl9ROpKUKsg=s88-c-k-c0x00ffffff-no-rj,False,False,1750142193.323689
UgzucFMHPUi4gQ-TC294AaABAg,"1 OKTOBER 2024
""tepat 2 thn kejadian itu""",1 year ago,@dgyjr9816,UCy0MxDpi8z1LeIq2080zIKw,2,,https://yt3.ggpht.com/miA1MDnpTKiI6f02mtWHoSWO55Yt0hYm_3r9YFRuwSV95rwcj4emtpMPdJaXJeQ22lKDY417FQ=s88-c-k-c0x00ffffff-no-rj,False,False,1750142193.325474
Ugw_3Er18InVe5cNU9F4AaABAg,1 Oktober 2024,1 year ago,@mohammadaldinugrohoabdullah.,UC0sJDZ7t9yx6HXTcb0hl_1Q,1,,https://yt3.ggpht.com/LiN0eKLpDEZTbkKt3Qxt5FV3kEYLKRVFKaLOXZENCrqM0aSR9Jm-rEw5pT_dJRCbOA2o7OpAHgI=s88-c-k-c0x00ffffff-no-rj,False,False,1750142193.327129
Ugxu647HAZ3NjwZmTsV4AaABAg,2 tahun 🥀🌹,1 year ago,@kakii_kirikk,UC4q5yJRlUHLiRlJFaHmOXgw,2,,https://yt3.ggpht.com/aHxfFanc5gkIIaJVsoCLIxmj-QEXs-RM2soPKBmxmFghUzgr0caAf8tdm9pwo15AVllQeoexeg=s88-c-k-c0x00ffffff-no-rj,False,False,1750142193.328902
Ugy7wO-vq0Ibcgs2lgR4AaABAg,Tepat hari ini tgl 1 oktober 2024 2 tahun kejadian Kanjuruhan,1 year ago,@Mencariberkah-c2g,UC8rOKWrjePoB2-mIl5cyRsg,2,,https://yt3.ggpht.com/Et9pOD0ka7-wnCtplFuVmaeLy5rmBtaFE8tO02uCNmefE5sRrWcRQYDQWDMSWTvmZWah6dJEsuA=s88-c-k-c0x00ffffff-no-rj,False,False,1750142193.33061
UgwR1Bi3NveSADwMV3d4AaABAg,Alfatiha buat para korban🙏🤲,1 year ago,@jexyofficial6750,UCDqb08Va2rxc0O-9PYFe2gA,2,,https://yt3.ggpht.com/ytc/AIdro_mi3F8uKvFVxWRXCLvblr20O3h1PuiRtT32KI7K3C5Oqg=s88-c-k-c0x00ffffff-no-rj,False,False,1750142193.332218
UgxsKDiJ9mzQ464ct2B4AaABAg,"Tepat hari ini 01-10-2024, tepat hari ini 2 tahun lalu terjadi tragedi yg membuat gempar seluruh dunia. Di saat kebanggan Bonek menang, ada yg merengek kesakitan grgr ulahnya sendiri. Ah sudahlah jika di ingat malah membuat sakit hati. Persebaya dan Bonek tidak bisa di pisahkan. Kiamatmu di malang💚🐊",1 year ago,@DanangalamAja,UClS0CMa_xJIEyQHTgMZ0LDA,2,,https://yt3.ggpht.com/fZYG45gc1r1njlg_ZfKd8VvPZkT0d1_KSQk-f_x0IYcE1rWjA-yfMSOIrhBhzericMmWuMbLIQ=s88-c-k-c0x00ffffff-no-rj,False,False,1750142193.33392
UgylvPDvkjKyffh0K1t4AaABAg,Ya ALLAH,1 year ago,@ekayanipujiasih,UC7RmrqJm9WCgIiNaI1ZAoCQ,2,,https://yt3.ggpht.com/ytc/AIdro_kDpTl9uk7iXnTpPGxm4klKt9IKbnyF2TJx9K9dIvLfSxjuMAIbmkG6AnLgI0W4GlDF3w=s88-c-k-c0x00ffffff-no-rj,False,False,1750142193.335544
Ugw1XWtUrvq5IA6PPjV4AaABAg,"Tepat 2 tahun yg lalu, al fatihah untuk korban 🙏",1 year ago,@andrewabiputt,UCf3Mjy6WE9n4P37oC9xWY4A,3,1,https://yt3.ggpht.com/ytc/AIdro_nK23S-OawLWDKo-qIIuEK51dsZl6Awtjllie1nmYluCiMZVMq-fSeMHKP5eDTJrgTaEA=s88-c-k-c0x00ffffff-no-rj,False,False,1750142193.337164
UgwAWiogxMo8Kq9CdJl4AaABAg,Kembali,1 year ago,@rastiamaliaputri,UCJkGgxT-LYvcAZIonavXPFA,2,,https://yt3.ggpht.com/1YP16uAwiSi9RxlcgpPS-W4v2kiITKNKfDXuN8ndUzYAArwE29K7k7ZUWkFlUDVTz_BUD6qO=s88-c-k-c0x00ffffff-no-rj,False,False,1750142193.338815
UgwYMb6M0zATvsC56Wt4AaABAg,Up,1 year ago,@wahyuibrahim8725,UCbYTdzkUoLkTYdo7t9JrRlQ,1,,https://yt3.ggpht.com/ytc/AIdro_mwut6Z7ZgArtXd0YwCUh_sDMrY0qy0_z6F3oPu0PQ=s88-c-k-c0x00ffffff-no-rj,False,False,1750142193.34048
UgyXRUaSWdqysyUoedF4AaABAg,Up,1 year ago,@wahyuibrahim8725,UCbYTdzkUoLkTYdo7t9JrRlQ,1,,https://yt3.ggpht.com/ytc/AIdro_mwut6Z7ZgArtXd0YwCUh_sDMrY0qy0_z6F3oPu0PQ=s88-c-k-c0x00ffffff-no-rj,False,False,1750142193.342139
UgxGayM-L9ObVfjBawN4AaABAg,Up,1 year ago,@wahyuibrahim8725,UCbYTdzkUoLkTYdo7t9JrRlQ,0,,https://yt3.ggpht.com/ytc/AIdro_mwut6Z7ZgArtXd0YwCUh_sDMrY0qy0_z6F3oPu0PQ=s88-c-k-c0x00ffffff-no-rj,False,False,1750142193.343811
Ugzup4LqWF90Uu-63EN4AaABAg,Up,1 year ago,@wahyuibrahim8725,UCbYTdzkUoLkTYdo7t9JrRlQ,1,,https://yt3.ggpht.com/ytc/AIdro_mwut6Z7ZgArtXd0YwCUh_sDMrY0qy0_z6F3oPu0PQ=s88-c-k-c0x00ffffff-no-rj,False,False,1750142193.345406
Ugyz0O-KtlJ-iPYpmo54AaABAg,Up,1 year ago,@wahyuibrahim8725,UCbYTdzkUoLkTYdo7t9JrRlQ,1,,https://yt3.ggpht.com/ytc/AIdro_mwut6Z7ZgArtXd0YwCUh_sDMrY0qy0_z6F3oPu0PQ=s88-c-k-c0x00ffffff-no-rj,False,False,1750142193.347161
UgyH2RFSMULm9seWthR4AaABAg,Up,1 year ago,@wahyuibrahim8725,UCbYTdzkUoLkTYdo7t9JrRlQ,1,,https://yt3.ggpht.com/ytc/AIdro_mwut6Z7ZgArtXd0YwCUh_sDMrY0qy0_z6F3oPu0PQ=s88-c-k-c0x00ffffff-no-rj,False,False,1750142193.348812
Ugw-YAMT44odrp9Pzwp4AaABAg.A92YvLu9HmGA92wxJ1vW8z,Saya harap Aremania dilarang datang ke stadion seumur hidup(walaupun main di Kanjuruhan) menurut saya cuma itu sih keadilan yg impas,1 year ago,@syahrulramadiansyah2284,UC7_qfLkFhxZwlG73nwv3FBA,4,,https://yt3.ggpht.com/ytc/AIdro_k5-D2ljCtW3TKtdMdSIxlz869VTntMaVrzuVH8yVk=s88-c-k-c0x00ffffff-no-rj,False,True,1750142193.502342
Ugw-YAMT44odrp9Pzwp4AaABAg.A92YvLu9HmGA9HQZzpdgXE,Tragedi yg dibuat kebodohan suppoter mereka sendiri,1 year ago,@rahmayana72,UCCR-9srV7cxwZEunk4e1VaA,0,,https://yt3.ggpht.com/00VnJQjbAUM5e8_O1qvzjR7N4sLkr-IE5aNwvdG_6g5kVyH0W-bLIHbcNINc0l7-5ofpeEKb-6c=s88-c-k-c0x00ffffff-no-rj,False,True,1750142193.504181
Ugw1XWtUrvq5IA6PPjV4AaABAg.A91U8Hd9Z9gA93d6C93j6B,gak sudi wkwkaka,1 year ago,@ShendyRizki,UClthOVjFs9BwWYk9_n7RKWQ,0,,https://yt3.ggpht.com/ytc/AIdro_k82QyAI4bPkllTGYW1uAh9g2F373PAH3byJC8f1I0FsxpqxMTd2Pi9ZMx0zq4opKmx6Q=s88-c-k-c0x00ffffff-no-rj,False,True,1750142193.649436
UgxJZYt1I1z7U67q5Fx4AaABAg,Up,1 year ago,@wahyuibrahim8725,UCbYTdzkUoLkTYdo7t9JrRlQ,1,,https://yt3.ggpht.com/ytc/AIdro_mwut6Z7ZgArtXd0YwCUh_sDMrY0qy0_z6F3oPu0PQ=s88-c-k-c0x00ffffff-no-rj,False,False,1750142193.838913
Ugz_ef_6n52w8rveu4h4AaABAg,Suporter tertolol itu ya cuma ada di liga indonesia. Kalau tim kesayangan kalah dikit dikit rusuh. Ya kalau gk mau kalah tim kalian gak usah bertanding. Ini permainan bro ada kalah ada menang gk usah terlalu fanatisme berlebihan yang berujung maut seperti ini. Sangat di sayangkan sekali,1 year ago,@RiswanTo-b7i,UCBVvtiSdEElDMGXAEe6SKFA,3,1,https://yt3.ggpht.com/GM6GDnS2WbPdQNCnaBRoykgpADhObi0LBtA41J0093gFI3nkot1L5gxOsER9EvVp5fYQKRg0=s88-c-k-c0x00ffffff-no-rj,False,False,1750142193.840583
UgwWe0hrqPnuPF0KUQh4AaABAg,Ternyata mereka LEBIH  BIADAB DARI PKI...,1 year ago,@sheilarong9989,UCyUrD3Yh_nmR4CI0wTXBKig,3,,https://yt3.ggpht.com/ytc/AIdro_mJWnsy-4D0HHK7e70lAjKZZtXkBBcCBOJGArgGB83flQAgJc3mP46709hKr12KPbfx0A=s88-c-k-c0x00ffffff-no-rj,False,False,1750142193.842024
UgxeDnv9-QUMbT3g2GV4AaABAg,"""MAUT BERNYANYI DI KANJURUHAN ...""",1 year ago,@sheilarong9989,UCyUrD3Yh_nmR4CI0wTXBKig,2,,https://yt3.ggpht.com/ytc/AIdro_mJWnsy-4D0HHK7e70lAjKZZtXkBBcCBOJGArgGB83flQAgJc3mP46709hKr12KPbfx0A=s88-c-k-c0x00ffffff-no-rj,False,False,1750142193.843434
Ugy087noxCXmfi3SC5V4AaABAg,"Aremania Suporter paling ga punya adab !! Nol Attitude, SDM Rendahan.",1 year ago,@rizkirich1629,UCL_VgFz7qRAi0cP_ZPYH8rg,4,,https://yt3.ggpht.com/ytc/AIdro_k9_yicUkxJvcQEokO37MzPBUPupxatEfayFtJzCYdxrbo=s88-c-k-c0x00ffffff-no-rj,False,False,1750142193.844861
UgxsjbbbiZ_q1Ygersp4AaABAg,Lha iyo sek nyalahno polisi pelaku macak korban,1 year ago,@AriafandiAfandi,UCK0hD5v2hGO2dnMvcUlWdjw,4,,https://yt3.ggpht.com/ytc/AIdro_lE-2v4pt1Am5Vt4Pedf4xjFjaVCExlg_cJVl7OY2xcwvV1BhXRzUSHIHLwFa5dONFuTw=s88-c-k-c0x00ffffff-no-rj,False,False,1750142193.846256
UgxTmix-EAIEzHd4p754AaABAg,"ALHAMDULILLAH SEMENJAK PERSEBAYA BANGKIT DARI MATI SURI , SAMPE DETIK INI KABAR RICUH BONEK MANIA CUMAN DALAM BENTUK PROTES DENGAN MANAGEMENT , MERUSAK FASILITAS STADION AJA , DAN SATU LAGI KETEMU JAK DI BANTUL BENTROK BENTAR DOANG KARNA ULAH PROVOKATOR , SELEBIHNYA AMAN"" AJA .",1 year ago,@sungolden712,UCbqiMRtOrhMBGdxuj5Vy6vA,2,,https://yt3.ggpht.com/ytc/AIdro_lHK-Uvwm_RJi10ZS2_KhqiJM5CU4vhWysE_Euj3BcSqo8=s88-c-k-c0x00ffffff-no-rj,False,False,1750142193.847719
Ugwq6305cKNaEg31n6F4AaABAg,"Awale pancen Nggarai emosi , tapi pas voice note sampek akhir vidio , gak kuat aku , masio rival tapi nek masalah nyowo gak onok rival""  , cukup pisan ae , seng wes yo wes",1 year ago,@sungolden712,UCbqiMRtOrhMBGdxuj5Vy6vA,3,,https://yt3.ggpht.com/ytc/AIdro_lHK-Uvwm_RJi10ZS2_KhqiJM5CU4vhWysE_Euj3BcSqo8=s88-c-k-c0x00ffffff-no-rj,False,False,1750142193.849143
Ugy56TjkJXGTZHz3s4h4AaABAg,Up,1 year ago,@wahyuibrahim8725,UCbYTdzkUoLkTYdo7t9JrRlQ,1,,https://yt3.ggpht.com/ytc/AIdro_mwut6Z7ZgArtXd0YwCUh_sDMrY0qy0_z6F3oPu0PQ=s88-c-k-c0x00ffffff-no-rj,False,False,1750142193.850551
UgxatGpVADhtknbweM14AaABAg,Up,1 year ago,@wahyuibrahim8725,UCbYTdzkUoLkTYdo7t9JrRlQ,1,,https://yt3.ggpht.com/ytc/AIdro_mwut6Z7ZgArtXd0YwCUh_sDMrY0qy0_z6F3oPu0PQ=s88-c-k-c0x00ffffff-no-rj,False,False,1750142193.851981
UgzdYro4aOvmfPGHBgB4AaABAg,Up,1 year ago,@wahyuibrahim8725,UCbYTdzkUoLkTYdo7t9JrRlQ,1,,https://yt3.ggpht.com/ytc/AIdro_mwut6Z7ZgArtXd0YwCUh_sDMrY0qy0_z6F3oPu0PQ=s88-c-k-c0x00ffffff-no-rj,False,False,1750142193.853394
Ugz_wTYMOJHpo3JF4Q14AaABAg,Up,1 year ago,@wahyuibrahim8725,UCbYTdzkUoLkTYdo7t9JrRlQ,1,,https://yt3.ggpht.com/ytc/AIdro_mwut6Z7ZgArtXd0YwCUh_sDMrY0qy0_z6F3oPu0PQ=s88-c-k-c0x00ffffff-no-rj,False,False,1750142193.854924
UgzzuXhQgTbDCkniaGd4AaABAg,Up,1 year ago,@wahyuibrahim8725,UCbYTdzkUoLkTYdo7t9JrRlQ,1,,https://yt3.ggpht.com/ytc/AIdro_mwut6Z7ZgArtXd0YwCUh_sDMrY0qy0_z6F3oPu0PQ=s88-c-k-c0x00ffffff-no-rj,False,False,1750142193.856416
Ugzl8m2p3BV4ZaPemxt4AaABAg,Up,1 year ago,@wahyuibrahim8725,UCbYTdzkUoLkTYdo7t9JrRlQ,1,,https://yt3.ggpht.com/ytc/AIdro_mwut6Z7ZgArtXd0YwCUh_sDMrY0qy0_z6F3oPu0PQ=s88-c-k-c0x00ffffff-no-rj,False,False,1750142193.857925
UgyK6-f-OKbanUkeM8p4AaABAg,"disini kita bisa melihat bentuk manusia kesetanan. masih ga ngerti sama supporter yang lempar2 dan anarkis sama tim persebaya. mereka berharap dapat apa dari kemarahan dan tindakan mereka itu? pada akhirnya jika pada saat itu ada korban jiwa dari tim persebaya tetaplah mereka yang akan sengsara. disini jujur saja SDM kita yang masib perlu kita benahi, pendidikan moral dan adab perlu ditingkatkam khususnya untuk remaja yang pada umur tsb memiliki energi yang besar. sangat miris melihat video dokumenter ini, speechless apa yg membuat mereka kesetanan hingga anarkis mengancam nyawa tim psby. padahal permainan hanyalah permainan, pemenang pun tidak melakukan kesalahan, mereka hanya bermain dan bukan kriminal yang sampai perlu menanggung ancaman sebesar itu. MIRIS. kata kata terakhir buat para pelaku anarkis, educate yourself jangan bego!",1 year ago,@kontersuper,UC63g_AOPlKz240fdzuvsV-Q,5,,https://yt3.ggpht.com/zXybJu02ST_sxn__aiyH5E2MqRdsnSS_4aGf1Ek8cmmXISrKnnHvZiLrbEEwh9MRnOJVqdh8lA=s88-c-k-c0x00ffffff-no-rj,False,False,1750142193.859384
Ugww7rP6cYFY3Nua3X14AaABAg,Tim banci... Kalah gk tau trimo.. Tim keat....,1 year ago,@ekaagus3480,UCRJ755yEcEdjrVte-1FoVEw,2,,https://yt3.ggpht.com/ytc/AIdro_lFWbAr5wtJ2MTth4njnk4dTUJmflAKzgTXLbzQ3l0=s88-c-k-c0x00ffffff-no-rj,False,False,1750142193.86089
Ugxwg2QMAyOcRNphZCF4AaABAg,"Surabaya, gak bahaya taa??!",1 year ago,@ininafta894,UCqKQ8Nqv68XPiuOAJnYBCBg,2,,https://yt3.ggpht.com/tOgALdUG_ztW7yOfnqBxFjZi3wIxf7l135BQmvhenUNq5BwKAgBJpqiWigVHvyfpNf4gHely8w=s88-c-k-c0x00ffffff-no-rj,False,False,1750142193.862399
UgweSBdo-FvpInGjQBB4AaABAg,"Nyangkem ""gaiso moleh"" Akhire gaiso moleh tenan, pedang bermata 2 bos",1 year ago,@ininafta894,UCqKQ8Nqv68XPiuOAJnYBCBg,2,,https://yt3.ggpht.com/tOgALdUG_ztW7yOfnqBxFjZi3wIxf7l135BQmvhenUNq5BwKAgBJpqiWigVHvyfpNf4gHely8w=s88-c-k-c0x00ffffff-no-rj,False,False,1750142193.86384
UgzA_QVN62evsoaVsPl4AaABAg,"Itu stadion udah full,, kalau pun tiket 100% terjual tidak akan sesesak itu.. artinya ada kebocoran penonton yg masuk ke dalam",1 year ago,@faisaladvokat8917,UCHLjlkPuBEFzg1AHYvWKTaA,2,,https://yt3.ggpht.com/ijsolgoZvW98TNeLOSNeIyRyHRz0mCDI5WujtqjiLEPw5cld0HLdGeGMAHIrh5gzBWu2WoOr5Bs=s88-c-k-c0x00ffffff-no-rj,False,False,1750142193.865286
UgzYMbN_3tdFYDLgm6h4AaABAg,"Salam satu nyali waniii!! Persebaya surabaya gak pernah nyerah ngajak tawuran kok di kandang wanii!! Losss
BONEK!! TAPI AREMA KASIHAN BANYAK YANG MATI KARNA POLISI MENYEMPROT GAS AIR MATA KITA DOAKAN SUPORTER AREMA MASUK SURGANYA ALLAH MESKIPUN AKU MENDUKUNG PERSEBAYA SEPENUH HATI KITA DOAKAN DIA BIARKAN DIA SENANG KALOK MENANG TAK APA APA PEMAINKU KALAH MENANG BIASA KITA NGALA AJA AGAR MEREKA SENANG PADA PEMAINNYA FREE PALESTINE BONEK!! SALAM SATU NYALI😎😎 WANI!!",1 year ago,@AREKSUROBOYOWANI-uv8lg,UCYxr-bjcKdvfMuRu55Q9-bA,3,,https://yt3.ggpht.com/u-w5Y8XKIJTxJWf0FZ4m7vu49vJln8c1PFPQXSwHbgxHbTt2I_DmvH9JMvgY1OtoD3lXgeEV6Q=s88-c-k-c0x00ffffff-no-rj,False,False,1750142193.866801
Ugz_ef_6n52w8rveu4h4AaABAg.A8wNu9AIW6IA91XjpyItnO,Sulit,1 year ago,@hanzdemigod__,UC5qOYnF5sa1AKN-HzkAwJrA,1,,https://yt3.ggpht.com/ytc/AIdro_kWPGQkVxQSyCysexI_hFZRsbgPpkI-bPoylkmKVIVMTe4=s88-c-k-c0x00ffffff-no-rj,False,True,1750142194.01479
UgzmDLWnVjAtKXRhAZd4AaABAg,"Koreo kok ""kiamatmu di malang"" wkwkwk",1 year ago,@mekaniktua29,UCTI0HXDe2QJ5NMeLy8Z_rcA,2,,https://yt3.ggpht.com/Ua7K60qtHVcVyOatnc7kHlS_j7g5Bhgzl96s6z0PjmDAN-8_hDry0CPBoFMd1hGp-tU6uO-Btg=s88-c-k-c0x00ffffff-no-rj,False,False,1750142194.221742
UgwKQAthfRejbIkr01x4AaABAg,Kok lebih dominan ke bonek? Trus jeleknya bonek mana kok ga dibahas juga? Biasa ini kan akun bonek jelas lah,1 year ago,@MuhammadBadrussholeh,UCWJ9z4B-vAg-hItMiLCUPQA,2,2,https://yt3.ggpht.com/ytc/AIdro_l3ZnSFD8yvct_q_B6mZYdPb0Rn3CeLWIAgmllnw0E=s88-c-k-c0x00ffffff-no-rj,False,False,1750142194.224593
UgwwV_WkV4viTBZJ-4d4AaABAg,Arema 😂,1 year ago,@mochamadjamil8450,UCfHgVEYL2axbsPyZgyunzcg,1,,https://yt3.ggpht.com/ytc/AIdro_kKp0cFLXOKAnev9jOQcRRuxpga7kx6EhO8AeHTnQG1G08=s88-c-k-c0x00ffffff-no-rj,False,False,1750142194.227227
UgxL9pTHoLU4HVm2LJF4AaABAg,Respect coach aji masio ora ng persebaya mneh👏🏻,1 year ago,@Wiro-Sableng01,UC_kRvV2m3ILkGBccSIcBayQ,2,,https://yt3.ggpht.com/cYLqQL93CdKd5gdZ9sRZC33oNO3EMVPLeO47Q_yjsRh6PNmiyIYJ7u4Da81-MBYCuYiQF76vrA=s88-c-k-c0x00ffffff-no-rj,False,False,1750142194.229826
Ugw1plCtQwHtyJl4c7V4AaABAg,"Simpel saja temen2, kalo suporter ga turun ke lapangan, tragedi Kanjuruhan gaakan terjadi",1 year ago,@syamroihan218,UCQnpBVHgEykxCYpQSAoVlaQ,1,2,https://yt3.ggpht.com/ytc/AIdro_k4mRgUmMi448zJp-2sNr0so42raLvFJjzvj0OKz_4XWPQ=s88-c-k-c0x00ffffff-no-rj,False,False,1750142194.232392
UgxJq1bxB0SaaDoUN6Z4AaABAg,Up,1 year ago,@wahyuibrahim8725,UCbYTdzkUoLkTYdo7t9JrRlQ,0,,https://yt3.ggpht.com/ytc/AIdro_mwut6Z7ZgArtXd0YwCUh_sDMrY0qy0_z6F3oPu0PQ=s88-c-k-c0x00ffffff-no-rj,False,False,1750142194.23496
UgxdO6AghW08ZFzrgiB4AaABAg,Pantess polisi sampe mengeluarkan gas air mata ternyata separah ini😢😢,1 year ago,@Tauya800,UCW9QT81uRrNYcOaIsrD1-4Q,2,,https://yt3.ggpht.com/ytc/AIdro_m8X9mT-HZG5lKIiCAJykIcmXqiL55IlVyGqWptac3ezJgf6r2Can8euNwXp4DTBFAbEw=s88-c-k-c0x00ffffff-no-rj,False,False,1750142194.237513
Ugx2ZtuVhTajnKWb-rl4AaABAg,Up,1 year ago,@wahyuibrahim8725,UCbYTdzkUoLkTYdo7t9JrRlQ,0,,https://yt3.ggpht.com/ytc/AIdro_mwut6Z7ZgArtXd0YwCUh_sDMrY0qy0_z6F3oPu0PQ=s88-c-k-c0x00ffffff-no-rj,False,False,1750142194.240205
UgyHHB_5Sj4KcTWpGzR4AaABAg,Up,1 year ago,@wahyuibrahim8725,UCbYTdzkUoLkTYdo7t9JrRlQ,0,,https://yt3.ggpht.com/ytc/AIdro_mwut6Z7ZgArtXd0YwCUh_sDMrY0qy0_z6F3oPu0PQ=s88-c-k-c0x00ffffff-no-rj,False,False,1750142194.24286
UgyurgjfrihSZwFDQzt4AaABAg,"Sewaktu kejadian itu saya naik bus dari terminal Arjosari tujuan ke kepanjen,setelah perjalanan dari Surabaya ke malang lalu oper bis dari Malang ke kepanjen.
Waktu itu saya naik bis harapan Baru 
tepat sekitar pukul 1 dini hari sesampainya di jalan raya Pakisaji saya lihat kok banyak ambulan yg lewat dari timur ke barat saya pikir ada kecelakaan ternyata semua ambulan itu sedang mengangkut para korban dari suporter Aremania yg berada di Kanjuruhan baru tahu pas saya buka Facebook",1 year ago,@agusedi5599,UCw9n_VYecbN3oZdnVzcIuVg,1,,https://yt3.ggpht.com/ytc/AIdro_ney4GUUsfGi20WXKwC4v-NzilYds4888QOZ_-4WIWoUjs=s88-c-k-c0x00ffffff-no-rj,False,False,1750142194.245752
UgzGFls6-vQ1-LocSEN4AaABAg,"Baru tau ada video nya sedetail ini dari pihak PERSEBAYA,, ngomong-ngomong mereka manusia bukan ia,, tapi ko bisa2 nya meraka bilang usut tuntas, pdahal mereka yang salah loh",1 year ago,@rekicoklat4650,UC6y8OSiX6wP288b8zXFlqVg,0,,https://yt3.ggpht.com/1mgU8NCzypLtag_PA9XxpRjwnGteD3eqiZY-jl_sxvQaVU2FmEbFGxJLFExE56j8dRzcxFB4=s88-c-k-c0x00ffffff-no-rj,False,False,1750142194.248308
UgwtqOlIT07SbeCFW1p4AaABAg,Puarah poll,1 year ago,@wisnugothic5354,UCiXaOIyZEisUB2o9C5hTUHQ,0,,https://yt3.ggpht.com/ytc/AIdro_kEIg6PQnw9vNm3jjwRczIq-GBrByr56HK1890tAPLSIw=s88-c-k-c0x00ffffff-no-rj,False,False,1750142194.250883
UgwNdqMEHRhfwpjFpi14AaABAg,Gak sengojo nontok vidio iki maneh...kok sampek detik iki arema kyk e sek di istimewakno yo...,1 year ago,@andanidyawardhana1186,UCgQRoKM2VzDgIhoi6HrN8Gg,0,,https://yt3.ggpht.com/ytc/AIdro_n7rXufpwRvD9CediKU4vQB2ps6RNC_ltzSjuIRL5v5lSA=s88-c-k-c0x00ffffff-no-rj,False,False,1750142194.253327
UgzBu6yZ21rVSHOkqtZ4AaABAg,43.00 : WANII HIDAYAT🐊,1 year ago,@05naufalardihamzah5,UCHH4ReOPsXIlO3UAmy7nS7g,2,,https://yt3.ggpht.com/ytc/AIdro_l2UwUSuw_Qs19Rjvfx-URJr4Aj8--zj8CyfwfWYXAqZgiP=s88-c-k-c0x00ffffff-no-rj,False,False,1750142194.255851
UgyO9-n34IZwtNLCOKR4AaABAg,team yang di kangen in😢,1 year ago,@debydebyoktaayundasari,UC6N4bOa2xUgE81qZAtS3vmQ,0,,https://yt3.ggpht.com/ytc/AIdro_m1_Y4k6zhdirwx7_g5uu1jaVPITDYzfmsEBZNRgnHL6SAio24fm-cgmIM0yDmz8QUd6Q=s88-c-k-c0x00ffffff-no-rj,False,False,1750142194.258478
UgwRAWn2SwTS1gafc7F4AaABAg,"Aremania biadab....jgn pernah ada ijin untuk main dimalang lg...jgn pernah menyalahkan clubmu,klo kelakuan aremania msh primitif dn terbelakang",1 year ago,@rahinounggi9387,UCOk4NpXbvqcDJmRUrlyWfIQ,0,,https://yt3.ggpht.com/_4dSJd45qn3MEiTxhmf3PL5pbxHn18CCPypglr2eUn8g94t569XstzBXQPr7lsy4oDV8h3dt=s88-c-k-c0x00ffffff-no-rj,False,False,1750142194.261029
Ugwo7qFEEW8sd0CR9-54AaABAg,"Arep sedih di anggap gak empati, tapi kelukuan suporternya kaya gitu menyedihkan",1 year ago,@ah-mm2gl,UColqVUswqKqvJtXml5CQQHQ,0,,https://yt3.ggpht.com/ytc/AIdro_num9YuZCoHorS78HXPZQ1JYWGMbEjdfxLhAxLpo4E=s88-c-k-c0x00ffffff-no-rj,False,False,1750142194.263637
UgxfcbMyMVb-bQTJ5Nd4AaABAg,"Anak kecil jadi suporter ya gini, 
Ngga ada kedewasaan sama sekali, wajah preman tetapi pola pikirnya masih kaya anak kecil, apa artinya, kedewasaan itu dia yg tau mana yg baik dan mana yg tidak, memiliki pola pikir yg baik dan tidak kalah dengan amarahnya",1 year ago,@syamsularifin1336,UCyQKsYHg8L3cdqSdUy31dSQ,0,,https://yt3.ggpht.com/9X91QutsW888CXQwEZe3QgADq9KscXEKZRguubzQU57HpaSEyDGT1VuUvThePkbe6UKu51gFyw=s88-c-k-c0x00ffffff-no-rj,False,False,1750142194.26652
Ugz9AygvezjuZckdoBB4AaABAg,AijD,1 year ago,@AjiDarmawan-re9ds,UCgWRoLGQJE0mWs1Kap-KlOg,0,,https://yt3.ggpht.com/ytc/AIdro_k489dbUjVHiavMXCVBLGMHjuZ1MbGhFgMATRJyE25ZAk1KhQl3s6Hf7REnBDXFhbKjBA=s88-c-k-c0x00ffffff-no-rj,False,False,1750142194.269064
Ugw8WBFYLDFqj68OQK54AaABAg,"Yo iku karma nyerang pungawa persebaya...akhire 135...!!
Ngunu jek nyalahne polisi",1 year ago,@LiaIndri-m6x,UC-OvocxCcge_kTCI3ofgIxQ,0,,https://yt3.ggpht.com/ytc/AIdro_lH1zJmlsA1WqGJZyMpgTbIfXRnmiC714MlofQqnMaTuRgkpG4o42a60HhOGPyJpAPAuA=s88-c-k-c0x00ffffff-no-rj,False,False,1750142194.271506
UgwKQAthfRejbIkr01x4AaABAg.A7yswZXunzJA8vIYRaYgu1,Namamu tidak mencerminkan etikamu,1 year ago (edited),@bagastpram,UC1IXPASanhLsjvIlSpvo4Hw,2,,https://yt3.ggpht.com/ytc/AIdro_mJIHHak-VuJP_TLktn3P4ul2e9Ujt8t6zTpv9qhRkauPM=s88-c-k-c0x00ffffff-no-rj,False,True,1750142194.41701
UgwKQAthfRejbIkr01x4AaABAg.A7yswZXunzJADJ53nYpZjL,Blogg!,1 year ago,@sitijuleha7108,UCivXhxtcK2gYPj7SezfFjBA,0,,https://yt3.ggpht.com/ytc/AIdro_mhpdt52gf-ewuMICMSpf58jqqKXetktX-rAgmJkXZktJrVu4vDkBYngfAtIfmb6uJy3w=s88-c-k-c0x00ffffff-no-rj,False,True,1750142194.420926
Ugw1plCtQwHtyJl4c7V4AaABAg.A7oOo-iEXzLA842tFkG0Q5,Malang sdm rendah bro😛,1 year ago,@mekaniktua29,UCTI0HXDe2QJ5NMeLy8Z_rcA,1,,https://yt3.ggpht.com/Ua7K60qtHVcVyOatnc7kHlS_j7g5Bhgzl96s6z0PjmDAN-8_hDry0CPBoFMd1hGp-tU6uO-Btg=s88-c-k-c0x00ffffff-no-rj,False,True,1750142194.567123
Ugw1plCtQwHtyJl4c7V4AaABAg.A7oOo-iEXzLA92xt9mVeEI,"​ @mekaniktua29 2018an pelatih Persib si Mario Gomes yg dibantai Aremania, kepala Mario Gomes dipecahkan pake batu malahan Ama Aremania, Ampe bocor pelipisnya",1 year ago,@syahrulramadiansyah2284,UC7_qfLkFhxZwlG73nwv3FBA,1,,https://yt3.ggpht.com/ytc/AIdro_k5-D2ljCtW3TKtdMdSIxlz869VTntMaVrzuVH8yVk=s88-c-k-c0x00ffffff-no-rj,False,True,1750142194.569734
Ugyir37LBn2LcvhNhBJ4AaABAg,Wong koyo ngene kok seng disalahne panggah polisi to kihhhh🔥🔥🔥,1 year ago,@RidhoFerdiawan,UC8y5JqnkBnjRJqSpU5x2zSg,0,,https://yt3.ggpht.com/ytc/AIdro_kgeb3tvIBGrdY-IdjHykSG-MSKpwcehWUAO3_O6TXPgadO46BAk4RkoG8qNgXDJBfHxg=s88-c-k-c0x00ffffff-no-rj,False,False,1750142194.774472
UgwE0u0po4DdgBgEPcp4AaABAg,Arema emang kampungan,1 year ago,@bagzahidayat1138,UCXKEo5RDH0VtF32LhCdTcag,1,,https://yt3.ggpht.com/RXE2asVKFLHHNCiXL_WUZMp8BIGqk9Q7zQBNeMmlKkUheA9ajo8txnDSLHUyMYMRpehI4qi9WQ=s88-c-k-c0x00ffffff-no-rj,False,False,1750142194.777257
Ugz7DghSKNMnmywmj1R4AaABAg,"Buat suporter non aremania lihat dan jadikan pelajaran video ini agar jangan sampai terulang dan buat aremania buang lah sifat binatang kalian, kampungan kalian dan primitif kalian",1 year ago,@Alam_borneo01,UCc0hR5Z9RP3c0LFqtZ0dpvQ,0,,https://yt3.ggpht.com/6gjx7qKt8MZNSyVSqOs7hn-lfTMYXkk4_eA_2yfKabqYt4_-t1IIv0xH9lI1rKRvY68pz2CzKw=s88-c-k-c0x00ffffff-no-rj,False,False,1750142194.780112
UgzAjTHCBV_72rlqQhJ4AaABAg,"Selalu nntn berkali-kali, salah satu saksi sejara kelamx sepakbola Indonesia",1 year ago,@user-fh9cp2gn5t,UCc4NTxuX2s8ds8XkFdbnHeg,0,2,https://yt3.ggpht.com/ytc/AIdro_nfrO6VW1YHrAaUYGH-Y4n-Ulb7lc-AQgFx4sypbnWPmMc=s88-c-k-c0x00ffffff-no-rj,False,False,1750142194.782907
Ugwv0Dco4LRAnVI5N_N4AaABAg,Buset inimah aremania sendiri yang brutal,1 year ago,@muhamadfkri,UCZCC_SmBiFpBhGRcPZ0a75g,3,1,https://yt3.ggpht.com/ibpRYHMi9NncXqdXxsVsVdOnfbhiCuysDKKemv0eSXH6iRpBf3srAJNaXLvSmgq61455gAqR5Cg=s88-c-k-c0x00ffffff-no-rj,False,False,1750142194.785587
Ugy3Q_RK3zq3LRM6EUl4AaABAg,Arema melihat persebaya dan bonek sebagai musuh besar..tapi bagi bonek dan persebaya arema dan aremania itu biasa aja..,1 year ago,@fuadsatrio1404,UChGIpugHhYUuEDYHFiChfBA,0,,https://yt3.ggpht.com/ytc/AIdro_lDDnDzHJc9Vc_XO5eThxj8HJMEP1rGhtvG8Pg3OaLfMA=s88-c-k-c0x00ffffff-no-rj,False,False,1750142194.788485
Ugxrxpr8RWqYnmS2zy54AaABAg,"Bagus ini, perspektif pemain lawan",1 year ago,@afl6786,UCSvXY4vAxEsOyfkdcgjGwKA,0,,https://yt3.ggpht.com/VGHShROOPa0UDhDaiM1xf-57OeWR7bJh7c7UMOwfYpAcbuDCvKacNJ3pNiRju6MTBvgeY5uxoQ=s88-c-k-c0x00ffffff-no-rj,False,False,1750142194.791172
UgyGGqrOECCEY0Cg5Kt4AaABAg,Dokumenter mahal,1 year ago,@dimasivananggara,UCecDumC0qB8bQYM4ZcU0fMw,0,,https://yt3.ggpht.com/ytc/AIdro_mjjaYxphxtEtEnNUvGX_9xoLbmrHDpZw-XtrSz4kMJXg=s88-c-k-c0x00ffffff-no-rj,False,False,1750142194.793868
Ugy9yb1fR7wIUEFAGcl4AaABAg,AREMANIA ASUKKK,1 year ago,@anggatrisnanto,UCg4KHlbJkE1SnHE7V49tv-g,0,,https://yt3.ggpht.com/ytc/AIdro_mdraRvtsV7TrcgRRHdsLXJvpS8Uj_E1Vt05uArdqaJOb_-NkpcjOwq2BAVlmg5I3L81w=s88-c-k-c0x00ffffff-no-rj,False,False,1750142194.796538
UgwR6PXFsW42jUyC9n14AaABAg,berawal dr over kapasitas yg jd kebiasaan..tiket siluman.,1 year ago,@oeloem1986,UCx3bj_WryWpHJ07AG6TTv2g,0,,https://yt3.ggpht.com/CfttCZbbcjiZSq_MrUJ61N8rc5fYY_zm0ztFztHXCKkxZjOZby5nAZvV5FK-NBCMKq_lHdlYPT4=s88-c-k-c0x00ffffff-no-rj,False,False,1750142194.799327
UgyfKQEtixtDwk1vYLJ4AaABAg,dokumenter ini atau pun kejadian kanjuruhan yg telah terjadi tidak mengubah apapun di sepak bola indonesia malah lebih banyak drama dan aksi yg lebih keji dri supporter maupun kepolisian memang susah mempunyai rakyat yg sdm rendah,1 year ago,@babuskha_b00i80,UCUuogzAHxifJSJb6kBnlOZA,0,,https://yt3.ggpht.com/A9crH6P-loJJ6S8InnstXuMrWOdc0N96BcxlMDFBlYCRzXjjOFlfsmIBjaRFUlW6lXmItzcHYA=s88-c-k-c0x00ffffff-no-rj,False,False,1750142194.801843
UgzlIJrD7qhUZq8y_OB4AaABAg,Egoismu mateni bolomu dewe ma alema,1 year ago,@NarendraIshaq,UC9A2xWwIiI8L6ju6yDpvRmA,0,,https://yt3.ggpht.com/ys9VhrMhBr1WDM86Eb6Nd89RH73Gzf4EJshK1s98q5ohif81Djk4cDQQ70vnnFUtAGYQg3Jlqw=s88-c-k-c0x00ffffff-no-rj,False,False,1750142194.804331
UgxB_HavnEYal5QJWJh4AaABAg,Up,1 year ago,@wahyuibrahim8725,UCbYTdzkUoLkTYdo7t9JrRlQ,0,,https://yt3.ggpht.com/ytc/AIdro_mwut6Z7ZgArtXd0YwCUh_sDMrY0qy0_z6F3oPu0PQ=s88-c-k-c0x00ffffff-no-rj,False,False,1750142194.806805
UgwjpsLBzIISfrtFLvh4AaABAg,Up,1 year ago,@wahyuibrahim8725,UCbYTdzkUoLkTYdo7t9JrRlQ,0,,https://yt3.ggpht.com/ytc/AIdro_mwut6Z7ZgArtXd0YwCUh_sDMrY0qy0_z6F3oPu0PQ=s88-c-k-c0x00ffffff-no-rj,False,False,1750142194.809327
UgyKvrx-2cnWTNKmGAR4AaABAg,Iki lho des...bedes..kelakuanmu...,1 year ago,@silvirianti4147,UCdH92hhoe4KuGyomwJw6V4w,0,,https://yt3.ggpht.com/ytc/AIdro_nn2r27xgt-QLsA4NOafS588bIhGJEP80r8XEC4pJEMwtmsmIosL5hG9gzQ2AyEbG8G0A=s88-c-k-c0x00ffffff-no-rj,False,False,1750142194.81197
UgzcWP3QRUvL4ztcsaV4AaABAg,Jika kalian ingat bonek juga rasis pemain arema dilempar I ketika final piala presiden leg 1 2019 arema akan tetap menuntut keadilan atas hilang nya 135 nyawa karena gas air mata,1 year ago,@firmanardiansyah729,UC-hhzwdASP-o_7JG5KCVk3w,0,,https://yt3.ggpht.com/60kmodJIqkCdYrkjy6KLbbP0VakzN82xozUZju24EKFsFUfxDAVrXilurSe-fuYqNj60l7uv=s88-c-k-c0x00ffffff-no-rj,False,False,1750142194.81445
Ugz1fAAovMj5Q9KqoBh4AaABAg,"Setelah nonton video ini saya sadar ternyata yg pembunuh itu bukan polisi, tapi kalian aremania.",1 year ago,@rubenruben983,UC32JGf2IyZZY_jahnnNQnrw,2,,https://yt3.ggpht.com/_eNJ6LQvqasYRtNgnwbIBN-BxsMEWr4EwHx_-cl8wI6PWWu8jJJ7GHY4eNGyHls3SRlGU987Wiw=s88-c-k-c0x00ffffff-no-rj,False,False,1750142194.816942
UgwdRpxOuzx936DUPcV4AaABAg,Up,1 year ago,@wahyuibrahim8725,UCbYTdzkUoLkTYdo7t9JrRlQ,0,,https://yt3.ggpht.com/ytc/AIdro_mwut6Z7ZgArtXd0YwCUh_sDMrY0qy0_z6F3oPu0PQ=s88-c-k-c0x00ffffff-no-rj,False,False,1750142194.819618
UgxES7gxRIEIrpgtQYl4AaABAg,Up,1 year ago,@wahyuibrahim8725,UCbYTdzkUoLkTYdo7t9JrRlQ,0,,https://yt3.ggpht.com/ytc/AIdro_mwut6Z7ZgArtXd0YwCUh_sDMrY0qy0_z6F3oPu0PQ=s88-c-k-c0x00ffffff-no-rj,False,False,1750142194.822147
UgwzKrf-3O84xz537vl4AaABAg,Up,1 year ago,@wahyuibrahim8725,UCbYTdzkUoLkTYdo7t9JrRlQ,0,,https://yt3.ggpht.com/ytc/AIdro_mwut6Z7ZgArtXd0YwCUh_sDMrY0qy0_z6F3oPu0PQ=s88-c-k-c0x00ffffff-no-rj,False,False,1750142194.824688
UgzAjTHCBV_72rlqQhJ4AaABAg.A7Ar3zwYiG2A7ckr4NGUQG,"Dan itu disebabkan ULAH mereka sendiri, bukan APARAT",1 year ago,@adamz024,UCyMfs4Lo8UkcqPrfYt5UEiA,1,,https://yt3.ggpht.com/Ht_KKtY4FpJQx47G5dVTgAPPtoiVaJQwe1-d0aJJ70u0scy4SPVpOSVhBX4-cZaIHouJrTaXVA=s88-c-k-c0x00ffffff-no-rj,False,True,1750142194.969186
UgzAjTHCBV_72rlqQhJ4AaABAg.A7Ar3zwYiG2A843bH5z8k8,​ @adamz024 alibi nya mau nyemangatin pemain wkskw padahal turun lapangan emng mau rusuh,1 year ago,@mekaniktua29,UCTI0HXDe2QJ5NMeLy8Z_rcA,1,,https://yt3.ggpht.com/Ua7K60qtHVcVyOatnc7kHlS_j7g5Bhgzl96s6z0PjmDAN-8_hDry0CPBoFMd1hGp-tU6uO-Btg=s88-c-k-c0x00ffffff-no-rj,False,True,1750142194.971999
Ugwv0Dco4LRAnVI5N_N4AaABAg.A7AFic4fac1A843zH4MOow,Yttta aja emang tukang rusuh bilangnya turun lapangan buat nyemangatin pemain😅,1 year ago,@mekaniktua29,UCTI0HXDe2QJ5NMeLy8Z_rcA,1,,https://yt3.ggpht.com/Ua7K60qtHVcVyOatnc7kHlS_j7g5Bhgzl96s6z0PjmDAN-8_hDry0CPBoFMd1hGp-tU6uO-Btg=s88-c-k-c0x00ffffff-no-rj,False,True,1750142195.117867
UgwcX08DPUc3sLw1dS94AaABAg,Up,1 year ago,@wahyuibrahim8725,UCbYTdzkUoLkTYdo7t9JrRlQ,0,,https://yt3.ggpht.com/ytc/AIdro_mwut6Z7ZgArtXd0YwCUh_sDMrY0qy0_z6F3oPu0PQ=s88-c-k-c0x00ffffff-no-rj,False,False,1750142195.325743
UgxwabA2L73tP4eNgql4AaABAg,Up,1 year ago,@wahyuibrahim8725,UCbYTdzkUoLkTYdo7t9JrRlQ,0,,https://yt3.ggpht.com/ytc/AIdro_mwut6Z7ZgArtXd0YwCUh_sDMrY0qy0_z6F3oPu0PQ=s88-c-k-c0x00ffffff-no-rj,False,False,1750142195.329963
Ugwj05395yL6UMY2C3d4AaABAg,Up,1 year ago,@wahyuibrahim8725,UCbYTdzkUoLkTYdo7t9JrRlQ,0,,https://yt3.ggpht.com/ytc/AIdro_mwut6Z7ZgArtXd0YwCUh_sDMrY0qy0_z6F3oPu0PQ=s88-c-k-c0x00ffffff-no-rj,False,False,1750142195.333093
UgwodbeMrxdtvSUB2554AaABAg,"buat pelajaran aja ya jangan sampai hal seperti ini terjadi lagi saodara saya masih dikasih selamat waktu itu cuman kakinya tulangnya retak,aku udah ada firasat ga enak 2 hari sebelumnya akhirnya aku ga jadi berangkat dan kejadian ini terjadi banyak sahabat2 saya yg meninggal,ada rasa penyesalan juga ngapain nyuruh mereka berangkat 😢,al-fatihah buat semua para korban 1 oktober🙏",1 year ago,@yustianputra2454,UCew4T6psyeZCzfFU4Djt-OQ,0,1,https://yt3.ggpht.com/ytc/AIdro_nrYK3B1C5MdPuvwnvVs9o00nuVH3EkxikhnUIHVR-TVoQ=s88-c-k-c0x00ffffff-no-rj,False,False,1750142195.336088
Ugz3pknX4YwDE9uj0VR4AaABAg,Up,1 year ago,@wahyuibrahim8725,UCbYTdzkUoLkTYdo7t9JrRlQ,0,,https://yt3.ggpht.com/ytc/AIdro_mwut6Z7ZgArtXd0YwCUh_sDMrY0qy0_z6F3oPu0PQ=s88-c-k-c0x00ffffff-no-rj,False,False,1750142195.338958
UgwIsw-7Ozj8vlZClLB4AaABAg,Up,1 year ago,@wahyuibrahim8725,UCbYTdzkUoLkTYdo7t9JrRlQ,0,,https://yt3.ggpht.com/ytc/AIdro_mwut6Z7ZgArtXd0YwCUh_sDMrY0qy0_z6F3oPu0PQ=s88-c-k-c0x00ffffff-no-rj,False,False,1750142195.341832
UgxPCY--PwDSepMTMPN4AaABAg,Up,1 year ago,@wahyuibrahim8725,UCbYTdzkUoLkTYdo7t9JrRlQ,0,,https://yt3.ggpht.com/ytc/AIdro_mwut6Z7ZgArtXd0YwCUh_sDMrY0qy0_z6F3oPu0PQ=s88-c-k-c0x00ffffff-no-rj,False,False,1750142195.344695
Ugz2kp7ARud9FnJ0fxZ4AaABAg,Up,1 year ago,@wahyuibrahim8725,UCbYTdzkUoLkTYdo7t9JrRlQ,0,,https://yt3.ggpht.com/ytc/AIdro_mwut6Z7ZgArtXd0YwCUh_sDMrY0qy0_z6F3oPu0PQ=s88-c-k-c0x00ffffff-no-rj,False,False,1750142195.347651
UgwFxg1Vr_TOG3zxgwF4AaABAg,Arema bagong,1 year ago,@CahyaAbdulsidiq,UCxLdGkmOm2hJGl9JKoE-k_Q,0,,https://yt3.ggpht.com/ytc/AIdro_k2j-U1hx2gQCJStFa-jkECGZa50pYXWpHLgxBfCIntw44Dm80MYPjDJG2ntcx9_FaCSw=s88-c-k-c0x00ffffff-no-rj,False,False,1750142195.350547
Ugw_3vsqK4x-hfa9lTx4AaABAg,Kelakuane ketek Yo ngono.. njiiir,1 year ago,@BilaRepot,UCLBJK_MxEJi8yRQ951s9bEA,0,,https://yt3.ggpht.com/I316_-cHr4a-5nev-pKX3tugh78_83Ek_Tsufdok--IQDuCQ7MC028AEBil4RjU4HUJ7YPYqIdM=s88-c-k-c0x00ffffff-no-rj,False,False,1750142195.353479
Ugx_5CPRlMJtHVd1AEJ4AaABAg,Up,1 year ago,@wahyuibrahim8725,UCbYTdzkUoLkTYdo7t9JrRlQ,0,,https://yt3.ggpht.com/ytc/AIdro_mwut6Z7ZgArtXd0YwCUh_sDMrY0qy0_z6F3oPu0PQ=s88-c-k-c0x00ffffff-no-rj,False,False,1750142195.356442
Ugxi0L1dV535QNoTPM14AaABAg,Up,1 year ago,@wahyuibrahim8725,UCbYTdzkUoLkTYdo7t9JrRlQ,0,,https://yt3.ggpht.com/ytc/AIdro_mwut6Z7ZgArtXd0YwCUh_sDMrY0qy0_z6F3oPu0PQ=s88-c-k-c0x00ffffff-no-rj,False,False,1750142195.359371
Ugxgz4Czr3LHxtrRfOV4AaABAg,Up,1 year ago,@wahyuibrahim8725,UCbYTdzkUoLkTYdo7t9JrRlQ,0,,https://yt3.ggpht.com/ytc/AIdro_mwut6Z7ZgArtXd0YwCUh_sDMrY0qy0_z6F3oPu0PQ=s88-c-k-c0x00ffffff-no-rj,False,False,1750142195.362231
UgydIlP5cJ9ZgXmDIRJ4AaABAg,Up,1 year ago,@wahyuibrahim8725,UCbYTdzkUoLkTYdo7t9JrRlQ,0,,https://yt3.ggpht.com/ytc/AIdro_mwut6Z7ZgArtXd0YwCUh_sDMrY0qy0_z6F3oPu0PQ=s88-c-k-c0x00ffffff-no-rj,False,False,1750142195.365009
Ugx1THvgA6_SrxFVPDl4AaABAg,Up,1 year ago,@wahyuibrahim8725,UCbYTdzkUoLkTYdo7t9JrRlQ,0,,https://yt3.ggpht.com/ytc/AIdro_mwut6Z7ZgArtXd0YwCUh_sDMrY0qy0_z6F3oPu0PQ=s88-c-k-c0x00ffffff-no-rj,False,False,1750142195.367736
UgxBluvhf8TlGo4nleF4AaABAg,Up,1 year ago,@wahyuibrahim8725,UCbYTdzkUoLkTYdo7t9JrRlQ,0,,https://yt3.ggpht.com/ytc/AIdro_mwut6Z7ZgArtXd0YwCUh_sDMrY0qy0_z6F3oPu0PQ=s88-c-k-c0x00ffffff-no-rj,False,False,1750142195.370431
UgySsPz8CfQ5d173TYJ4AaABAg,Up,1 year ago,@wahyuibrahim8725,UCbYTdzkUoLkTYdo7t9JrRlQ,0,,https://yt3.ggpht.com/ytc/AIdro_mwut6Z7ZgArtXd0YwCUh_sDMrY0qy0_z6F3oPu0PQ=s88-c-k-c0x00ffffff-no-rj,False,False,1750142195.373283
UgyW66gIt-BKD-kvf654AaABAg,Jannn arema i pekok” 😢,1 year ago,@gunawanwicaksono5634,UCD0nruDSEFrsgZVLE7n5zZw,0,,https://yt3.ggpht.com/ytc/AIdro_l0wfMq0Uqssh2jq4vo9ObXMCUv7R_1z9BXAgYfYnZKxIY=s88-c-k-c0x00ffffff-no-rj,False,False,1750142195.377395
UgxhxkqVvyjpfZJZN6h4AaABAg,"SEMOGA DI MUSIM 2024/2025 AREMANIA SUDA JADI SUPORTER YANG DEWASA DAN BELAJAR DARI KEJADIAN DI TAHUN YANG SILAM,"" FANATIK BOLEH BODO JANGAN """,1 year ago,@Sunflower-yk1sg,UCeREdMcpTxZPye1uyRmEKVQ,0,,https://yt3.ggpht.com/ytc/AIdro_l_cdb12iEvfbconWqKW89iqSh69jL-NdmjZIuXCkr9Yg3iLzKFdf8SG32lYrR3AmrM9A=s88-c-k-c0x00ffffff-no-rj,False,False,1750142195.380623
UgydmxfWB8udvnxp4-Z4AaABAg,wong wong pokok e joget iku mosok eroh perjuangan e official psby sampe koyo ngene,1 year ago,@agungbachrudin155,UC3xnIg0X2ItUrHnMk177m2g,0,,https://yt3.ggpht.com/ytc/AIdro_mwNVxzeeKin9SLbGkvu4NIfIjkdSzEFeWVRq9YxJF7J0U=s88-c-k-c0x00ffffff-no-rj,False,False,1750142195.383511
UgwodbeMrxdtvSUB2554AaABAg.A6rZYC3XIkqA9BmcYlDZ4C,Allahumma Aamin 🤲 ya Allah 🥺 ya rabb 🙏,1 year ago,@yazidalbustomi62,UCeUEnKkP0xD9FsjgPzASQ5Q,0,,https://yt3.ggpht.com/SAr2UcDr9KPTB5pUeiGYAmbSp-Ee1Rz6JF8vA6ovxvbJS6FffBczErKpTo6rB5z066_ypHDKzqY=s88-c-k-c0x00ffffff-no-rj,False,True,1750142195.543197
UgwZcUa_iNsWmX4Lx0Z4AaABAg,up,1 year ago,@agungbachrudin155,UC3xnIg0X2ItUrHnMk177m2g,0,,https://yt3.ggpht.com/ytc/AIdro_mwNVxzeeKin9SLbGkvu4NIfIjkdSzEFeWVRq9YxJF7J0U=s88-c-k-c0x00ffffff-no-rj,False,False,1750142195.759509
UgyAkz8wxhNC2zf6lTl4AaABAg,Up maneh,1 year ago,@bonjol06,UCKK1eugdQNwaqHmYFp1UaTA,0,,https://yt3.ggpht.com/ytc/AIdro_mLBJsX1IP6QO9II1xBmHgTcKEXcV877SB4wRBXCR3uqcs=s88-c-k-c0x00ffffff-no-rj,False,False,1750142195.762711
Ugy6VBjBa6FRTPwIAlB4AaABAg,"Dengan video ini Semoga menjadi pelajaran & pengingat 

Bahwa ada keluarga & org tua yg menunggu kabar baik drumah ..
maju sepakbola indonesia",1 year ago,@dutatriyuda4579,UCdZx2WPMoijNchvc_Qftsqw,0,,https://yt3.ggpht.com/ytc/AIdro_moVpBdX8_PXi0S6ZMWg8eBRktCAFCOlO6lpwOnieE=s88-c-k-c0x00ffffff-no-rj,False,False,1750142195.765297
UgynaKLPyM0TiY65C0h4AaABAg,Gak kebayang kalo stadion gak ditutup barracuda bisa dibalikin itu sama 42rb suporter..dan saat ini kita gk ngeliat Marcel dan sty di piala asia karena sepakbola indonesia pasti dibanned selamanya karena suporter udh membunuh semua pemain persebaya...,1 year ago,@nikolaventola5338,UCSTDJMorcHXSsEIGmgPJ5xQ,0,,https://yt3.ggpht.com/ytc/AIdro_nRm-xqfLJJWynoHGMhyHMwYUsNZJiWKxev5sYnIaf7KvGvXFXY-L9EqaMrhr3VzoI0SQ=s88-c-k-c0x00ffffff-no-rj,False,False,1750142195.76812
UgxoAIPysnoJqwscoHd4AaABAg,Ternyata beras kuning yg ditabur sama mreka ya untuk diri mreka sndiri yg akan mati di hari itu😂,1 year ago,@LaVerga-b4c,UCt6p_NR49U8jKXjwJAHi4XQ,1,,https://yt3.ggpht.com/cF7e_0YLatFLr-A09PukIbmp27B6WlFDhjZ_-eB3CTSrRY51kD-Hr9agVmW8SHUV9a9S6KsRLQ=s88-c-k-c0x00ffffff-no-rj,False,False,1750142195.770766
UgyeVBNqfpVdUVnPzwJ4AaABAg,pantes lek matek wakeh.,1 year ago,@andre_alee,UCjTHFP9ga10Fx7jcq92ko7A,0,,https://yt3.ggpht.com/ytc/AIdro_l5LLkTg-D-orAjIv3QnONs9TM45y_AotBXm2mRPRn4eltxYktPs1EaE6EeEfGMXSfLHQ=s88-c-k-c0x00ffffff-no-rj,False,False,1750142195.773345
UgzJYXsHsSd1bQrThOF4AaABAg,Se ganas itu,1 year ago,@yudianggara4061,UCTVEPYGeDpwI1dSLcGdKiOw,0,,https://yt3.ggpht.com/ytc/AIdro_lUc8aFvcIS_cfJrPMDw9caeW-Yi09_yrhbEZKYuEOopQ=s88-c-k-c0x00ffffff-no-rj,False,False,1750142195.776169
Ugz-VUdLhbASi6WTKGN4AaABAg,Mereka kalau dikandang mental kandang tapi kalau away bertemu bonek lari😅,1 year ago,@fathurirfani5891,UCeKEqPRHv-xQ6VBIFsSAb2Q,0,,https://yt3.ggpht.com/ytc/AIdro_kAcpChcTX5cokMZ7fiFUkigAfq4GKB4rSYVqbA0KM=s88-c-k-c0x00ffffff-no-rj,False,False,1750142195.778747
UgzLhJ49Xl4Bd0R_e7J4AaABAg,PERSEBAYA MENYATUKAN AREMA ISI DUA😂,1 year ago,@yondaime77694,UCXXiMX9TX1mVbVwmrDIpdlA,0,,https://yt3.ggpht.com/Ow6DWYDsct2q9NWCFfR7xoy9Jdu9M9Sp5bWGw8_rahvQUend07yWNogzhnzkr-ddgEaQsZ0acg=s88-c-k-c0x00ffffff-no-rj,False,False,1750142195.781479
Ugy3vlftPwJGdpmz7Q14AaABAg,"yoo iki lo cakk malannggg, sangarr to cak due sejarah kok ahahaha, suroboyo iso opo rekk??🤣🤣",1 year ago,@shann22,UCB7_LfDYUGXvhxQAuDcXhgg,0,2,https://yt3.ggpht.com/cdEVxNcruao9HSqp4LzxsABeUKrh5xiDjBdbTKGK9cFZ22Tca4g5cxzcHedSpAl3Ng4lqruV=s88-c-k-c0x00ffffff-no-rj,False,False,1750142195.784456
Ugz0x4E5USIXaJgvWfJ4AaABAg,Semoga arema sadar dan mencari tim arema yang asli,1 year ago,@tianproject800,UCf05OfuEMcqVmjr6wJdG73g,0,,https://yt3.ggpht.com/GfZpAlhiHg90NRIiZCpRAXzlNHaoMCGh5R53EHxWSnUd96OVFtw7ztVzvBMxAdcA3X-Ss0gyWg=s88-c-k-c0x00ffffff-no-rj,False,False,1750142195.787107
UgyyOe3T83R_CnRzDWl4AaABAg,Setelah saya menonton video ini dari awal keberangkatan tim Persebaya di saat pertandingan & keluar dari stadion saya mencatat momen dari tragedi stdn Kanjuruhan ini sangat impossible tapi sgt di luar dugaan yg saya catat kendaraan tim opicial yg pull dgn sengaja di blokade dan di bakar artinya dgn berniat untuk membunuh para optical tim Persebaya ini yg saya tak bisa di percaya....tapi Allah SWT melindungi semua opicial tim Persebaya... Masya Allah tabarakalloh Alhamdulillah 🤲  salam Bobotoh sahabat untuk Bonek mania sahabat Persib dari era perserikatan 🙏🏻,1 year ago,@tanggerangcity1013,UClxUN4N4xJoZ9iqEpv4k1hw,1,,https://yt3.ggpht.com/ytc/AIdro_lCz-5s9xX2KhaXt-SgRQrSh7xSIu9Mi5iKddZZLTjvY5aH0-HZod53kfuRV4K-zm-cvg=s88-c-k-c0x00ffffff-no-rj,False,False,1750142195.790056
UgyIDiNBlFzEpPEUZuN4AaABAg,15 Juli 2024 tiba² muncul di beranda👀,1 year ago,@ekalawyanakula1872,UC7G4MJ2AVRDVubyC83FZT7A,0,,https://yt3.ggpht.com/ytc/AIdro_lnQAZSvjA-FXMUqqpDkx6WeHp9V-uA5aIJcEXPzQM=s88-c-k-c0x00ffffff-no-rj,False,False,1750142195.792734
UgwvilbzLQSsFjYO9gZ4AaABAg,sdm2 rendah yg rusuh..😂,1 year ago,@m.furkhan4213,UCwMizoASYD7yDT3l1qFK8dQ,3,1,https://yt3.ggpht.com/ytc/AIdro_lCcLaQxWcvI2EGO1Yx8JghVogwuIvweQtKO2WljVQO8Z9U-9WIqXep9b4I_4RwnbLfMQ=s88-c-k-c0x00ffffff-no-rj,False,False,1750142195.795422
Ugxj_4PqZz-6P_va7IZ4AaABAg,"AREMA TOLONG DEGRADASI DONG, PENDUKUNGMU NYUSAHIN NEGARA",1 year ago,@muhammadyansiimran,UCVV5SiIZES4q9HOdi-T6PGQ,4,,https://yt3.ggpht.com/fCsaheAUtKu7icUD_SjUdC2UVXD9JKy3GEvHif5KOH161TlDuDc1VxZO-0retvOmsObCBFs0zw=s88-c-k-c0x00ffffff-no-rj,False,False,1750142195.798156
UgxLkJjRR7UlMm7lbo54AaABAg,"Supoerter Arema kampungan sok Jagoan Tapi cengeng dan merasa paling paling tersakiti

Playing Vict1m",1 year ago,@SuaraCity,UC4RqnnqecTO8WGHx2myYEkA,0,,https://yt3.ggpht.com/4d4lCIYh9uvVmv6F4Pm1yKYuvjgFVAK07NgsPWmny1SWWlvitk3zSPnM1ZcBzhldOZ2hxLucOQ=s88-c-k-c0x00ffffff-no-rj,False,False,1750142195.800731
UgxyTFcOwdxdbl7-G654AaABAg,"Dari video ini terlihat Suporter AREMA NORAK SDM RENDAH

Giliran ada korban 135 jiwa mewek nyalahin polisi

Lawak Kids Ente",1 year ago,@mamanmumun2488,UC2zvajdIELeGUR_KS0y_A4w,0,,https://yt3.ggpht.com/ISWe1yBZDmb2dgjt0gXNu5A9jUYQ6W86D26wF9-iiy28RzuIN-1wtHwfsqllOyt-5n9cxTSaaD4=s88-c-k-c0x00ffffff-no-rj,False,False,1750142195.803236
UgxPDtGPBqXhFzHkkkV4AaABAg,Salah polisi? Kabeh nek Gak goro² suporter disekk moro² masuk Lapangan gak.bakal kedaden . polisi ngeluarno Gas air mata jelas dengan terpaksa soale Pihak keamanan Wes gak Ngatasi Nertibno suporter sak munu akeh. di nalar ae Paham?!,1 year ago,@yaampunnn4148,UCW0IRr_v50Bgg6n-To_O7ag,1,,https://yt3.ggpht.com/bj2lWnVB33mZKKfpmgcTTXiJDGwNenHpRibDPMoWRkL31DXOBnFg6QQ2SLLDrj9HM0XNna2r=s88-c-k-c0x00ffffff-no-rj,False,False,1750142195.805961
UgxHe2ioyBNjei24WtR4AaABAg,Perusak tidak berhak meminta keadilan 😢,1 year ago,@ojisetiawan9097,UCeY1Hs6c_Vh4pSj6ZwtW0WA,1,,https://yt3.ggpht.com/AwTbSXfRjFx3iTWXnvfJNDvWB9WnTxovdls3gOeIX52gHuHFPs_BRWuTpXlHH8vLQE5OvsFiwA=s88-c-k-c0x00ffffff-no-rj,False,False,1750142195.808467
Ugw411H-lLuAX0-hM3N4AaABAg,"dimaafkan, namun tidak akan pernah dilupakan.",1 year ago,@rezkiwsp8442,UCB3lXBltbnz9SD2lGO07rvA,0,,https://yt3.ggpht.com/ytc/AIdro_lDkq0EuD9rYYVbS51Mb1vOYAScmdA1PQnxNd1rmf2SDEc=s88-c-k-c0x00ffffff-no-rj,False,False,1750142195.811103
Ugy3vlftPwJGdpmz7Q14AaABAg.A60Z03Xjo7VA6lPGu45X_e,"gak cuma bahasane tok sing diwalik, uteke yo kualik ternyata",1 year ago,@rezhaverande-l4p,UCZugyOsPKdU2LRy-RkK6fqw,0,,https://yt3.ggpht.com/ytc/AIdro_n3CWQy9EVKfS7a3eofX9ULtCY8SuzCdZWbMFStpa2mqsbzMM4JLjft7-FA_U0kp3tmOQ=s88-c-k-c0x00ffffff-no-rj,False,True,1750142195.964881
Ugy3vlftPwJGdpmz7Q14AaABAg.A60Z03Xjo7VA7sxwbUsCFv,Koyo nyamuk mtinan,1 year ago,@alimonaco3768,UC-g3q9ISCazhsJ51ozPjeTA,0,,https://yt3.ggpht.com/ytc/AIdro_lqybv1ymmQZzV-g7nROuYqYvRtqWJrzgIBL02smStPjjYqrzc547dVBcr4Ak5lP7MDAg=s88-c-k-c0x00ffffff-no-rj,False,True,1750142195.966733
UgwvilbzLQSsFjYO9gZ4AaABAg.A5no3Oyt0gXA6CWMZUN44M,Mau di tribun sampe VIP SDM rendah semua 😅😅😅,1 year ago,@juankemalbagaskarasiregar9065,UCxRVzW42Uv4GajkehZes8cw,0,,https://yt3.ggpht.com/DLQYCHCLfy9G70_n2KOXxW7o7iV8wvav9AsNdi11WX3pcNpQlIpgUnlDlG0nuxkBRrRQBSOp=s88-c-k-c0x00ffffff-no-rj,False,True,1750142196.121513
UgxaSmhhSthTlfX597J4AaABAg,Ko bisa sampe lolos bawa flaer ke tribun sungguh sanggat mengecewakan sekali semoga gx terjadi lagi dan sadar diri,1 year ago,@listinara1274,UCgqbBqeOvtrHfibzdlttb4w,0,,https://yt3.ggpht.com/ytc/AIdro_lNx2w2xRVTEXkjaqi8jYPBHG9ZmuQtISt0VCGbwYeaLCPb8U2juNvbLKDYTyD2IccN2Q=s88-c-k-c0x00ffffff-no-rj,False,False,1750142196.32584
Ugy7QWsdbRhb2M7hnjV4AaABAg,Horor sekali,1 year ago,@rifatrh42,UCUBwhveuCriX-NC3kwyzB-w,1,,https://yt3.ggpht.com/ytc/AIdro_kCFNrEwnH8UugBt9CDCHoF6CNjnG4Y8QbieaHI3QSWVksqKueHYCg26_i9IPGHAQskAw=s88-c-k-c0x00ffffff-no-rj,False,False,1750142196.32741
UgyZX3X2ZB2Lly-K-sx4AaABAg,sedih banget lek kelingan 😢,1 year ago,@adndaaaaaaa_,UCC8x91DGpE4XAkUU_u8La0w,0,,https://yt3.ggpht.com/yB2u215n-ri0OGmjRMXHlPg2J4dOXbIDVOHQ0PBaohJn2BZTCVIqjYUAMCQaJUVF_9q5oUgS=s88-c-k-c0x00ffffff-no-rj,False,False,1750142196.32892
UgxXx_5_N1A4RFjHVR14AaABAg,"gua nonton ini telat tapi tolong banget yang mau ke tribun nonton klub kesayangannya pemikirannya harus dewasa dan harus ngerti ini sepakbola ada menang pasti ada juga kalah ga bisa lu ngarepin klub lu menang terus, kecewa biasa kalah biasa dan luapin aja emosi lu dengan nangis",1 year ago,@kyuraakun3546,UCewXwTcNfj4egT9Np0fdRmA,1,,https://yt3.ggpht.com/VzNj8B7ZVrxHIELOQFCVBG11ce3CCBoEgNzw9OTDQaDsCufpLmVXAwDSItp9Z5-sOBpFXSvmQA=s88-c-k-c0x00ffffff-no-rj,False,False,1750142196.330433
Ugz4JH-UxLf99ZAEwU14AaABAg,"Harusnya klub Arema Degradasi ke Divisi paling bawah, karena kerusuhan itu bagian dari kegagalan klub membina Suporternya😢 
Agar hal seperti itu tidak sampai terulang  lagi.",1 year ago,@BangAhmada,UCRdySwmXafXZF3NKHcmHWbA,0,,https://yt3.ggpht.com/ytc/AIdro_khUlC3gv_z44wDOzmQpUkDz2wJvuMfekf5GtvN-8g=s88-c-k-c0x00ffffff-no-rj,False,False,1750142196.331909
UgzEtpkiVDXdlRmjCXJ4AaABAg,Up,1 year ago,@wahyuibrahim8725,UCbYTdzkUoLkTYdo7t9JrRlQ,0,,https://yt3.ggpht.com/ytc/AIdro_mwut6Z7ZgArtXd0YwCUh_sDMrY0qy0_z6F3oPu0PQ=s88-c-k-c0x00ffffff-no-rj,False,False,1750142196.333337
UgxCgnutdagNCLF7knJ4AaABAg,Intineee aremaa ancukkannnn,1 year ago,@garanganjawa2326,UCcboWbq_uTnoPGuEjfTJ2Og,1,,https://yt3.ggpht.com/ytc/AIdro_lZCyzg4-qq3GsNsx_vqg9Mmt0jCRQq7f8EBIStA7PaBXI=s88-c-k-c0x00ffffff-no-rj,False,False,1750142196.334782
UgyZDYTXVee6_iRrJdV4AaABAg,Nonton ulang 2024 😢,1 year ago,@lowoireng2009,UCxZjwhaUuh_0Zr42pdK29eA,0,,https://yt3.ggpht.com/ytc/AIdro_mOilGYpIovNFyjEyYG4Z2Js-EKVEDaiCUCE6lvPzWyG4asrDDVL1cQwPOC6E5bliBbVg=s88-c-k-c0x00ffffff-no-rj,False,False,1750142196.336258
UgyiAvD3RHkjzf0q71N4AaABAg,"kalian inget ada spanduk ""KIAMAT MU DI MALANG""?ternyata kata kata itu buat Aremania sendiri",1 year ago,@evnisskithresia,UCYnmHEk9nXv2WFgwCsn5vDQ,35,,https://yt3.ggpht.com/Uvlxy6DEHXqV3zSWLsAErmTMad3zUpSnS-PiIsuzQi2VNQG-RxjgQxotkfDoMBp-8Lj62CdbKw=s88-c-k-c0x00ffffff-no-rj,False,False,1750142196.3377
UgzSGG32J6Az5Ae-mDp4AaABAg,Sesuai nama kota,1 year ago,@ferrygunawan8846,UCRc-PjcDii7XPJ4bZzqqRrQ,3,,https://yt3.ggpht.com/i2Xxi29oXbbGtFv6LVXIDPHDlvQDMLPtsCnZ7aPOcTaJaQHgyoLkD31R1xvf74y-hSsSm0bs8xk=s88-c-k-c0x00ffffff-no-rj,False,False,1750142196.339141
UgwSGJ03Wbo2tvOTpuN4AaABAg,"Aremania sampai kapanpun salah!!!!!!! Sebagai suporter yg baik,kalah menang tim yg d dukungnya harus nerima..bukan malah nyerang pemain dan aparat seperti ini..Aremania Kacau!!!!!",1 year ago,@andisafirmansyah84,UCKbbzmI2ySOoMuyad6kOSNg,2,,https://yt3.ggpht.com/cthA33ij3yLHfaBkX8bBX4_gqOzORC2foIpZPUeV1nqCIYldk-ADO8noTCvrdV0twdBf8Kv_oIo=s88-c-k-c0x00ffffff-no-rj,False,False,1750142196.340574
UgzWWFqT0Z1cFEwZN5B4AaABAg,1 tahun berlalu awalnya sya mengikuti informasi yg beredar aremania gak nyerang polisi yg brutal.ternyata lewat video ini sya tau faktasebenarnya liat aja polisi berusaha koperatif gak agresif malah suporter yg dulluan nyerang dan brutal alfatiha buat korban kanjuruhan.,2 years ago,@Vikry_ardiansyah99,UC6EIA--oDdTARriRSwnB_Cw,4,,https://yt3.ggpht.com/ytc/AIdro_kjpmrqcoESb9fV9yFWDI2rmfdUELmDh8qB_XhKa2DRy1Yq_Mj9juv2Fgsj_Wy_m29VUw=s88-c-k-c0x00ffffff-no-rj,False,False,1718606196.342102
UgxjUXgkFJnWQOZQ3iR4AaABAg,"Primitif pol arem"" iki, brutal SDM nemen",2 years ago,@rizalbaihaki496,UC2udVJZnZ6pL5UELYba57xQ,2,,https://yt3.ggpht.com/ytc/AIdro_ksxyzO0W8_c-oB4vp6ppSUWcIgiNTtvVeGOG23-Ik=s88-c-k-c0x00ffffff-no-rj,False,False,1718606196.343543
UgxPfs5lLOONWdLNDUV4AaABAg,"itu bukan soal fanatisme tapi KAMPUNGAN!!!!!
sekali lagi KAMPUNGAN LU AREMANIA ASLI BIKIN MALU",2 years ago,@difaamanulloh,UCLnpCmltKl1h8PJ43B3PELA,0,,https://yt3.ggpht.com/ytc/AIdro_kXlbIj8ZPnDdAybW-wly6ngaT_qf6dPcpXC8HGyKUTT_QrmygR3tfgn_0GtQ3pFsf9LA=s88-c-k-c0x00ffffff-no-rj,False,False,1718606196.345043
Ugznw63zFqrMXga4SkF4AaABAg,Suporter ga bondo bengak bengok tapi mati😢,2 years ago,@ZanuarsyahReno,UCwdcVnakCDJjwnFGV51dUFQ,0,,https://yt3.ggpht.com/ytc/AIdro_ni15GnoZxZFWAgO4lmNU1XWIwSokqzB1FbX2yZ1LOfGC0NIraLSZ10Aljb8WGjsHzlfQ=s88-c-k-c0x00ffffff-no-rj,False,False,1718606196.346519
Ugx3u29DNDJZRtejj-l4AaABAg,"tragedi kanjuruhan ini merupakan kejadian memalukan bagi suppurter indonesia dimata dunia, ini menandakan bahwa supporter kita masih primitif, bagaimana mungkin timnya kalah malah tidak terima dan menyerang tim lawan serta membuat kerusuhan, dan mereka malah menyalahkan pihak kepolisian padahal mereka sendiri yang membuat kesalahan.",2 years ago,@saya_dhani,UCNaK5LFNB-qfIk8q7KuwKwg,0,,https://yt3.ggpht.com/I6pKOmipuf15AH5Clvp7fXdVgQDVfXlcXjZlt0y2wSBkXEUnDwbNBsuyfvAwpL-wSKu_eoVn1A=s88-c-k-c0x00ffffff-no-rj,False,False,1718606196.34795
UgwoDiIBMrPnJXjm30h4AaABAg,SINGA di terkam BUAYA 💚,2 years ago,@idoonnnn,UCc01VL7IUrPzBO4Mjg457Kw,2,,https://yt3.ggpht.com/7YP9x78mPiWOqFVT_o_TbTtey6gfqKfNwp_CiyTIo5G4Bg2FmepRzUyMcyEisPmZFZdaQY-Utw=s88-c-k-c0x00ffffff-no-rj,False,False,1718606196.349375
UgwRLeSAkkYWvQDWttN4AaABAg,Rivalitas sgt terasa disini padahal sepak bola,2 years ago,@yusifamuzri9872,UC7XYS_KrSDTVsUo-syOBVnw,0,,https://yt3.ggpht.com/ytc/AIdro_nH5KN42l9bR-YP1pESYyq02FreSiTOQOYrjGd6cB-4_sg=s88-c-k-c0x00ffffff-no-rj,False,False,1718606196.350809
UgzUDwbEsV43N7ttXCV4AaABAg,"Benar benar kondisi situasi yang menyedihkan, menyeramkan.",2 years ago,@rianmartha_,UC13RGqMiwJj7hTkmBBAFCCw,0,,https://yt3.ggpht.com/H5Cb6uhIAud5SwEzXyLHSf4A3M56A7pdKMdI4MsoCJ_1nx6Az8UDxYbnaoGsV-Yl1IHWjy1UUg=s88-c-k-c0x00ffffff-no-rj,False,False,1718606196.352246
UgwHgz6B4TQc45VJ9T14AaABAg,Harusnya degradasikan ke liga 3 nih arema,2 years ago,@vickyviks1993,UCsms82dwBK2KYnB-D9Xbefw,2,1,https://yt3.ggpht.com/daxhk1l1TvJN6ucMoNP8p_o9OwWhKdZuKm1Q6hV37woLFp4ZW3ZvsaojsKVzWPXVbKOG8ek6ww=s88-c-k-c0x00ffffff-no-rj,False,False,1718606196.353856
UgwHgz6B4TQc45VJ9T14AaABAg.A4Fnu5Ixy8fA4HHgxLwrA6,"Kemaren harusnya degradasi itu, cuma ya gitulah",2 years ago,@Sapakong12,UCwoQw0ChIiTnAlKeEh71DGg,0,,https://yt3.ggpht.com/i1dyh57ueqKphiRD1jdxAZAXrWjfB12L0Fn8fKSZmph8V__vuaz_x4L-Y2g-ZKzfZOrSy3VH=s88-c-k-c0x00ffffff-no-rj,False,True,1718606196.497347
UgwhgC0ea6zE0LqbmK54AaABAg,gada bara kalo gada api,2 years ago,@dedisurahmin4602,UC_acNe-px2Ht8k5aXLsh3rA,0,,https://yt3.ggpht.com/jAqeNNrSjYTYtllDVp1uUR1xhdKdfGMwfUzVjbG9sxUe3ZHhtOeHlq5YAkFCUJM2fwGdz7JuQA=s88-c-k-c0x00ffffff-no-rj,False,False,1718606196.705209
UgypB0I1mZKLCWwUB3J4AaABAg,Sumpil,2 years ago,@HeruYustiono,UCG1R23oMLwReF-9idxTKJYQ,0,,https://yt3.ggpht.com/MzMk9aLcgX7IcJWy1pRj2KrlYV-RfNjiLymdD2L3baTeHp66hbBpIAy4iQHM_UNklJEiPTYo=s88-c-k-c0x00ffffff-no-rj,False,False,1718606196.706823
UgzlCDGJEJPxCdg6gpl4AaABAg,UP UP UP UP!!!!,2 years ago,@theonandasuryawan2717,UCqNEnRPNv8qMSJxIid41V4g,2,,https://yt3.ggpht.com/ytc/AIdro_lE10zMCYDQtXjXEYq3BOuDGsc5MU7zIFGG2C980qY0M2c=s88-c-k-c0x00ffffff-no-rj,False,False,1718606196.708298
UgzvbSYCTFTEw51rnpl4AaABAg,"ULTIMATUM KEPADA PIHAK PERSEBAYA DAN BONEK. ATAU SWEEPING YANG TERJADI KEPADA ROMBONGAN PERSIB YANG MENJADI JUARA KENAPA BISA ADA SWEEPING... KLO TIDAK ADA PIHAK YANG MAU BERTANGGUNGJAWAB DAN MEMINTA MAAF DALAM 7X24 JAM 
KAMI AKAN PASTIKAN JUTAAN SUPORTER AKAN MEMBERIKAN LAPORAN AKUN AGAR SEMUA MEDIA SOSIAL PERSEBAYA DI BLOKIR DAN HILANG",2 years ago,@suppi8810,UC2cME7qnwdyffbikBrxpjpQ,1,1,https://yt3.ggpht.com/ytc/AIdro_meLtS1C8gl1i7ctdw977aqXq65ZlRYz3nJcpNHxhajLNpRpb2AVHlBghoDuIef2xu6gQ=s88-c-k-c0x00ffffff-no-rj,False,False,1718606196.709758
UgwDds4NPUYQxaC_wdJ4AaABAg,"semoga kompetisi di musim depan arema bsa memperbaiki smw, terlepas dari rivalitas dgn sesama kompetitor, arema adalah salah 1 team yg terbaik, kamipun merasa sedih atas smw yg terjadi, semoga bsa menjadi pelajaran untuk kita smw 😢 bwt arema jadilah supporter yg dewasa, pakai akal sehatmu !!! ini nyawa manusia sma seperti kalian, ya Allah....🙁",2 years ago (edited),@HermawanTugiarso-wz4rk,UCV31MygSz1N2l7dMw9mf20g,1,1,https://yt3.ggpht.com/ytc/AIdro_luqAPtDiT9TFrJyHBQBdxmUe6wTAtFk7EWTJBo-YsqUZuPBbClxP5vei2Vp6-6W7r0DA=s88-c-k-c0x00ffffff-no-rj,False,False,1718606196.711278
UgzBIy8csoCOmPpIw_Z4AaABAg,aremania norak,2 years ago,@ihsanchandra2684,UC52w4-a6pj2TzXt_QOrrepA,1,,https://yt3.ggpht.com/mCb9F225c-0D98ztQB1b1fiozTNmRm54PYo4b2ixKYToVefQe8Kj_8LQkZL5NodISCYhqQtq=s88-c-k-c0x00ffffff-no-rj,False,False,1718606196.712753
UgwawSJ7vt8wDpODEKR4AaABAg,Suporter arema pemabuk..,2 years ago,@ivanaolivia2006,UC7XsgD41mYojPm91P0UstEA,1,,https://yt3.ggpht.com/B0tMnt7TDl6TcOTY2CRHOIyH-GNhOMbRWF08yLnfYX14Eg_9Vkt5dYHdu6HfEle4FFuMk1bW3g=s88-c-k-c0x00ffffff-no-rj,False,False,1718606196.714199
UgxM_6pyieLmO_iNlgt4AaABAg,"Gegara bola sepak anak bangsa di kotak²in, di adu domba bhkan smp bnyk jth korban... Al-Fatihah buat seluruh korban",2 years ago,@DanDin212,UCl-Fa6N8O4gXmXMkNlyEoYg,1,,https://yt3.ggpht.com/eTDlCBKzF1H5iWEWA-m4K7Z15o0xEyHxSzjKyfynYXOTf9K8P2uu7rGTzTGZ07Bm0_oxAQBd=s88-c-k-c0x00ffffff-no-rj,False,False,1718606196.715623
UgycWqT9XP_mY5R_KyB4AaABAg,"1 Oktober 2022, Korban 135 jiwa, Salah satunya berkaitan dengan pintu. Jika di otak atik,
1O""ktober,=bulan 10,, 135,,1+3+5=9"" ada angka 10,9,

Jika dalam iman ku  di*Yohanes 10:9,10*disampaikan tentang pintu itu.
Aku berdoa dalam kepercayaanku semoga mereka menemukan pintu yang sesungguhnya yang terbaik..Amin. Tuhan memberkati🙏✝️ salam toleran..",2 years ago,@thomaskris7880,UCijP6ad6A9kqbiywlDbtrig,2,,https://yt3.ggpht.com/ytc/AIdro_lHPoErXjjNf7M4xe2I58CB2bJAvawuRRImuJElXIo=s88-c-k-c0x00ffffff-no-rj,False,False,1718606196.71703
Ugxo8dL_TCjoLjdouJV4AaABAg,"tauran ieu mah lain supporter, gelo anying arema",2 years ago,@zahranfahrezi,UCJpWd3wg5irvCuNdKXN_4sA,3,,https://yt3.ggpht.com/q5kEIkMmG16rVmnTdIG5M04wl5inJ3dkwjHcKevWVGJ6bdPQllCH0T5CXNyU4eTFpLVlk1XY=s88-c-k-c0x00ffffff-no-rj,False,False,1718606196.718446
Ugy7Pm5ua9Tpr34kZSN4AaABAg,"serem benerrr, gua baru liat dokumenter ini brutal banget aremania ini loh, lagi pula terjadinya banyak korban atas supporternya sendiri yang rusuh, kalah ngamuk turun lapangan, gabisa di atasi polisi lempar gas air mata, pas tau banyak korban merasa paling tersakiti minimal mikir lah anj klo ga rusuh gaakan mungkin jadi masalah gede gitu, mirisss minimal dewasa menerima kekalahan ga selalu menyakitkan ko dari pada menelan banyak korban begini, Al-Fatihah untuk korban🥀
semoga kedepannya kejadian seperti ini bisa di jadikan pelajaran
salam damai viking💙💚",2 years ago,@zahranfahrezi,UCJpWd3wg5irvCuNdKXN_4sA,8,1,https://yt3.ggpht.com/q5kEIkMmG16rVmnTdIG5M04wl5inJ3dkwjHcKevWVGJ6bdPQllCH0T5CXNyU4eTFpLVlk1XY=s88-c-k-c0x00ffffff-no-rj,False,False,1718606196.719893
UgxRkyxekE68W_YVPEZ4AaABAg,"Menurut ku kok lebih parah Arema di std 10 November ya, seperti di podcast sport77 official. Arema pakai bus semua batu, bambu, dll masuk semua ke bis. Persebaya harus bersyukur di KJ menggunakan baracuda + pengamanan ketat polisi",2 years ago,@maheswarafawwazverrell7131,UCmNJZojBSPleCVv2LoCXCNQ,2,,https://yt3.ggpht.com/ytc/AIdro_n0jHYube82gQyVPhqfzCedS9CGcqtNQsx78_q_MN5RgSg=s88-c-k-c0x00ffffff-no-rj,False,False,1718606196.721337
Ugzk9QgQO43v63uH7Vd4AaABAg,"alhamdulillah ngurangi manusia-manusia norak nonton bal tapi ga gelem kalah, modar suuu",2 years ago,@hahahihi-bc4zw,UC0qxFg4_0yJeik3EnUgdVvQ,2,,https://yt3.ggpht.com/Onob3bBz986Ca-M6mk7Ww83EXohpPwDgZa38JwWozk9L-xgGw_E6RE1XI9RScJEGkHwBbIj3=s88-c-k-c0x00ffffff-no-rj,False,False,1718606196.722823
UgzhOmEcWLf_y_8ptox4AaABAg,sejatinya suporter adalah mengakui kekalahannya,2 years ago,@ZakiZaki-fz7ht,UCeOmVP-LYV2OFY7AF5brQMA,2,,https://yt3.ggpht.com/ytc/AIdro_lnsLyQFeucduGJfAfNY6GCY1pArHd7xBC3nvapSD66Gco=s88-c-k-c0x00ffffff-no-rj,False,False,1718606196.724366
UgwM3P08V8y40eBVcaN4AaABAg,...,2 years ago,@wisnutatakpratama,UCOfEsxiBfN3tHjYdr4oR4tQ,1,,https://yt3.ggpht.com/BwNfXCZyDhPIfGuGyUM33RouBzPs1ihEKbPCX73euiJL7bH9wBaGNm7izS6DwzIaIvxDFAeAjw=s88-c-k-c0x00ffffff-no-rj,False,False,1718606196.725821
UgyjoY5ovAyykn_Z4dJ4AaABAg,Nyawa lebih berharga dari sebuah permainan sepak bola.,2 years ago,@bahagiarizkina2157,UCcMTcsePhF1HMr9Z_Q3KB5A,1,,https://yt3.ggpht.com/TB38yr9-TQ1IV1bXxjFl7m1RmO_MwG_IS-amoCPWDWxgvguXz_O1nZcmN9XCyA1ttaJYq7dQWg=s88-c-k-c0x00ffffff-no-rj,False,False,1718606196.727245
UgxWv3GCBVRbhgkmN-F4AaABAg,Ngeri njir pembunuhan ini mah. Mentalitas terbelakang,2 years ago,@sunset6910,UCP7ihUxUodBEGZhQqvBFFCg,1,,https://yt3.ggpht.com/gJyzoX2caNUtdiESiMSh7VXu2d9Abi3GS6H1_aPLQptMHazUJyhzEbOr-W6hBf7tjD5JIr8GAtc=s88-c-k-c0x00ffffff-no-rj,False,False,1718606196.728698
Ugx0wmQINZn1bMDy4Ft4AaABAg,"Setelah melihat vidio ini ber ulang ulang kali, ini semua ulah mereka sendiri dan ketika memakan korban mereka berlindung dibalik ""rasa kemanusian"" dengan argumen mereka minta ke adilan, 


KALO TEAM KALIAN YANG BAPUK SALAHIN MANAGEMENT KALIAN BUKAN SERANG SANA SINI!",2 years ago,@gelarrahmat09,UCPkV14OOZ2Ma3buMHHHfmFA,4,,https://yt3.ggpht.com/A7cIYBNSClGGNl6Ja1CUUPxRmcc1TmhH4rU5sP1_E4EdgtOCWAO7lJjSlTPXc6DemfC-3xu1=s88-c-k-c0x00ffffff-no-rj,False,False,1718606196.730212
UgxUptFhcbTkzSAeUmN4AaABAg,Emang sdm  Arema emang...🙉🙊💩,2 years ago,@taufiky4579,UC4WhBboAR86ulDBYvADUAFw,1,,https://yt3.ggpht.com/ytc/AIdro_lhvBh9XPygCHvnAYD_nqwDvUeHMwhTGOTM97NjhosErJXY=s88-c-k-c0x00ffffff-no-rj,False,False,1718606196.731665
Ugw3TpqnKi2kN3osRIt4AaABAg,Supporter brutal,2 years ago,@rickyalfian5758,UCdnSrSXRpfSxi0QC0kamGHA,2,,https://yt3.ggpht.com/YZqVBcN5iq58tmHV_9T6jV8k5Nc0qRqiBImTMAy3FBGXlVdVSVDtkQxfM1XOmszUOwgNOcxn=s88-c-k-c0x00ffffff-no-rj,False,False,1718606196.733103
UgzvbSYCTFTEw51rnpl4AaABAg.A47Q6PvzRrWA50uGljxPZG,"Arti kata ""ngising"" coba dicarikan dulu.",1 year ago,@Stopstroomilegal,UCXLMkDlGOlsCmtMRlhifUIg,0,,https://yt3.ggpht.com/T_UTTBfHsF6OeGLYfUAruR1exI9QI8H3nAiNTMSKPStUfT7iCjOHOtFU2bGq201ewuzsKV-ymw=s88-c-k-c0x00ffffff-no-rj,False,True,1750142196.874538
UgwDds4NPUYQxaC_wdJ4AaABAg.A3xhD-5kkkgABBlZ-ACUs-,Slogannya aja EDAN slogan/kata2/ucapan adalah do'a,1 year ago,@ekalawyanakula1872,UC7G4MJ2AVRDVubyC83FZT7A,0,,https://yt3.ggpht.com/ytc/AIdro_lnQAZSvjA-FXMUqqpDkx6WeHp9V-uA5aIJcEXPzQM=s88-c-k-c0x00ffffff-no-rj,False,True,1750142197.014765
Ugy7Pm5ua9Tpr34kZSN4AaABAg.A3mNApQmb0TAXIceNG3R0e,"💚💙
Selamat hattrick juaranya",3 weeks ago,@ard2525-x1y,UC1NPHX_EImIs6pGwwAZ2Yrw,0,,https://yt3.ggpht.com/ytc/AIdro_meYAh6NPkc3qZ9RQbztfozX2jknUqc69hcasQTLZa7CCWY6MHmzRI1I6I59gYFhEiQXA=s88-c-k-c0x00ffffff-no-rj,False,True,1779863797.162916
UgwMDZJwis-RJm05B-54AaABAg,Dia yang berulah. Dia yang jadi korban. 😂,2 years ago,@adekusnaekasyahputra6686,UChI98aYNTleZGzOx1vv-DmQ,4,1,https://yt3.ggpht.com/ytc/AIdro_mjyJ21IvrHJaP1eMB47-9DVvumUudlW6KMChNUtEvFZ2EH=s88-c-k-c0x00ffffff-no-rj,False,False,1718606197.365
UgxlBDerst8zIc3uuX14AaABAg,"Revalitas melebihi batas.
Bangkit terus sepak bola indonesia.",2 years ago,@momonxy,UCV3xFiD34XQAXLhXUtil09w,5,,https://yt3.ggpht.com/Jz466ecyzsLGaVqY26rKVF-BU3LAqYkEQfNYK9goivj8ZYDwl8JTBA6uS4wBfj7X_9pDL0IxQw=s88-c-k-c0x00ffffff-no-rj,False,False,1718606197.366784
Ugy8DgJuArtFdCVpFC54AaABAg,RESPECT BESAR BUAT OFFICIAL BONEK❤❤❤,2 years ago,@Novalsantosoputra,UCNRweUxFxmXVlcSwwoldfzg,6,,https://yt3.ggpht.com/ytc/AIdro_najrNirkES91uW9O1x7uafNumbXLKuwgH-mLyamJqgfhwuBIDWRZGGBzH6fCNh-gOl0g=s88-c-k-c0x00ffffff-no-rj,False,False,1718606197.368423
Ugx3U2qOmlZhiAeFjvJ4AaABAg,Inisih udah termasuk percobaan pembunuhan....😓,2 years ago,@chandrareza,UCft9ueDuSZPDV3l6SR-F-dg,1,,https://yt3.ggpht.com/ytc/AIdro_nvD_P01HS9fNYLRqBVobX9eaJ-3YP8o4TIy7pOac0=s88-c-k-c0x00ffffff-no-rj,False,False,1718606197.370013
UgwjXb8hDmM7QjDKsCJ4AaABAg,"Gakebayang klo kejadiannya suporter Persib Bandung, pasti dapet hukuman yang sangat berat sekali",2 years ago (edited),@hendriseptian2157,UCaaLkVtPUxlldk-G6EofkNQ,7,,https://yt3.ggpht.com/8S47DbtZjME3YQB3leKNwMIctloumutSAU0mlBLCGB1-59Skxx-a0onRhAN9isXu8JefuvixtA=s88-c-k-c0x00ffffff-no-rj,False,False,1718606197.371699
UgwmTmLiW2MIXoSQy5J4AaABAg,"Hapus Aja Sepakbola Liga Indonesia Ini, Kalah Rusuh, Tidak Profesional. Cukup Timnas Aja Yg Ada Liga Tidak Usah, Rusuh Mulu",2 years ago,@FatihIdrus-qd5ec,UCbn4GWylkV8ZxdHsSs2PFTQ,1,2,https://yt3.ggpht.com/ytc/AIdro_no7OoWhNSrbw3ZZXoNRmfWiaJO0qOjebICiQ-nA92GrEJAGZ8yTqrZipZENrF2zTqaqg=s88-c-k-c0x00ffffff-no-rj,False,False,1718606197.373193
UgyzxtUcWiMPU-ubAI54AaABAg,"Sudah setahun lebih tragedi berlalu. Masih bertanya tanya kenapa malang bisa se brutal ini😌 Dulu setiap away ke malang selalu senang, orang orang yg ramah, selalu nawarin buat mampir, pedagang sekitar pun ga ada yg nembak harga.
Semoga ini jadi yg terakhir kawan. 
Salam dari jkt ❤💙💚",2 years ago,@ekofebris3468,UCkDDUEVoLUZB6tk6atQmJAg,10,,https://yt3.ggpht.com/xPiRKrOA9yj6WnYjQwqz_sVGBrFv1QJWNGL8Q7eh76hD3coLmsTytYjF2xx4SXkEimPROXQa=s88-c-k-c0x00ffffff-no-rj,False,False,1718606197.374699
UgyL1HmywbfRMquTQwV4AaABAg,Up... Biar semua ingat bahwa pada tanggal 1 oct ada percobaan pembunuhan terhadap pemain dan official Persebaya Surabaya. Diluar sangat beresiko dan nyawa taruhannya,2 years ago,@bharavaganza8989,UC2Wxq_nX1Xs7OuLj6HmWXKA,2,,https://yt3.ggpht.com/ytc/AIdro_nFG4HhRvdNZfCn-kuepQJULDtp_CwLE0PFgN0ySFPl7CM=s88-c-k-c0x00ffffff-no-rj,False,False,1718606197.376261
UgzLoxKH5wmBIwvjJxV4AaABAg,Kebencian kebencian yg di pupuk para orang penting di aremania menghilangkan nyawa mereka yg tidak berdosa!!!! Legowo sam  seandainya saya jadi kalian saya berhenti menonton arema!!,2 years ago,@ryanali2271,UC4oWS0Z4MWCU2A_C4460B9w,4,,https://yt3.ggpht.com/ytc/AIdro_lkvZL6_kz1dOZZNlAfaTAAvzD815r_d0GFkV8C9bR31YRZeGPylgyyE4sM5v8Yxu6Veg=s88-c-k-c0x00ffffff-no-rj,False,False,1718606197.377729
UgwvbwDUxOWjEbPN5it4AaABAg,Alah Bonek TEMPEK😂,2 years ago,@KmNnya-d2h,UCf1RMr_kCR96sx_M287FP3w,0,4,https://yt3.ggpht.com/ytc/AIdro_k9UxnvSEs8JwuJDQ-mV6u1Ei1FmVZ81IqmMkbvtyEEUuGBEHgOsXdETp1IQUaanB9mRA=s88-c-k-c0x00ffffff-no-rj,False,False,1718606197.37918
UgxEweS-1WZbaL1Vckh4AaABAg,"kalo gua jadi polisinya mah gua tabrakin tuh bocah bocah, asli masih gedeg gua waktu itu mereka seolah merasa si paling korban padalan mereka sendiri yang bikin masalah, mereka yang anarkis mereka yang jadi korban tapi orang yang di salahin bahkan presiden di somasi sama mereka",2 years ago,@sayavutisan3928,UCz0egIs5hMr989P8CtRnpiw,4,1,https://yt3.ggpht.com/ytc/AIdro_lFouPyUFHSuQ_dEA2FA4jh-CT55OS6ZHLk7XsWAiY=s88-c-k-c0x00ffffff-no-rj,False,False,1718606197.380821
UgzEL2xhTlg67LH2Hrx4AaABAg,"jann mental baja poll pokok e, main di kandang lawan posisi tertekan nyawa menjadi taruhan tapi gak goyah sama sekali malah iso ngalahno tuan rumah👍👍🙏",2 years ago,@bagassetyo277,UCCkuyZsqf7BIZ9tiyae8vhg,1,,https://yt3.ggpht.com/ytc/AIdro_m1cbj27Udj_IzaHVE-Fhcp-WtCXxc0bEwFgMg0QYumWa2vmOshuFn0vHmaiORDL2UjwA=s88-c-k-c0x00ffffff-no-rj,False,False,1718606197.382298
Ugwz84j5ygzGkFg5JUJ4AaABAg,Ya Allah ngeri tenan rasane nek delok iki 😢,2 years ago,@ahmadfarhan5833,UCJPEoHYmaqkBOixY1ry_E-Q,1,,https://yt3.ggpht.com/H84mkpHiIYh3UIhfpvkKXN3an3rfDOaxLJnIQCdwSaJKU1ZE3t3pZHkDqcvnmZmqc9kBu2mj=s88-c-k-c0x00ffffff-no-rj,False,False,1718606197.383852
UgzPKlqHi-E4LzDU9TR4AaABAg,gausa di ajak” lagi lah aremania NORAK,2 years ago,@abydzarghiffary6626,UCHUo-TWlbMjiKOM4k5Rg1fg,2,,https://yt3.ggpht.com/ytc/AIdro_k4B7RIspeSO4WtCyFL8jw1atkoLmSZsQEvkwT9pJS4nqY=s88-c-k-c0x00ffffff-no-rj,False,False,1718606197.385339
Ugwqqslz1OZIlD6mUL94AaABAg,Jdi jijik liat aremania,2 years ago,@TamimIzma,UCEf7U0Qg7C4ynT103gjp7dw,4,,https://yt3.ggpht.com/ytc/AIdro_m_u8q8PQuuwasnsvA6HcWNnQOy4E9IknxOF4z5Hkt3CXWlTAE0MiksI9oF40grXAO5Ow=s88-c-k-c0x00ffffff-no-rj,False,False,1718606197.386827
UgyKROc8UAvc6ZC6ZCp4AaABAg,Kalau berani seporter arema lawan seporter Madura,2 years ago,@M.robitulHuda,UCqPPE5Bu_NMyYlF6beMLfPw,2,,https://yt3.ggpht.com/ytc/AIdro_lCcLaQxWcvI2EGO1Yx8JghVogwuIvweQtKO2WljVQO8Z9U-9WIqXep9b4I_4RwnbLfMQ=s88-c-k-c0x00ffffff-no-rj,False,False,1718606197.388277
Ugwx32b4zlbJDAdlNLB4AaABAg,"aremania anarkis! gak pantes buat ada di liga! Respect buat team produksi Persebaya yang berani up kejadian ini dengan mengungkap dari sisi yang berbeda dengan yg dibilang orang orang, kalau polisi yang salah, pintu dikunci, gas air mata, dan segala macem. Tetep aja gak ada asap kalau gak ada api.
🧡💚 Jakarta dan Surabaya bersama!",2 years ago,@WannnHundred,UCBzcp4YhgBHT4_25ke6lhFQ,16,,https://yt3.ggpht.com/vcK-psOQ71Qu_5Qpv40sSSLqB6RVVezHjuPSFZshgCgl8YciOa0m7VmU3IkWgxvScGLqlJOSMg=s88-c-k-c0x00ffffff-no-rj,False,False,1718606197.389806
UgydHCLjG5oggFik_J94AaABAg,Knp g di sanksi permanen ajg? Arema Babi,2 years ago,@dovial-manhaj5653,UCahuYXvjAiEae-cAUrkXANw,2,1,https://yt3.ggpht.com/wXW_-2aUGRFRfvWysQMQMHfPQG111QB9yebEJbB-mjythpHYBDn3Fv-uzc_N9ecljWyLdFY6jw=s88-c-k-c0x00ffffff-no-rj,False,False,1718606197.391343
UgwE0mpUJijFFCEX-lJ4AaABAg,Dancok onok iklan e 😂,2 years ago,@AditKedol,UCYvXgyiMp3zmas8LQsWoORQ,1,,https://yt3.ggpht.com/ytc/AIdro_lN1r14JyVE1HV827fOA4jwcUpML9JATe2vub3wBZwgdO1_u1mEpcWHSejRd9oj5lcaaA=s88-c-k-c0x00ffffff-no-rj,False,False,1718606197.392871
UgwmHoAmUp4odz6obUZ4AaABAg,"aku warga malang,tapi aku yakin sejak kejadian pertama memang gaada salah dari pihak persebaya,kesalahan murni memang dari pihak tuan rumah.

Turut berduka untuk semua korban.",2 years ago,@iosifstallin7941,UC32Q8ALz6tsWnYsjWs7XIzA,8,1,https://yt3.ggpht.com/ytc/AIdro_nM1tMQ5OgUzPluCwBwS7PSHz4_JD2yyQXslfTd2-Y=s88-c-k-c0x00ffffff-no-rj,False,False,1718606197.394393
UgwMDZJwis-RJm05B-54AaABAg.A3QfeA7i7TEA3VWBTo0Uof,Dia juga yang cari pembenaran,2 years ago,@iikkiiiii,UCVRswPJaPFqQbQwiWZ9DhYw,2,,https://yt3.ggpht.com/f2rcG3zf1dgonV6Stdsp3_ceNtwbScd3yzmGPJqLjMzjVUqAE1wN4ff36CemG7AgbNAbXU0DkQ=s88-c-k-c0x00ffffff-no-rj,False,True,1718606197.549864
UgwmTmLiW2MIXoSQy5J4AaABAg.A3GS5bF0R73A3VWJOFJVA3,"Mau, kalo di banned FIFA lagi ?",2 years ago,@iikkiiiii,UCVRswPJaPFqQbQwiWZ9DhYw,1,,https://yt3.ggpht.com/f2rcG3zf1dgonV6Stdsp3_ceNtwbScd3yzmGPJqLjMzjVUqAE1wN4ff36CemG7AgbNAbXU0DkQ=s88-c-k-c0x00ffffff-no-rj,False,True,1718606197.700785
UgwmTmLiW2MIXoSQy5J4AaABAg.A3GS5bF0R73A3yjF0gEXzy,tll banget komen nya,2 years ago,@key_zia,UC3DyJNKyWW8HSZaP9KlzUAg,1,,https://yt3.ggpht.com/nVKyvpEFI53pmjICHwCSBp7xy-JLJlRuYDCgfYbxL-7Z2zu4WuTlqB6BEocEAOXfH-CGGMrClQ=s88-c-k-c0x00ffffff-no-rj,False,True,1718606197.702797
UgwvbwDUxOWjEbPN5it4AaABAg.A38iofqtEh0A38vWSI3rdr,kok gak melok mati ae kon,2 years ago,@mikaaeelllll,UC1CzmZ8Oqpdx-JtgkuIRcBg,2,,https://yt3.ggpht.com/IIdqhfGdM4q-ce7d1mOMwt9detCmB98bjx2ebpkYZd8jWehRYCJZ_9WbQQXRtySu4uzLBWTfKx0=s88-c-k-c0x00ffffff-no-rj,False,True,1718606197.859194
UgwvbwDUxOWjEbPN5it4AaABAg.A38iofqtEh0A3R-SkQwzww,Bakso malang 😂,2 years ago,@muhammadrifkiridhani874,UCh_QCJ6mgouolnC9BFfP1Bg,1,,https://yt3.ggpht.com/klgqoQYhHPqrocPlU5iSNUMFO8FtW2TMMga0nRmKNCl6OTa9Bklau8bvXmiY0zPxSaB9OlGfkA=s88-c-k-c0x00ffffff-no-rj,False,True,1718606197.86088
UgwvbwDUxOWjEbPN5it4AaABAg.A38iofqtEh0A3aXX9ZTxoq,Muridku ini..,2 years ago (edited),@J0N-l3m,UCgRct57gJYU0nhrGNjR4vPw,1,,https://yt3.ggpht.com/4C6c6ouxWgEQ8odRc5wyZ-RnGwEubmmSJ1AdgYHNntxwKwBSrC2lpaJMRAB0xlOjy0ZuuMJ-gQ=s88-c-k-c0x00ffffff-no-rj,False,True,1718606197.862393
UgwvbwDUxOWjEbPN5it4AaABAg.A38iofqtEh0A5UrlYsFuxn,"BOLOMU WES BONGKO 135 JIWA IKU LOH
SEK NGOMONG TEMPEK AE RAIMU",1 year ago,@komentator_90s,UCiXuXqALJtsRcV4wsWikAVQ,1,,https://yt3.ggpht.com/eTTn9Y9MTgtBDfkg-U4EErYBbOnCqNVtKWGTLivDMF0bSGdJVDbnr_VVIOp03_56nvujvtrr=s88-c-k-c0x00ffffff-no-rj,False,True,1750142197.863858
UgxEweS-1WZbaL1Vckh4AaABAg.A38K4AD7YH0A5h_YjQsy4g,"Sama... 
gemes sekali pen tabrak aja..",1 year ago,@norcahyoprasetyo4703,UCAfIomLnLnaGRUQqFDF8PaQ,1,,https://yt3.ggpht.com/ytc/AIdro_nZ1PqbcUk_OaSXxbfoOb5QCUbIGGZYjU7Qi99mf_dT7C8=s88-c-k-c0x00ffffff-no-rj,False,True,1750142198.000823
UgydHCLjG5oggFik_J94AaABAg.A2xxu_atzoyA3VWP-irS8f,Masih ada papah di federasi,2 years ago,@iikkiiiii,UCVRswPJaPFqQbQwiWZ9DhYw,0,,https://yt3.ggpht.com/f2rcG3zf1dgonV6Stdsp3_ceNtwbScd3yzmGPJqLjMzjVUqAE1wN4ff36CemG7AgbNAbXU0DkQ=s88-c-k-c0x00ffffff-no-rj,False,True,1718606198.140962
UgwmHoAmUp4odz6obUZ4AaABAg.A2vKgG7vUj-A3pEuhRjO0p,"1 Oktober 2022, Korban 135 jiwa, Salah satunya berkaitan dengan pintu. Jika di otak atik,
1O""ktober,=bulan 10,, 135,,1+3+5=9"" ada angka 10,9,

Jika dalam iman ku  di*Yohanes 10:9,10*disampaikan tentang pintu itu.
Aku berdoa dalam kepercayaanku semoga mereka menemukan pintu yang sesungguhnya yang terbaik..Amin. Tuhan memberkati🙏✝️ salam toleran..",2 years ago,@thomaskris7880,UCijP6ad6A9kqbiywlDbtrig,0,,https://yt3.ggpht.com/ytc/AIdro_lHPoErXjjNf7M4xe2I58CB2bJAvawuRRImuJElXIo=s88-c-k-c0x00ffffff-no-rj,False,True,1718606198.284337
UgzoP2hhsXwF0BZ-MkF4AaABAg,"Innalilahi
Ini manusia apa bukan ya Allah 😭",2 years ago,@andryerwin2112,UC22Wjt8tcftpePnzauQN7_w,3,1,https://yt3.ggpht.com/ytc/AIdro_lZRhXLOWWQO3fK2sOjKuQWvm5SOFAu7uNUZCpw-6C-QaU=s88-c-k-c0x00ffffff-no-rj,False,False,1718606198.501234
Ugz2klVsovLS5jmmLsp4AaABAg,Up teroosss biar tetep inget mereka,2 years ago,@fitronaminin3201,UCZiMtJ2WoedwSRGX_8mnpNQ,2,,https://yt3.ggpht.com/2k1jTpCcREiSrZEgpAv5oqPO--urqEkIM53Cq3xXByxCVFo-p-TvJWiXUuzNyBdFP2pMP2ViS_E=s88-c-k-c0x00ffffff-no-rj,False,False,1718606198.503135
Ugz7gg-NmavPv1ubOc94AaABAg,"Semoga suporter arema dan umumnya semua suporter semakin dewasa. Menang kalah dalam pertandingan biasa...Apa yg sebenarnya terjadi dalam video ini, semoga tdk terulang. Aremania...smg semakin dewasa kedepan....hilangkan sikap kekanak2an",2 years ago,@agusprianto6935,UCSLeh-HvE9axwSS0jtuojBQ,2,,https://yt3.ggpht.com/ytc/AIdro_lt3Y_XSUHptRKx_1y_6bh0OT4bHUBUsYDV1USzmJU=s88-c-k-c0x00ffffff-no-rj,False,False,1718606198.504811
UgxZyrxr_SixQBsFqbZ4AaABAg,seharus nya arema d banned 3  tahun tdk boleh berkecimpung d dunia sepak bola indonesia untuk sementara waktu d beri sanksi,2 years ago (edited),@dianadwiwulandari4904,UCgkKKE8UjeKq6NSDC03QDlw,5,,https://yt3.ggpht.com/ytc/AIdro_m22eMUXOx7RhNRM0na3GAKXgFIBwyKY4Tuxjlw_1w=s88-c-k-c0x00ffffff-no-rj,False,False,1718606198.506463
Ugws_Cqar29Q3QD3zdJ4AaABAg,😅😅,2 years ago,@NikoSanjaya-os1rs,UCR1sE6dipw8ai_YCzMqU6oQ,1,,https://yt3.ggpht.com/ytc/AIdro_nv8CUIQDdwQReKARt8EO2hJzLBVG6vYlndMtqrPLAbhErysRDW9CwEbhllNhAXVn-3gQ=s88-c-k-c0x00ffffff-no-rj,False,False,1718606198.508094
UgxBvW0AmYiG0Ot12Pp4AaABAg,"gak sengaja playlist yutube muter vidio ini dan baru ngeh ketika pertandingan mulai habis. 

Yallah kok bisa provokatif itu mereka seolah olah tim persebaya ini musuh yg harus di binasakan
sampai mereka tidakk mementingkan keselamatan sporter lain yg datang untuk menonton pertandingan tersebut dgn smangat

Dokumenter ini lebih mengerikan dari POV POV diluaran sana yg hanya menyorot AREMANIA DAN POLISI 

SEMOGA KEJADIAAN INI YG TERAKHIR KALINYA...AMIN",2 years ago,@indrask4256,UCNafrs-BEPqlY7rueK9HMSA,12,1,https://yt3.ggpht.com/nnbg4Y7smdLis4USAUrZ5DBh71xOg7FRVJbeSx0OZzhgjXgMni1mp9aHuvw5DSwmlK3SJqVr3g=s88-c-k-c0x00ffffff-no-rj,False,False,1718606198.509714
Ugyj7szkvcJGQ1HUYE14AaABAg,Suporter katro banned saja selamanya,2 years ago,@Mielidi516,UCKi2CPaEcKXSGH9gkE13D1A,2,,https://yt3.ggpht.com/8EK3HG52pNIfDkcKxhHtA1iYHPaZwT1gwL6doNC4CWurrg-H0SYcdGPVmmuWepGGL9w6pmWa8g=s88-c-k-c0x00ffffff-no-rj,False,False,1718606198.511328
UgxT3Efz3ze9OpDt5kl4AaABAg,Arema kiamat nyari maut dikandang sendiri,2 years ago,@BabangSpill-lx4bz,UC5YPyrdAbMeaomE3Zmd5P3Q,1,,https://yt3.ggpht.com/ytc/AIdro_k_QNIbHileIvKqR4gskCl20HIQ9fbv-3_dFVp-vWmam75VFD69o7xWdiXX4FHY2gUjrQ=s88-c-k-c0x00ffffff-no-rj,False,False,1718606198.513017
UgzVGyOHYS2dfAyNVTt4AaABAg,"Yg paling berasa di tragedi ini bukan pemain bukan pelatih melainkan aparat² Brimob

Terimakasih untuk pak brimob",2 years ago,@xan_dros,UCek4vknEXv0L8pHM9VNy6QA,7,,https://yt3.ggpht.com/eoQSG4zypfNyJrwgYgQo1LTDuiTv1Lrf_ZjdfKUZ7UeM9tPjg8xEPy76gvFQ2r1fVHi0wid5vpo=s88-c-k-c0x00ffffff-no-rj,False,False,1718606198.514672
UgzasesIAJQlldaxxoN4AaABAg,Up lagi,2 years ago,@SelealuAda,UCpJWPZhNrzK88pg-mdi7wYA,1,,https://yt3.ggpht.com/ytc/AIdro_nuNlfceTDiBSTQUhxQ56YDJFbBu1DjRfTpJMFP6ck9D0x3tsglom8eMUA2blBLpRVU8w=s88-c-k-c0x00ffffff-no-rj,False,False,1718606198.516336
Ugyie63p0fbWcexEZgd4AaABAg,Supporter yg pantas untuk d lindas barracuda dan ditembak d tempat,2 years ago,@fianrofiandi3732,UC5bL8VaTjcyWGxsjIpx3oDQ,1,,https://yt3.ggpht.com/ytc/AIdro_lO8cecOs-AUWduEDd1osVtleMREjfBhtoY7BPvUSc=s88-c-k-c0x00ffffff-no-rj,False,False,1718606198.518158
UgwbNt__1n9X0L5chBt4AaABAg,"Kiamatmu disini, eh malah kena kiamat mereka😂",2 years ago,@fianrofiandi3732,UC5bL8VaTjcyWGxsjIpx3oDQ,1,,https://yt3.ggpht.com/ytc/AIdro_lO8cecOs-AUWduEDd1osVtleMREjfBhtoY7BPvUSc=s88-c-k-c0x00ffffff-no-rj,False,False,1718606198.519921
UgzoMG8GCoalAod5wPh4AaABAg,"gimana nggak begono jadi nya, yang nnton nya aja fanatik abis abis banget",2 years ago,@cakravlog-sb2rf,UCr9U0wU2ZdklR_HLRKM299w,1,,https://yt3.ggpht.com/6pdVe7rm1O4MNKWQev8PojCshabzovdB5yPUL3crudIhMhvD1IJYLVB-QTGRVrHnFi0CrxEEVg=s88-c-k-c0x00ffffff-no-rj,False,False,1718606198.521544
UgyuPbGttWQZGxb8eP54AaABAg,Wes klub.e bermasalah.dualisme.durung suportere sng sering anarkis.,2 years ago,@serbamakan6380,UC-BDOY1xpi3sJt-LklcQq6g,1,,https://yt3.ggpht.com/v3aJdV6-EWtdV6R_xuESnZh6QBEHnGZJlrW2334cCs4ejZyDTPmnxzpFG7WLpbUrNNm9ez8A=s88-c-k-c0x00ffffff-no-rj,False,False,1718606198.523201
UgwdWxf6AUaagpBxwON4AaABAg,kalian sekarang sudah ngerti siapa yg salah dan bnar,2 years ago,@ikkerwidhi916,UCoxhalnravnBcA8OPmYX7ZA,1,,https://yt3.ggpht.com/ytc/AIdro_mzRvYyu7_bjzk7BAkuHzAB4BmiZnxwdxJEyLxmUuWgyw=s88-c-k-c0x00ffffff-no-rj,False,False,1718606198.525118
UgyKrvOHYRQhix5k6zV4AaABAg,rewatch kesekian kalinya sek merinding 🥲🥲,2 years ago,@sofyanfauzi9,UCnE03pFROC7gi88_2BVRtwA,1,,https://yt3.ggpht.com/5ns18tvQjHmYCWcV2AC1qkWGpFjCOhe1Y5tmcCzMsXf90pRaw3T52fF5IEML_9ridhj2tpJqrg=s88-c-k-c0x00ffffff-no-rj,False,False,1718606198.527846
UgxfWNSvZGe2R_7MUgN4AaABAg,Ini tragedi yang paling memilukan  dalam sepak bola Indonesia,2 years ago,@RianimutiaazahraMutia-xb8ih,UCkGBxiEbMFlLzkl_1Wn7a3A,1,,https://yt3.ggpht.com/ytc/AIdro_lBG4Q2j7htJbxg-phr_qVcAKlNOGbhJhWBe0SkBAuX3EdiRFA_mJUmpSD86gxTbRG5GQ=s88-c-k-c0x00ffffff-no-rj,False,False,1718606198.530668
Ugz-eYHG_U2mnhvuEPx4AaABAg,2024 sek delok video iki,2 years ago,@frendybonek805,UChZhaQKnXYJxQj_i9rVtG4w,2,1,https://yt3.ggpht.com/ytc/AIdro_lPd_rJepH_R6Yeawwb5VBVbEr2TxawMcZjCLVBKfLLiUU=s88-c-k-c0x00ffffff-no-rj,False,False,1718606198.533423
UgxA5IS_OEsRRh6qRt94AaABAg,AREMA LUCU LUCU AREK E.,2 years ago,@MfarelIrawan,UCpTYshpfNZX7RewUrdNAdvA,2,,https://yt3.ggpht.com/ytc/AIdro_k0PVo4Ayjzf9FlRcdjZAQYBwK430_hLvWlP9jgikQjC65W-ONDWjkk4dykteuHJ96HgQ=s88-c-k-c0x00ffffff-no-rj,False,False,1718606198.536247
UgwThNA544cB4GOyms14AaABAg,"niat membunuh pemain official,gila seporter apa yg mereka pkirkan saat itu.!!",2 years ago,@yanuarrulianto1320,UCcuxW_XRg6NPIXeZzINR80A,2,,https://yt3.ggpht.com/-dGPIY3_KZRhyuvJoMfhjsTOP4YI3nFAw6upAV7WYf7Zb0q7gKydtfEWA4TlC9lf6Q9uJQfk=s88-c-k-c0x00ffffff-no-rj,False,False,1718606198.539107
UgzoP2hhsXwF0BZ-MkF4AaABAg.A2u2tWglBrpA3pEr1cNQxG,"1 Oktober 2022, Korban 135 jiwa, Salah satunya berkaitan dengan pintu. Jika di otak atik,
1O""ktober,=bulan 10,, 135,,1+3+5=9"" ada angka 10,9,

Jika dalam iman ku  di*Yohanes 10:9,10*disampaikan tentang pintu itu.
Aku berdoa dalam kepercayaanku semoga mereka menemukan pintu yang sesungguhnya yang terbaik..Amin. Tuhan memberkati🙏✝️ salam toleran..",2 years ago,@thomaskris7880,UCijP6ad6A9kqbiywlDbtrig,0,,https://yt3.ggpht.com/ytc/AIdro_lHPoErXjjNf7M4xe2I58CB2bJAvawuRRImuJElXIo=s88-c-k-c0x00ffffff-no-rj,False,True,1718606198.684727
UgxBvW0AmYiG0Ot12Pp4AaABAg.A2W3vIGToAKA34ypL7t4Qd,Allahumma Aamin 🤲😢,2 years ago,@yazidalbustomi62,UCeUEnKkP0xD9FsjgPzASQ5Q,4,,https://yt3.ggpht.com/SAr2UcDr9KPTB5pUeiGYAmbSp-Ee1Rz6JF8vA6ovxvbJS6FffBczErKpTo6rB5z066_ypHDKzqY=s88-c-k-c0x00ffffff-no-rj,False,True,1718606198.823961
Ugz-eYHG_U2mnhvuEPx4AaABAg.A29u1P90Jb0A34z-57aWCC,🎉,2 years ago,@yazidalbustomi62,UCeUEnKkP0xD9FsjgPzASQ5Q,1,,https://yt3.ggpht.com/SAr2UcDr9KPTB5pUeiGYAmbSp-Ee1Rz6JF8vA6ovxvbJS6FffBczErKpTo6rB5z066_ypHDKzqY=s88-c-k-c0x00ffffff-no-rj,False,True,1718606198.961162
UgzmtZAtxBWnTUYb9iJ4AaABAg,PRIMITIV,2 years ago,@TabirKepalsuan-n1c,UCnrol5iZg7-NCzv8Eh-Rvww,1,,https://yt3.ggpht.com/ytc/AIdro_nU2YD2Z--lTM_gdrvauZL95c14lMizI3TCYnoHVH-z3cvFi5RKknXfib9wghzEocwihg=s88-c-k-c0x00ffffff-no-rj,False,False,1718606199.180984
UgypSN5wAwNUziK_fUt4AaABAg,"Aku aremania juga ngerasakno laga pesby home vs arema waktu itu punya temen kuliah di sby , dengan pinjeman scraft bonek dipinjemi temen itu , psyiwar nya luar biasa rasis dimana mana , nama papan skor arema dibalik disobek pd waktu itu gbt masih pke banner belum led  seharusnya ada sanksi dari pssi",2 years ago,@darakingkin,UCYtmwqL_MW2vyx1YeFmfCnQ,1,4,https://yt3.ggpht.com/ytc/AIdro_mO-FmweL8y1uNqqNcUDZ4M2Un4LX2rU-rFLpju9-lPnEwniZbZVQiSSLxwVY_IJGv2Ww=s88-c-k-c0x00ffffff-no-rj,False,False,1718606199.182772
UgyHenz-whKqNTnkEKZ4AaABAg,Awal cerita Dady BONEK iku Gak gampang Cak.salam daRI  BONEK JOMBANG WANI🤙🤙,2 years ago,@khoirulnoise9822,UCbBOsh3pubYcASjxrC6vRmw,1,,https://yt3.ggpht.com/ClkiIcNF6Ogis76T0oracZzUFcLbWydfSGxtnK_gjLVL1cqpeO5zzkj3OQPZx2iDqkAnGlbYZA=s88-c-k-c0x00ffffff-no-rj,False,False,1718606199.1843
UgzvKDa4jy6TF93dLzx4AaABAg,arema kocak,2 years ago,@dzikryalfharizhi4917,UCejmy7z70QIQli-yMu86Qdg,2,4,https://yt3.ggpht.com/7luQsuW9iRCUuZwb2nwCEbzvnMr6bfF9nbSGUsDYjsFPOWOiu9iBn5ScNwUms7qybwfgihA=s88-c-k-c0x00ffffff-no-rj,False,False,1718606199.185856
UgxrLNmE6egKnTL2NO94AaABAg,Suppoter tai👎Aremasu,2 years ago,@asroffisandy619,UCczW1TnR0Ficz-7P-i1uuvA,3,,https://yt3.ggpht.com/J5TqabPvrXmFIsWsr8yOhI1nojDcuk9tN8_dilZmn6ffAmDHXchjI3RMwVNsxZ8I5pkjGT-K=s88-c-k-c0x00ffffff-no-rj,False,False,1718606199.187342
Ugwn_Pw2n7VUu-aNzk54AaABAg,PERSEBAYA BOLO TUHAN🔥,2 years ago,@DIANRIVANDI,UCVWtC2nT2R24d59Xgc3nZWA,3,3,https://yt3.ggpht.com/ytc/AIdro_n6uXwQUZQrJSqgJ6ZF2m7yPyU86vA2cV06lZe_vIJ30N0POsPL-swpaX5qoZBX-P1M2A=s88-c-k-c0x00ffffff-no-rj,False,False,1718606199.188816
Ugz2S-Ix2cV0zGBp7qx4AaABAg,Tragedi ini udah 1tahun yang lalu rasanya baru kemarin,2 years ago,@clipvideo23,UCBX2yZcrJbIwo_HpNpHh9Cw,1,,https://yt3.ggpht.com/ljwomBUC6NEGFNRZwze-S0GKwpl_6Ak6PUfCzIVECeLo1LunxTQZJHGlrg_XrcmFumTl1WVsow=s88-c-k-c0x00ffffff-no-rj,False,False,1718606199.190269
Ugz6xZy8Jkd6eLKqUwF4AaABAg,Bolak balik ndelok video iki.pas poso romadhon brebes mili.terharu ndelok official persebaya danio posisi ne kene dadi kunu.WANI,2 years ago,@arifiantoarifianto6096,UCK5_Ef2kCr2IWTVzTGAdoEQ,17,,https://yt3.ggpht.com/ytc/AIdro_nZ7KyVUwaHfeUrE7Iu4huOc7R-h1l2NWB-GTYRygzPRrM=s88-c-k-c0x00ffffff-no-rj,False,False,1718606199.191723
UgzItdIaFrE4CteoT9x4AaABAg,"Sumpah aku isin dadi wong malang , kemlinti ne mek di kandang !!!",2 years ago,@JamesBone-ql6vc,UCJe0JmvJJvYcFtLTWtp2Myw,1,,https://yt3.ggpht.com/1xa0OwzEu_aqBDrWBmBWewGePtdV-weFNsLNpiVkslZnzW98E9t2xM3Vp8xH5olVmXxGOD5u=s88-c-k-c0x00ffffff-no-rj,False,False,1718606199.193209
UgzYPXUk5s8aVWRJJW94AaABAg,PERSEBAYA selamanyaa...waniii🐊🐊,2 years ago,@helcurtgaming3974,UCA4lRU1Zg3ofHRml6MDvRpQ,1,,https://yt3.ggpht.com/ytc/AIdro_k6PN7RD67uU9W07-KsDhxLmOQ4FitczPoM-GVgFdYUqw=s88-c-k-c0x00ffffff-no-rj,False,False,1718606199.19469
UgyF8jh8mE63KrlRINN4AaABAg,yo ngene iki bedes,2 years ago,@djuprieug4682,UCnJPUHzmjW1WRCsdVjF_FBw,2,1,https://yt3.ggpht.com/ytc/AIdro_mcvUH-BpFNanYZE1YaV7NP38UbJ3uwxJA5CAUNww-8w-E=s88-c-k-c0x00ffffff-no-rj,False,False,1718606199.196115
UgyZDQyqVeMjIBWw0S54AaABAg,Kabeh Iki goro² arema NK Arema Ra mulai rabakal polisi nembak gas air mata,2 years ago,@Dpr_bangsat,UCBJmzc64djKuPCJcb30b52Q,2,5,https://yt3.ggpht.com/tpi5dfWSTSyDq5prv6-dUiWuq-YNaUs4G0CwfULkxiTy7ZDnoQDkQFGfwluoY_yPtgje6HtNZg=s88-c-k-c0x00ffffff-no-rj,False,False,1718606199.197676
UgxD6eP1P2m2FdwDjvZ4AaABAg,"Di kalahke persebaya kok terus ra terimo, nk ra terimo di kalahke yo rasah dolanan bal balan. Arema arema, koyo cah bayi dolanan bal Balan kalah Ra terimo.
AREMA KONT...",2 years ago (edited),@Dpr_bangsat,UCBJmzc64djKuPCJcb30b52Q,2,11,https://yt3.ggpht.com/tpi5dfWSTSyDq5prv6-dUiWuq-YNaUs4G0CwfULkxiTy7ZDnoQDkQFGfwluoY_yPtgje6HtNZg=s88-c-k-c0x00ffffff-no-rj,False,False,1718606199.199285
UgygT2B772y22oYjXdh4AaABAg,"Sambil menunggu buka puasa tahun 2024. Nostalgia dengan pertandingan gila ini. Pertandingan sarat harga diri. 

Surabaya dewasa.",2 years ago,@jenderalgembili1194,UCp5VkAdvZ9BRl0x0Y9HyreQ,2,,https://yt3.ggpht.com/ytc/AIdro_l8eo8-U6Hq182HvGSivhWsfhg3pOCinNGPXomA3iYdj_2Aq9hR3pP-TUmOw-mA8K_Hzw=s88-c-k-c0x00ffffff-no-rj,False,False,1718606199.200785
UgwOXUfLdEaHg7Aaqlx4AaABAg,"SAYA TERHARU PENGAMANAN PEMAIN DAN OFFICIAL
DAN SAYA JUGA TERHARU DENGAN POLISI BRIMOB DAN JUGA TENTARA 
YANG SUDAH MENGAMANKAN PEMAIN DAN OFFICIAL",2 years ago,@AlfarisSevian,UCdydCQ65PL990shtldR0qyw,0,,https://yt3.ggpht.com/zYqYZ09XdXrs1NT0mrIpIVxPH48v_V9m0PHNsQjaAw05eiEmMQiqW6fqyYjqE1EZQpe_MU8i=s88-c-k-c0x00ffffff-no-rj,False,False,1718606199.202371
UgxAUjscd6G1IxTlSOt4AaABAg,Suporter norak,2 years ago,@jayasumpena7512,UCn4poODiJgX074mevg6CPYA,0,,https://yt3.ggpht.com/ytc/AIdro_nvCGG9cGn2LhOgIasnpHt5_HrUKVtDqNaFBAThPWJZSyfO-e9dBiL6d1nivf887HmArw=s88-c-k-c0x00ffffff-no-rj,False,False,1718606199.203843
Ugxif9Qxw8KLQcrZQWV4AaABAg,"Aremania dan Yuli Sumpil, kalian memang menyedihkan!!!",2 years ago,@erwinsimadukampak1626,UCV_O-A5RyGcUetBWeNKmhVw,0,,https://yt3.ggpht.com/ytc/AIdro_l_M7KJtH2lDhBhOVHJP5jmfaTUR3PiCpFi7MLOO46hAtc=s88-c-k-c0x00ffffff-no-rj,False,False,1718606199.205872
Ugx-GGXpsr_vw_pn3up4AaABAg,mas bapak polisi dan bapak brimob sama mas jadi bapak brimob bisa di panggil bapak polisi karna sama instusi kepolisian jadi brimob bagian dari kepolisian brimob itu pasukan khususnya kepolisian cuman mem beritahu 😊😊,2 years ago,@AfifHaz-b7e,UCh6cgo5Ywx0bz9OQcSidKGA,0,,https://yt3.ggpht.com/ytc/AIdro_n6ZBBa_3wssvZ-3uYejR-pYif7bZ3F-sJr33JSyktwwYCCLRkkFCHIjZW7Up1yAzVU4w=s88-c-k-c0x00ffffff-no-rj,False,False,1718606199.207611
UgxWwbSS84ogtP-IRwt4AaABAg,Salut ama persebaya selalu sabar,2 years ago,@Nuurqna,UCeiB8y8cY1hIbQWZGYUwnww,0,,https://yt3.ggpht.com/E4vwBDru6aPsspcgg_pt71tlQV5XGlbLsIjboqI7SkE4pcrD7IDHtP3LmPoRYqVRxXSgRk6a=s88-c-k-c0x00ffffff-no-rj,False,False,1718606199.209214
UgzHSWSXbwsxyetcmS14AaABAg,Pelaku macak korban😂 yoiku aremania,2 years ago,@RudyAlfiansyah-fy8gn,UCCm51fWRwXqoc4DCgaBDDmQ,0,,https://yt3.ggpht.com/ytc/AIdro_kNn6ML5JlhLrSoExrtw_OWTxjwv-pPPh8GhTrE49w-bzrwzJrjG1FoMdgRo3BUt4v3Gw=s88-c-k-c0x00ffffff-no-rj,False,False,1718606199.210718
UgypSN5wAwNUziK_fUt4AaABAg.A1oyovPci6_A1ozGGYEh7p,"Sweeping dimana mana , febomena seperti sudah umum Dilaga panas psby arema , persib dg persija dari sejak dulu , pssi pun  juga ada tindakan tetapi tidak terlalu signifikan, dan di hari 1 Oktober 2022 ini menurut sy adalah murni kesalahan petugas yang memberondong gas airmata ke tribun",2 years ago (edited),@darakingkin,UCYtmwqL_MW2vyx1YeFmfCnQ,1,,https://yt3.ggpht.com/ytc/AIdro_mO-FmweL8y1uNqqNcUDZ4M2Un4LX2rU-rFLpju9-lPnEwniZbZVQiSSLxwVY_IJGv2Ww=s88-c-k-c0x00ffffff-no-rj,False,True,1718606199.355117
UgypSN5wAwNUziK_fUt4AaABAg.A1oyovPci6_A1psHnZh_Or, @darakingkin Mati bongko,2 years ago,@diyamaher9f809,UCRo-85wvzCOGJFuNj-7JQpA,0,,https://yt3.ggpht.com/FgAeRP92fAykLiKu90XsUiRthDMgn6ONxBUy3rO9Tlb9DC3i-gIzMLu0LZBSMVHdKElCna2t=s88-c-k-c0x00ffffff-no-rj,False,True,1718606199.356853
UgzvKDa4jy6TF93dLzx4AaABAg.A1kvxoCBaPDA2lwK9aUx7K,Iyo. Sampah,2 years ago,@MrDidit14,UC_g_gkCzodLgb68iUJJn2jQ,0,,https://yt3.ggpht.com/r42zK2S8e1GqYJkX4s9FUxNeth6y3_v1erdrtUlA3Sconw8hPHryILtQWz1BzvDhNAT2sDm61Q=s88-c-k-c0x00ffffff-no-rj,False,True,1718606199.498967
Ugwn_Pw2n7VUu-aNzk54AaABAg.A1jQwHsYXMbA3pF0QP1O-2,"1 Oktober 2022, Korban 135 jiwa, Salah satunya berkaitan dengan pintu. Jika di otak atik,
1O""ktober,=bulan 10,, 135,,1+3+5=9"" ada angka 10,9,

Jika dalam iman ku  di*Yohanes 10:9,10*disampaikan tentang pintu itu.
Aku berdoa dalam kepercayaanku semoga mereka menemukan pintu yang sesungguhnya yang terbaik..Amin. Tuhan memberkati🙏✝️ salam toleran..",2 years ago,@thomaskris7880,UCijP6ad6A9kqbiywlDbtrig,0,,https://yt3.ggpht.com/ytc/AIdro_lHPoErXjjNf7M4xe2I58CB2bJAvawuRRImuJElXIo=s88-c-k-c0x00ffffff-no-rj,False,True,1718606199.647025
Ugwn_Pw2n7VUu-aNzk54AaABAg.A1jQwHsYXMbAJew4DDRm4N,Yes bolone Tuhan sampe hari akhir!,11 months ago,@Ersha.Atmanegara,UC4T80PVa2c2Y3XVMTKhmTQg,0,,https://yt3.ggpht.com/YKDHOumXmGAlWF6-YOC4adZq0wYLuGFQqQWMrA3tIqkKvhpuNM3zqiVnUqrQCCi1PhguK0IK8dc=s88-c-k-c0x00ffffff-no-rj,False,True,1752734199.651163
UgxD6eP1P2m2FdwDjvZ4AaABAg.A1bG9xudaRGA3R1pGJgjt1,Intinya supporter Indonesia masih mental sampah 😂,2 years ago,@muhammadrifkiridhani874,UCh_QCJ6mgouolnC9BFfP1Bg,0,,https://yt3.ggpht.com/klgqoQYhHPqrocPlU5iSNUMFO8FtW2TMMga0nRmKNCl6OTa9Bklau8bvXmiY0zPxSaB9OlGfkA=s88-c-k-c0x00ffffff-no-rj,False,True,1718606200.079371
Ugzw0xOVOfkm17g4C2V4AaABAg,Alhmdulillah. Menang rabu 27 maret 2024.   Pak tolong liat untuk pertandingan tadi menurut bpak gimna? @ericktohir,2 years ago,@muhammadimaduddin77,UCZYnw5oZb-xTghUqWU1tehg,0,,https://yt3.ggpht.com/ytc/AIdro_mzwk73fmnfDwFs4aca8l6kkQx6GyTAVAtENSyHlH_Zex_oOyaCVbcQl_w7mzDMX7MLRg=s88-c-k-c0x00ffffff-no-rj,False,False,1718606200.266273
Ugzy2EDjPVjARwMAb4N4AaABAg,Up,2 years ago,@wahyuibrahim8725,UCbYTdzkUoLkTYdo7t9JrRlQ,0,,https://yt3.ggpht.com/ytc/AIdro_mwut6Z7ZgArtXd0YwCUh_sDMrY0qy0_z6F3oPu0PQ=s88-c-k-c0x00ffffff-no-rj,False,False,1718606200.267973
UgxbFbPgLbEmY0BoVWB4AaABAg,Up,2 years ago,@wahyuibrahim8725,UCbYTdzkUoLkTYdo7t9JrRlQ,0,,https://yt3.ggpht.com/ytc/AIdro_mwut6Z7ZgArtXd0YwCUh_sDMrY0qy0_z6F3oPu0PQ=s88-c-k-c0x00ffffff-no-rj,False,False,1718606200.269474
Ugy4Oj3o56L2K9F0auV4AaABAg,Up,2 years ago,@wahyuibrahim8725,UCbYTdzkUoLkTYdo7t9JrRlQ,0,,https://yt3.ggpht.com/ytc/AIdro_mwut6Z7ZgArtXd0YwCUh_sDMrY0qy0_z6F3oPu0PQ=s88-c-k-c0x00ffffff-no-rj,False,False,1718606200.27096
Ugz35yzVCrCtXdptnsN4AaABAg,Up,2 years ago,@wahyuibrahim8725,UCbYTdzkUoLkTYdo7t9JrRlQ,0,,https://yt3.ggpht.com/ytc/AIdro_mwut6Z7ZgArtXd0YwCUh_sDMrY0qy0_z6F3oPu0PQ=s88-c-k-c0x00ffffff-no-rj,False,False,1718606200.272391
UgzcWSX5r8Ba7MoetGd4AaABAg,Up,2 years ago,@wahyuibrahim8725,UCbYTdzkUoLkTYdo7t9JrRlQ,0,,https://yt3.ggpht.com/ytc/AIdro_mwut6Z7ZgArtXd0YwCUh_sDMrY0qy0_z6F3oPu0PQ=s88-c-k-c0x00ffffff-no-rj,False,False,1718606200.273893
Ugxnn5m9SyJzDdeNR5J4AaABAg,Up,2 years ago,@wahyuibrahim8725,UCbYTdzkUoLkTYdo7t9JrRlQ,0,,https://yt3.ggpht.com/ytc/AIdro_mwut6Z7ZgArtXd0YwCUh_sDMrY0qy0_z6F3oPu0PQ=s88-c-k-c0x00ffffff-no-rj,False,False,1718606200.275469
Ugyui20KjUMU0l4K3oh4AaABAg,Up,2 years ago,@wahyuibrahim8725,UCbYTdzkUoLkTYdo7t9JrRlQ,0,,https://yt3.ggpht.com/ytc/AIdro_mwut6Z7ZgArtXd0YwCUh_sDMrY0qy0_z6F3oPu0PQ=s88-c-k-c0x00ffffff-no-rj,False,False,1718606200.276944
UgxSFqDJMJaInAXYE-14AaABAg,Wehh bukti iki rekk .. 🔥🔥 bener bener menyala polisi ndk salah ya merasa tersakiti ae 😁,2 years ago,@ekohariadi9337,UCB9mF8HjActicOLCpfsHM_g,1,,https://yt3.ggpht.com/o0V6TT_ZU76n-Y_2EBLlFRvKte9RZ-R7jN8Vn3m_nEu23IJcH6dGoUZFFf_UldmAeLZMna-jFGA=s88-c-k-c0x00ffffff-no-rj,False,False,1718606200.278397
UgxSP1ck37joZqFVf-94AaABAg,"Eleng tragedi iki paleh ndelok iki maneh soale ngko mosoh arema maneh,,, Persebaya wani !!!",2 years ago,@nocounterdek4999,UCau6JHqQKjk0XE2-DR5bECQ,0,,https://yt3.ggpht.com/aiH4GnBWDYIn2x12xHhfFMZCQ1cnwuQ0Re2WDgJ_Pl3rOlQTIzRV6uyChOGpQEnc0cTU9I0q=s88-c-k-c0x00ffffff-no-rj,False,False,1718606200.279841
UgxTUJ5f7SpdIkXSyY14AaABAg,Malang nasibmu kawan,2 years ago,@SemsemGabut,UCVG420A-NZ9HxxeAppMetDg,0,,https://yt3.ggpht.com/ytc/AIdro_nlK0XZCHPihWVQ4ZXtf5b8YpsaViKGdlcNQOujPdbuOV75OJmCMvjy0UMhDlldDDfeTw=s88-c-k-c0x00ffffff-no-rj,False,False,1718606200.281305
UgxQ5XVCnvFXlb85Xjd4AaABAg,"salam dari viking dulur' bonek ku, sehat selalu 💙💚",2 years ago,@RaihanSubagja-lj1sg,UCR5cHNKlXbrrMKow5-QoDpA,1,,https://yt3.ggpht.com/ytc/AIdro_kVt-2KnstlTCEKQNERtFu1r0nkoGfCbDaBeHqzzAeOW6FjInY1ji4XDCDXS_eKGhY0Pw=s88-c-k-c0x00ffffff-no-rj,False,False,1718606200.282817
UgyokzkPj7O0DAuoHnV4AaABAg,"Salahe atek gae omongan ""Kiamatmu di malang"" kiamat dewe kan kotamu😂",2 years ago,@bagasllaode4894,UCX_8P1XGljg62__Pp7AZ2KA,0,,https://yt3.ggpht.com/ytc/AIdro_m4qo8-QIWUZcGlQwRAmEs8Li2tnrGJmg6JyUx_2bdu8mQ=s88-c-k-c0x00ffffff-no-rj,False,False,1718606200.284399
Ugxo-ZwPb3mvQn3knOZ4AaABAg,"Masio aku Jakmania ,yo iki lo jiwa petarunge arek"" Suroboyo wani perih , wani mati ...main nde Suroboyo suguhno tim tamu pye carane dadi Tuan Rumah seng apik cak... Aku Jakmania ra mbelo sopo"" tapi delok video iki aku salut tenan karo perjuangane sampean kabeh SAJETE WANI",2 years ago,@TemanRumahOfficial,UCI-1ueySw-5fhRqaJEv9ygQ,158,,https://yt3.ggpht.com/ytc/AIdro_mM8-_TSL-_FLkR11-lyCXYCJ04cFCJQHoFAPdo84ZY8N4=s88-c-k-c0x00ffffff-no-rj,False,False,1718606200.285873
UgxubtCDpTPdBKuevwZ4AaABAg,TRAGEDI YANG TAK AKAN TERLUPAKAN,2 years ago,@wahyuibrahim8725,UCbYTdzkUoLkTYdo7t9JrRlQ,1,,https://yt3.ggpht.com/ytc/AIdro_mwut6Z7ZgArtXd0YwCUh_sDMrY0qy0_z6F3oPu0PQ=s88-c-k-c0x00ffffff-no-rj,False,False,1718606200.287445
UgwQecz53-66oAnEnPJ4AaABAg,Up,2 years ago,@wahyuibrahim8725,UCbYTdzkUoLkTYdo7t9JrRlQ,1,,https://yt3.ggpht.com/ytc/AIdro_mwut6Z7ZgArtXd0YwCUh_sDMrY0qy0_z6F3oPu0PQ=s88-c-k-c0x00ffffff-no-rj,False,False,1718606200.288974
Ugx00sc9270H2iBAsEx4AaABAg,Up,2 years ago,@wahyuibrahim8725,UCbYTdzkUoLkTYdo7t9JrRlQ,1,,https://yt3.ggpht.com/ytc/AIdro_mwut6Z7ZgArtXd0YwCUh_sDMrY0qy0_z6F3oPu0PQ=s88-c-k-c0x00ffffff-no-rj,False,False,1718606200.290407
Ugx9dyvVQgyBl7vAB6l4AaABAg,Up,2 years ago,@wahyuibrahim8725,UCbYTdzkUoLkTYdo7t9JrRlQ,0,,https://yt3.ggpht.com/ytc/AIdro_mwut6Z7ZgArtXd0YwCUh_sDMrY0qy0_z6F3oPu0PQ=s88-c-k-c0x00ffffff-no-rj,False,False,1718606200.292267
UgwPVKLVrGvWvpLkL5J4AaABAg,Up,2 years ago,@wahyuibrahim8725,UCbYTdzkUoLkTYdo7t9JrRlQ,0,,https://yt3.ggpht.com/ytc/AIdro_mwut6Z7ZgArtXd0YwCUh_sDMrY0qy0_z6F3oPu0PQ=s88-c-k-c0x00ffffff-no-rj,False,False,1718606200.293874
UgyfFYYzLDTLVYJr4JF4AaABAg,Up,2 years ago,@wahyuibrahim8725,UCbYTdzkUoLkTYdo7t9JrRlQ,0,,https://yt3.ggpht.com/ytc/AIdro_mwut6Z7ZgArtXd0YwCUh_sDMrY0qy0_z6F3oPu0PQ=s88-c-k-c0x00ffffff-no-rj,False,False,1718606200.295393
UgypNsIGT_T-xp1YDEF4AaABAg,"Semoga tidak terulang kejadian seperti di Stadion Kanjuruhan , Sajete .
Jakmania Rawamangoen hadir",2 years ago,@TemanRumahOfficial,UCI-1ueySw-5fhRqaJEv9ygQ,7,,https://yt3.ggpht.com/ytc/AIdro_mM8-_TSL-_FLkR11-lyCXYCJ04cFCJQHoFAPdo84ZY8N4=s88-c-k-c0x00ffffff-no-rj,False,False,1718606200.504298
UgyH6vcXbu3iBoGNOG94AaABAg,arema matiann😂,2 years ago,@much.fahrizal7950,UCV668LW1R-9LbPEgQ_f8tdQ,0,,https://yt3.ggpht.com/ytc/AIdro_kIB5IA6ctvzva_sdiR-wLzAe7GYZepYXonq7FFVmg1fN0SLFqcdgNA01BzkaRlSJ-oHg=s88-c-k-c0x00ffffff-no-rj,False,False,1718606200.506769
UgydCkwmpUemwmtE63t4AaABAg,"Dri video ini betapa brutalnya aremania nia , mereka sangat beringas akal mereka sdh sangat kesetanan , ini hanya sebuah pertandingan ada yg kalah dan menang tdk sepantasnya mereka seperti itu",2 years ago,@denimochammad6116,UCQJEds8a7FXq6Ucih9amyTw,3,,https://yt3.ggpht.com/ytc/AIdro_m1tGWEFiywQQZeQGbuKYH0PxHRo04tGDU1gBOdyvy7M68=s88-c-k-c0x00ffffff-no-rj,False,False,1718606200.508467
Ugzhg5HGehl1uK7kGQF4AaABAg,"Brimobnya sabar banget, kalo kaga sabar udah gilas aja itu pake baracuda sama truck ribuan sampah masyarakat yang bikin bencana ini ngerenggut saudaranya sendiri.",2 years ago (edited),@Donieansyah,UCDIDDEfgfIUaayfJKbiwPwA,1,,https://yt3.ggpht.com/ytc/AIdro_mgYiNL7R3geZwfis9GG7wZna9SC5c70YLBRAxOfjlPIH0=s88-c-k-c0x00ffffff-no-rj,False,False,1718606200.51012
UgwlWcDD60cF-hAXgYh4AaABAg,"Akhirnya tau kenapa pintu tribun tsbt gak d buka lebih awal, niatnya baik ,tapi gas air mata itu😢😢😢",2 years ago,@rizalmaulana8331,UCGlkoI9VYQzoLZ25zji8tcA,2,,https://yt3.ggpht.com/ytc/AIdro_lBG4Q2j7htJbxg-phr_qVcAKlNOGbhJhWBe0SkBAuX3EdiRFA_mJUmpSD86gxTbRG5GQ=s88-c-k-c0x00ffffff-no-rj,False,False,1718606200.511786
UgyCmvUdBDpr3caraU54AaABAg,Up,2 years ago,@wahyuibrahim8725,UCbYTdzkUoLkTYdo7t9JrRlQ,0,,https://yt3.ggpht.com/ytc/AIdro_mwut6Z7ZgArtXd0YwCUh_sDMrY0qy0_z6F3oPu0PQ=s88-c-k-c0x00ffffff-no-rj,False,False,1718606200.513288
UgzMSM1J5f91R3or4ft4AaABAg,Up,2 years ago,@wahyuibrahim8725,UCbYTdzkUoLkTYdo7t9JrRlQ,0,,https://yt3.ggpht.com/ytc/AIdro_mwut6Z7ZgArtXd0YwCUh_sDMrY0qy0_z6F3oPu0PQ=s88-c-k-c0x00ffffff-no-rj,False,False,1718606200.514777
UgyQbRRzyssxpHKThVJ4AaABAg,ngono jaok respect nandi²,2 years ago,@wildansyam2022,UClBgixz-6cCnR3mkAUm-16A,1,,https://yt3.ggpht.com/ytc/AIdro_kXfxF9Sye0bOZmsmC0xGWsI1xjTLYJoVyah0qBulk=s88-c-k-c0x00ffffff-no-rj,False,False,1718606200.516244
Ugysb6VrlYXdKeKBBqR4AaABAg,Orang malang gk tau malu usut tuntas,2 years ago,@AlexanderFleminggo-ki1fh,UC648KIcwF1buxctsfZbDOZw,2,,https://yt3.ggpht.com/ytc/AIdro_lN1r14JyVE1HV827fOA4jwcUpML9JATe2vub3wBZwgdO1_u1mEpcWHSejRd9oj5lcaaA=s88-c-k-c0x00ffffff-no-rj,False,False,1718606200.517692
UgxPWI_BcL5urYP7SnZ4AaABAg,Emang parah ini aremania sumpah harusnya dibubarkan sih arema nya jangan ada d liga indonesia,2 years ago,@fajarpecen284,UCXsOAx6OhuiIf4KFMhpFXFg,4,1,https://yt3.ggpht.com/ytc/AIdro_mmNhTCj-INnUDYHFLkz6Pe8qV6USjoIxCoMbsrJ0M=s88-c-k-c0x00ffffff-no-rj,False,False,1718606200.51918
UgzHdUp9z1Gmq6P6dZx4AaABAg,"Kurang ngerti bahasa logatnya, saya orang sunda",2 years ago,@asumxrd7611,UC5_Bt2g648CCGyKaCd-ibWw,1,,https://yt3.ggpht.com/qxgIeUmusangasViObw_6rhPHe1VeUyzbCMlpmGOZkiKCYdlOvYUBUm_-72gWiSpvPdr5AEIau8=s88-c-k-c0x00ffffff-no-rj,False,False,1718606200.520706
UgxvmAu7x4T9ad5_oDx4AaABAg,"Semoga video ini menjadi salah satu jembatan ke masa depan cerah klub, supporter, dan segala tentang sepakbola di Indonesia. Karena ini hanyalah permainan, jika kau katakan kebanggan dan kau kalah, maka menangkanlah pertandingan berikutnya. Bukan malah bertaruh nyawa demi kebanggan semu yang menuntun ke liang lahat",2 years ago,@mohammadfaridfirmansyah9994,UCNSpLhFXvHFk0GAYf6mU_NA,2,,https://yt3.ggpht.com/ytc/AIdro_nkzM9BXDBSBVH5kS18SNJIpnQ8f0Jh-h7RwDyRUiQ=s88-c-k-c0x00ffffff-no-rj,False,False,1718606200.522174
UgzVijiHDAZO4phPHqp4AaABAg,90 menit full chant rasis😢,2 years ago,@Nzlrmdhn___,UCJxzM9rck2neqNxfif2WlCg,1,,https://yt3.ggpht.com/u-v8xaz8FYz7I4g00p9Hb99oPBLARG-ljpaHsxr5yC7YJp9O0eo9nRo9DRvM7R-zcW8RzGKCEw=s88-c-k-c0x00ffffff-no-rj,False,False,1718606200.523768
UgyqDlupDS3wIyNJDcV4AaABAg,Jare kiamatmu dimalang.....,2 years ago,@siswantomlakumlaku6262,UC6XC5Bbv4rj5HFsi1z-d15w,2,,https://yt3.ggpht.com/ytc/AIdro_l3deyYM-Bn1fEbjPUVXB1Y_CT9FaLnYuFyhmrJHY6Pcs_OQFpdKEOSsmbO-HQP76DP8g=s88-c-k-c0x00ffffff-no-rj,False,False,1718606200.52524
Ugy-aJE8pda2_eZNrRF4AaABAg,STADION KANJURUHAN SAKSI BISU 135 NYAWA MELAYANG .....SAAT INI HANYA WAKTU YG BERBICARA KE AREMANYIA  SUATU SAAT NANTI  APA BILA STADION KANJURUHAN DI GUNAKAN LAGA AREMA VS PERSEBAYA 🤔🤔🤔🤨🤨 MISTERI TERBESAR,2 years ago,@supercup7949,UCwD7FERHC4kX3h2bYPIS6Dg,1,,https://yt3.ggpht.com/ytc/AIdro_nn2r27xgt-QLsA4NOafS588bIhGJEP80r8XEC4pJEMwtmsmIosL5hG9gzQ2AyEbG8G0A=s88-c-k-c0x00ffffff-no-rj,False,False,1718606200.526712
Ugw45VHQG6Mpqt1p4hV4AaABAg,"Rusuh rusuh sendiri , mati mati sendiri ...
Ohhh Amera ...
Real Aremania pembunuh para Aremania itu sendiri !!!!",2 years ago,@joee1945,UC9Rb-Mv7Tq0_JtKokjHLRdw,4,,https://yt3.ggpht.com/j9KIgj6xJD0eKd4kQMr9J1JoYkfBQCsNr0nW-VpGIDX0fHW9MXY6vwc5yg5P9MwyZ2pmguIp=s88-c-k-c0x00ffffff-no-rj,False,False,1718606200.528187
Ugy3thOcGW-5AFORqrZ4AaABAg,Ternyata aremania pembunuh aremania itu sendiri😭,2 years ago,@joee1945,UC9Rb-Mv7Tq0_JtKokjHLRdw,3,,https://yt3.ggpht.com/j9KIgj6xJD0eKd4kQMr9J1JoYkfBQCsNr0nW-VpGIDX0fHW9MXY6vwc5yg5P9MwyZ2pmguIp=s88-c-k-c0x00ffffff-no-rj,False,False,1718606200.529692
UgxKwrh7u7ao8t1TxyB4AaABAg,"Terlalu brutal imabs ke pemain yang tidak tau apa apa ,plajaran berharga mendukung lah dengan logika jangan hanya emosional sudah seperti teroris dan perang saja ,allahuakbar aparatpun kewalahan",2 years ago,@Arivan29,UC-Bj3nShqFfBeD9-6iUjWxA,1,,https://yt3.ggpht.com/N1G-BR-y2jy8YB-tuzZOrIH3o5wONd8u1txA01bY1_LBeXuqgq8NkveyivP8sA77GpD4x5pTROE=s88-c-k-c0x00ffffff-no-rj,False,False,1718606200.531145
UgxiLQtxQjizXcMly494AaABAg,"Gak di tembak.i ae, bedes mosok onok hukume",2 years ago,@irpanahoy6618,UCURK50jsz4qV6mPvLum9z8w,1,,https://yt3.ggpht.com/DyuCOvZJIpNnie5VXyupbHXFYKzXNE2shOWfa-IRE-jx2iv0b6x_kWxjjcZtBkMcUEJXUggQyg=s88-c-k-c0x00ffffff-no-rj,False,False,1718606200.532585
UgzJf-dTYCSxB6qTTQd4AaABAg,Suporter arema itu kriminal,2 years ago,@elanggumilang-yr6oh,UC0zIJ9pAmTrtitpmY7Jio1w,3,,https://yt3.ggpht.com/ytc/AIdro_k65DZsAHQBUnAuOxSZT7r9fAk4iy8_eNYr_aT6LrBfoCwrcS85Lh9VOPaGRI17GotdtA=s88-c-k-c0x00ffffff-no-rj,False,False,1718606200.534029
UgxPWI_BcL5urYP7SnZ4AaABAg.A0uIlTW5SHFAJewSJ0aDmD,Lebih tepatnya di blacklist aja.,11 months ago,@Ersha.Atmanegara,UC4T80PVa2c2Y3XVMTKhmTQg,0,,https://yt3.ggpht.com/YKDHOumXmGAlWF6-YOC4adZq0wYLuGFQqQWMrA3tIqkKvhpuNM3zqiVnUqrQCCi1PhguK0IK8dc=s88-c-k-c0x00ffffff-no-rj,False,True,1752734200.681246
UgwjmDySb89v0JmaUB54AaABAg,"Pas gol-gol e PERSEBAYA kene jingkrak-jingkrak rek wkwk menang og ngopo bebas 🤘🏻💚🔥. Tapi pas mari pertandingan onok berita banyak korban jiwa berjatuhan, batin ku byoh iki balbalan opo perang iki.",2 years ago,@kevinnp_.,UCJgzZ6z--KVGvbR3w1nkzog,4,,https://yt3.ggpht.com/ytc/AIdro_m4jJbEjL0SIaIOtfApQMcEAEbnC-hAy2naWEzpzZ-wcWvyVBEhmP2ZNn6PyBDPQpvKQA=s88-c-k-c0x00ffffff-no-rj,False,False,1718606200.89439
Ugy6yjz5JMgqg_7k9zR4AaABAg,"Janganlah mengujar kebencian dngn Kata"" Sumpah Serapah, akibatnya kena sendiri. 
Istilah Mulutmu, Harimaumu. 
90 menit rivalitas, selesai, kita Bersaudara,Sebangsa dan Setanahair, 👍💯",2 years ago,@SitiAni-hy3ey,UC135r8PCNwbwy674j0UrzzA,3,,https://yt3.ggpht.com/HNAT1tBW0gFWCszc6NXA6yfTaYMmOzPxOGASZyffRJwoy2VllV4QCQ5HLQqXdKih27UBdH4WHw=s88-c-k-c0x00ffffff-no-rj,False,False,1718606200.896494
UgzLl6-xG0R9f65krXl4AaABAg,"Sungguh mengerikan kejadian Kanjuruan, dan sungguh tak manusiawi suporter Aremanianya. 
Jngnlah menutupi  kesalahan dngn mengatasnamakan Korban, padahal perilaku suporter Aremanianya sendiri yng berulah, Kasihan Pak Polisi dan Brimob yng sdh berusaha menyelamatkan Tim dan Official Persebaya. Inilah bukti Vidionya yng sesungguhnya, jngnlah semua menyalahkan Anggota kepolisian....klo tidak  ada  asap, klo tidak. ada api. 
Bravoo polisi....👍👍. Kau Pahlawan..👍👍 Kau pertaruhkan Nyawamu, demi pengamanan.  Persebayaku 🐊🐊🐊 Hebat.👍 Terima kasih  Kapolda, Jatim Polrestabes Surabaya dan jajarannya. 🙏🙏🙏💯",2 years ago,@SitiAni-hy3ey,UC135r8PCNwbwy674j0UrzzA,6,1,https://yt3.ggpht.com/HNAT1tBW0gFWCszc6NXA6yfTaYMmOzPxOGASZyffRJwoy2VllV4QCQ5HLQqXdKih27UBdH4WHw=s88-c-k-c0x00ffffff-no-rj,False,False,1718606200.898296
UgwRsqHShFCW7RovMe54AaABAg,Minebiuuesifemuhammadikhwan,2 years ago,@hjmusyarofah4743,UCtFbHAiVEQc25Z2rhahGSMw,0,,https://yt3.ggpht.com/ytc/AIdro_mhOsVvyiOR2DKy9B1rrzX-He2qQZ1jqeEpHRZoUYxTFaBeYJh5jM0kO6i-v0IKU5wb0w=s88-c-k-c0x00ffffff-no-rj,False,False,1718606200.900358
Ugx3xinIQs5Lf8e0wap4AaABAg,Salam satu nyalii waniiii!!!!,2 years ago,@ReyhanDwi-x5e,UCdyGRGfR7ajZHEC8mEEllzg,5,,https://yt3.ggpht.com/ytc/AIdro_lTsn_SEf4XL2vXIaaoqLUud5NQ9oq-8qVva6nli6qHfYKIw450e_k2BCXQMQ4EGZfOvw=s88-c-k-c0x00ffffff-no-rj,False,False,1718606200.903168
UgyXKa4u6QMOvOS_J3Z4AaABAg,Karma Is Real,2 years ago,@akurepo6674,UCSBuDVoQk7nmbdQ8sp8lWxg,2,,https://yt3.ggpht.com/ytc/AIdro_n2udBzeYBteVO94AOvACDKqyHN4sBTqV2YenVzO3Y2Ic5h7sd9c1UhQi-g7V9kvb_L3A=s88-c-k-c0x00ffffff-no-rj,False,False,1718606200.905477
UgzJVAi2RQsgxD7iEl54AaABAg,Sdm rendah🤣🤣pantes indo bola ngk maju maju seporternya kek gini😊,2 years ago,@ebenkperdana5722,UC315i9PROu3VComdXKFbvGg,1,1,https://yt3.ggpht.com/ytc/AIdro_l-4bsb3g6FCWtugNiIlAcdT7aSkQMpygZ7rlunTFAO-GLtvDFLSaQGq4RYBW2RfrH8tg=s88-c-k-c0x00ffffff-no-rj,False,False,1718606200.907314
UgxUvu4YI1VDTlhrTwN4AaABAg,Yg masih nonton di 2024 komen,2 years ago,@yhulisetiawan394,UCsDcOPHSWBnv0MtzVBsyTHg,67,4,https://yt3.ggpht.com/ytc/AIdro_kTBZSGKEAheYsTKn4afVEwgqvCdN3xf1wRiQqkT8iMIBWaKzUggCo0tbCy2a1UTpRsTg=s88-c-k-c0x00ffffff-no-rj,False,False,1718606200.909193
UgzfGi1mVEBA0wFQSEJ4AaABAg,"Minggu, 21 Januari 2024 Pkl.16:22 Wib",2 years ago,@kono4035,UC9Dw7ek_vY-AZ7dD8CDBF-Q,4,,https://yt3.ggpht.com/QUlT4NS7XOPf4yoZy1fn60DqV3lAHIznqJk4HYEW4To1XSMR3U0kKO94_aPo2JNE5dFIKPKaLQ=s88-c-k-c0x00ffffff-no-rj,False,False,1718606200.910985
UgxS1V-LcQSu3srMjkl4AaABAg,KAMI DARI AREMANIA MEMOHON MAAF SEBESAR BESARNYA KEPADA PEMAIN OFFICIAL PERSEBAYA 🙏💙,2 years ago,@febrianvalentino6849,UCMWjr3j4lwpOuMKBFl0oTgA,2,,https://yt3.ggpht.com/ytc/AIdro_lEPiRLp3SyJI_I-JDfUcd0vJrBgueES8S-wPsRsBaMG68=s88-c-k-c0x00ffffff-no-rj,False,False,1718606200.912771
UgzYoAjkqwTXeNpTz1R4AaABAg,info tahlilan?,2 years ago,@AlfanHaliman,UCZLKHj0axasXsFZMJ6IH-6g,1,,https://yt3.ggpht.com/ytc/AIdro_lN1r14JyVE1HV827fOA4jwcUpML9JATe2vub3wBZwgdO1_u1mEpcWHSejRd9oj5lcaaA=s88-c-k-c0x00ffffff-no-rj,False,False,1718606200.914409
UgwkhAQgG36b183I59B4AaABAg,Jawa timur memang beda vibesnya $salamdarijkt,2 years ago,@alifcn,UC0St2uI-FbJKdEpYO6-ssOQ,2,,https://yt3.ggpht.com/ytc/AIdro_mn6vsvoi0sdPqu65HDV0cwCDdo-Z7a958NEwpR1_fYuio=s88-c-k-c0x00ffffff-no-rj,False,False,1718606200.91605
Ugy5Be8naA2Z5YVpoVZ4AaABAg,mohon untuk bagian yg bahasa Jawa nya kasih translate soalnya ga ngerti 🙏,2 years ago,@RaihanSubagja-lj1sg,UCR5cHNKlXbrrMKow5-QoDpA,3,,https://yt3.ggpht.com/ytc/AIdro_kVt-2KnstlTCEKQNERtFu1r0nkoGfCbDaBeHqzzAeOW6FjInY1ji4XDCDXS_eKGhY0Pw=s88-c-k-c0x00ffffff-no-rj,False,False,1718606200.917664
Ugz4Y6HawJrEf7VCAnZ4AaABAg,Kesel² nyanyi rasis lelis malah omong ora ngerti arti ne pehhh😂😂😂,2 years ago,@aldonoftapratama3081,UC0RCYzg4A4VQSRHRGMRwtyA,1,,https://yt3.ggpht.com/D_rzNc_5QM9VkLO6S0fS2fWnPTljtHKhfyZzvjg9TEVolTzSNTYImEOeBU8vKnfq9D64Y5wx0VM=s88-c-k-c0x00ffffff-no-rj,False,False,1718606200.919639
UgyKownseA1E0eNVJrF4AaABAg,Pss dan persibaya  bersaudara selamanya,2 years ago,@BangSatrio-wy2ru,UCRd8l_t2RzfnsrXSu9r2yYQ,2,,https://yt3.ggpht.com/ytc/AIdro_k78bXqxjvCHrukhuyGTsKlhlaQhxV6ae87tix931MAixZFqdBbIe8JVhOogv1wZNqh6A=s88-c-k-c0x00ffffff-no-rj,False,False,1718606200.921335
Ugx8LLs6F1bAeaaFSvR4AaABAg,sok mnta keadilan😅,2 years ago (edited),@raflyyy8406,UC0tb1YDvzA6wlFood9sxMWA,1,,https://yt3.ggpht.com/spdrxtNKMrUFo7Qp2piJrLAXFBBVoLXq8BsIFZSbTh3VohBnPWPEsin7zD0-M225C_kcQP7Ivw=s88-c-k-c0x00ffffff-no-rj,False,False,1718606200.922892
UgzluUEOgI-4IdBpJ_Z4AaABAg,BUBARKAN AREMA !,2 years ago,@raflyyy8406,UC0tb1YDvzA6wlFood9sxMWA,2,,https://yt3.ggpht.com/spdrxtNKMrUFo7Qp2piJrLAXFBBVoLXq8BsIFZSbTh3VohBnPWPEsin7zD0-M225C_kcQP7Ivw=s88-c-k-c0x00ffffff-no-rj,False,False,1718606200.924417
UgxsA7MBrjAiu9u7EQZ4AaABAg,"setelah pertandingan selesai, aremania yg d luar stadion, yg melempar i rantis official persebaya, itu hal yg slah besar, tidak bisa d normalisasi kan, 

aremania yg trun ke dlm lapangan saat pertandingan selesai, itu juga perbuatan salah besar, 

ttapi yg lebih slah lagi, para aparat yg menembak kan gas air mata di tribun, yg mna d tribun itu, tidak ikut turun tangan ataupun tidak ikut menyerang rantis office persebaya, 

sebenernya, penggunaan alat untuk mengamankan kericuhan suprter, itu cukup dengan water canon, bukan gas air mata 

perlu d ketahui juga, dlu, saat arema bermain di surabya lwan persebaya/saat arema bertandang di surabaya lwan persebaya, rantis official arema juga d lempar i oleh bonek dsb

sebenernya, yg d aman kan itu, para aremania yg trun di lapangan, & Aremania yg melempari rantis official persebaya, bukan malah Aremania yg di tribun, yg d tembak kan gas air mata, alhasil, yg d tribun yg ngga salah, jdi panik, kesakitan dsb, akhirnya berebut ke pintu keluar tribun, tpi apa?, takdir berkata lain

semoga kjdian seperti itu tidak terulang lagi.",2 years ago,@m.radiir1463,UC7mV35a2DmHVZRv0-VmgehA,2,2,https://yt3.ggpht.com/ytc/AIdro_najrNirkES91uW9O1x7uafNumbXLKuwgH-mLyamJqgfhwuBIDWRZGGBzH6fCNh-gOl0g=s88-c-k-c0x00ffffff-no-rj,False,False,1718606200.925908
Ugxu7zFFPLBlm3ieyf54AaABAg,"dan lucunya sampe detik ini aremania gak berubah dan gak sadar diri padahal sudah di peringatkan dengan tragedi,gatau mereka itu manusia apa batu",2 years ago (edited),@Ayam_BAKAR12,UCDaoWuVfF2lqwE8e2gGU-Iw,4,1,https://yt3.ggpht.com/ytc/AIdro_k489dbUjVHiavMXCVBLGMHjuZ1MbGhFgMATRJyE25ZAk1KhQl3s6Hf7REnBDXFhbKjBA=s88-c-k-c0x00ffffff-no-rj,False,False,1718606200.927393
Ugya3xO0dBIoOGgvH-l4AaABAg,PERSEBAYA SLLU DI SANJUNG..TPI MAINNYA KESANDUNG TERUS..JELEK...,2 years ago,@sugengsuyarso2142,UC30TtoKA47MqbeTlWgypEYw,1,,https://yt3.ggpht.com/ytc/AIdro_n03wsZ0ZvbyB5nBkklWqeb-YQNNZddhmI2bfgk7Ws=s88-c-k-c0x00ffffff-no-rj,False,False,1718606200.928885
UgzLl6-xG0R9f65krXl4AaABAg.A-T2eaQd9V3A7-olgAPZhz,Yaa Alloh kasian aremania yg didalem meregang nyawa sementara yg didepan anarkis seperti itu.. bahkan saya berpikir kenapa gak yg anarkis aja yg mati😢😢 itu korbannya banyak anak yg baru lihat Arema di malam itu aja,1 year ago,@captaingajah5726,UCPwjSJyKdkXeY92pCmYwhEw,0,,https://yt3.ggpht.com/JkfAhAyoM8-tPrzU06n__z1C_FowgcSmeVRM-UX2e0GLZPc4XBgD4c702SAqhGNRuFxmmsG-_Q=s88-c-k-c0x00ffffff-no-rj,False,True,1750142201.076228
UgzJVAi2RQsgxD7iEl54AaABAg.A-3ifsG0Z8hA0ZFVomkKvj,Gak usah rasis.. kon yo wong indonesia,2 years ago,@joee1945,UC9Rb-Mv7Tq0_JtKokjHLRdw,1,,https://yt3.ggpht.com/j9KIgj6xJD0eKd4kQMr9J1JoYkfBQCsNr0nW-VpGIDX0fHW9MXY6vwc5yg5P9MwyZ2pmguIp=s88-c-k-c0x00ffffff-no-rj,False,True,1718606201.220709
UgxUvu4YI1VDTlhrTwN4AaABAg.9zwWcTl2M1IA1bOhX3tIps,mengenang bedes maseh 🤣,2 years ago,@djuprieug4682,UCnJPUHzmjW1WRCsdVjF_FBw,0,,https://yt3.ggpht.com/ytc/AIdro_mcvUH-BpFNanYZE1YaV7NP38UbJ3uwxJA5CAUNww-8w-E=s88-c-k-c0x00ffffff-no-rj,False,True,1718606201.367193
UgxUvu4YI1VDTlhrTwN4AaABAg.9zwWcTl2M1IA6f37ykB_d8,​ @djuprieug4682  sampek di celuk bedhes ki pye ki😂,1 year ago,@kusnulkhotimah4456,UCdoYXUzlnEqPcFsXliDO1_Q,0,,https://yt3.ggpht.com/ytc/AIdro_n_MGM_FRcXHDRZfuu5QFRRhZMQSzCMaY8IaUz9ilc=s88-c-k-c0x00ffffff-no-rj,False,True,1750142201.369305
UgxUvu4YI1VDTlhrTwN4AaABAg.9zwWcTl2M1IA92zOJArpjm,😂 fanatisme yg berlebihan kalo kaya gini mah,1 year ago,@AngkasaaFM,UCTcOczbDCgHMMZ1fhHuxH0Q,0,,https://yt3.ggpht.com/hniWNGX8bGCqqYWYIwqoAguNCiZFB71_zntF468fz3MWD8IbZTKMghtUJ6OkkNiaNrl1IzaVRA=s88-c-k-c0x00ffffff-no-rj,False,True,1750142201.371022
UgxUvu4YI1VDTlhrTwN4AaABAg.9zwWcTl2M1IA93CURqZlvL,Login,1 year ago,@namadepannamabelakang6389,UCZZH9T2XoEzBqXTyfD_9u3w,0,,https://yt3.ggpht.com/ytc/AIdro_m44hs2E21BN4G3-3IvXfEOZKte91Kw8RVIcd0bdBg=s88-c-k-c0x00ffffff-no-rj,False,True,1750142201.372703
UgxsA7MBrjAiu9u7EQZ4AaABAg.9yDQuKZe3bg9yDR24Lo4g8,Barokalloh untuk para aparat yg telah mengamankan smua official persebaya,2 years ago,@m.radiir1463,UC7mV35a2DmHVZRv0-VmgehA,1,,https://yt3.ggpht.com/ytc/AIdro_najrNirkES91uW9O1x7uafNumbXLKuwgH-mLyamJqgfhwuBIDWRZGGBzH6fCNh-gOl0g=s88-c-k-c0x00ffffff-no-rj,False,True,1718606201.521329
UgxsA7MBrjAiu9u7EQZ4AaABAg.9yDQuKZe3bg9yDRCcHc3wv,"ada yg typo

(tidak ikut turun tangan)❌

(tidak ikut turun ke lapangan)✅",2 years ago,@m.radiir1463,UC7mV35a2DmHVZRv0-VmgehA,1,,https://yt3.ggpht.com/ytc/AIdro_najrNirkES91uW9O1x7uafNumbXLKuwgH-mLyamJqgfhwuBIDWRZGGBzH6fCNh-gOl0g=s88-c-k-c0x00ffffff-no-rj,False,True,1718606201.523231
Ugxu7zFFPLBlm3ieyf54AaABAg.9y44foAyabRAJeuGSIkcET,Manusia prasejarah sebutannya mah kalo gitu sebutannya manusia apa batu 😂,11 months ago,@Ersha.Atmanegara,UC4T80PVa2c2Y3XVMTKhmTQg,0,,https://yt3.ggpht.com/YKDHOumXmGAlWF6-YOC4adZq0wYLuGFQqQWMrA3tIqkKvhpuNM3zqiVnUqrQCCi1PhguK0IK8dc=s88-c-k-c0x00ffffff-no-rj,False,True,1752734201.685757
UgzrzDy4hJwU6zfwHb14AaABAg,"""tinggal kenangan""
Efek kalau ketua suporter gak pinter.
Sakne dulur dulure.",2 years ago,@harapanmama1490,UCTTH5IbNNvYhAIeBrJ6oLdA,1,,https://yt3.ggpht.com/ytc/AIdro_nD6C4DSW_Mrc-Ray_6DDAgQd-wiPHWmk5TcaI6I5ygv1wW=s88-c-k-c0x00ffffff-no-rj,False,False,1718606201.88468
UgwGNdQBs10GsuDDYwB4AaABAg,"salut sama aremania, kalo bonek ga bakal seberani ini bela tim nya",2 years ago,@kramigpanda537,UC2o4bGVJc23KaKQF0dqFaSQ,1,3,https://yt3.ggpht.com/ytc/AIdro_lnFAD87rAFb9A3yCpt424qrCYB1emRbgOV2Xg9ma0=s88-c-k-c0x00ffffff-no-rj,False,False,1718606201.886542
Ugx2dh9K9cyQA3Qn_NF4AaABAg,semoga makin berkurang suporter liar giini emang bagusnya dimatiin,2 years ago,@kramigpanda537,UC2o4bGVJc23KaKQF0dqFaSQ,1,,https://yt3.ggpht.com/ytc/AIdro_lnFAD87rAFb9A3yCpt424qrCYB1emRbgOV2Xg9ma0=s88-c-k-c0x00ffffff-no-rj,False,False,1718606201.888316
UgwQm-E_bN7kSNlLtBp4AaABAg,ini yg bikin filmnya siapa ya sayang bgt suara yg ngomong kalah kenceng sama backsoundnya,2 years ago,@kramigpanda537,UC2o4bGVJc23KaKQF0dqFaSQ,1,,https://yt3.ggpht.com/ytc/AIdro_lnFAD87rAFb9A3yCpt424qrCYB1emRbgOV2Xg9ma0=s88-c-k-c0x00ffffff-no-rj,False,False,1718606201.88995
UgzdAivt9n_-1YqN0Qh4AaABAg,Saya senang 😃😃😃 sebuah tragedi dengan kesalahan sendiri wkwk persebaya WANI  ......,2 years ago,@eggiardiyan1695,UCNsyhZ352kUuqoiS1alWo3w,1,,https://yt3.ggpht.com/lkTBmOouKv03pHHnYjMlEIhVOK-7nkXTIIIqV-v9slZuUe7deskvcigHwUf7V5OyhxBCtcqjJBk=s88-c-k-c0x00ffffff-no-rj,False,False,1718606201.891606
UgwuHVFYjpGG5XRfyox4AaABAg,"Dokumenter ajaib
Persebeya Vs Media Vs Everybody Waniiii 🔥",2 years ago,@rixscb7315,UCeeOGl4MvHVd7SPU2LOm6Nw,1,,https://yt3.ggpht.com/ytc/AIdro_khvXPufF0GxHWNSDgmZ_mJhrHXcP6Un-PhpWzoP5UUuLZj=s88-c-k-c0x00ffffff-no-rj,False,False,1718606201.893225
UgymCwlKk0GcARVIdl94AaABAg,kok yes,2 years ago,@Nabila1927-e3g,UC4Q8mWlkfZWqWytQqqgIuoA,0,,https://yt3.ggpht.com/d89G6gyIopbOjtyKZWWilH8ROQBKTZlMUxGt55rK7KqlO1IS-4o-yG0TV_Yk2tTA2o6VE8VQ=s88-c-k-c0x00ffffff-no-rj,False,False,1718606201.894843
UgyQbZBiyrA6Yz8cayl4AaABAg,"SEMOGA AREMA DEGRADASI MUSIM INI
AMIN YA ALLAH....",2 years ago,@alvinrzk171,UCeFRkP3mvXLyZPiWCOruuKw,14,2,https://yt3.ggpht.com/WzAfRxmkTtw3Hdo6_T9pH1tX87hHKtma_vUpli_I1tfJNAwyVvauigbPN261KbafGv5bhUtmjyg=s88-c-k-c0x00ffffff-no-rj,False,False,1718606201.896436
UgwnWmjTUbl3hgQJQml4AaABAg,kiamat nak malang kon koyok tuhan ae alema alema,2 years ago,@SanMaf,UCf7tb66soRuL2R5RgmlfrCg,1,,https://yt3.ggpht.com/BgW2BVtMS8eHYG0ZuKCzEDrsBxtD9AqjxswuW_GZHZwrA31o8EQ_LGzBCcY-V9nWfIptpRN7sA=s88-c-k-c0x00ffffff-no-rj,False,False,1718606201.898041
UgyZfQxeYNwv22l-e1x4AaABAg,"Malu2 in emg, arema klo dah kalah udah ajah nrima, knp hrus kejang nafsuny",2 years ago,@kangburiq5433,UCZBuLanXvdYK-9XGzLmIq9A,2,,https://yt3.ggpht.com/ytc/AIdro_nINduFEoqdR9Ur9aH5Wjyys_h6Cvr5JLOUK2d9YuckXV4H-eJ2TUNvqVabpPDyQcaEZw=s88-c-k-c0x00ffffff-no-rj,False,False,1718606201.899742
Ugx7AYJ_vksHk_6DlMh4AaABAg,"Baru liat video ini, jadi salut sama tim persebaya dan pak polisi , luar biasa perjuangan nya..",2 years ago,@yuliafsiati2463,UCMq1Nul9MHS37h972AEM8oQ,55,,https://yt3.ggpht.com/ytc/AIdro_mqsEiOlOtJbrExBZ_9O2-GU_J42-ygZa2zAhal1Xeq2uc=s88-c-k-c0x00ffffff-no-rj,False,False,1718606201.901354
UgzyyAWZAsIqxLN2G2J4AaABAg,Yg pling tersakuti,2 years ago,@RidhoRizwan-z2e,UCN1bjC9Mph-HwZJV0KDxjYQ,1,,https://yt3.ggpht.com/ytc/AIdro_nhoOi8Lhcr7w0l0Ur6N0ern1n6gqe49p8sDZDsXjKezsAllwS3frRAi1p45L_qVDrCfQ=s88-c-k-c0x00ffffff-no-rj,False,False,1718606201.902999
UgxxVOhzZEMdq6NTE014AaABAg,"Saya bingung sama orang orang cuman gara gara bola,ratusan nyawa melayang,,,kita boleh mendukung tim kebangga,an kita boleh ko,tapi tau batas,an jangan sampai nyawa jadi taruh,an nya,,apa kah tiket mu lebih mahal dari pada nyawa mu,,,lagi,an yang nama nya pertandingan itu pasti ada kala dan juga ada menang,gak perduli itu mau di kandang sendiri ke mau pun di kandang lawan,,kita sebagai suporter sejati kita harus terimah kenyat,an itu,,,kalo tim ke bangga,an kita menang kita harus bersyukur tim kita bisa menang,,tapi sebalik nya,,,kalo tim ke bangga,an kita kalah mau gak mau kita harus terimah ke kalah,an itu dengan lapang dada,apa lagi ke kala,an nya cuman tipis satu poin,,harus nya kita tu memberi sport dan semangat💪kepada tim kebangga,an kita walaupun kalah itu baru nama nya suporter sejati setia sama tim nya bukan nya mala jatuhin mental para pemain dan bikin rusuh,sampai2 ngilangin ratusan nyawa,,kalo udah kejadian kaya gini mau gimana ha,,coba aja kalo menerima ke kala,an mungkin gak ada korban jiwa satu pun,,tapi sayang nasi udah jadi bubur😂😂",2 years ago (edited),@DanuReksa-z7j,UCRefMmhBDj77NwvEkN4Hy0w,1,,https://yt3.ggpht.com/ytc/AIdro_nd9CUTH_vUS6yLFfCh_EH5NHiIQaskwp1Eiz_BGHeJdhT6LRhIGrQvmGbeGa18USPkig=s88-c-k-c0x00ffffff-no-rj,False,False,1718606201.904607
Ugzae0m_R4WMfQpv54N4AaABAg,"Gk bisa apa ya suporter arema kalo nonton pertandingan apapun hasilnya , terus pulang dengan damai dan selamat .",2 years ago,@riskiiskandar3377,UCuGu8bBlnCyveyPyzWW7CKg,1,,https://yt3.ggpht.com/ytc/AIdro_kr_IgCuQxpDee-7VHgyIhrIpyoHYny1lVPUa3XF4fF5YDn=s88-c-k-c0x00ffffff-no-rj,False,False,1718606201.907269
UgwZRWcew3vOxeOBuiZ4AaABAg,"PERTANYAANKU MEK 1
IKU AREMANIA NGECHANT ""BONEK DIBUNUH SAJA"" OPO ISU MLEBU KASUS PIDANA PASAL PEMBUNUHAN BERENCANA??? 
TERUS BOLO2MU DEWE MATEK PERKORO ULAH2MU DEWE MOSOK RAIMU NJALOK KEADILAN? KEADLIAN CAP TAEKK?",2 years ago,@bahtiaramdkes3739,UCykI5vhdIj0hRLOIjkPQ5qg,2,,https://yt3.ggpht.com/ytc/AIdro_nWyPWxkLouOOka6GuHM8izDlE_yXnC5xTup5HP8T7CMeTZxq27qge_MoyYv6lzf2FRtw=s88-c-k-c0x00ffffff-no-rj,False,False,1718606201.909872
UgzU249lvMKYXKv9knR4AaABAg,Saya baru sadar sebelum kerusuhan terjadi suporter sudah chant gak iso moleh🤣,2 years ago,@yosi_ALL,UC2no8opdwOc0QmmWcVwAG6Q,3,,https://yt3.ggpht.com/ytc/AIdro_m58bf2qIEmXLWUAEtijWnbTCDKqtRHylg2jwOboqtHQQ=s88-c-k-c0x00ffffff-no-rj,False,False,1718606201.911705
UgwKFy4rqCbWwR4Me4F4AaABAg,selamat  persebaya,2 years ago,@AlgisArdhani-tw1gc,UCSnyX_yDLvNJfsb4ocSVuqw,2,,https://yt3.ggpht.com/ytc/AIdro_nLOZiVoOnOY9sRG6PEfbeJQZgNEc94Ld_-R0YhapW-QHpFlNNHtQIwpPu8VJKX5wVYKg=s88-c-k-c0x00ffffff-no-rj,False,False,1718606201.913404
Ugwog1YqhOL5_chH2k94AaABAg,Harusnya Arema itu di buyarkan... biar jadi pembelajaran buat suporter bodohnya itu,2 years ago,@arizkyyulischannel1642,UCOaL3DtdYhOSOg1o3u20GYA,1,,https://yt3.ggpht.com/ytc/AIdro_kMEBd8lbWofsD0QAmi9lemNcP1T4dThGyYXB7j5Ch0L80=s88-c-k-c0x00ffffff-no-rj,False,False,1718606201.915222
Ugxaw9HqQehzt9ub_1B4AaABAg,Seharusnya AREMA harus dibubarkan!!,2 years ago,@achsyahrul0170,UCAAb9DzZ5r_UlCM54JwIw9g,2,,https://yt3.ggpht.com/4bBkG7jHM_A94ejQyttvNcmAdpUQRIQJWYI7kQOsOylLlwCyPEwra2ceCU5OYX6pmMEnTBE2eB8=s88-c-k-c0x00ffffff-no-rj,False,False,1718606201.916962
UgxJT3I9BY_ReWNAynt4AaABAg,Inilah tidak kedewasaan suporter indonesia. Liga/tarkam sama sama rusuh suporternya.,2 years ago,@updategameofficial,UCAxDZCCBnFSgVj8ClsTNdPQ,1,,https://yt3.ggpht.com/QWvjqBhpU5bR8o8uRyBsBAQBTWqlKYFLT82Hkwgm6tisJXQiDa6d14ilIHwqPGm4XFQsDY-a4w=s88-c-k-c0x00ffffff-no-rj,False,False,1718606201.918721
UgwGNdQBs10GsuDDYwB4AaABAg.9xLpxwNJOmzA1cTwJpX8T0,Kocak bet monyet klo ngomong😂😂,2 years ago,@oebay7231,UCAflM03Ipiq4F9PcAIJviaQ,1,,https://yt3.ggpht.com/ytc/AIdro_lh3ePaO1urmNwb9xHPzSlxtdHX8Gn-lsjBZQMHWsndEb4=s88-c-k-c0x00ffffff-no-rj,False,True,1718606202.071248
UgwGNdQBs10GsuDDYwB4AaABAg.9xLpxwNJOmzA1cTxEqlu1Q,Kocak bet monyet klo ngomong😂😂,2 years ago,@oebay7231,UCAflM03Ipiq4F9PcAIJviaQ,1,,https://yt3.ggpht.com/ytc/AIdro_lh3ePaO1urmNwb9xHPzSlxtdHX8Gn-lsjBZQMHWsndEb4=s88-c-k-c0x00ffffff-no-rj,False,True,1718606202.072841
UgwGNdQBs10GsuDDYwB4AaABAg.9xLpxwNJOmzA8FsM_m-_1E,mati wkwk,1 year ago,@sibas1987,UCdyMN9CengGnYTwn_nq6D9Q,0,,https://yt3.ggpht.com/I5n6tHgVpXz1bJ6g-Lu1X56tarcyN9PKeaIL9__6gTpbFyvMtfbmlIavoKWBk-uALixg4ZUcH_Q=s88-c-k-c0x00ffffff-no-rj,False,True,1750142202.074709
UgyQbZBiyrA6Yz8cayl4AaABAg.9wh0LaHCIoL9yVpvzA2fDE,Ternyata benar arema sekarang di papan bawah,2 years ago,@muhammadnurisa154,UCTxa1XxDYS78NjnO6VV-EGw,5,,https://yt3.ggpht.com/_6ZoMZLgkPx0TluceJSwnlOxcdgNEreL_BV_FXbr4BJTI8ifovIgv5L8GzBcdywNHxWhII6SSlE=s88-c-k-c0x00ffffff-no-rj,False,True,1718606202.216792
UgyQbZBiyrA6Yz8cayl4AaABAg.9wh0LaHCIoL9yVpwwmlpSl,Ternyata benar arema sekarang di papan bawah,2 years ago,@muhammadnurisa154,UCTxa1XxDYS78NjnO6VV-EGw,3,,https://yt3.ggpht.com/_6ZoMZLgkPx0TluceJSwnlOxcdgNEreL_BV_FXbr4BJTI8ifovIgv5L8GzBcdywNHxWhII6SSlE=s88-c-k-c0x00ffffff-no-rj,False,True,1718606202.218414
UgzAuvAI02wAM4nX7i54AaABAg,"Suporter gak dewasa , ya gini jadi nya",2 years ago,@diyanmulyana2674,UCiys-lZA9PtvkVpmotFhyAg,1,,https://yt3.ggpht.com/ytc/AIdro_mrjO9OGCV3s4KL5FAO-JkZCuMMdHk-I8doHCLmp6C9osfz_JqGDDAT1lwVBwdRzZ35_w=s88-c-k-c0x00ffffff-no-rj,False,False,1718606202.41689
UgwbA1Gw15J0qWdGm4t4AaABAg,NGERI EUY DULUR...,2 years ago,@dfrmn7911,UC7TzkDJecPw3mwr2bFAAIfA,3,,https://yt3.ggpht.com/ytc/AIdro_kHzo55tdZh44sT9Zj6XMQqZKEDEk4R_we_3FS9kQE=s88-c-k-c0x00ffffff-no-rj,False,False,1718606202.418755
UgxMjusdhKyETcgnCzh4AaABAg,Selamanya Arema akan berada dibawah Persebaya!,2 years ago,@Myawaibelajarmasak,UCPu9DtsdojG_l1OqC8B4y3w,7,1,https://yt3.ggpht.com/-EqTYdWvxpQoY-_CMBdtXxG_ENNRottiVYFutBeuZbcR3Uv4BHaJzXyBiTPQBLufCxBt-rQTAA=s88-c-k-c0x00ffffff-no-rj,False,False,1718606202.420466
Ugy2Ot2vN67gmkKyRDd4AaABAg,arema biad4b,2 years ago,@dimasbimantara7785,UC-euBUjJezDvqnvUs1_zx-g,2,,https://yt3.ggpht.com/ytc/AIdro_kEFOSXDGhY16OeDbZUClpVkEoIec-Uz5IRCCUfZfAvYOY=s88-c-k-c0x00ffffff-no-rj,False,False,1718606202.422236
Ugyan2JLh29HKp1iFct4AaABAg,"Dari skien banyak yg komen, dari pihak arema tidak ada yang berani komen. Karna di sini semua kebenaran dan bukti ada bahwa merekalah ( aremania ) yang salah atau memprovokatori polisi.. mereka yg melempari di jalan tidak tau saudara2 di dalam stadion pada kesusahan buat keluar bahkan sampai meregang nyawa mereka tidak perduli dengan itu, yg mereka turuti hanya napsu dan kenorak annya..",2 years ago,@anggiagasi4131,UCe5k1jpfp9SA-giyZyI9UXw,53,2,https://yt3.ggpht.com/ytc/AIdro_kG0eefOQUL0kcj94wGRb7raGMaD-kY0dA3RDZWrpA=s88-c-k-c0x00ffffff-no-rj,False,False,1718606202.42399
UgwFQqjL6QF1yODGZKh4AaABAg,"Si tumpil bawa bendera ""kiimit mi di miling"" , rasain noh kemakan omongan sendiri 😂",2 years ago,@alifrizki1172,UCMYHAPD9JujnpW19tnASptA,7,,https://yt3.ggpht.com/ytc/AIdro_nrzDb_FjxSTjqlBfYKjJebXHB9j9bbV4yytvMOiM0=s88-c-k-c0x00ffffff-no-rj,False,False,1718606202.42565
UgwLzWwtZVTKzn9ajNt4AaABAg,Rasain Arema klub paling rasis,2 years ago,@yayancomunity4815,UCzukvSuwF9y8vKRpxpzc26Q,2,,https://yt3.ggpht.com/ytc/AIdro_nEIEn_zxZssJB_vnWakoy-AN6cf2fLPjEX24dS0k0RJ9s=s88-c-k-c0x00ffffff-no-rj,False,False,1718606202.427269
UgwPoI0yeJFRWZ769tN4AaABAg,"Wah merinding sih nonton nya parah bgt aremania ,ini kalo Bobotoh yang ngelakuin bisa di banned sih timnya salam dari Bobotoh 🙌🙏",2 years ago,@VIKIANIMASI,UCiegzIMrGQmmXYtnD_EMwFw,8,,https://yt3.ggpht.com/DwVWwgLQ7ZfrbhKG3RG5uEqAFK9PcUkAMYytoe7JqAOUi-F2PPiX3IrhjI8tz02b7CTFDR8KUQ=s88-c-k-c0x00ffffff-no-rj,False,False,1718606202.428892
UgzCpigAa93ROhBC7w94AaABAg,Arema fans sangat keras dan juga suka berkelahi dan akhir jatuh korban dan yg di salahkan polisi bgtu lah fans Arema,2 years ago,@yayancomunity4815,UCzukvSuwF9y8vKRpxpzc26Q,4,,https://yt3.ggpht.com/ytc/AIdro_nEIEn_zxZssJB_vnWakoy-AN6cf2fLPjEX24dS0k0RJ9s=s88-c-k-c0x00ffffff-no-rj,False,False,1718606202.430544
UgynpHFzopLQzbtuUkN4AaABAg,"inilah kebanggaan persebaya melihat tragedi kanjuruan mayat aremania tergeletak bravo sepak bola kita,",2 years ago,@fmaxfmax1365,UCxCjUvhraoqWuzWuv3g8ycw,5,,https://yt3.ggpht.com/ytc/AIdro_lRTWRoJ5Mm1J6dwSFwLZYO2tYqK3zKpN4VbdDGguTxhPP-sB_V7uVUqTAw-NzD5GCobQ=s88-c-k-c0x00ffffff-no-rj,False,False,1718606202.432255
Ugweufr3iiq1O8HUE294AaABAg,EMG AREMA ITU SE NORAK ITU SUPPORTER NYA ? AFTER MATCH LOH PADAHAL,2 years ago,@FAJARAKBARNUGRAHA97,UC-n4PQdu2pCOQsLTOKUtCRg,3,,https://yt3.ggpht.com/Co_QDe-nORUky5RDdybat_2mFNcGJrR47ROU6a_J2Bg8bmaoyzKMhJK3l-pSFiYlYMYS3k1IWg=s88-c-k-c0x00ffffff-no-rj,False,False,1718606202.433986
UgzIIOQFD4D1pfEtb8d4AaABAg,"Wes staon...

Danio mencekam.e pas waktu iku.  ..",2 years ago,@babyczar9331,UCP3-wdj4QCGaNfbVeWnXZWg,3,,https://yt3.ggpht.com/ytc/AIdro_md2at6WN2VaFWbbqXy_CN-oGM7aohbxgXXxOq1dzec9K8=s88-c-k-c0x00ffffff-no-rj,False,False,1718606202.435626
UgwTASvRIRTArZeT5xZ4AaABAg,Tolonglah aremania dan supporter lain yang dewasalah...ga usah main playing victim,2 years ago,@fajarfajar-ke4gg,UCPK0optg7ISzffAaxyAHzyw,2,,https://yt3.ggpht.com/ytc/AIdro_nOpvwlRjR-DWp7Xu7bAiq9tqCW_e6aRieDF_xNbjPofA=s88-c-k-c0x00ffffff-no-rj,False,False,1718606202.437233
UgzPPRM-RFiaErjqmwx4AaABAg,Baru nonton untold story nya di tahun ini ternyata bener² merinding banget dan ini kelakuan fans arema yg bener² udh kelewat batas wajar,2 years ago,@faridztzz,UCE55FeklaejPTzRMoqXXvHA,26,,https://yt3.ggpht.com/T315Gx-MbyTq_HcsoxaOYvX22Dm8DEKC0tMnAv5qZQ5GhVGIwo811qnFdtoi3JU_JS5-0uDX5as=s88-c-k-c0x00ffffff-no-rj,False,False,1718606202.438872
Ugwo-tCJ-AGXGu8Wybh4AaABAg,Baru nonton untold story nya di tahun ini ternyata bener² merinding banget dan ini kelakuan fans arema yg bener² udh kelewat batas wajar,2 years ago,@faridztzz,UCE55FeklaejPTzRMoqXXvHA,6,,https://yt3.ggpht.com/T315Gx-MbyTq_HcsoxaOYvX22Dm8DEKC0tMnAv5qZQ5GhVGIwo811qnFdtoi3JU_JS5-0uDX5as=s88-c-k-c0x00ffffff-no-rj,False,False,1718606202.440589
UgwASCS8IJv5GmQTfjx4AaABAg,Orng gila segitunya sama clubb cuiihh,2 years ago,@Remoteconten99,UCyFB1YN0oMcwbZ0pEs8y5Fw,1,,https://yt3.ggpht.com/gZmjSeZhxHmXtIsB-6HO2QVU7xaMCe9crCOmmMmzJjbem8vn3CrzNzvaAf-VwqxUQWqsarAm=s88-c-k-c0x00ffffff-no-rj,False,False,1718606202.442222
Ugz50LX6nLWewUlDrxt4AaABAg,Supporter tertolol di dunia,2 years ago,@Remoteconten99,UCyFB1YN0oMcwbZ0pEs8y5Fw,3,,https://yt3.ggpht.com/gZmjSeZhxHmXtIsB-6HO2QVU7xaMCe9crCOmmMmzJjbem8vn3CrzNzvaAf-VwqxUQWqsarAm=s88-c-k-c0x00ffffff-no-rj,False,False,1718606202.443984
UgyWWIfLX9ydnYOAqcB4AaABAg,Poko e ancen arema kui korban ws blas korban wkwkw,2 years ago,@YandiSofyan-e4b,UCAz9WzjInYury3I9GFSiEcQ,1,,https://yt3.ggpht.com/ytc/AIdro_l_C19Jsbde4qHCLM1XVZ_nSvdFGbKu_qQClxuTXl4_xZ-dn43AHADrvwf4kW35xk71gA=s88-c-k-c0x00ffffff-no-rj,False,False,1718606202.445696
Ugy2mBN3vu_jH_vtXDR4AaABAg,"Perjuangan mu bukan hanya dalam lapangan,nyawa mu juga dipertaruhkan...iki bener² nyali suroboyo
Mata ne monyet gunung ben eroh kronologi sebenarnya",2 years ago,@ojolgitaris88,UCWvmIWJ4tP8gPvyH02lDH6g,2,,https://yt3.ggpht.com/z19Wc0Z5cSCCB9Hyqrwxp4tp1au2XTSBMCIQBEQZF8ozHf0xGtAAoevh3v7joxaKTqP03XhV=s88-c-k-c0x00ffffff-no-rj,False,False,1718606202.447319
Ugz2BaAoz65gT9BpOzF4AaABAg,"Saya yg nonton video ikutan tegang dan marah! Oy, knapa ga ad mobil baracuda yg ad tembakan air superkencang itu yah? Studaknya bisa mnghalau krumunan",2 years ago,@Babechalaya,UCEjtggWhzBedncnopg-79ow,1,,https://yt3.ggpht.com/ytc/AIdro_mpKcydBoMXqIibFIaYCxV8gyQltnVTKDsNZ1VGuzUvUvE=s88-c-k-c0x00ffffff-no-rj,False,False,1718606202.448936
UgxMjusdhKyETcgnCzh4AaABAg.9vkPiXFaRMTA1i2lXhHuSH,amin,2 years ago,@tegoheka295,UCESh5fYcCETsQ96HyDLiTvQ,1,,https://yt3.ggpht.com/ytc/AIdro_kcZJ9YW52kju6SwuZfZlUPCdgt0JGFoihQUj1LKfk=s88-c-k-c0x00ffffff-no-rj,False,True,1718606202.602825
Ugyan2JLh29HKp1iFct4AaABAg.9vh54a1iqodA1ZPICqYIi_,"Sebenernya masalah utama dari tragedi ini adalah tidak menerima atau melapang dada kekalahan dalam satu pertandingan.. Kalau faktor yang seperti gas air mata,tiket yang kurang emang juga terjadi tapi penyebab utama karena aremania yang tidak terima kekalahan",2 years ago,@rahadityap2375,UC6SeXVF-AMocd6hP7DVopNw,9,,https://yt3.ggpht.com/ytc/AIdro_l-WPruEngifbfolAJ9ooMYouWRIljSLSUdcbFXhpBKLR2w067aQRcH7LDc0zzrTdX9yg=s88-c-k-c0x00ffffff-no-rj,False,True,1718606202.748939
Ugyan2JLh29HKp1iFct4AaABAg.9vh54a1iqodA1ZPnAJ7Gg7, @rahadityap2375  artinya kurang kedewasaaan dan kesadaran diri atas apa yg kita inginkan,2 years ago,@anggiagasi4131,UCe5k1jpfp9SA-giyZyI9UXw,5,,https://yt3.ggpht.com/ytc/AIdro_kG0eefOQUL0kcj94wGRb7raGMaD-kY0dA3RDZWrpA=s88-c-k-c0x00ffffff-no-rj,False,True,1718606202.750508
UgwtBtdMn-_rCzHfRrF4AaABAg,"sakit bngt denger tim persebaya sama official persebaya teriak,auto ngngis😢",2 years ago,@lyxsyy,UCtSUckDUtZUr0t2wVegDdyg,69,1,https://yt3.ggpht.com/UKfd2ZqhxP7AKX81i6G6Nl1-rd6bwcHrpzgWloOX0eF2CIJlOHNC4H6f7H4BuD_5SUHMBdyxKQ=s88-c-k-c0x00ffffff-no-rj,False,False,1718606202.941397
UgxZKpy2eB9Bv8xEfGl4AaABAg,"nonton setelah setahun terjadi, dan kalo ada yg bilang damai seluruh suporter club indonesia itu hanyalah bualan belaka, hnya 3 bulan setelah tragedi ada lagi kerusuhan suporter. cek aja berita resminya !",2 years ago,@hidayatl6774,UCRmEOyIujXWgJB1-OucmA-A,1,,https://yt3.ggpht.com/A8OyzkNFrHLH_A07y54lFslND2NwQiXJI5kan11Eg1MCMnhjqf-GeLO7ryicQjaWSLQ_rmKWn3A=s88-c-k-c0x00ffffff-no-rj,False,False,1718606202.943141
UgyK508ECyx38n1O5Vl4AaABAg,Jawa jadi sorotan DUNIA,2 years ago,@ahmadthareq4120,UCTgd_wrTvp1JlmkOdRPajcg,1,,https://yt3.ggpht.com/ytc/AIdro_n7nB1N4lYZTewkuChhuetAo_S2s_cN3K0t1F5n0iMCapk=s88-c-k-c0x00ffffff-no-rj,False,False,1718606202.944748
Ugwh8dooUWP_-ZoGRY94AaABAg,sampe ngene ae Klub e cuma di hukum Pindah Homebase aja ?,2 years ago,@depocraft-b9w,UC1HjhaJ-nRNZ4IzSwtNmbzw,3,,https://yt3.ggpht.com/ytc/AIdro_kUSqB9_0cB2Xfe_iVPBhI9OS8Uah1pHjKRdzYH99xrZWzqtEzY1q1LlszdYWYsWdNFaA=s88-c-k-c0x00ffffff-no-rj,False,False,1718606202.946205
UgySnTog3rz2hesbn194AaABAg,"Kita turut berbela sungkawa untuk 135 nyawa yang hilang di kanjuruhan. 
Tapi kita tidak boleh lupa perlakuan Aremania terhadap Seluruh Pemain dan Official Persebaya di dalam dan luar stadion.

Apresiasi setinggi langit untuk pihak keamanan yang sudah berjaga dan mengawal tim Persebaya dari datang hingga pulang kembali, walaupun harus menjadi korban keganasan Aremania. 

Mba Najwa Shihab dan Narasi TV wajib menonton tayangan ini, agar mereka tau kronologi asli kejadian dari 2 belah pihak. Selama ini aremania selalu merasa paling disakiti, apakah mereka berfikir tindakan barbar mereka terhadap tim Persebaya bakalan menimbulkan hal-hal yang dapat merugikan ?

Jika aremania menuntut keadilan kepada aparat, apakah orang2 yg menyanyikan chant rasis, melakukan pelemparan terhadap pemain dan official persebaya, melakakukan penyerangan terhadap aparat dan tim persebaya saat hendak pulang akan hadir di persidangan ? Pliss jangan merasa paling tersakiti, karena pembunuh sebenarnya ada provokator dari lingkungan Aremania sendiri",2 years ago,@Industrial123-x4l,UCRfzUzAWffXi854sOwa0t8A,26,1,https://yt3.ggpht.com/ytc/AIdro_kWGOY2zL43BkQohHAF2ubCG6ZxCBJ3MFVPoRSNnCPL3skEILciTq3Gatqql3ZDXtWv5A=s88-c-k-c0x00ffffff-no-rj,False,False,1718606202.947679
UgyJtrJF7XYSRKRyH0x4AaABAg,"MBA NANA & NARASI TV HARUS LIAT VIDEO INI SAMPAI SELESAI !!!

Mereka harus melihat bagaimana seluruh pemain dan official Persebaya diperlakukan dengan arogan. 

Mungkin Psywar bisa dimaklumi selagi dalam konteks wajar (tidak rasis). Tapi kenyataannya berbeda, lemparan botol saat pertandingan kepada pemain Persebaya, teriakan rasis, bahkan sempat terdengar teriakan rasis membawa nama Surabaya, dan lebih parahnya penyerangan terhadap pemain Persebaya di luar stadion saat pertandingan selesai. 


JELAS INI HARUS DI UP KE MEDIA !!! 
Agar mereka semua tau kronologi yg sebenarnya, jangan cuma mengambil dari sisi Arema saja yg menjadi korban.

RESPECT UNTUK SELURUH PEMAIN DAN OFFICIAL PERSEBAYA SURABAYA, TERKHUSUSNYA TIM MEDIA PERSEBAYA YANG TELAH MEMBERIKAN TAYANGAN INI. RESPECT 💚💚",2 years ago,@DewaPaduka,UCYHnLxjxVg2u-Ps-TBdNmrQ,331,3,https://yt3.ggpht.com/ytc/AIdro_nd9CUTH_vUS6yLFfCh_EH5NHiIQaskwp1Eiz_BGHeJdhT6LRhIGrQvmGbeGa18USPkig=s88-c-k-c0x00ffffff-no-rj,False,False,1718606202.949109
UgxZmwk2k6056vHlu2J4AaABAg,135 ITU BUKAN ANGKA TAPI NYAWA!,2 years ago,@AzkhaDelviro-yx8ou,UCiA1PZ8nCXBfxPTSVtl4J-g,1,,https://yt3.ggpht.com/ytc/AIdro_nATaj_XyZ449yTpyY9GNkkpedOEjet8B9ru95ikqwS3Mf-MXvcS1UlV0t6a5VEu6AwMQ=s88-c-k-c0x00ffffff-no-rj,False,False,1718606202.95053
UgzEHTi6CIj5Qq8JCD94AaABAg,Up lagi! Ini adalah bukti bringasnya supporter arema,2 years ago,@Dhuhasyams,UCePipIxWMwN4TyQQfV1W30g,21,5,https://yt3.ggpht.com/qX-tSrdFeKSrzPrmZzfQX0ZBJ89ALDH2rPsd93wS1RXmXHOidKSNy8Rfm8_cNGUr0s_d9A2QtA0=s88-c-k-c0x00ffffff-no-rj,False,False,1718606202.952017
UgwPYgDrU_oNQd4DhMB4AaABAg,"Bonek lebih dewasa, Beda kelas sama sebelah SDM rendah",2 years ago,@yudhaaiefrs,UC9-WtZZ-zU9Y6mLGy2QKLtQ,3,,https://yt3.ggpht.com/TpgZtGKuMBHK0qRFMcskEnW8n09aSN2NlSeqazKAvWcpmD0Xuw5u3c8GyHZXWTAXKCBt6zm4=s88-c-k-c0x00ffffff-no-rj,False,False,1718606202.953466
UgyGoIo5lKGB9OHVst94AaABAg,Kangen Silvio 🥺,2 years ago,@dennysiswardana5815,UC6V_J5PCjhIXxFUceFrV_Bw,2,,https://yt3.ggpht.com/E2_hIMuXLQ0CqKiPBg68E_qGT2NlbHjGWvHuGsbcgdHKo1qJ9lMdB9MqTD-9se0Onb3tGT0V8hw=s88-c-k-c0x00ffffff-no-rj,False,False,1718606202.954924
Ugz_rHBLcBLFrYxVlqN4AaABAg,Begini kok merasa korban..😂😂😂,2 years ago,@andrysevchenko6337,UChba0Agh0LVshVgtWusqyBA,5,,https://yt3.ggpht.com/ytc/AIdro_m0sIENe3mu7g4TmTAjh9XC1rmBXO53RtdhDDynMXC15Q=s88-c-k-c0x00ffffff-no-rj,False,False,1718606202.956348
UgzdPSKjBYqd1MKh6bF4AaABAg,Sebelum gua nonton in gua nyalahin aparat kepolisian tapi setelah nonton in kepolisian luar biasa kalian luar biasa pak nyawa tahuran kalian sedih ngeliat pemain Persebaya dan kepolisian Alhamdulillah kalian selamat salam dari the jak mania Bonek the jak saudara selamanya,2 years ago,@fajardarmawan5932,UCCM7IBsM7bEye-lCqu-ebzg,26,,https://yt3.ggpht.com/W62T1W4n3ycY7SOiX_WgHR9emaP-n2VBUy6rCzZ7crfsslcw_dBdR930eq0LLB_4u3kGuP63=s88-c-k-c0x00ffffff-no-rj,False,False,1718606202.957869
UgwbsdtS1NKDiJn2jZt4AaABAg,Setelah Gua nonton gua Bisa menyimpulkan bukan salah polisi Alhamdulillah nya semuanya pemain Persebaya selamat suporter Aremania yang terlalu membabi buta polisi GK salah menembakan gas air mata klo GK gitu mungkin lebih bahaya lagi,2 years ago,@fajardarmawan5932,UCCM7IBsM7bEye-lCqu-ebzg,13,1,https://yt3.ggpht.com/W62T1W4n3ycY7SOiX_WgHR9emaP-n2VBUy6rCzZ7crfsslcw_dBdR930eq0LLB_4u3kGuP63=s88-c-k-c0x00ffffff-no-rj,False,False,1718606202.959455
UgzIqfJK-riyuU16U_t4AaABAg,"Di lihat dari video ini..
Bisa di lihat siapa yang salah..
Kalau tidak di tembak gas air mata.
Apakah nasib polisi akan aman..
Polisi juga punya keluarga yang nunggu..
Boleh protes ke mamajemen..
Tapi tidak turun ke lapangan..
Kalau sudah turun setelah pertandingan..
Berarti emang itu rusuh...",2 years ago,@andrysevchenko6337,UChba0Agh0LVshVgtWusqyBA,3,,https://yt3.ggpht.com/ytc/AIdro_m0sIENe3mu7g4TmTAjh9XC1rmBXO53RtdhDDynMXC15Q=s88-c-k-c0x00ffffff-no-rj,False,False,1718606202.960976
Ugzm7BP-YU_26h1_Gxt4AaABAg,Pahlawan yang sesungguhnya adalah kalian Persebaya 🐊🐊,2 years ago,@Fajarkencus,UClVetIcK32CGwObofwpGgNQ,6,,https://yt3.ggpht.com/5_OUMgk5Z-I1M_gc5g1ECA7t_BhQs9eMxY1AAW4O9s_rjjuDYaNwRJBeg7SqGgKWQVQY_CwoDA=s88-c-k-c0x00ffffff-no-rj,False,False,1718606202.962423
UgxxA-q-P0QnNduE6yt4AaABAg,Gue sebagai the jak mania merinding ngeliat nya rek Untung Nya pemain official semuanya selamat,2 years ago,@fajardarmawan5932,UCCM7IBsM7bEye-lCqu-ebzg,6,,https://yt3.ggpht.com/W62T1W4n3ycY7SOiX_WgHR9emaP-n2VBUy6rCzZ7crfsslcw_dBdR930eq0LLB_4u3kGuP63=s88-c-k-c0x00ffffff-no-rj,False,False,1718606202.963975
UgyHV6QbQ7LzysvJl0B4AaABAg,P,2 years ago,@arvinaopal3488,UCzcX_QQiJpNyfqen7fntUlQ,0,,https://yt3.ggpht.com/ytc/AIdro_lMlYALuIV3cqi80k_gnSFOjBR4cFhAunCfjTd9sUI6GngxCYTjp_msPgNjkWx3xB-7_w=s88-c-k-c0x00ffffff-no-rj,False,False,1718606202.965409
UgyBG1XRpRobor13MIx4AaABAg,💚🐊,2 years ago,@MRidwanYusuf,UCDCDkls7MxgnjZL4eDNhLuQ,0,,https://yt3.ggpht.com/ytc/AIdro_nEQ-qBWX2oQRLn7O1coApWwNS5UcvAKN8JpHowUujf92Y=s88-c-k-c0x00ffffff-no-rj,False,False,1718606202.966859
UgwP3rdQBGupqzzP-jl4AaABAg,Kelakuane kyok ngene jalok keadilan,2 years ago,@rickyhermwan6272,UC_GnJspyWDUFVrTxXgrixpQ,4,,https://yt3.ggpht.com/u-ZP34jhNL-tNVbTHXh7R_MGw0l1fjSNqwTWcR9sPyymr-fiivHI7uLJ_p3J96UXk0-yda4v1w=s88-c-k-c0x00ffffff-no-rj,False,False,1718606202.968296
Ugw7R2NbnIFOmTxW6mZ4AaABAg,SDM rendah,2 years ago,@rickyhermwan6272,UC_GnJspyWDUFVrTxXgrixpQ,2,,https://yt3.ggpht.com/u-ZP34jhNL-tNVbTHXh7R_MGw0l1fjSNqwTWcR9sPyymr-fiivHI7uLJ_p3J96UXk0-yda4v1w=s88-c-k-c0x00ffffff-no-rj,False,False,1718606202.969982
UgwtBtdMn-_rCzHfRrF4AaABAg.9vZ2oNQLyQ0AXBqM7ngJxZ,Club gendeng mas iku ...smpai suporter e arep mateni wong... Nyimak merinding dewe q😢 ofisial persebya,3 weeks ago,@AnzilniNaura,UCMeesWqOT2SRrwfIekuOSmw,0,,https://yt3.ggpht.com/ytc/AIdro_k489dbUjVHiavMXCVBLGMHjuZ1MbGhFgMATRJyE25ZAk1KhQl3s6Hf7REnBDXFhbKjBA=s88-c-k-c0x00ffffff-no-rj,False,True,1779863803.118982
UgySnTog3rz2hesbn194AaABAg.9vWkuyCEAtm9yh2flRS2Nf,Aremania yg dungu perlu sehat,2 years ago,@bhilfuud7295,UCww_wVvHXw3s2FtGsRmzIKg,0,,https://yt3.ggpht.com/ytc/AIdro_lVwICIdXFa1ZqPnlJnTv4SFfuRU1A_AODteTbyCBrRW5xHRe5Uim_mgvN8Z2GT4g_3fA=s88-c-k-c0x00ffffff-no-rj,False,True,1718606203.263029
UgyJtrJF7XYSRKRyH0x4AaABAg.9vWhqNS5NshACEiIrWlZV9,"Tim narasi lebih condong menyalahkan aparat dan lebih condong ke Arema sehingga banyak dpt dukungan netizen
Lihat saja vidio narasi mengupas tragedi kanjuruhan",1 year ago,@yukkepoin7200,UClk842HSSJPGftSl-DhIHEQ,12,,https://yt3.ggpht.com/qlMDlNfqFERjdVlEF5-aTwqhqvHUKD2JYSwKVGz7mXWW7yOApg3aE4NBwQ0X6SdGavyg7WiGqQ=s88-c-k-c0x00ffffff-no-rj,False,True,1750142203.434353
UgyJtrJF7XYSRKRyH0x4AaABAg.9vWhqNS5NshAQboixmnnKS,Araura,6 months ago,@Irfan-xv3sb,UCcfnuY2BEyW-akfwoCaFKnQ,1,,https://yt3.ggpht.com/ytc/AIdro_kI5ysnrbSBqa2IuSXll-veBt-UhwRCHpQUB5w7Jh8=s88-c-k-c0x00ffffff-no-rj,False,True,1765953403.436799
UgyJtrJF7XYSRKRyH0x4AaABAg.9vWhqNS5Nsh9yh2-kyNhKh,"Serba salah
Memang kesalahan di semprot gas air mata
Mungkin waktu itu suporter ada yg dungu jadilah begitu
Saran kepada PSSI dan panitia hukum suporter di tingkat kan bila perlu jangan club yg di denda tapi suporter juga biar gak dungu lagi",2 years ago,@bhilfuud7295,UCww_wVvHXw3s2FtGsRmzIKg,12,,https://yt3.ggpht.com/ytc/AIdro_lVwICIdXFa1ZqPnlJnTv4SFfuRU1A_AODteTbyCBrRW5xHRe5Uim_mgvN8Z2GT4g_3fA=s88-c-k-c0x00ffffff-no-rj,False,True,1718606203.438363
UgzEHTi6CIj5Qq8JCD94AaABAg.9vScpChx3OeA7hnJAjdUxz,"Makanya kalo nonton dan cinta klub ke stadion dewasa 
Kalah menang terima bukan rusuh
Di Indonesia suporter masih dungu
Cintai klub yg gak usah terlalu berlebihan
Jika kalah ya legowo
Rivalitas ya gak gitu juga",1 year ago,@bhilfuud7295,UCww_wVvHXw3s2FtGsRmzIKg,2,,https://yt3.ggpht.com/ytc/AIdro_lVwICIdXFa1ZqPnlJnTv4SFfuRU1A_AODteTbyCBrRW5xHRe5Uim_mgvN8Z2GT4g_3fA=s88-c-k-c0x00ffffff-no-rj,False,True,1750142203.59406
UgzEHTi6CIj5Qq8JCD94AaABAg.9vScpChx3OeA2QpFWIXcs-,"Arema klo main ke bung Tomo, persebaya gimana?,  emang namanya rival gk ada yg BIASA AJA bang",2 years ago (edited),@DzaKi-ev8dw,UCMNA6GuzQwkjXGpodu61j1A,0,,https://yt3.ggpht.com/ytc/AIdro_nsY7Wz66Qkthpw8X7S-QjH6rLsZ8W4MCt8yLMHraVlOilDEr_euLO-DWFfReOv4gst5w=s88-c-k-c0x00ffffff-no-rj,False,True,1718606203.595778
UgzEHTi6CIj5Qq8JCD94AaABAg.9vScpChx3OeA2rjtqPoFrR,"​ @DzaKi-ev8dw suporter AREMA terlalu berlebihan bang,sehingga terjadi tragedi seperti itu..coba lihat dari perspektif lain agar open minded 🙏",2 years ago,@menotsundanot6164,UC-9KcG2bAetZR28XKUuicYA,1,,https://yt3.ggpht.com/3sneJo6aHiQnG7Rq4phMSAT_ZhiDYFLbvEdwYHPD9NihpKuxoa5s8jo2GCdVw7IIw9ka2-UmNd8=s88-c-k-c0x00ffffff-no-rj,False,True,1718606203.597396
UgzEHTi6CIj5Qq8JCD94AaABAg.9vScpChx3OeA4g_270lg4L,​ @DzaKi-ev8dw ga sampe kayak gini si bang,2 years ago,@sahrulaa1105,UCNPSY2tqHGB6TM62uXFRvhQ,0,,https://yt3.ggpht.com/ytc/AIdro_kN0vHjIDhTA7B0t2l-8jw4du0Fp3Q4NWDxREtZ0wG6prM4O5dykKEJAxt14lhBl9HMMQ=s88-c-k-c0x00ffffff-no-rj,False,True,1718606203.59908
UgzEHTi6CIj5Qq8JCD94AaABAg.9vScpChx3OeA7hnjnngTdl,"​​ @DzaKi-ev8dw namanya rival gak ada yang biasa aja?
Ciri"" provokator
Ubah statmenmu itu bang
Jadi kalo rival mau kisruh gpp?
Permainan bola cuma 90+ pertambahan waktu
Dungu mu pun kayak aku bang",1 year ago (edited),@bhilfuud7295,UCww_wVvHXw3s2FtGsRmzIKg,0,,https://yt3.ggpht.com/ytc/AIdro_lVwICIdXFa1ZqPnlJnTv4SFfuRU1A_AODteTbyCBrRW5xHRe5Uim_mgvN8Z2GT4g_3fA=s88-c-k-c0x00ffffff-no-rj,False,True,1750142203.6007
UgwbsdtS1NKDiJn2jZt4AaABAg.9vPu7_zDwXdA5uslD3xFke,"Dulu pernah pemain persebaya sampe buta karena kelakuan suporter ini...andai tragedi ini bawa korban pemain lagi...saya pastikan perbatasan kabupaten malang akan panas


Tapi alhamdulillah semua pemain dan offisial selamat 🙏🏼🙏🏼🙏🏼",1 year ago,@NanangIndrawan-g1y,UC3OYZ0lhak_rTkpHt2ug1_g,0,,https://yt3.ggpht.com/ytc/AIdro_mkLO97kTQBhD1y6_12_RwCBlZbvm0lFWC1fm-6j2EAW9Vj9t7ftMX_By3gz5Ppz7-oIQ=s88-c-k-c0x00ffffff-no-rj,False,True,1750142203.740915
Ugz1319wYWIQaFZMZI54AaABAg,Tujuanmu membunuh Des bedes,2 years ago,@Achmadhariyono_1077,UC3XC7yb5agFwMf-FS-o2P0Q,1,,https://yt3.ggpht.com/ytc/AIdro_n0P3r2dt_xOW7IMpld2RrxGBWw0u14CCrewTD_k6rGgh-rAJJjEjQc9tcAQhDqX28vZA=s88-c-k-c0x00ffffff-no-rj,False,False,1718606203.947694
Ugyq7NfYUC35yy3vN1d4AaABAg,Best momen menit 43:00,2 years ago (edited),@anggadharmawan27,UC9Laj18WrTwrdf5Ht5qFyYw,2,,https://yt3.ggpht.com/ytc/AIdro_kSW7XL-GjBkP3j6crAhLyRHc8w2B10V61cw0XJNmUbSwA=s88-c-k-c0x00ffffff-no-rj,False,False,1718606203.949291
UgxIMC9kMxh0StP-hV14AaABAg,Melihat e terharu dan merinding poll😢,2 years ago,@abahgayeng1232,UCtP-E-UCEMgBWWvje-7pI0A,2,,https://yt3.ggpht.com/ytc/AIdro_li0yM6cYLIOWjD11MRFrJBTyO1UpGuxl0HXyI_Shaix_AohWC1X6iVYA2plRVEmtsyaw=s88-c-k-c0x00ffffff-no-rj,False,False,1718606203.950828
UgyqzdNXRmk68hKOLzR4AaABAg,"Kiro"" aremania ndelok chanel iki ta ...",2 years ago,@aachanel9393,UCHFnJzlGBvoKt2sm0xtkVmA,1,,https://yt3.ggpht.com/bqrXZpjbuj29iu3Fq2L7pz22bErP_vF4Gln_Y7AQMNuopwvCZMXE_wGNzOD3Vv3W7hQVliBeRA=s88-c-k-c0x00ffffff-no-rj,False,False,1718606203.952301
Ugwfzv6z9GsTgj5Y_S14AaABAg,Semoga sported Indonesia lebih dewasa,2 years ago,@dafitapril9204,UC4mCUgniCK1vzvCmamr1f7Q,1,,https://yt3.ggpht.com/ytc/AIdro_k65DZsAHQBUnAuOxSZT7r9fAk4iy8_eNYr_aT6LrBfoCwrcS85Lh9VOPaGRI17GotdtA=s88-c-k-c0x00ffffff-no-rj,False,False,1718606203.953845
Ugwlp3fbNkxgbYbPAfB4AaABAg,"Bukti sported anarkis menyarahkan polisi, sehat selalu pamain  persebaya,",2 years ago,@dafitapril9204,UC4mCUgniCK1vzvCmamr1f7Q,4,,https://yt3.ggpht.com/ytc/AIdro_k65DZsAHQBUnAuOxSZT7r9fAk4iy8_eNYr_aT6LrBfoCwrcS85Lh9VOPaGRI17GotdtA=s88-c-k-c0x00ffffff-no-rj,False,False,1718606203.955336
Ugx0uQX9F_Q9oQ3gWch4AaABAg,bedes mingkem.. kalianlah sendirilah penyebab teman-teman kalian jadi orban,2 years ago,@DigitariaIdea,UCsoXf4KnnFfyGW07hNfLCpg,3,,https://yt3.ggpht.com/B8D5v91CHna-8PcwK3pB5kgZGL4gjfg7rTvgVt2Z_C5fRsk09MplS3lXeeG7oNYpmzftk7A6=s88-c-k-c0x00ffffff-no-rj,False,False,1718606203.956782
UgzSX1p1tCbR_5YpEZZ4AaABAg,Bubarkan arema,2 years ago,@endrablack4036,UCmeF97PU9XAyMXBhSM_ne9A,1,,https://yt3.ggpht.com/75dsfx7M2StIimlK4kRc4w6lT8FPbz0BDNyLFL2yotUOLwCYfaXdchHutViU3FXzvQGjFNU-=s88-c-k-c0x00ffffff-no-rj,False,False,1718606203.958228
UgxwFzj99aj65GR4ORd4AaABAg,Bubarkan arema,2 years ago,@endrablack4036,UCmeF97PU9XAyMXBhSM_ne9A,1,,https://yt3.ggpht.com/75dsfx7M2StIimlK4kRc4w6lT8FPbz0BDNyLFL2yotUOLwCYfaXdchHutViU3FXzvQGjFNU-=s88-c-k-c0x00ffffff-no-rj,False,False,1718606203.959682
Ugyc0HLIYfuO7ivqkI54AaABAg,Persebaya 😘,2 years ago,@dahlah1-i4l,UCntR3HWjyQDWfOSwktjb0aw,1,,https://yt3.ggpht.com/ytc/AIdro_lLanP9P909h8I-3vNRnc0DAkkIZ-2G11LzJMqepuo3uWf_xQ0NFbk7x0sUSxzoyDss0g=s88-c-k-c0x00ffffff-no-rj,False,False,1718606203.96113
Ugw7x9JawADCSbM4e094AaABAg,"Kapten : Berdoa dimulai
              : Berdoa selesai
               : Persebaya",2 years ago,@persibgagaljuara3961,UCjxkbjukTzATullLkQUCzwQ,43,,https://yt3.ggpht.com/p8cGlSJi6sj0llYdEZNKGtEc1uLuAOBHkBI_yRJobiAWMcr5NfTyMZfu9edahq2XxQ9U_6Zifw=s88-c-k-c0x00ffffff-no-rj,False,False,1718606203.962579
UgzGjp6UwqfR07AVyfh4AaABAg,"Liat ih para aremania tolol yang nyalahin polisi, kalau lu gak rusuh ribuan arema tolol gak turun ke lapangan dengan niatan mau melukai permain persebaya gak akan polisi bertindak tegas, udah mh salah masih aja ngeyel nyalahin orang 
Semoga aja arema  di bubarkan saja 
Innalillahi husnul khotimah bagi yang md",2 years ago (edited),@RizkyMohamad-nx3lu,UCrsUS3cl146ih0tItuZx07g,7,1,https://yt3.ggpht.com/ytc/AIdro_lp9OQ-_ykMGuXZ9KrcKyPSm9kA9vB9cMF5T5UXie-0OmMMmgygTjG1BuATiGxiSrkuCQ=s88-c-k-c0x00ffffff-no-rj,False,False,1718606203.964061
UgxYb70bBx3xfsxkHCF4AaABAg,titep sendal cak,2 years ago,@DhannVALL,UCwNC8IwWhz1cxkXAy8qIq9A,1,,https://yt3.ggpht.com/wlx8eFmwx9sI9hk1DJatUGparWqDuBj9CY5hjccuh2N2bEOq7bkp-lQ1mDnDFg1tIpUaeOqAHA=s88-c-k-c0x00ffffff-no-rj,False,False,1718606203.965518
Ugwn1izNUMDf61Lv5Pl4AaABAg,"Up, supaya membuka mata aremania yg brutal saat itu. Tindakanmu memakan nyawa sodaramu",2 years ago,@tp_channel,UCkfh-n5g-awHeu5SDbQBnag,6,,https://yt3.ggpht.com/Kgl-bBNlKVXnjITEjaoI4ZUNZE8X4bQDgI5t4C6fq4NN0Ioh0q53OBfgEWUcZVftoMkg4N6lKA=s88-c-k-c0x00ffffff-no-rj,False,False,1718606203.966991
UgxCsbjs5KZenBgipo94AaABAg,1 TAHUN BERLALU TRAGEDI KANJURUHAN,2 years ago,@anggaasoy8281,UCSoRDEQlrG02RTAeZY6bAdw,1,,https://yt3.ggpht.com/ytc/AIdro_ldaUsNgzKJr_3qUs4Z57f527Wogx24jWCDa3hXQjs=s88-c-k-c0x00ffffff-no-rj,False,False,1718606203.968432
UgxWD9-BEr8yC2BDnFh4AaABAg,Nooohhh... Yg sampai saat ini usut tuntas ?? Yg mau di usut apa klo sumbernya suporter itu sendirii...mau ndak suporter mengakui bahwa ini adalah ulah dr fans..,2 years ago,@abadileather1190,UCIg2V89wgn23ZH2PM9ChjRg,14,,https://yt3.ggpht.com/TtZ965l9YncRO1hKwgpQEkYem2Y5pPvjpt2kkyh58L4ndnSMHeua-W2_sdAZJofIH6pe1usGsg=s88-c-k-c0x00ffffff-no-rj,False,False,1718606203.969901
UgxiD8RHG-w1AXs-fiV4AaABAg,BIADAB,2 years ago,@dwimeiriskyanto837,UCl0DkY82-3H6giAh8WvB6gw,1,,https://yt3.ggpht.com/ytc/AIdro_k3h2BWZXQhofSIWdnD8D9uBFrcWJ8g9ehzf6W14Yg=s88-c-k-c0x00ffffff-no-rj,False,False,1718606203.971325
Ugwo2Ogv0fGCewupPqV4AaABAg,"Alhamdulillah, pemain persebaya selamat. 
Tetimakasih buat Kepolisian yg telah bejuang menjaga pemain. 
seandainya ada kejadian yg tak diinginkan  pemain persebaya jadi korban jelas aremania harus dipenjarakan. ini aja sudah melanggar hukum, menghadang, melempari barakuda. 
kalaupun persebaya menuntut aremaniapun bisa, ada saksi, ada bukti vidionya. 
Semoga ini jadi pembelajaran buat semua, 
Alhamdulillah Alloh menyelamatkan pemain persebaya. 
Trimakasih kepolisian yg telah berjuang. menjaga dan mengamankan team persebaya.",2 years ago,@Mamad1757,UCLkK1kE89AFYYMurKlq0mYA,9,,https://yt3.ggpht.com/s4VsCdjSEfEb5HqeIfjauvlLgi8rPjNiuSnUxFTRpyAt2E5fgmxxhBvQZkenL7KWY2m3pYTv3w=s88-c-k-c0x00ffffff-no-rj,False,False,1718606203.972752
Ugx4PHqtF2DYzPfBQwN4AaABAg,Najwa shihab mingkem,2 years ago,@PamanMoskov,UCY5uZFpTScXjsslgjRKJDLQ,7,,https://yt3.ggpht.com/ytc/AIdro_nusKmZATTFepe_OlKa8JyO-6iYOa1X47MpI9Y2RzmxHnb3yNgJRjgNAhXoZlMjqL8eQA=s88-c-k-c0x00ffffff-no-rj,False,False,1718606203.974259
Ugx2M3g2woWPWB8qheF4AaABAg,Tepat setahun yg lalu...,2 years ago,@oktosetyowahono7284,UCmogO_4_xxHeYs-Wytm1-_w,3,,https://yt3.ggpht.com/ytc/AIdro_k63hxNaym7o7XHBFip_GlgbEYCtcaIVS7oac5PdTO1zFbyUM1FWY_IKcO0pMDJ756b2Q=s88-c-k-c0x00ffffff-no-rj,False,False,1718606203.975686
UgzGjp6UwqfR07AVyfh4AaABAg.9vMjxH2JVIG9vMkGhdRVTV,"Menang atau kalah sudah biasa, kalau pemgen menang terus bikin liga sendiri aja para aremania",2 years ago,@RizkyMohamad-nx3lu,UCrsUS3cl146ih0tItuZx07g,3,,https://yt3.ggpht.com/ytc/AIdro_lp9OQ-_ykMGuXZ9KrcKyPSm9kA9vB9cMF5T5UXie-0OmMMmgygTjG1BuATiGxiSrkuCQ=s88-c-k-c0x00ffffff-no-rj,False,True,1718606204.146021
UgwCdvKFmLzXjEXIudp4AaABAg,Gak kerasa kejadian sudah 1 th yg lalu selamat buat pahlawan pemain persebaya kalian sudah menang disana dgn skor 2-3 statistik sho musim kemarin 10 gol 10 asist 135 nyawa salam satu nyali wani,2 years ago,@diasminataputra6614,UC-EwD1AJh11qp7YagVEciOQ,22,,https://yt3.ggpht.com/ytc/AIdro_mkgbhAXHtiJqBKj4TBL5zO3fVlcC8jWezWqVTBqVLKL_Q=s88-c-k-c0x00ffffff-no-rj,False,False,1718606204.430436
UgzVL6W4rV5WjUvVGPF4AaABAg,"Saya tidak menyalahkan dari pihak mna pun turut mengenang wafat nya saudara kita sudah genap 1 tahun,semoga tidak terulang kembali tragedi seperti ini",2 years ago,@erlianaLiana,UC4LIZiLQxJrQvk2artV_A7A,1,,https://yt3.ggpht.com/ytc/AIdro_k8GjNiCECo12FOY9lA7bNUVwYiFLUAtJCer6l41_qK5-6jt4IxJrSx_wW8JAcTX-SIUg=s88-c-k-c0x00ffffff-no-rj,False,False,1718606204.432137
Ugw40C0Q2Qvsu8uiu_54AaABAg,Terlihat siapa yg suporter kampungan,2 years ago,@bimbim-im5ug,UCuTckv59X3BPW6kE6Uf8QMw,9,1,https://yt3.ggpht.com/ytc/AIdro_nye_oI4ne_q0S8o1o6__V2meWpz0jzJlOvoRWn3NFpKjFhE2zkT7VRbebnj1Jk37bEqA=s88-c-k-c0x00ffffff-no-rj,False,False,1718606204.433712
Ugy3u5bHmDFOfqPRLgp4AaABAg,WANI,2 years ago,@alifikri2412,UC-UYW8ubSNVX3CqmWX6n_ug,1,,https://yt3.ggpht.com/ytc/AIdro_n5KAebS_Q57vK9I1CZnbhiGvLQWSxtJ317-60iW5w=s88-c-k-c0x00ffffff-no-rj,False,False,1718606204.435158
UgzdWhIBDBhnizNLlWV4AaABAg,"Wajar si mereka banyak yang mati ,pada anarkiss",2 years ago,@MuhamadHanifFadliansyah,UCl6jeRSNuXY1UHXCTgsMviA,10,,https://yt3.ggpht.com/ytc/AIdro_m5DHdJOQs40hzoitGNZg5x-fmV6OYmJoszNAslGR0idT_rVnRjRUDprHsTC8XFm7CrIA=s88-c-k-c0x00ffffff-no-rj,False,False,1718606204.436648
UgyA51uXrp7CJLTQ0D14AaABAg,"Nyayian aremasu sng muni ""dibunuh saja"" Eehhh tibak e arema dewe seng terbunuh. 😂😂",2 years ago,@JawaPresidenIndonesia,UCvstGquc20rsNIlO1Qkpwdw,8,,https://yt3.ggpht.com/2ikXJc-MdqbPBN3xbUrpXk-IYnovkPTRswMnadt6m_B9C3PQfYgOVTBADEL-DkTZa01jZCawvQ=s88-c-k-c0x00ffffff-no-rj,False,False,1718606204.438105
UgytFxxIxC2qo_wfYn54AaABAg,1 Tahun sudah.. Dan semenjak tragedi itu masih banyak kerusuhan yg terjadi😢😢,2 years ago,@maungbodas3792,UCfeXkZbyUKIkFFmSE6qhs6w,12,2,https://yt3.ggpht.com/Qgq_G0CNp6QYES-YAD45cdMfkn-OVhERDgz5uOZgI12ZbN_HkMVZd8vazozGgultNR9v23zQPQ=s88-c-k-c0x00ffffff-no-rj,False,False,1718606204.439603
UgyYo8zf2R-cAeALlWp4AaABAg,ya Allah kalian msh di lindungi dari keberingasan singo edan tp allah maha tau siapa yg salah dan yg benar kebenaran pasti akan di tampakkan sendirinya... sehat selalu persebaya sabar dan ikhlas..,2 years ago,@kusnatiindrawati8766,UCfRqSd0U4_BREy3yqO79i5A,5,,https://yt3.ggpht.com/ytc/AIdro_lwedDyzggiLAXoowkuZ9M3u1_zdShChp5YFizR_g=s88-c-k-c0x00ffffff-no-rj,False,False,1718606204.44107
UgzpB7T3UI889mpuL9x4AaABAg,"Dalam video Iki,wes isok jelasno kan seng salah asli e sopo",2 years ago,@ramramramrammm,UCSlKNrReisM0OBVFZ-cCdBg,3,,https://yt3.ggpht.com/0H1JjoNmYHPH3FgZvTzn3rbDNBYvqL6Mv1Kh9vByDdCMj-um5FZ7-A-2_iImQu0qP4uRe_kD=s88-c-k-c0x00ffffff-no-rj,False,False,1718606204.442502
UgydH_01HCqUW2SRN794AaABAg,Mau bal2an aja kek mau perang dunia ke 2,2 years ago,@denialamsyah4110,UCuQlR5CWnpcfAyhJe3HoUFA,4,,https://yt3.ggpht.com/68nAA_5nD2A6HL43UHzAxgz_hTehZP9QndzKHSpdR9ubgJW9YyR3sAgKG4azYgFfpPRr0xEgHZY=s88-c-k-c0x00ffffff-no-rj,False,False,1718606204.444068
UgyLA6VQj_avKQec-Pt4AaABAg,Yang nonton lagi di 1-10-23,2 years ago,@dlogoknjaran1996,UC_0JMQ7pF8m9Yo4M-FdZTBQ,8,,https://yt3.ggpht.com/ytc/AIdro_mQEHeFdit8DCqFxmJdNxieUdmln03KSeGvb-KPkxKUOaJ1ItZl4CLGlAugfCE-iXUMWg=s88-c-k-c0x00ffffff-no-rj,False,False,1718606204.445633
UgxHHom7F_Pie1vh5wV4AaABAg,"Yaa saya harap sudahi lah rivalitas,karna sama"" wakilkan jawa timur",2 years ago,@rizkysyahputrax1tkj,UCI9B42g1FZ2o9DPxUUFIOMw,7,,https://yt3.ggpht.com/e9G3UC67U7mi2HPKTtO5YmGKY-q9eA2vyc_YUO2MvQQjPtd9Kf-skmxjdT4PF-RZLkd_S9A8=s88-c-k-c0x00ffffff-no-rj,False,False,1718606204.44705
UgyabdCS-8twsZjWldR4AaABAg,"Owhh Selama ini saya sudah terhasut,ternyata aremania duluan yang main api",2 years ago,@rizkysyahputrax1tkj,UCI9B42g1FZ2o9DPxUUFIOMw,10,,https://yt3.ggpht.com/e9G3UC67U7mi2HPKTtO5YmGKY-q9eA2vyc_YUO2MvQQjPtd9Kf-skmxjdT4PF-RZLkd_S9A8=s88-c-k-c0x00ffffff-no-rj,False,False,1718606204.448492
UgzvnCypsdgQf7Q7bgR4AaABAg,"Iki pertandingan seng mengerikan gawe aku Karo anak2 ku lorrr, anakku Bonek sejati umure 16 THN budal Nang malang teko Pasuruan nonton Karo mas ponaan tanpa ijin aku alasane sambang mas ponaan seng kuliah ndok malang, ternyata diam2 nonton ndok kanjuruhan nyamar gawe seragam Arema jare tuku ndok sekitar stadion 
Sore menjelang pertandingan baru anakku ngabari nek delok pertandingan, kaget lorr dredek cuman ISO pesen ati2 le ojok adoh2 Karo mas
Sampek pertandingan selesai aku cuman nonton di Indosiar aman nggak onok kerusuhan, baru isu e pas budal kerjo Sampek terminal bungur delok berita nek onok kerusuhan bahkan onok korban satus lebih rasane atiku koyok di eres2 lor dredek keringat dingin nggak isok ngomong opo2 nggak onok kabar teko anakku Sampek awan kerjo nggak konsen tak telpon terus bolak balik tapi tetep nggak onok kabar, konco2 ne tak telpon nggak eroh kabare, budene tak telpon Yo nggak ero kabare lemes lorrr
Tapi sukur Nang Gusti ALLAH awan baru onok kabar anakku aman rasane aku Lego tapi Yo tetep lemes lorr, bengi critone mari pertandingan anakku Karo Mase langsong metu stadion ndok lokase seng akeh korbane iku waktu iku jare anakku pintu sek gorong ditotop begitu anakku Mase Karo beberapa penonton wes metu la iku pintu ditutup terus
Ceritone anakku Nang Jero iku suasana wes nggak kondusip desek desekkan wes mulai ketok korban keinjek, suasana di luar stadion malah horor, anakku baru sampek kos kosane Mase jam 2 dinihari, ikupun jare mari ngeterno koncone mas e sing Yo dadi korban patah kaki
Siang anakku ngabari gawe hp ne mas e nek de e moleh bareng Mase gowo motor aku pas Yo moleh kerjo jam 6sore, ketemu tak rangkul tak ambungi anakku baru rasane plong lur",2 years ago (edited),@JakeKoni-h1t,UCPQyKs-8Xh-AZW2CzDvbOJw,70,4,https://yt3.ggpht.com/ytc/AIdro_n5CE76MVQkMhu6a4iK8az9kQPv_kPr-iuQ5nXhdG29qrENWaHeBnsbgnZdiKIuS-Wfkw=s88-c-k-c0x00ffffff-no-rj,False,False,1718606204.449942
UgwnmjpC_a2bZ3ZWEfZ4AaABAg,1 tahun kejadian Kanjuruhan tempat nya hari ini dimana sangat mengerikan nya moments saat itu 😢,2 years ago,@Ahmadfauzi-wc2xv,UC93bqgpn8_sRRTY-MlblJog,5,,https://yt3.ggpht.com/ytc/AIdro_m1rbfBXTrqWAks1GutP7kEFu5gmuI3QhuoKLogMEY=s88-c-k-c0x00ffffff-no-rj,False,False,1718606204.451362
UgyRXX0aw25_hEEu3vp4AaABAg,jangkep setahun,2 years ago,@davidprastyo6147,UCqZrXH9aVU8ua0pGRtLLARw,1,,https://yt3.ggpht.com/ytc/AIdro_n7tACUr9PQFwp_YTnThkRQrCe_XP0LepYfdZUkH85dB2PZ=s88-c-k-c0x00ffffff-no-rj,False,False,1718606204.45291
Ugx86KgUf5uqGVwAFnR4AaABAg,Aremati,2 years ago,@triagush6584,UCRT6VKuYH4wgHqP13kvV8-Q,2,,https://yt3.ggpht.com/ytc/AIdro_kaeTmeGErgW6GMq79VIYDj3SfqKisxwJ9GB1ILvaIq02P5=s88-c-k-c0x00ffffff-no-rj,False,False,1718606204.454444
UgwWeRwepC-kxlWWef94AaABAg,1 Tahun Berlalu...dan kasus semakin gelap....,2 years ago,@dwitorro,UCpY2pbRkE7YdvFU1r2jrFJg,1,,https://yt3.ggpht.com/ytc/AIdro_lDN6fUDTGl_uLano1B2zQjGwz01xDbZLhcjJ-KR-liRg=s88-c-k-c0x00ffffff-no-rj,False,False,1718606204.455902
Ugwfh_RUhVu7fWmb0kh4AaABAg,Memories 1 tahun 🔥🔥,2 years ago,@IrvanMaulana-b6h,UCdb6s_8-eymir2NuzUZXQxQ,12,,https://yt3.ggpht.com/_DTjsSDzwsO2UbguncFsMxDYHrCRnAC12thxybjVYXzdhYt-r3FMI0B9PxSMTy2ZGfk_xq_A=s88-c-k-c0x00ffffff-no-rj,False,False,1718606204.457316
UgyMCOHenDdWGmucL9t4AaABAg,Fisik pemain persebaya cuma 45 wat,2 years ago,@mochilyas5140,UC-g-In_BLdT0buyxsFyJCqw,1,,https://yt3.ggpht.com/ytc/AIdro_nWBkhs3XZcENi1MSPCdcXzpUjnMm2sZJbVobSifX-nvmmNb8bXfpOmj_RTnLGbL03qbA=s88-c-k-c0x00ffffff-no-rj,False,False,1718606204.458783
Ugw40C0Q2Qvsu8uiu_54AaABAg.9vKBwhn3YvDA935TbHh6DB,iya hahaha SDM rendah 😂,1 year ago,@MuhammadAdipura,UCjtFzheEMpEDf0LqIiFVw_A,0,,https://yt3.ggpht.com/WWMTubepJp8T_N50xkTC8q059WAtTwYcDIBOBxIxPpwMrTF9RLe2B9fL-1QRhZU2Oax00ItYbw=s88-c-k-c0x00ffffff-no-rj,False,True,1750142204.630665
UgytFxxIxC2qo_wfYn54AaABAg.9vJvtQxFW9O9yh3Alif-so,"PSSI perlu ngasih denda ke suporter jangan club terus
Biar dewasa dan perlahan ilang suporter dungu😂",2 years ago,@bhilfuud7295,UCww_wVvHXw3s2FtGsRmzIKg,2,,https://yt3.ggpht.com/ytc/AIdro_lVwICIdXFa1ZqPnlJnTv4SFfuRU1A_AODteTbyCBrRW5xHRe5Uim_mgvN8Z2GT4g_3fA=s88-c-k-c0x00ffffff-no-rj,False,True,1718606204.834644
UgytFxxIxC2qo_wfYn54AaABAg.9vJvtQxFW9O9yh3CynRrDp,Belum tentu yg meninggal bersalah,2 years ago,@bhilfuud7295,UCww_wVvHXw3s2FtGsRmzIKg,0,,https://yt3.ggpht.com/ytc/AIdro_lVwICIdXFa1ZqPnlJnTv4SFfuRU1A_AODteTbyCBrRW5xHRe5Uim_mgvN8Z2GT4g_3fA=s88-c-k-c0x00ffffff-no-rj,False,True,1718606204.836248
UgzvnCypsdgQf7Q7bgR4AaABAg.9vJSZY6_FzeAESeg8IiXbj,alhamdulillah sek dikek i selamet mas keren anak e Bonek sejati,1 year ago,@linawati1294,UCsP363KYqPdqvJR5iTDtSuA,2,,https://yt3.ggpht.com/ytc/AIdro_mr3sO6aMGu-PxAdiKmJekx4QLUupfPeRsGmBBUQZU=s88-c-k-c0x00ffffff-no-rj,False,True,1750142205.017284
UgzvnCypsdgQf7Q7bgR4AaABAg.9vJSZY6_FzeAEfgShMQ6DC,BONEK SEJATI😢 ASLI,1 year ago,@JonzzGodx,UCYItKeqz9URG-l0df3OQonA,1,,https://yt3.ggpht.com/wMQ49176_hhbx2tnbD6rtJ4vCj7bBECV2YjOIP-ll5zLWT56JVcw9DznkLKsCOE3h3dDZ4HY1g=s88-c-k-c0x00ffffff-no-rj,False,True,1750142205.018987
UgzvnCypsdgQf7Q7bgR4AaABAg.9vJSZY6_FzeAJeeaZqqSrH,"Anakmu sungguh nekat tapi alhamdulillah selamat dunia akhirat. Ya ampun.... Padahal de'e arek Bonek, lilo nyamar dadi Arema demi iso ndelok klub kebanggaan e langsung Nang stadion. 😢",11 months ago,@Ersha.Atmanegara,UC4T80PVa2c2Y3XVMTKhmTQg,1,,https://yt3.ggpht.com/YKDHOumXmGAlWF6-YOC4adZq0wYLuGFQqQWMrA3tIqkKvhpuNM3zqiVnUqrQCCi1PhguK0IK8dc=s88-c-k-c0x00ffffff-no-rj,False,True,1752734205.021408
UgzvnCypsdgQf7Q7bgR4AaABAg.9vJSZY6_FzeA3IjI_XdJX_,Ketang Ketang anakmu gak melok mati pisan katek nyusup nyusup nyamar dadi Arema iku,2 years ago,@jefryperdana6099,UCkd1M3qU5TkDEad1uCNThpw,0,,https://yt3.ggpht.com/ytc/AIdro_ktf9w-_Y-Ykk2WaCOrvRvto-DqwRfZrCwkWm-etOgO-lhcHcpTYkUtyPAuK6d42C4TAw=s88-c-k-c0x00ffffff-no-rj,False,True,1718606205.022957
UgyOeh_VedWZOJUdIqZ4AaABAg,"Aku yo aremania, tak akoni gak sepenuhe salah isilop, tp suporter e dewe ancen akeh sing gak dewasa. Gawe pembelajaran pisan sih gawe aremania ...",2 years ago,@ridzkiramadhan93,UCoG_XGeEc-Ik84bkcVAqKgQ,6,2,https://yt3.ggpht.com/ytc/AIdro_mRfsIkRFQ7OOg51D9GFq2po0N_pITryBUh-BGrHboFvA=s88-c-k-c0x00ffffff-no-rj,False,False,1718606205.337078
UgzyY0lmZTBCRBBgNQt4AaABAg,"Tragedi kelam untuk kedua Tim, khususnya sepak bola Indonesia",2 years ago,@rafiii8,UCUM5iR5uGqE04mrrOZh8Afg,1,,https://yt3.ggpht.com/GdmAMxTAcx3-R0EOISi2KwvD6cIcBwPXmpU6gU7AsQA9Ytg9oskqhG37WSNKB3UN7uZF1HNO=s88-c-k-c0x00ffffff-no-rj,False,False,1718606205.338745
Ugz6SgqMDevlYOsbyN94AaABAg,Tepat hari ini malam ini tragedi itu terjadi,2 years ago,@vinstzy4250,UC5lOtavly3V6Gg6zsk8t-TQ,1,,https://yt3.ggpht.com/ytc/AIdro_n_SZ3IoTNdqg3PgvbqEPnGKJhpKpbttM2V3JB41XsR5do=s88-c-k-c0x00ffffff-no-rj,False,False,1718606205.340233
UgyvfRPljmrIeuDJPUZ4AaABAg,d banned saja klub nya Arema kelakuan supporter nya Aremania seperti hewan ga punya otak klo ngmg sebut BONEK yg gembel lah maling gorengan lah lihat sekarang malah lebih parah lho Sam nyawa melayang sampe 135 lebih parah,2 years ago,@dianadwiwulandari4904,UCgkKKE8UjeKq6NSDC03QDlw,2,,https://yt3.ggpht.com/ytc/AIdro_m22eMUXOx7RhNRM0na3GAKXgFIBwyKY4Tuxjlw_1w=s88-c-k-c0x00ffffff-no-rj,False,False,1718606205.341703
UgxYkdtpB0esuyvjQeN4AaABAg,aku ndelok wes peng 4 iki,2 years ago,@AndikaPutra-wf8nt,UCYWe0AmUWPuuvFqiyDTnWPA,2,1,https://yt3.ggpht.com/ytc/AIdro_moCZ5rBmdC6T6DfnNLeOCOYnDs09rFfjE0BHvwAMqx0sU=s88-c-k-c0x00ffffff-no-rj,False,False,1718606205.34318
Ugzv8RRveLGx8-D0GNp4AaABAg,seharus nya Arema jgn hanya d sanksi tp d banned selama 5 tahun tdk boleh ikut kompetisi d liga Indonesia biar sadar supporter nya maka nya mas Gilang juragan 99 keluar dr Arema bikin malu sekarang ga punya investor rasain,2 years ago,@dianadwiwulandari4904,UCgkKKE8UjeKq6NSDC03QDlw,2,,https://yt3.ggpht.com/ytc/AIdro_m22eMUXOx7RhNRM0na3GAKXgFIBwyKY4Tuxjlw_1w=s88-c-k-c0x00ffffff-no-rj,False,False,1718606205.344628
Ugx0YlNb0lfIJqHYthJ4AaABAg,Biadap Suporter aremania ini.. Layak di sematkan Pengikut Dajjal..,2 years ago,@ImamBaidowi-m9r,UCH_yo6vshYdwFDt6aLRIC4A,1,,https://yt3.ggpht.com/raRPTYPhZaMuvjZyPOTKLSmfx8FGUFyvUF2YYD46SCe7j8OMIRJxtvluq57-coFc0Okaa8kgYQ=s88-c-k-c0x00ffffff-no-rj,False,False,1718606205.346066
UgxEAS2RIH9-gftwQzB4AaABAg,Persebaya Emosi Jiwaku,2 years ago,@Ramj-DRS,UCOijww_M-XT8jZ0teHLypcg,1,,https://yt3.ggpht.com/4acYsWmU554k-ltgUqja2L1IFGk9dVQkJjv6CNghXk3eoOKEkTJGu0_YQwx2xToML7uoXKSu=s88-c-k-c0x00ffffff-no-rj,False,False,1718606205.347505
Ugw_XEiSC5UfQZv1XEh4AaABAg,bedes guoblok ngnu di tabrak ae,2 years ago,@ferikurniawan7509,UCHgcLQzxCuKidMwUxnhtEgw,3,,https://yt3.ggpht.com/ytc/AIdro_n7ADe6ASldIJ0PRvKIg9TYtvO3Rqxq-vqcQrVoQDY=s88-c-k-c0x00ffffff-no-rj,False,False,1718606205.348971
UgwUbOHXqk7pVtDjGKV4AaABAg,"Dari video ini kita benar benar bisa melihat apa yg sesungguhnya terjadi. Suporter aremania sudah sangat kelewatan, ini sudah bukan lagi soal sepakbola",2 years ago,@aplikasibangjo,UCwyqjdFpgIPeJFd0yIC6mPQ,7,1,https://yt3.ggpht.com/ytc/AIdro_ndFpyGT7_UNwmLeK22fvRJe_elFrr8n4A2H5duO42CFw=s88-c-k-c0x00ffffff-no-rj,False,False,1718606205.350415
Ugz7m6tHjMdtGVqBYHd4AaABAg,Kok gk ditubruki ae bedese iku,2 years ago,@sunaelo1506,UCa4eXjY8w4QA0BQVjILSttQ,2,,https://yt3.ggpht.com/ytc/AIdro_n-EsTB1Jpbj8koZde__oabvXev05QS3cBope0yQNU=s88-c-k-c0x00ffffff-no-rj,False,False,1718606205.351853
UgwjpSRfmVLxEdLlVid4AaABAg,Bedes tetaplah bedes,2 years ago,@sunaelo1506,UCa4eXjY8w4QA0BQVjILSttQ,1,,https://yt3.ggpht.com/ytc/AIdro_n-EsTB1Jpbj8koZde__oabvXev05QS3cBope0yQNU=s88-c-k-c0x00ffffff-no-rj,False,False,1718606205.353292
UgxG5ysTEmPY23cS3UF4AaABAg,supoter mati ya karena ulah mereka sendiri,2 years ago,@cabaibalap8124,UCtqk7fQACJLTV2KFyvBMkkA,2,1,https://yt3.ggpht.com/uM3Yxd9QYWikKPIIUgKj_7KyZ8rfQN-e2KkvhOIQxvr7L4GQqAYzUy0SVKW4H5NcLVwlzXtLWA=s88-c-k-c0x00ffffff-no-rj,False,False,1718606205.354905
UgzSWus0Ce0yD2qWlcd4AaABAg,Harus nya di blacklist si suporter kayak gini,2 years ago,@daffafahreza7054,UC_mmuwUn5zkpJRLqu14fnjQ,1,,https://yt3.ggpht.com/ytc/AIdro_l1AfXwYt3eKW9EapvOrAK2hByjQx_0lYiqzcBupIBIWJw=s88-c-k-c0x00ffffff-no-rj,False,False,1718606205.356381
UgyVFUv53a_qVCgfq514AaABAg,Malang gitu amat yaa😅,2 years ago,@ambihermaulana3147,UCMu3udAutOPzjBtFEt4UzGw,2,,https://yt3.ggpht.com/ytc/AIdro_mgGVwuDfQmVuEar6T-E0rSZCMNinEU9tcZ2-hz8uVmBvU=s88-c-k-c0x00ffffff-no-rj,False,False,1718606205.357822
UgxAFzMW07KdDd2X01t4AaABAg,Supporter beban,2 years ago,@ambihermaulana3147,UCMu3udAutOPzjBtFEt4UzGw,3,,https://yt3.ggpht.com/ytc/AIdro_mgGVwuDfQmVuEar6T-E0rSZCMNinEU9tcZ2-hz8uVmBvU=s88-c-k-c0x00ffffff-no-rj,False,False,1718606205.359251
Ugw9mR1NOmqqsROFzZd4AaABAg,"apa mereka masih merasa korban? merasa paling korban? padahal dampak yang mereka ciptakan merugikan dan membahayakan manusia. oalah edan temenan dek malang, g onok sing manusiawi",2 years ago,@modesenyapofficial5134,UCWz0o8m9Azvc5t5h_x01fcw,3,,https://yt3.ggpht.com/eXhuoC14im5AcBr2H0j50khEgULOAZV4moCZHb9wXzNi-ksuDC48q6Bmyz4tbnxqgrkro2-m-g=s88-c-k-c0x00ffffff-no-rj,False,False,1718606205.360692
Ugy3Q97_ckBZA8IdEiN4AaABAg,"Sampai sekarang saya menantang YULI ""BANGSAT"" SUMPIL bertarung di bukit Soeharto....Yuli iki hukum rimba yang bicara",2 years ago,@SnupDog-my8nh,UCM7FLQGgQipsXYfLNhpGbjw,2,,https://yt3.ggpht.com/ytc/AIdro_nuNlfceTDiBSTQUhxQ56YDJFbBu1DjRfTpJMFP6ck9D0x3tsglom8eMUA2blBLpRVU8w=s88-c-k-c0x00ffffff-no-rj,False,False,1718606205.362165
Ugw0IhVr1-gig5Gt1ft4AaABAg,"Kangen karo 1 pemain mahmoed eid, coba gowo moleh min gandeng no bruno tambah ngosek maine",2 years ago,@towerchannel7079,UCtpfzy8PmEYfFVIZuJtDgwA,1,,https://yt3.ggpht.com/Lx2CJlSSgfJLEMY5TM6TsXGmsbU0No3JX8pyWi7RayeQrwxX6g3QiNd5CSJXD-JyQfo-iVyJSw=s88-c-k-c0x00ffffff-no-rj,False,False,1718606205.363594
Ugxl6O3AyHKhUm_1Lch4AaABAg,"Oalah,ternyata udah di rencanakan mulai dari sini agak paham aku",2 years ago,@yohanesprasetyo7204,UCllv91FHvCdtfMbPrttkkdQ,1,,https://yt3.ggpht.com/ytc/AIdro_mS_CCK-QXw5Ab053XYwPFS2OCJIhM__ZIyQCZzNXZysj7xsL0hhcV-s6JSg44FmwyM0A=s88-c-k-c0x00ffffff-no-rj,False,False,1718606205.365019
UgyOeh_VedWZOJUdIqZ4AaABAg.9vHjMLFCn769vKaXd3hmH3,"masalahe sampe saiki aremania sek suket teki, malah nyalahno isilop padahal yo awale aremania sisan sing terlalu provokasi
tidak ada asap kalau tidak ada api",2 years ago,@sayabingung,UCCfY-P1jngf9xmmZeJ1FcCg,2,,https://yt3.ggpht.com/ytc/AIdro_lqoAYU37sFGMqt6PmulEzpcvRdqKlykumnqUJ2L-Y=s88-c-k-c0x00ffffff-no-rj,False,True,1718606205.530569
UgyOeh_VedWZOJUdIqZ4AaABAg.9vHjMLFCn76AJeuXj7iLdc,"Arema iku utek e matek, ndase teko watu. Mangkane nek ketemu makhluk koyok ngono iku, ndang dieksekusi ae ben dadi pembelajaran gawe wong sing waras",11 months ago,@Ersha.Atmanegara,UC4T80PVa2c2Y3XVMTKhmTQg,1,,https://yt3.ggpht.com/YKDHOumXmGAlWF6-YOC4adZq0wYLuGFQqQWMrA3tIqkKvhpuNM3zqiVnUqrQCCi1PhguK0IK8dc=s88-c-k-c0x00ffffff-no-rj,False,True,1752734205.533095
UgxYkdtpB0esuyvjQeN4AaABAg.9vFZ192jIlI9vKdXHEcodO,Genap 1 tahun tragedi kanjuruhan .Al fatihah untk korban kanjuruhan,2 years ago,@AndikaPutra-wf8nt,UCYWe0AmUWPuuvFqiyDTnWPA,0,,https://yt3.ggpht.com/ytc/AIdro_moCZ5rBmdC6T6DfnNLeOCOYnDs09rFfjE0BHvwAMqx0sU=s88-c-k-c0x00ffffff-no-rj,False,True,1718606205.745221
UgwUbOHXqk7pVtDjGKV4AaABAg.9vCeVK8XPYq9vPvWVtvepw,"Benar sekali..
Tapi masih merasa korban..dan polisi yang di salahin..😢😢",2 years ago,@andrysevchenko6337,UChba0Agh0LVshVgtWusqyBA,0,,https://yt3.ggpht.com/ytc/AIdro_m0sIENe3mu7g4TmTAjh9XC1rmBXO53RtdhDDynMXC15Q=s88-c-k-c0x00ffffff-no-rj,False,True,1718606205.9127
UgxG5ysTEmPY23cS3UF4AaABAg.9vBtYslS0oh9vWnxRGr02X,Semoga orang2 yang turun ke lapangan waktu itu dihantui oleh 135 korban meninggal selamanya,2 years ago,@OldToothbrush0210,UCf2G4y-ZGFUofKCPpUJ8epg,1,,https://yt3.ggpht.com/GyRlcJGU0I0OARJrInysJeF409oD9ReaZija0ShEzbo7ai5zczBA06W3w0Yq9MFfHs8rOmwJ=s88-c-k-c0x00ffffff-no-rj,False,True,1718606206.113397
Ugwqww0KOrEByt2Ulw14AaABAg,"MASIO RODOK PANAS NDELOK TRAGEDI FULL OFFICIAL ATAUPUN PEMAIN DI SERANG KOYOK NGUNU KARO SUPOTER AREMA , TETEP MAS GAONOK SEPAK BOLA SENG SEHARGA DENGAN NYAWA SEBANYAK ITU , TURUT BERDUKA CITA GAWE SAM2 KU AREMA , SAMEAN SANGAR TOTALITAS TAPI CARANE SAMPEAN TASEK BISA DI BILANG SALAH MAS , RESPECT SEMOGA KELUARGA KORBAN DI BERIKAN KESABARAN YG LUAR BIASA DAN KORBAN DITERIMA AMAL IBADAH NYA AAMIIN.  SALAMM SATUU NYALII.... WANIIIII 💚💚🐊",2 years ago,@andhikaputrahaswinata1904,UCWOyZqZL2mf3WdNJJIBqiHA,1,,https://yt3.ggpht.com/ibka_KVQXVLRFiT0ZcUvF9a4-KD6ZSoKtMl1RaNCb9hZeMz9IfwLR15ozzclWV8FsvmFSa458A=s88-c-k-c0x00ffffff-no-rj,False,False,1718606206.39515
UgwSW9v94Gkf0mW66QF4AaABAg,Iku guduk kandang singa tapi kandang monyet,2 years ago,@kyyubbi04,UCSwtdCsyJspicv6wdWdYvRw,2,,https://yt3.ggpht.com/x1XTf_S2XKVaMyGr4sgugqp9ZFKC6T6EFsb5jYKwym4ZnrJiXRo-DS_lOjmb8ldj2iqzM4PB1QE=s88-c-k-c0x00ffffff-no-rj,False,False,1718606206.397812
Ugy9AX5UNb33S0mW2Tp4AaABAg,Kelakuan bedes liar,2 years ago,@kyyubbi04,UCSwtdCsyJspicv6wdWdYvRw,1,,https://yt3.ggpht.com/x1XTf_S2XKVaMyGr4sgugqp9ZFKC6T6EFsb5jYKwym4ZnrJiXRo-DS_lOjmb8ldj2iqzM4PB1QE=s88-c-k-c0x00ffffff-no-rj,False,False,1718606206.400491
Ugzpdslz3S1AufLf9i94AaABAg,PERSEBAYA SELAMANYA 🐊💚,2 years ago,@AbdulAzis-ph9vs,UC0lDThzubflONOIV26mzShQ,2,,https://yt3.ggpht.com/ytc/AIdro_nHNmhgK4mtwlkvbYzWQNsHe7dvV4nJKisK6SmVW8O7u9Pa8T0cWxyinae9f8_eisKzEw=s88-c-k-c0x00ffffff-no-rj,False,False,1718606206.403204
UgynYf3u3SWH58n2nHV4AaABAg,"Stiap liat video ini suguh miris.    Kok BIADAB skali suporternya ini,,,, sudah hilang akal sehat.   Astaghfirulloooohhhh...",2 years ago,@sanjipakjancuok6313,UCRDnI-Kqv4rebXeDrkhr9EA,1,,https://yt3.ggpht.com/ytc/AIdro_n-ipYGNyWfz12ONyTS5rSab8KjOyO2zchxWqeHFrPUeLIIa2HS4OmlreGaAFKDd_6j1g=s88-c-k-c0x00ffffff-no-rj,False,False,1718606206.405907
UgzH4KqYkbSUyR06NZV4AaABAg,"Sho said "" ezz bro ezz """,2 years ago,@HappyTozz.,UCpmND-ITWYc1gTg3hy4Gm4A,2,,https://yt3.ggpht.com/Nwz7X325C3wuZIHT930wY8qUpeG9bAAcJPypqx2hZJ9jpuMcstGiFSMdvs1eWzp8SIsDk9mMEA=s88-c-k-c0x00ffffff-no-rj,False,False,1718606206.408626
UgyLLf9r_O3sCIObh1Z4AaABAg,"seporter  biadab masih membela diri,,,,,,seporter  gk Tau diri  manusia  berhati  bermusuhan
kena  karmanx sendiri
# Q Bangga jd Bobek #",2 years ago (edited),@lintanglupi617,UCaRtP8R7KqzCK7NYtNTY_zw,2,,https://yt3.ggpht.com/ytc/AIdro_k9XrKEjeqnVQ_ExBSkLiNtUAbq9qlCdjlKe0ywClY98iY03q7dSB_WmMajNAsA2n6ytg=s88-c-k-c0x00ffffff-no-rj,False,False,1718606206.411333
UgyaP69ETJj1XwXiC4l4AaABAg,Gk isok move on teko vidio iki,2 years ago,@reymasrur,UCUBUIjzA1ZXjShC74twQx-Q,1,,https://yt3.ggpht.com/x5Xwv5pfNkQSlczX_45qo_78473TuSXMgFnWiyQNm1-yntSB3LipKjYrnj7SjQnEJE5uTF7T=s88-c-k-c0x00ffffff-no-rj,False,False,1718606206.414096
UgwI4w1L5mb9JzWKY_l4AaABAg,"Setelah delok video ini, yo ra pantes koyok aremania njaluk keadilan.... Isin toh rek...!!!",2 years ago,@mohammadqosim8335,UC-Faf6GCZVyRf4vmZ0ZDRKA,2,,https://yt3.ggpht.com/ytc/AIdro_kFMcXEoi2swzsZZV499N2vDa7oS7chcZH-TiTEzniTDCI=s88-c-k-c0x00ffffff-no-rj,False,False,1718606206.416842
Ugw-zTTy4ROzEOFx2W54AaABAg,Endi arema kok ra komen.....?,2 years ago,@mohammadqosim8335,UC-Faf6GCZVyRf4vmZ0ZDRKA,3,,https://yt3.ggpht.com/ytc/AIdro_kFMcXEoi2swzsZZV499N2vDa7oS7chcZH-TiTEzniTDCI=s88-c-k-c0x00ffffff-no-rj,False,False,1718606206.419493
UgyN8oqSgmLviEVD_2h4AaABAg,Alhamdulillah menang 3-1 gak kesroh dan brutal koyok ndek malang 🙏,2 years ago,@rizqialmahdum3795,UCR7PeP0o3lNqain9vKzkuUw,1,,https://yt3.ggpht.com/4vx7YZJbTM8Ype_zC3cr4U-ho9WYmYzdEaRVKzVRJuXtXDNLPfryD_TrrXfbKY9QKhs2s2F1060=s88-c-k-c0x00ffffff-no-rj,False,False,1718606206.422042
Ugz7xw9AZkYqxim565B4AaABAg,Polisi hebattt polisi pelindung,2 years ago,@PodcastAsiks,UC_17s3STyUPBaRYIKRAwyGw,1,,https://yt3.ggpht.com/GZc5JueFO9tbGj2CpZIKD2esf_LJBvjqOQAjZ04dsDSIlt3zZWS2z_Y0HObqBwT5nThmWkEPyV4=s88-c-k-c0x00ffffff-no-rj,False,False,1718606206.424637
UgzE4jkN46KpOdNYb5d4AaABAg,"Setelah menonton ini saya jadi punya istilah baru untuk menyebut manusia yg anarkis, kasar, gak berotak.. Aremania!",2 years ago,@MY-px9ob,UCunRoFYS3V6ye5ZGwq-SiWA,18,,https://yt3.ggpht.com/wo8AOAcjNK6zBCaDnIUrkbGHAFMWmqLrdkqf4wSOCz2oLOw-z9cAkhlYFXfKiP_wg3P2pUuC2w=s88-c-k-c0x00ffffff-no-rj,False,False,1718606206.427114
UgxWOmk1vGB3FWTJ9yJ4AaABAg,Gw akuin suporter dewasa liga 1 itu yah THE JAK MANIA AND BONEK.. salut👍,2 years ago,@wahyulianto235,UC7eTzHyaTTlbXepIEPKOXaw,3,,https://yt3.ggpht.com/ytc/AIdro_k0K0urMfIUGCQJggp-5Kk_5Jj7JpzdghWMOrBI1fxXhV4=s88-c-k-c0x00ffffff-no-rj,False,False,1718606206.429615
UgxQAMjfPW5mSndJZnp4AaABAg,Ayo jolll 3 poin,2 years ago,@DikaArsya-k2z,UCmCIteZFLCAqw9RqyAIujbw,1,,https://yt3.ggpht.com/ytc/AIdro_mO-FmweL8y1uNqqNcUDZ4M2Un4LX2rU-rFLpju9-lPnEwniZbZVQiSSLxwVY_IJGv2Ww=s88-c-k-c0x00ffffff-no-rj,False,False,1718606206.432067
UgwLnDyLjtyE7urKoTN4AaABAg,Mas jefri semangat 😢,2 years ago,@capscins,UCOhnryB71nxdwQkQAN1vwew,1,,https://yt3.ggpht.com/TW-GnOPqHV7rEd6XwCtnSlyum5fFSlN1Qf1LP7yXuvCkBED12mb19kd5_7flE4CsnumSQIZt_g=s88-c-k-c0x00ffffff-no-rj,False,False,1718606206.434518
UgzU-PXnYRvfe1KJ9Bl4AaABAg,"ini laga sebelum tragedi kanjuruhan ? 😥 seketika sepakbola matisuri, dan laga tanpa suporter",2 years ago,@pincox3299,UCOSuyH7xC1WaLxHlWclxbAA,1,,https://yt3.ggpht.com/ytc/AIdro_npy7CQJB0cn8jmMnFhBh124ZBob5Rx0xFtyCH58_Y6PIM=s88-c-k-c0x00ffffff-no-rj,False,False,1718606206.437004
UgzIQvQUOmhawDHhim54AaABAg,"enak Yuli Sumpil Gak Kecekel, Padahal dee provokator😂",2 years ago,@indrawahyu6145,UCVjanqzUQU62wsNh20Y4mzQ,7,,https://yt3.ggpht.com/ytc/AIdro_n0d6ub4znk7ggZOJWBbEgRMiVnGBBt8hq1jOF39NI=s88-c-k-c0x00ffffff-no-rj,False,False,1718606206.439483
UgwtVQKlMQ52AJdTL6l4AaABAg,"Nyanyian hujatan lebih banyak terdengar daripada nyayian buat membakar motivasi pemain arema itu sendiri.
Jangan sampai kebencian kepada tim lawan melebihi cinta ke tim kebanggan.",2 years ago,@rizal2424,UCoPKn3knJDRYqM8zTFTDeUg,3,,https://yt3.ggpht.com/ytc/AIdro_lE1VP_UIl-DD3h-Aql_N_3IJUkqQGl9_cN71AMAw_EAHE=s88-c-k-c0x00ffffff-no-rj,False,False,1718606206.44195
UgyVYYazC326EO-A3lB4AaABAg,kyk arek cilik ae rek arema 😅,2 years ago,@mfaldimusic,UCJ6ASuvMfY5cm57Fm_m9pog,1,,https://yt3.ggpht.com/-iexh7XjnV4wL73EooljfBFqg-s-_vy2E4UwFQan63_D9UDPbf5IMMC8XQcZ9Zjv1jzBTB9epWI=s88-c-k-c0x00ffffff-no-rj,False,False,1718606206.444514
UgzGEow7iYMaw0z2YDp4AaABAg,"La wong korban e arema og, yo sg salah polisine. Nek korban e polisi yo sg salah fans arema😂. Lucu kok arema ki suwe²",2 years ago,@StevanoLilipali-p5c,UCDwdn8xVMrB1bBqaJnLHGdA,1,,https://yt3.ggpht.com/ytc/AIdro_kSGfJDEc-ehaGCvwnyuNBr8kfhML-Yew76Nj8hUUSrrke4-fZIU5cLYjQMy1xZcxRHzA=s88-c-k-c0x00ffffff-no-rj,False,False,1718606206.717801
UgzapxWRdVlsXdgEJQl4AaABAg,"nonton setelah persebaya kalah in arema 3-1 di 2023.
selama nonton kerasa merinding, udah kaya liat documenter perang dunia 😂. apa lg backsound nya makin nambahin.",2 years ago,@hendra.pramono,UCTPVcN9lac6zdtAAK1s-ZSg,32,1,https://yt3.ggpht.com/ytc/AIdro_lDi0k5sA9N8V8vVc4bDq8CxvmKSWsNq7RPQmNsvTJ0WigjL7H14K80FAFwLRegWQRu5A=s88-c-k-c0x00ffffff-no-rj,False,False,1718606206.720443
Ugw-pSUIJygIWmMWxjN4AaABAg,Yoo ngono iku didik'kane tengkorak opel...,2 years ago,@andimexz7308,UCdN_ZOrUkXd_13ScuC5Ixgg,1,,https://yt3.ggpht.com/ytc/AIdro_nmtsXDHjV3vsi3WJxNLeR6_m62bNa4V324lnRtnFy0u-rpS5RDcRIx863T-hajBZ4JOA=s88-c-k-c0x00ffffff-no-rj,False,False,1718606206.722944
UgzC0FHlS2h0S06cGG94AaABAg,Bismillahirrahmanirrahim menang 2x di kanjuruhan,2 years ago (edited),@Officialsugikrendra,UC6elfcg0Y7JH983KL9JXxUA,1,,https://yt3.ggpht.com/LbQj4g-0VyK1NJvotqvAFqhLjYgqdY2zdTA6w7dk-ze-oKmGDboZxbfgHY9sJPzzA3zMMgsRMw=s88-c-k-c0x00ffffff-no-rj,False,False,1718606206.725404
UgxdZJXhLaxjpc7Os4V4AaABAg,"Ngeriii gini,mereka yg berbuat mereka yg paling usut tuntas",2 years ago,@muhammadirgi-tw9cw,UC0I5HHEnBHnnIYqmL67Wb4w,2,,https://yt3.ggpht.com/ytc/AIdro_ksi_bFepkE3xB_CkiXlX73yxIkeqJZRwnGLU1fZmIu1uOtLSLuskEzkceLFvGa77DlMQ=s88-c-k-c0x00ffffff-no-rj,False,False,1718606206.727843
Ugyi_hAfOODEu-z4nnl4AaABAg,"Ini yang nyalahin aparat, waras?",2 years ago,@gitarandiniliftiani2892,UCIxdUmGgmHjzKygRAA9OOUA,2,2,https://yt3.ggpht.com/ytc/AIdro_mWqJEcgF9pEo_bmGHruEAQCWr28qdDPSQJpmY21hNL8yE=s88-c-k-c0x00ffffff-no-rj,False,False,1718606206.730638
Ugz4BVWfPaBxn4Mwgt94AaABAg,Semoga tahun ini arema terdegradasi,2 years ago,@bayudiankurniawan3221,UCqhdVTwzukmI6brjJGCOIzQ,5,,https://yt3.ggpht.com/bO4FvTgjRQEo9mQD650aHKY9M3XoK6Og6BFSj1Qae9C6heCaeScOJZCzgwnDCo9A4GwVMD1OEA=s88-c-k-c0x00ffffff-no-rj,False,False,1718606206.734263
UgzlFYAFiNWSSp8NhVZ4AaABAg,Keren persibaya,2 years ago,@tintinkurniatin540,UC3s2vGwkvtUGInQS7L7oWiQ,1,,https://yt3.ggpht.com/ytc/AIdro_k17OMK1sE__mimsPEXVdQSqKYdCZd_9Xy2wvnG6HA=s88-c-k-c0x00ffffff-no-rj,False,False,1718606206.738823
Ugw0mkOKsqSvs9rLFLp4AaABAg,:(,2 years ago,@michaelmasi5581,UCIvT49SWpDKDE-hX2jHo2EQ,1,,https://yt3.ggpht.com/ytc/AIdro_leydTcUu5kLsneK4DIyIoHCcgZVLm1OKN0Y9nQWLk=s88-c-k-c0x00ffffff-no-rj,False,False,1718606206.741432
Ugy6NZIYwwoWy5lJGAZ4AaABAg,Up,2 years ago,@wahyuibrahim8725,UCbYTdzkUoLkTYdo7t9JrRlQ,1,,https://yt3.ggpht.com/ytc/AIdro_mwut6Z7ZgArtXd0YwCUh_sDMrY0qy0_z6F3oPu0PQ=s88-c-k-c0x00ffffff-no-rj,False,False,1718606206.744022
Ugx-p50-k58rHJK1tEJ4AaABAg,Up,2 years ago,@wahyuibrahim8725,UCbYTdzkUoLkTYdo7t9JrRlQ,1,,https://yt3.ggpht.com/ytc/AIdro_mwut6Z7ZgArtXd0YwCUh_sDMrY0qy0_z6F3oPu0PQ=s88-c-k-c0x00ffffff-no-rj,False,False,1718606206.746586
UgxOAYO8e18wIy8Nyb54AaABAg,Up,2 years ago,@wahyuibrahim8725,UCbYTdzkUoLkTYdo7t9JrRlQ,1,,https://yt3.ggpht.com/ytc/AIdro_mwut6Z7ZgArtXd0YwCUh_sDMrY0qy0_z6F3oPu0PQ=s88-c-k-c0x00ffffff-no-rj,False,False,1718606206.74908
Ugxk7wYvlVwIWqvAY7F4AaABAg,Up,2 years ago,@wahyuibrahim8725,UCbYTdzkUoLkTYdo7t9JrRlQ,1,,https://yt3.ggpht.com/ytc/AIdro_mwut6Z7ZgArtXd0YwCUh_sDMrY0qy0_z6F3oPu0PQ=s88-c-k-c0x00ffffff-no-rj,False,False,1718606206.751679
UgwycktooKRvm_Lu9954AaABAg,Up,2 years ago,@wahyuibrahim8725,UCbYTdzkUoLkTYdo7t9JrRlQ,1,,https://yt3.ggpht.com/ytc/AIdro_mwut6Z7ZgArtXd0YwCUh_sDMrY0qy0_z6F3oPu0PQ=s88-c-k-c0x00ffffff-no-rj,False,False,1718606206.75415
UgyX04-7WrIWLm2xj9V4AaABAg,G muka g mulut bau+jelek,2 years ago,@NarsihSu-pv7gl,UCW2LeBp4dWKwTzo4Dbdx8OQ,2,,https://yt3.ggpht.com/ytc/AIdro_nv8CUIQDdwQReKARt8EO2hJzLBVG6vYlndMtqrPLAbhErysRDW9CwEbhllNhAXVn-3gQ=s88-c-k-c0x00ffffff-no-rj,False,False,1718606206.756623
UgycXGS2hQr5Qu6QXqN4AaABAg,23 angka,2 years ago,@Alfaro1712,UCmSsSde0yWn1m8WrN-Bh3ag,1,,https://yt3.ggpht.com/ytc/AIdro_n6ZBBa_3wssvZ-3uYejR-pYif7bZ3F-sJr33JSyktwwYCCLRkkFCHIjZW7Up1yAzVU4w=s88-c-k-c0x00ffffff-no-rj,False,False,1718606206.759166
UgwBmP58eMmA9zcm3ch4AaABAg,Udh jelas² di larang sama pihak FIFA masih aja bawa gas air mata,2 years ago,@NarsihSu-pv7gl,UCW2LeBp4dWKwTzo4Dbdx8OQ,3,6,https://yt3.ggpht.com/ytc/AIdro_nv8CUIQDdwQReKARt8EO2hJzLBVG6vYlndMtqrPLAbhErysRDW9CwEbhllNhAXVn-3gQ=s88-c-k-c0x00ffffff-no-rj,False,False,1718606206.761716
UgzSR_VujYmVlgCIlxF4AaABAg,"wes rasis, anarkis, merasa jadi korban lagi, njijikiiii",2 years ago,@soesoeultra5712,UC6ZojKJK1zhPrM4OguDtLEw,2,,https://yt3.ggpht.com/RySo9y6hOEJmnzvhJpb9Bz4BY6nNOgNmbhmmkJLbf4s3CUukUouG3jAC2fXq5L8qpB4lLLCHLQ=s88-c-k-c0x00ffffff-no-rj,False,False,1718606206.764209
UgxptovWQBzDPm_VzJJ4AaABAg,"Pada dasar nya norak Indonesia mah ,anak kampung yang gak punya moral kalok yg masih suka tawuran lebih baik gak usah jual tiket kalok hanya buat musibah",2 years ago,@GitaCahyani-t8r,UCh0Pi67vhqxarWslQc_AgEA,1,,https://yt3.ggpht.com/ytc/AIdro_nHKGtG6kqJeto6Y_AAFyDwLEBBYfoV9tH0Co_O1tQf6nytWH5bdjJNNXhuwkq6MaahnQ=s88-c-k-c0x00ffffff-no-rj,False,False,1718606206.766752
UgzKbA-J_ANT_IEC49N4AaABAg,Bocil bocil so keras aremania parah binatang,2 years ago,@lowledgarage,UCgj0_AUu2oXwORbe34APQ2Q,1,,https://yt3.ggpht.com/z4n-NT0RbCd-NKfzNSeS-BATdjSf0FLn3vGi1HCfJvGyJCB0jfVGjpJybpx8Caj9FA9lh6gd=s88-c-k-c0x00ffffff-no-rj,False,False,1718606206.769254
UgzapxWRdVlsXdgEJQl4AaABAg.9v1cUBV5JC-9vMDChRbsff,Di std mana bro,2 years ago,@minnyiu_creator,UCPx06hdSCUWTdNlHWaE-IAA,0,,https://yt3.ggpht.com/0Ug2PD-51UvyfJxNNpHRLtGSe3bHw6Y1iFKggcr1vGQThrMZPIbKhJ-nmQ4MgP1D2LRJq2mOpA=s88-c-k-c0x00ffffff-no-rj,False,True,1718606206.99025
Ugyi_hAfOODEu-z4nnl4AaABAg.9v0LpefxqY89v4ENx4ZrEE,"Suporter e ae nduweni slogan edan,mosok waras",2 years ago,@wahidset_,UCFrbBfFVnoGGxudR8SvTjHg,0,,https://yt3.ggpht.com/ytc/AIdro_mkZs_NfkHEFOCaEeAJr5_gHhdEJJ_Tswr2ExWIlkUWBQ=s88-c-k-c0x00ffffff-no-rj,False,True,1718606207.248025
Ugyi_hAfOODEu-z4nnl4AaABAg.9v0LpefxqY89v9C2SYV780,"Iya aparat ada salah, tapi dari suporter, panpel ga ada yg kena, terutama dari panpel yg jual tiket over kapasitas",2 years ago,@galih060,UC28xHpneMbZDKAHWaeq_vwA,0,,https://yt3.ggpht.com/8Wg7gc5H746BVN0i2l9laomzrbuKhtLzMhVKZI1Le2kFEoT7Ovjmr4--azhKenD8o4hGfwgOJc4=s88-c-k-c0x00ffffff-no-rj,False,True,1718606207.250782
UgwBmP58eMmA9zcm3ch4AaABAg.9uxrsjZYHF29v0SGCHr3Is,gagal ngebunuh pemain Persebaya malah cari cari kesalahan aparat hadeh wkwkw,2 years ago (edited),@syahrulramadiansyah2284,UC7_qfLkFhxZwlG73nwv3FBA,1,,https://yt3.ggpht.com/ytc/AIdro_k5-D2ljCtW3TKtdMdSIxlz869VTntMaVrzuVH8yVk=s88-c-k-c0x00ffffff-no-rj,False,True,1718606207.456288
UgwBmP58eMmA9zcm3ch4AaABAg.9uxrsjZYHF29v0SSRMkRaQ,"Alhamdulillah FIFA tau bro ini kejadian, jadi nya Aremania gaboleh nonton selama 2 tahun, tapi minus nya Indonesia gagal bikin piala dunia U20, Aremania bangsat emg",2 years ago,@syahrulramadiansyah2284,UC7_qfLkFhxZwlG73nwv3FBA,0,,https://yt3.ggpht.com/ytc/AIdro_k5-D2ljCtW3TKtdMdSIxlz869VTntMaVrzuVH8yVk=s88-c-k-c0x00ffffff-no-rj,False,True,1718606207.459529
UgwBmP58eMmA9zcm3ch4AaABAg.9uxrsjZYHF29v4IJUlpiC9,polisi nembak gas air mata gara gara aremania nya gatau diri,2 years ago,@kyy_rzkyy,UCfuO5hn8PZICdD4Lytkd6lQ,0,,https://yt3.ggpht.com/ahLzKT2NEUgBwweIqfAvn6dQzRqI5NtuOL4MYaB0jJUk2n3jd3kiFSCWNWi0SpyKzf4fFKcBSw=s88-c-k-c0x00ffffff-no-rj,False,True,1718606207.462279
UgwBmP58eMmA9zcm3ch4AaABAg.9uxrsjZYHF29v4kMy-PcZ9," @kyy_rzkyy   malah nyalahin aparat bang katanya itu bukan SOP FIFA, anak Aremania ada yg ngadu ke FIFA malah katanya gara-gara aparat",2 years ago (edited),@syahrulramadiansyah2284,UC7_qfLkFhxZwlG73nwv3FBA,0,,https://yt3.ggpht.com/ytc/AIdro_k5-D2ljCtW3TKtdMdSIxlz869VTntMaVrzuVH8yVk=s88-c-k-c0x00ffffff-no-rj,False,True,1718606207.464868
UgwBmP58eMmA9zcm3ch4AaABAg.9uxrsjZYHF29v4kRmiOZSc," @kyy_rzkyy  eh pas FIFA tau, malah Aremania yg disanksi gaboleh nonton🤣🤣",2 years ago (edited),@syahrulramadiansyah2284,UC7_qfLkFhxZwlG73nwv3FBA,0,,https://yt3.ggpht.com/ytc/AIdro_k5-D2ljCtW3TKtdMdSIxlz869VTntMaVrzuVH8yVk=s88-c-k-c0x00ffffff-no-rj,False,True,1718606207.466632
UgwBmP58eMmA9zcm3ch4AaABAg.9uxrsjZYHF2AJewqGoUo8H,"Bodoh amat mah sama FIFA! Ini urusan orang"" yang tinggal di Indonesia. Kalo orang Indonesia nya berulah kayak gitu mah, harus ditindak tegas oleh aparat. Ngapain peduli peraturan di negara lain kalo orang Indonesia nya ga benahi diri dulu",11 months ago,@Ersha.Atmanegara,UC4T80PVa2c2Y3XVMTKhmTQg,0,,https://yt3.ggpht.com/YKDHOumXmGAlWF6-YOC4adZq0wYLuGFQqQWMrA3tIqkKvhpuNM3zqiVnUqrQCCi1PhguK0IK8dc=s88-c-k-c0x00ffffff-no-rj,False,True,1752734207.469937
UgzEvfvz9fCq7A8Bbxt4AaABAg,"kyok ngunu kok usang usung kulkas ae, ndase yuli opel kae lo usungen ng kuburan amor logo2ne😆 semoga 17 klub liga 1 dapat membantu membubarkan klub ghoib alema tsb dg cara mendegradasikan klub nirempati tsb dan biar para bedes2 pokokke joget itu juga gak bisa berbuat kriminal lagi, wes wong2ane ruwet penuh drama suket teki playing victim kyok ngunu ndadak melu nimbrung ng liga marai buyarne tok rejekine wong2 bal balan liane😆",2 years ago,@yudhowicaksono4900,UCdNZ-TbE7jp-0SGm-dwdvKA,1,,https://yt3.ggpht.com/ytc/AIdro_nHleqLYbyp1H5W9toJYcvg_vrtHe2NkcZd20s82PwsVWHo=s88-c-k-c0x00ffffff-no-rj,False,False,1718606207.835945
Ugwlcp-Hr84Pr9Pux8J4AaABAg,Kalau ada yang pake baju Aremania dimanapun Arema main suruh pulang dari pada malu2in hahahaja,2 years ago,@Rifaldi_fn,UCyLEdY0cniAq2tROGqNoXyw,2,,https://yt3.ggpht.com/ytc/AIdro_nda3NuW4HXFz11TFja6elUTDgEB9wuwjLWBcCho3VqWai3G3DxOL09_d1cje349l3kKw=s88-c-k-c0x00ffffff-no-rj,False,False,1718606207.8563
UgwCVFE802-JY79V7Qp4AaABAg,Harus selamanya kalau Arema main jangan ada seporternya,2 years ago,@Rifaldi_fn,UCyLEdY0cniAq2tROGqNoXyw,1,,https://yt3.ggpht.com/ytc/AIdro_nda3NuW4HXFz11TFja6elUTDgEB9wuwjLWBcCho3VqWai3G3DxOL09_d1cje349l3kKw=s88-c-k-c0x00ffffff-no-rj,False,False,1718606207.875982
UgyVlAYiFf_rxuzSliR4AaABAg,Up,2 years ago,@wahyuibrahim8725,UCbYTdzkUoLkTYdo7t9JrRlQ,1,,https://yt3.ggpht.com/ytc/AIdro_mwut6Z7ZgArtXd0YwCUh_sDMrY0qy0_z6F3oPu0PQ=s88-c-k-c0x00ffffff-no-rj,False,False,1718606207.885701
UgyKivGYEzj4cU_YVmV4AaABAg,Up,2 years ago,@wahyuibrahim8725,UCbYTdzkUoLkTYdo7t9JrRlQ,1,,https://yt3.ggpht.com/ytc/AIdro_mwut6Z7ZgArtXd0YwCUh_sDMrY0qy0_z6F3oPu0PQ=s88-c-k-c0x00ffffff-no-rj,False,False,1718606207.890467
UgzFZb8w9cnorI5CamV4AaABAg,Up,2 years ago,@wahyuibrahim8725,UCbYTdzkUoLkTYdo7t9JrRlQ,1,,https://yt3.ggpht.com/ytc/AIdro_mwut6Z7ZgArtXd0YwCUh_sDMrY0qy0_z6F3oPu0PQ=s88-c-k-c0x00ffffff-no-rj,False,False,1718606207.8942
Ugx1Yqtjf8E5uC3TA8J4AaABAg,Up,2 years ago,@wahyuibrahim8725,UCbYTdzkUoLkTYdo7t9JrRlQ,1,,https://yt3.ggpht.com/ytc/AIdro_mwut6Z7ZgArtXd0YwCUh_sDMrY0qy0_z6F3oPu0PQ=s88-c-k-c0x00ffffff-no-rj,False,False,1718606207.913391
Ugx3W3JvQ679LQ2yDhp4AaABAg,Harus naik Heli langsung ke lapangan,2 years ago,@rms329,UCEO0lhP5y9X8CHW-nfNbzdw,1,,https://yt3.ggpht.com/ytc/AIdro_mUc_1NTGvV9t4XmB4GIO29Axs_czneK0dj-iw6SzHdkg=s88-c-k-c0x00ffffff-no-rj,False,False,1718606207.933443
Ugy5zN6uVVsEKV_f4Nl4AaABAg,SEMANGAT AREK SUROBOYO BUKAN PECUNDANG SEPERTI AREWARIA YANG BANCI,2 years ago,@kartunanakseruserunih,UCswYn3hUI1QgmH_L17pFl3g,1,,https://yt3.ggpht.com/N-jmcbPRojNgRfbS4diS_8TqoKVXsJ1qsEBygiXy3rWvjrUPjNJ2RPN0bHl-Zh8vteWA6kBpig=s88-c-k-c0x00ffffff-no-rj,False,False,1718606207.952908
UgzhC_rytTY4KARqXyB4AaABAg,"Di antara revalitas sepak bola terbesar di dunia. Persebaya & arema.
Salut sama oficial persebaya dan brimob. 
Semoga ke depanya saling berjabat tangan salam dari lamongan untuk dulur2 suroboyo & malang semoga bisa damai.",2 years ago,@antonsusanto3177,UC8_sXxcN6mhfYY99fdcz3Lg,13,1,https://yt3.ggpht.com/ytc/AIdro_kWVB2RxCscBazexdvHNmXZcVD4gu2PB434PSmupFadODI=s88-c-k-c0x00ffffff-no-rj,False,False,1718606207.955416
UgwOKSOHx1DAexUQioN4AaABAg,"Jika seperti ini.

Apa kalian arema mau bilang.
Yang tersakiti.",2 years ago,@heztyawan26,UC9ovkVX7lmu6HcPI87uwasQ,2,2,https://yt3.ggpht.com/ytc/AIdro_muBYpGWipVtssrgB2ImJ4-q9yR2XWJw1FY8s9d6Q=s88-c-k-c0x00ffffff-no-rj,False,False,1718606207.958507
Ugz0Qg_Gu831JlU1Wm14AaABAg,saiki arema pie???😅😅😅,2 years ago,@ariojati8912,UCqDRNx7V8XB7UOM2hxk_Xbg,2,,https://yt3.ggpht.com/Vz_ehgQBFtYZtryPxEgH_m_jA2Lp565i4RM2IWo0T6cKZcAcelBmEklzmXH8bqUPMixUowTJTA=s88-c-k-c0x00ffffff-no-rj,False,False,1718606207.961751
Ugx9qWPjCq8QyqznHdp4AaABAg,"JANGAN NYEBUT NGEBUT NAMA ""HAM"" KALAU SEPERTI INI,",2 years ago,@giovanipratama6465,UCv2gHYOOy1d7gzqHtZV8FHA,2,1,https://yt3.ggpht.com/D7korEjYi1fMhVyJz4lIT9AMgGFmbmeb1yJZDekp8ixtiCIYKXpY237P7g-JN_TnRhfM6bZJhw=s88-c-k-c0x00ffffff-no-rj,False,False,1718606207.964763
Ugyfsbt9KnUMih8g4A54AaABAg,"apalah arti kemenangan apalah arti keunggulan  tak ada sedikitpun kebanggaan kalau harus memakan korban nyawa . 
   setitik air mata yg jatuh dr seorang ibu yg kehilangan anaknya tak mampu kau bayar meskipun dng 1000 gol kemenangan atas saudaramu sesama manusia sebangsa senegara .",2 years ago (edited),@LaTahzan_official-x1q,UCVdQoxaDPAigpoVhEM6aXTA,3,,https://yt3.ggpht.com/2yxJVW8IMkzUMFwIb2NWkTUA2DGtP1n02-DMtoHzfPZg1knIpWIZJP5izEzCIFd8nOlE-hb0XA=s88-c-k-c0x00ffffff-no-rj,False,False,1718606207.96979
Ugynk_OPSoLNwv-am3l4AaABAg,Lagu potong bebek angsa SANGAT RASIS TIDAK PATUT DI CONTOH,2 years ago,@ilhmrmdhn.nnn04,UCSEKY8Zf5PIPf4qDIXELpRQ,2,,https://yt3.ggpht.com/PSmPklFnn0_uDzl6Wu27Z_-aXRe_fL80s1y_ViLkMiRznmqMvqepHE3CXavjH5Gt7qOJwEfANg=s88-c-k-c0x00ffffff-no-rj,False,False,1718606207.973493
UgxgCLJexPo7NfLSRP94AaABAg,"Bukan korban tapi kalian binatang, memang pantas bubarin aja Arema biar ga jadi mudharat buat masyarakat",2 years ago,@marhaendhalim7435,UCwu6tqkvNwZc_bWDelngvhw,3,1,https://yt3.ggpht.com/ytc/AIdro_lEquXyZTp8KqPDRVx2MxYiKYWTlOSF07k6CqdwE-o-Kg=s88-c-k-c0x00ffffff-no-rj,False,False,1718606207.977358
UgxdXIlF2cbJzZYkyXF4AaABAg,"Yaa Allah, ternyata semencekam itu..😮",2 years ago,@naimah.shiddiqoh,UC4AjrycPRQ86QR9CfVXIKyA,2,,https://yt3.ggpht.com/UA3s43TEu3UJXepUiVcL7a7BRzPbODJokJpfxRH-cKf2UvUsyIs0pVxz-NCHqmI6IRN4VT50OA=s88-c-k-c0x00ffffff-no-rj,False,False,1718606207.980366
Ugwx5qfkXFve-YTHbiZ4AaABAg,"Monggo di lihat 👀 monggo dinilai, monggo diamati 
Siapa yang salah? 
Siapa yang menyebabkan ini terjadi? .",2 years ago,@MR1earth,UC-MuVH-4nVxeJ7bXTzLjvvQ,2,,https://yt3.ggpht.com/Vbt4UJoD8HUL6OUbxWq9mkCfRhtyochkYcOWz_V3oOTO0I9tW8YXJb-DdZF7mIQRyZ2XBquK=s88-c-k-c0x00ffffff-no-rj,False,False,1718606207.983403
UgzlevwrVCyw4Qi6gEB4AaABAg,Dewasa itu penting,2 years ago,@cikedalkautsarstudio9581,UCCB3468ci_y7KXUZBxeLNww,2,,https://yt3.ggpht.com/j_jwU8dmLgVdp8xGtqXZlkZKSOh6xjNitDkA4vXT7EfbtKqFcv8N8E4V_dELBpUEafLj64Af-Q=s88-c-k-c0x00ffffff-no-rj,False,False,1718606207.986464
Ugx_ADp4OKygvKn1aaR4AaABAg,"In this video i found a reality, kesalahan bukan sepenuhnya di pihak polisi, karena memang aremania nya juga bener bener brutal, klo ga di lumpuhin mungkin akan terjadi apa apa ke official persebaya, dan polisi itu sendiri, makanya polisi ambil langkah buat pake gas air mata buat lumpuhin aremania agar situasi kondusif, yang di sayangkan kenapa panpel mengunci pintu tribun.",2 years ago,@wahyuzhd9405,UCq7zvgiLx95Rll9Tv-_sbGw,8,1,https://yt3.ggpht.com/ytc/AIdro_ll5rmNYq_XzzQWZrLvX463TJQBnNaoS7A1B7NbO7kZw24=s88-c-k-c0x00ffffff-no-rj,False,False,1718606207.989452
UgzhC_rytTY4KARqXyB4AaABAg.9upUprYrb6g9vMD-NhcV7e,"Terbesar di Indonesia bro, bukan di dunia dari dulu 2 klub ini emang yang paling kampret",2 years ago,@minnyiu_creator,UCPx06hdSCUWTdNlHWaE-IAA,1,,https://yt3.ggpht.com/0Ug2PD-51UvyfJxNNpHRLtGSe3bHw6Y1iFKggcr1vGQThrMZPIbKhJ-nmQ4MgP1D2LRJq2mOpA=s88-c-k-c0x00ffffff-no-rj,False,True,1718606208.168898
UgwOKSOHx1DAexUQioN4AaABAg.9unw5duKo2g9v0SkkXWpSL,Malah aparat yg disalahin kan lucu,2 years ago,@syahrulramadiansyah2284,UC7_qfLkFhxZwlG73nwv3FBA,1,,https://yt3.ggpht.com/ytc/AIdro_k5-D2ljCtW3TKtdMdSIxlz869VTntMaVrzuVH8yVk=s88-c-k-c0x00ffffff-no-rj,False,True,1718606208.358813
UgwOKSOHx1DAexUQioN4AaABAg.9unw5duKo2g9v0SsuSJulj,"Mereka yg ngadu ke FIFA, mereka juga yg kena sanksi dari FIFA wkwk, imbasnya kita jadi gagal tuan rumah piala dunia U20",2 years ago,@syahrulramadiansyah2284,UC7_qfLkFhxZwlG73nwv3FBA,1,,https://yt3.ggpht.com/ytc/AIdro_k5-D2ljCtW3TKtdMdSIxlz869VTntMaVrzuVH8yVk=s88-c-k-c0x00ffffff-no-rj,False,True,1718606208.360372
Ugx9qWPjCq8QyqznHdp4AaABAg.9ukSgQ1W0sH9vJcdKxpkCk,"HAM katanya, wong mereka ada niatan 'matiin' orang-orang persebaya",2 years ago,@septianfdrh,UCR860FH6mmDKIXS6jrwtwcQ,1,,https://yt3.ggpht.com/y5CKx5Tjj-44i5FEuttMRaQK9T_wt4t484xwKlBGKBpTsAYlqAn52fzed8VbbGPHFtWsS5jIrw=s88-c-k-c0x00ffffff-no-rj,False,True,1718606208.521574
UgxgCLJexPo7NfLSRP94AaABAg.9uf5-kovPgT9uhWSu1Gxah,Udah kalah gamau ngaku kalah malah ngamuk😂tapi ya gimana lagi kalo udah kejadian untung dari ofc/pemain psby aman2 aja,2 years ago,@Kampashkopling,UC3Hg-kZfvPpPDvpZzT_5z9w,1,,https://yt3.ggpht.com/ytc/AIdro_ntIewhqHLJ0jb4i8htlVqSetwgNKRcHmRn-O7k5fEhFy5geBaAVhx4v3nsZfmDVAxzbw=s88-c-k-c0x00ffffff-no-rj,False,True,1718606208.741329
Ugx_ADp4OKygvKn1aaR4AaABAg.9uY_gwyXObTA-Yf9A2xCfD,"Sebenarnya memang harus dikunci. Memastikan Tim Tamu meninggalkan area, baru nanti di buka. Jadi fokus menahan serangan di depan ( luar stadion), bukan malah dapat serangan dari depan (luar stadion) dan belakang (dari suporter yang baru keluar stadion). Serba salah... Memang yang disayangkan tembakan gas air mata di dalam stadion. Disisi lain, di dalam stadion juga tidak tau semencekam apa kalo seandainya tidak ada gas air mata. Serba salah memang...😢😢😢",2 years ago,@ongkysukarto5289,UCCYxgd_vqduzM2VIihcDlTw,1,,https://yt3.ggpht.com/ytc/AIdro_m8tYxS9iRbYXkzaJtcniHx98WtAlFtBbSXWvTPaJoxYv8=s88-c-k-c0x00ffffff-no-rj,False,True,1718606208.917368
UgyU5NVxJoLU8y59x2B4AaABAg,"Adakah dokentasi dari official arema/aremania ??? 
Salam damai seluruh supporter di indonesia.....jangan jadikan permusuhan merenggut mimpi anak cucu kita menonton di stadion",2 years ago,@duduk4967,UCCj6BTj7GD-NHE0PfF13ZZA,3,,https://yt3.ggpht.com/ytc/AIdro_lKBP8F3GrdDsQFsFireFhPW7HmZ8IUmydh9CN7KEA=s88-c-k-c0x00ffffff-no-rj,False,False,1718606209.192227
UgzSEfO382qMeT-mBol4AaABAg,Up,2 years ago,@wahyuibrahim8725,UCbYTdzkUoLkTYdo7t9JrRlQ,1,,https://yt3.ggpht.com/ytc/AIdro_mwut6Z7ZgArtXd0YwCUh_sDMrY0qy0_z6F3oPu0PQ=s88-c-k-c0x00ffffff-no-rj,False,False,1718606209.19385
Ugwlbq20UgdKM5Yi8T94AaABAg,Up,2 years ago,@wahyuibrahim8725,UCbYTdzkUoLkTYdo7t9JrRlQ,0,,https://yt3.ggpht.com/ytc/AIdro_mwut6Z7ZgArtXd0YwCUh_sDMrY0qy0_z6F3oPu0PQ=s88-c-k-c0x00ffffff-no-rj,False,False,1718606209.19535
UgzsBj8EE5wpW6kPaYx4AaABAg,Up😢,2 years ago,@wahyuibrahim8725,UCbYTdzkUoLkTYdo7t9JrRlQ,1,,https://yt3.ggpht.com/ytc/AIdro_mwut6Z7ZgArtXd0YwCUh_sDMrY0qy0_z6F3oPu0PQ=s88-c-k-c0x00ffffff-no-rj,False,False,1718606209.196854
Ugx6FIXuUwtaoqU3bWl4AaABAg,Up,2 years ago,@wahyuibrahim8725,UCbYTdzkUoLkTYdo7t9JrRlQ,0,,https://yt3.ggpht.com/ytc/AIdro_mwut6Z7ZgArtXd0YwCUh_sDMrY0qy0_z6F3oPu0PQ=s88-c-k-c0x00ffffff-no-rj,False,False,1718606209.198313
UgymVSl2geqY12vrlU14AaABAg,"Mengenang betapa Kejamnya aremania...... Jadi wajar klau skrg jadi musuh bersama.... Apapun pembelaan mereka, harusnya mreka diam dan introspeksi",2 years ago,@heartcover402,UCEfTbsaSB5ctIDVZsaQsp1w,17,1,https://yt3.ggpht.com/leE4_1A74iSf278a7y6ZPDfqJScAXwj4ca9ghH3j3y6iQs_2LJoUdo6iEGcU5aZE5SqsXu_eKw=s88-c-k-c0x00ffffff-no-rj,False,False,1718606209.199752
Ugz7e-a5WOrt-yO2KRZ4AaABAg,Al farihah,2 years ago,@RohmanRohman27,UC0P5jd29B3Z5TWIC9RQNS6g,1,,https://yt3.ggpht.com/ZA3tcSkvGkNI-w7Ba8vehDr0Xi7BAUrI9f0J8iA2IszvAPTuc_G0-ZnQ0jOzItXW9bF4u6eDDX8=s88-c-k-c0x00ffffff-no-rj,False,False,1718606209.201282
UgxO73PtkwEMaxco8HJ4AaABAg,"Saya nonton di depan hotel di Bali pas lagi liburan sangat sedih melihat korban meninggal cukup banyak

Semoga tidak terjadi lagi
Salam damai 🧡💚🙏👆",2 years ago,@Rerebmx1,UCkYrqDc6pQfWSk7-P3dLDxQ,1,,https://yt3.ggpht.com/ytc/AIdro_lbqOsCMTyXKuNP6BIngFgZaK9z-zNUi79IMKs_E9CgqaE=s88-c-k-c0x00ffffff-no-rj,False,False,1718606209.202733
UgwUmGiRI7E13BfgzZl4AaABAg,"KIAMATMU DI MALANG
W        A         N          I    TOK",2 years ago,@hadiprastyo1679,UCEzmr-Ib2aYqL-r4P4-_rJQ,1,,https://yt3.ggpht.com/ytc/AIdro_klywgXwjzXBJxcJr_qileIeUHZ1M46p0Q8A24z-KE=s88-c-k-c0x00ffffff-no-rj,False,False,1718606209.204238
UgwSHyC66nqIfHaIoU14AaABAg,Polisi gak salah mnrt w bela diri ......yang salah singo singo bodoh yang menyebab kan singo singo yang gak salah apa apa mati,2 years ago,@mita74antihanibalharis.,UCRb8egwPX3tiBvhl591Ntgw,1,,https://yt3.ggpht.com/ytc/AIdro_nzf_38osY0eh7aPQbfKu6wRof-DTAs7pSaNm9ZMqGPUJFfWyS5SFzzSHFBOz2qGsV8gw=s88-c-k-c0x00ffffff-no-rj,False,False,1718606209.205799
UgzvWMJcaN-oJcNTq6V4AaABAg,Dri sini kita bisa liat siapa biang keladinya dan siapa yang playing victim dan menyalahkan sana sini untuk menutupi kesalahanya. Kasihan korban yang datang niat hanya ingin menonton bukan niat membunuh pemain persebaya,2 years ago,@jambuklutuk6612,UCaxAVEv59qWO_yk45ddkiow,4,,https://yt3.ggpht.com/ytc/AIdro_ltLnQSA2njfM4UDLQ7D6hqFAT3iUO2CXhwATuTAS2SbA=s88-c-k-c0x00ffffff-no-rj,False,False,1718606209.207359
UgzYy9RxF4J7eA8XW9F4AaABAg,Keren banget video dokumenter nya mantap Persebaya salam dari Jakarta,2 years ago,@muhreza2191,UCg_o0Q4nzN82cg7we-w57Kg,4,,https://yt3.ggpht.com/ytc/AIdro_lPAu5LcUW1h_9K92DDPIFAt7oKeKn1gaScOAfzdeLy0FyHMrhcwYmEo-u21qNz3kJRkA=s88-c-k-c0x00ffffff-no-rj,False,False,1718606209.20901
UgzBkjfSf4x8EOOA0Mx4AaABAg,Arema juancuk,2 years ago,@sundanesepeople6021,UChJo76so_rTXSbwaD6Saxtw,2,,https://yt3.ggpht.com/m219SW5BeNDFFWoVGFzAuMRunllriOR3Co5zOxK5lPv34nk5GmkUUc8r2rpks8wUW6Ec2BiB=s88-c-k-c0x00ffffff-no-rj,False,False,1718606209.21055
UgxEjA2545i3E9PJ_VV4AaABAg,Up😢,2 years ago,@wahyuibrahim8725,UCbYTdzkUoLkTYdo7t9JrRlQ,1,,https://yt3.ggpht.com/ytc/AIdro_mwut6Z7ZgArtXd0YwCUh_sDMrY0qy0_z6F3oPu0PQ=s88-c-k-c0x00ffffff-no-rj,False,False,1718606209.212139
Ugz10RCDC--XaTYzVs94AaABAg,Yang salah polisi nya,2 years ago,@muhammadimamimam5797,UC-6W1Gzw7_ZeBD2q1qxcoEA,1,1,https://yt3.ggpht.com/ytc/AIdro_kD9NooDGX67OtEUHfwLlP7iI6k1JbEZ9rGVTWHOMY=s88-c-k-c0x00ffffff-no-rj,False,False,1718606209.213743
Ugyk-rjrdIikAt0444h4AaABAg,Udah tau antara Arema sama Persebaya musuh bebuyutan masih aja ada pertandingan,2 years ago,@muhammadimamimam5797,UC-6W1Gzw7_ZeBD2q1qxcoEA,1,,https://yt3.ggpht.com/ytc/AIdro_kD9NooDGX67OtEUHfwLlP7iI6k1JbEZ9rGVTWHOMY=s88-c-k-c0x00ffffff-no-rj,False,False,1718606209.215285
UgwT_2T6mzApF6p8yzV4AaABAg,"Menjelang setahun saudara, semoga tidak ada yang LUPA. Menurut saya setelah menonton semua video tentang Kanjuruhan, agar saya juga punya bahan untuk mendidik anak saya laki2 ikut U13 sebuah SSB di kota Denpasar, Bali. Kejadian Oktober 2022 silam di Kanjuruhan adalah sebuah jalannya sebab akibat. Ada satu perbuatan yang dilakukan, maka akan ada akibat yang terjadi. Dari kejadian ini kita bisa belajar bahwa kedewasaan di usia dewasa itu penting, karena 1 perbuatan kita belum tentu hanya kita sendiri yang menanggungnya, tapi ada saudara - saudara kita sesama manusia lain yang bisa menanggung. Bukankah amat sangat disayangkan ? Dan kenapa bisa begitu, jawabannya adalah karena kita ini SATU. Kita sama2 manusia dan kita adalah satu entitas yang bersifat kolektif, sehingga amatlah perlu untuk memanusiakan manusia. Semoga persepakbolaan di Indonesia semakin baik, maju juga dewasa. Saya selalu bilang ke anak saya, sepak bola ini jalan kamu untuk berbagi cahaya dan kebahagiaan. Kalah menang bukan soal, fokus pada perjuangan dan rasa persaudaraan. Salam hormat.",2 years ago,@thaavitha,UCMjQ5Xlttrr7Bla_MmTH9Jw,2,,https://yt3.ggpht.com/ytc/AIdro_lgj-xfqtpvPX-TKw4f6wZt_3LxeveIp-TQ0TZ1EG34-6jg=s88-c-k-c0x00ffffff-no-rj,False,False,1718606209.216815
Ugx39nQYN07f4to7vyF4AaABAg,"klo mereka minta usut tuntas, suruh mereka nonton video ini. dan jadikan video ini sebagai barang bukti di pengadilan .....",2 years ago,@nanangsoelistiono6296,UC0Lh4Ry7044eyHQzAl7jFZQ,1,,https://yt3.ggpht.com/ytc/AIdro_klwSpS4Ekm5prVPoIYi60r0gVr73x5C0ylKS5AlxtOqg=s88-c-k-c0x00ffffff-no-rj,False,False,1718606209.218273
Ugy153ia73ubAhwZtcN4AaABAg,Arema memang harus d hapus dr LIB dia rusuh nyalahin aparat hasil akhir harus d terima dr pada banyak korban yg gak bersalah arema y sendiri harus di tutup stadion ajh gk punya yg layak 👎,2 years ago,@kangencep9485,UCqS4YJz1yvHE2jdGW1fz7-w,4,1,https://yt3.ggpht.com/ytc/AIdro_kpsjbuWAYfaFsU0kXS2YIAYaEP6bNUzDLfXHNKPMIx7A=s88-c-k-c0x00ffffff-no-rj,False,False,1718606209.219739
UgyClxE3kFvpjw2PJVp4AaABAg,"Malapetaka tragedi Kanjuruhan 1 Okt 2022 akibat kebodohan wujudnya fanatisme buta. Andaikata Aremania Aremanita terima kenyataan tim kebanggaannya Arema fc kalah dan memberi ucapan selamat kepada Persebaya fc atas kemenangannya, so pasti kan nggak bakal terjadi tragedi 135 nyawa melayang di stadion Kanjuruhan malam yang naas itu. Sekali lagi kebodohan dan fanatisme bikin kerusakan dalam sendi- sendi kehidupan manusia. Udah peristiwa kelam itu telah terjadi, kita ambil hikmahnya saja. Stop saling menyalahkan. Untuk korban,  kita doakan semoga arwah mereka diterima di sisi Tuhan YME...aamiin",2 years ago (edited),@abdullatip2897,UCQRPCL76226h5bKs4UmV5sA,3,,https://yt3.ggpht.com/ytc/AIdro_meYAh6NPkc3qZ9RQbztfozX2jknUqc69hcasQTLZa7CCWY6MHmzRI1I6I59gYFhEiQXA=s88-c-k-c0x00ffffff-no-rj,False,False,1718606209.221165
UgymVSl2geqY12vrlU14AaABAg.9uW1hujGYvxA6BTxBnpGEC,"Mohon diingat, mreka pun memanggil diri mereka saja dgn sebutan ""kera ngalam"" jdi yo wajar lk klakuane kyok bedhes",1 year ago,@LaVerga-b4c,UCt6p_NR49U8jKXjwJAHi4XQ,0,,https://yt3.ggpht.com/cF7e_0YLatFLr-A09PukIbmp27B6WlFDhjZ_-eB3CTSrRY51kD-Hr9agVmW8SHUV9a9S6KsRLQ=s88-c-k-c0x00ffffff-no-rj,False,True,1750142209.383668
Ugz10RCDC--XaTYzVs94AaABAg.9uMhsImrKHm9uhX8fiQnMy,DILIHAT VIDIONYA JANGAN NYALAHIN SATU SAMA LAIN DULU KALO BELUM MIKIR PAKE OTAK,2 years ago,@Kampashkopling,UC3Hg-kZfvPpPDvpZzT_5z9w,1,,https://yt3.ggpht.com/ytc/AIdro_ntIewhqHLJ0jb4i8htlVqSetwgNKRcHmRn-O7k5fEhFy5geBaAVhx4v3nsZfmDVAxzbw=s88-c-k-c0x00ffffff-no-rj,False,True,1718606209.555222
Ugy153ia73ubAhwZtcN4AaABAg.9uJHO4P5dvx9uK9M_IZ_Wt,Gimana mau hapus orang aremanjing aja anak kesayangan lib 😂,2 years ago (edited),@smcknziee,UC-pDBHPVjUbFzQKHTv87jww,2,,https://yt3.ggpht.com/6FQ80Z98VhutGtu_PcK9p-lpB-_zcX6JuBZfnAbxLTfBN3Bn4XJxtz34fbKAz3lVXOxUfn0rqA=s88-c-k-c0x00ffffff-no-rj,False,True,1718606209.731818
UgykOSYmDb-OD_S39tp4AaABAg,Dan akhirnya 2-3...,2 years ago,@JonniYuwono,UCf5pZSCyIgxqp4FwiR0jUOQ,1,,https://yt3.ggpht.com/ytc/AIdro_mXl5vEZetSFCfuG2B7_VLqc38fE5TVJMtL_CGIeMUbdXJf55quvy5KONcX81xCv66Llw=s88-c-k-c0x00ffffff-no-rj,False,False,1718606210.031672
Ugye26peDOIa8jRdBJd4AaABAg,"hal yg harus di beresin, semua muanya.
karena enggak cuma aremania dan polisi yang dirugikan, tapi juga mental dan kewarasan semua orang",2 years ago,@yukeen5297,UCzITsbdCCWja6WUVpaU0dEg,1,,https://yt3.ggpht.com/ytc/AIdro_k51vtM0s20leG9A1CZYWFA4fgpoGNTOIdREnvVi9KlQrw=s88-c-k-c0x00ffffff-no-rj,False,False,1718606210.033274
Ugzviz-ne3cXPMfGVnR4AaABAg,"Suporter Arema kena karma, Akibat ulah kalian sendiri 113 jiwa melayang, minimal lumayan berkurang intimidasi dan hinaan, rasisme saatnya regenerasi suporter sehat dalam mendukung Tim kesayangan kalian masing-masing",2 years ago,@defa113,UCgIMTY2pYLXAcTBIrrR9_qA,1,,https://yt3.ggpht.com/GAYwMqeGONNQup3AnSzwFInIq0cNCdSue0q73pnzeucNy9XXXz33MG2tTNmDqHiCq9D1Mx-PQ3s=s88-c-k-c0x00ffffff-no-rj,False,False,1718606210.034762
UgypLiHWapzOhzFZ7a14AaABAg,Aremania ini adalah sekelompok manusia yang menjijikan,2 years ago,@johaninoue7180,UCVhrGPnDWy3L7G6fmxOoUAQ,1,,https://yt3.ggpht.com/kjFs_VaXNOhixKM3jS1Qa7Q_B0Z2hhlursyxEAApJ9DWevj2JS0So-g852fm2MCE-9CMpNcn=s88-c-k-c0x00ffffff-no-rj,False,False,1718606210.036234
UgztcjPo3RT-QFdO3DF4AaABAg,Semangatt selalu Persebaya ku..❤💚,2 years ago (edited),@Itsme.babyboys,UC0BcJrn8xXvTNH7hwz9v6pA,7,1,https://yt3.ggpht.com/i4sXWNut1famrP4hsZ04mDLMaAaNGiAatFbHlrgoDzviWWftYH2RdRpjZJML3yzJzhPC2jFTAQ=s88-c-k-c0x00ffffff-no-rj,False,False,1718606210.037713
UgwvaqeAzO8gCJ_kVKB4AaABAg,USUT TUNTAS HARUSE SI AREMA.,2 years ago,@Itsme.babyboys,UC0BcJrn8xXvTNH7hwz9v6pA,2,,https://yt3.ggpht.com/i4sXWNut1famrP4hsZ04mDLMaAaNGiAatFbHlrgoDzviWWftYH2RdRpjZJML3yzJzhPC2jFTAQ=s88-c-k-c0x00ffffff-no-rj,False,False,1718606210.0392
UgzFrsIZBQT9BD-UF_t4AaABAg,"Terus kalo kek gini yang katanya korban mana ya 😂, si  paling korban 😂",2 years ago (edited),@guitarbolonk4418,UC9MpU46KcBh3M9aIVRvoF3A,1,,https://yt3.ggpht.com/ytc/AIdro_nauele6GpiUtA3LaoZpjAe7hmR4nH4a6FwBM4dJz8_Lw=s88-c-k-c0x00ffffff-no-rj,False,False,1718606210.040652
Ugz3j99ErecZKxxcMkh4AaABAg,Ya Allah bonek mania respect nya sangat luar biasa 🙏🏻😇,2 years ago,@vebylaazzahra5868,UCW0dX7ghWqUQiy79r9xciSg,10,1,https://yt3.ggpht.com/ytc/AIdro_kDVsj9hLvoBQOLzjE2nL1bDBX9GW_KSmsdaKSmAdiuJmsO7Wk2UinkxnzouI6qS8O9Pg=s88-c-k-c0x00ffffff-no-rj,False,False,1718606210.042076
UgyFpLoObY0L7qI8X7t4AaABAg,APA GEGARA BERAS KUNING ?,2 years ago,@fikriramadhan8186,UC4W66A1x2Y5qWRVUPEswyDA,1,,https://yt3.ggpht.com/ytc/AIdro_mEI7Z-jKxWkjXzTwS-8clZ7VZ1A1gNx_oPG984amccFNM=s88-c-k-c0x00ffffff-no-rj,False,False,1718606210.043528
UgyW3XrWZDv7aH3t_YF4AaABAg,"Sumpah guyss aku bukan pendukung klub apapun tapi aku baru liat cerita ini jujur bener bener bikin nyess banget ngebayanginnya aku diposisi mereka mungkin udah ketakutan,panik,gelisah,dan gatau lagi antara hidup atau mati se anarkis itukah pendukung sepak bola indonesia segak punya akal sehat kah mereka yang berbuat anarkis hanya gara gara tim nya kalah sumpah bener bener miris banget sih pendukung indonesia bener bener SDM Rendah sih gak punya pikiran panjang 😢😢😢😢😢syokk banget sih",2 years ago,@yunisriwahyuni3976,UCG8rUn6iQ2DP8ABZohyIOHQ,3,,https://yt3.ggpht.com/ytc/AIdro_nyHoesdJe8o50HJiVPA67Hrc6RSdLHchDTXq_0r0Y=s88-c-k-c0x00ffffff-no-rj,False,False,1718606210.045088
Ugy6ZWaAvccF2CJT9lh4AaABAg,"3 poin dibayar 140 nyawa,al Fatihah 🙏",2 years ago,@habitapodcast20,UCICQWbln6ecx8Pu-wcnBRlA,1,,https://yt3.ggpht.com/14R5ug_sviE4P6y_y2lIITFuSxWkTLNaIKqFraT5OxwhfgLKP17wRzTwXID9O0ldjtbv0Fky=s88-c-k-c0x00ffffff-no-rj,False,False,1718606210.046615
UgztMV9aLO49brXgXld4AaABAg,Bukti nyata sbg sejarah bahwa oknum suporter Arema melakukan kekerasan kpd tim Psby itu ada Vidio nya.. Kalau bisa selalu di putar rekamannya sebelum bertanding semua tim peserta liga 1 biar tdk ada kerusuhan,2 years ago,@herdisanherdisan44,UC88tmapD_Lq4Ksjx79DfSZw,5,,https://yt3.ggpht.com/ytc/AIdro_kxMWFyK6w4ttQJxOJ7FJXJKLDwRu76yw6GT95K_4c=s88-c-k-c0x00ffffff-no-rj,False,False,1718606210.048102
Ugz5olpDa9oRf3gfur54AaABAg,Ada yang janggal nih knp supporter dibolehin bawa botol minum masuk di dalam stadion seharusnya kan ga boleh pas check tiket apa ga di periksa semua itu supporter,2 years ago,@farrelgavrila,UCkzlsJOBBrqEFeLlpfloWnw,1,,https://yt3.ggpht.com/ytc/AIdro_lglEVmFFvJcGTthjC40ZSDKFEIq_FMcZCu6WFK9q2d4jH4JFUcHxRkgfTb41TbZjELqg=s88-c-k-c0x00ffffff-no-rj,False,False,1718606210.049909
UgyaIu_v-HVW0zmY-0h4AaABAg,Dan yang jadi korban selalu seperti itu.,2 years ago,@geubrierizky,UCoM1EjMKyvErnJouGlncUUQ,1,,https://yt3.ggpht.com/28EZxc7_auTh62o-wPkwBLbyzbLJjTo8LADOcYM11MavXROvKDco1LpZJkP6HxPH5SOYLrXYKw=s88-c-k-c0x00ffffff-no-rj,False,False,1718606210.05145
UgzHywddshc8RMIboTV4AaABAg,"Baru liat ini setelah 9 bln, ternyata diluar aremania brutal banget gilaaaa .",2 years ago,@ariefsetyon1334,UCy57q9lfyES66nzh12-fzaQ,2,,https://yt3.ggpht.com/ytc/AIdro_lMEcjuWPhw3lHFX7QSBno2tP_myRwTKxO_01DbqG9Wc4Y=s88-c-k-c0x00ffffff-no-rj,False,False,1718606210.052953
UgwuelkX9zkIGQ9RAUp4AaABAg,Persebaya Surabaya menang salam dari Persebaya Surabaya Blitar,2 years ago,@dimascahya1249,UCpSZWPJ3OiAoYaOj18qvnhQ,1,,https://yt3.ggpht.com/mXJq22cDSFtNkVrGYkp3spaQJArTK_a_uIewYAd3mQ8h-dKyj7fscwRCWsiTOIJo4juBWi2o5K0=s88-c-k-c0x00ffffff-no-rj,False,False,1718606210.054382
Ugwi5Yth41JXthPyU1B4AaABAg,Aremania parah dan tidak berubah,2 years ago,@ciungwanara5073,UC10XMlt5RfZ1c0hEx0MpJIw,1,,https://yt3.ggpht.com/ytc/AIdro_mYeaS-jiIpCNk5H4zpkd8wTr9hsvceIVhpi1gL-mxW_X4=s88-c-k-c0x00ffffff-no-rj,False,False,1718606210.055821
Ugxo17V-7pyuvM760PR4AaABAg,Rivalitas terbesar yg ada di indonesia ..derby jawa timur,2 years ago,@andissamsu,UC99A97RfdKSetjLeHQsXQYA,1,,https://yt3.ggpht.com/ytc/AIdro_nATaj_XyZ449yTpyY9GNkkpedOEjet8B9ru95ikqwS3Mf-MXvcS1UlV0t6a5VEu6AwMQ=s88-c-k-c0x00ffffff-no-rj,False,False,1718606210.057244
Ugyz8_iWb8pmBVBsjTF4AaABAg,kalau tau kondisi sperti itu harusnya brimob tidak cm tembakn gas air mata kalau ada bom ditembakan,2 years ago,@ianagustian,UCsEiHh-fJpyUQjAZU56hdHw,1,1,https://yt3.ggpht.com/Uqk7IiTusQAoCu7eXoPgLZMfKnFutPNmaCKklLLw9vpcQTrYsZZzApZ_YbT3e6_TL60XGf4pEw=s88-c-k-c0x00ffffff-no-rj,False,False,1718606210.058706
UgwzQRKfPF8UcS6HtYx4AaABAg,"Great job buat tim humas Persebaya, dg dokumenter spti ini bisa untuk membuka mata lebar"" untuk semua pihak, bahwasannya fanatisme berlebihan itu mematikan, entah nyawa yg hilang atau matinya empati, thank you Persebaya",2 years ago,@Lillacious,UCobNaXJvZjX_ZLiNFLsaoQg,58,,https://yt3.ggpht.com/ytc/AIdro_ngerZanLtV-U6jK5806sHi9tufm2YvDx-bI_XgZy8=s88-c-k-c0x00ffffff-no-rj,False,False,1718606210.060148
UgztcjPo3RT-QFdO3DF4AaABAg.9u4r9kFjCEu9vJQ_-WSwT0,gembell,2 years ago,@sandiputra2079,UClTkgqkpvxGnhZ0dS_LqpZQ,1,,https://yt3.ggpht.com/ytc/AIdro_mhpdt52gf-ewuMICMSpf58jqqKXetktX-rAgmJkXZktJrVu4vDkBYngfAtIfmb6uJy3w=s88-c-k-c0x00ffffff-no-rj,False,True,1718606210.234858
Ugz3j99ErecZKxxcMkh4AaABAg.9u1fJgtBiciA3TplQKTVbb,bukan supporter nya,2 years ago,@yutaaafor,UCLPgE8XR8CCtar5zXhBWH5Q,0,,https://yt3.ggpht.com/CyKPNmd1OAcQ07PsWcTWoZ0cFsWUZOKmMO86m65VKNcvCSV4iwAQkIV6jYxoPAZn56HID2DV=s88-c-k-c0x00ffffff-no-rj,False,True,1718606210.415959
Ugyz8_iWb8pmBVBsjTF4AaABAg.9thvztaOzC09uI5p4GY0_a,Kalau dibom kasian yg balita😢,2 years ago,@sok365,UC9saBjj_Ys0cuZ7HvDWDcVQ,0,,https://yt3.ggpht.com/ytc/AIdro_n1hHNFfhXBR4BASbMAHa8CRJOT-_7vV_OG-i3RKWwWIZ-j-3B7Fl4iapOfpamSrb2qYA=s88-c-k-c0x00ffffff-no-rj,False,True,1718606210.632894
UgyjoLpIMwsIvmioyn94AaABAg,Ini namanya bukan teror tapi percobaan pembantaian pemain persebaya,2 years ago,@ranitasugiyanto5846,UCwgP2Hi_bVh7vNqQl3Mx96A,4,,https://yt3.ggpht.com/ytc/AIdro_nyZhpRfOh_fwBFwClptfvSW7HKOWIdfi5VlK4kgXs=s88-c-k-c0x00ffffff-no-rj,False,False,1718606210.909165
Ugzu2hoMcUSDhgH7t094AaABAg,"Suporter arema itu ibaratkan hama, harus di basmi.👍🏻👍🏻",2 years ago,@Pak-RT98,UCJPS7kZ1jF6AVVGUPHCPWSQ,1,,https://yt3.ggpht.com/YX02vnN1BQFN4ErImnwctkB_DjAAMTzLKYYdieGPezGsTg9hrkZzDmSJaBoZ8vblwpWWC7Yv=s88-c-k-c0x00ffffff-no-rj,False,False,1718606210.91081
Ugzo81g6b41uIQQSget4AaABAg,Tolong untuk bapak polisi yang nyetir baracuda pas di lepari sekali kali dong belokin ke kanan lindes aja 😅😅😂,2 years ago,@hafidhasnan3002,UCkNA1tH_COi12csBoA9M5aw,1,,https://yt3.ggpht.com/ytc/AIdro_mfgqIlpz4fUMvam1l9iKKfogvDtArHz6oTH3PY2Mwdcw=s88-c-k-c0x00ffffff-no-rj,False,False,1718606210.912259
UgzKdYtoCxXcmLqYZxd4AaABAg,Najwa sihab apa ngk lihat ini,2 years ago,@Sumandi-re4rm,UC00jMRXZZTk41yyh-MCFoVQ,1,,https://yt3.ggpht.com/ytc/AIdro_nlK0XZCHPihWVQ4ZXtf5b8YpsaViKGdlcNQOujPdbuOV75OJmCMvjy0UMhDlldDDfeTw=s88-c-k-c0x00ffffff-no-rj,False,False,1718606210.913723
Ugx3csmS_0ikHfS0pmR4AaABAg,Satu daerah tapi saling bermusuhan 😂,2 years ago,@gt_jewellery,UCxLDIoe6Nuj-aRwIwOtmTwg,1,,https://yt3.ggpht.com/3euiHA1uQVhfL0axDmgHG3oLDzj7OcenmMOvPnGEnxL2y8DHSzK8DApIQAl6Ov1pOfbrSfdQwA=s88-c-k-c0x00ffffff-no-rj,False,False,1718606210.915146
UgyopsNlIZ7BNDBg0Zh4AaABAg,persebaya rival arema dan dijaga sama polisi juga ya jelas mereka bela siapa wkwk,2 years ago,@61.b.rahmathidayat90,UCruqAYoSRMnJzn7V0mGCGuQ,1,2,https://yt3.ggpht.com/ytc/AIdro_mZzmMMTZNWAR_fLAYNfOMN8UaHpRXm0ldIaiOrYwkjq-k=s88-c-k-c0x00ffffff-no-rj,False,False,1718606210.91663
UgyDTPSHrejFMqPvuBh4AaABAg,Salah 1 tragedi paling memilukan di Indonesia.. semoga jd pembelajaran bagi kita semua agar bs lebih berpikir rasional dlm menyikapi sesuatu utk tdk mengedepankan amarah  emosi yg dpt merugikan diri sendiri maupun orang lain,2 years ago (edited),@PrastHand,UCJCmm2NG18B00dng9xY0Mlg,4,,https://yt3.ggpht.com/vBTocNwwVXE2s9W3bunMjx1dnoBC_3jBklOI96FwZnEyuO2_Y45NKZHMnX998h8HS0CNCTCQGg=s88-c-k-c0x00ffffff-no-rj,False,False,1718606210.918123
UgzUmxJAHWH8exIjp2p4AaABAg,"17 Agustus 2023

Yok semangat pemain Persebaya bismillah juara 🎉😊",2 years ago,@hawariyunjuleha2479,UCzniAotKEfJU7Yg41j0H4AA,2,,https://yt3.ggpht.com/QRzs5B7TlMh4EkFHQhrnsDSrH2qOOXiUqvkuCDoKijQ6NqtUl7PPy7xh9bhV15GgZOrmts0eEQ=s88-c-k-c0x00ffffff-no-rj,False,False,1718606210.919553
Ugy-l7paXBnzjLQryzF4AaABAg,Alhamdulillah semua pemain dan official bisa pulang kembali ke SBY dengan selamat. Sungguh sangat menakutkan hati manusia yg telah ditutupi oleh kebencian.,2 years ago,@nilapapank5353,UC23fqr8eEa3dY23QoxX9_NA,2,,https://yt3.ggpht.com/yNr-Ha7ZW6Q44gjURb7DSd6ntrRONPmjp6ppo_IrlAjpjXhPsSToBezbpxhn4EwqFBmCp5Dq=s88-c-k-c0x00ffffff-no-rj,False,False,1718606210.921021
UgwrYCGwcopUxwEL8t54AaABAg,"Koyo ng medan perang,,",2 years ago,@vickyardiansy4h,UCUGRh6xYvN64RTuaOORTerA,1,,https://yt3.ggpht.com/ytc/AIdro_lKYDUMRXUz8lNKiJ9ZF8E2I0c0wAUbu9syShpvFeNM2ZU=s88-c-k-c0x00ffffff-no-rj,False,False,1718606210.922461
UgwBy__prlAn0_B9YBp4AaABAg,"Ternyata bukan polisi yg salah ternyata Arema lebih salah, kalo mereka tidak berprilaku seperti hewan semua ini tidak terjadi",2 years ago (edited),@al-ayyubi7515,UCyPwb02-2Mfad4noPT0fkTA,2,,https://yt3.ggpht.com/ytc/AIdro_n2udBzeYBteVO94AOvACDKqyHN4sBTqV2YenVzO3Y2Ic5h7sd9c1UhQi-g7V9kvb_L3A=s88-c-k-c0x00ffffff-no-rj,False,False,1718606210.924718
Ugwa3Z1dDZfMi7DPBp54AaABAg,Akan jadi dokumen dan saksi 135.,2 years ago,@WahyuPurnomo-v1r,UCopHUQ5WjYycH88nnaCkjhg,1,,https://yt3.ggpht.com/ytc/AIdro_kIf0PlGxS9LwKxppQVov5u0hFtgPeNCW-rOh6gNvvnKpT4SStrhyfLIw9gMGgjS8B-Hw=s88-c-k-c0x00ffffff-no-rj,False,False,1718606210.927321
UgyKhHBtEyP-jVBrko94AaABAg,"Saya pribadi baru Liat video ini😢Yang Baru pada nonton DOKUMENTASI ini mana suaranya🙏 
 Semoga Sepak Bola Indonesia Lebih Baik..!! ❤️💚💙🖤💜🧡🤍🤎💛",2 years ago,@Tomhenk_88,UCKiJS0DEFNkQ9uy-xmfXgqw,8,,https://yt3.ggpht.com/qkHGyZlAFGV-87O81xECsIQGJ6FwukgifcF83m2M3rmSB4JyS-XSJq6b16fjcYTmoAB2XJDyOYk=s88-c-k-c0x00ffffff-no-rj,False,False,1718606210.929802
Ugw4N6Kn_hyKFg-X6Z94AaABAg,Yg paling merinding pasi di durasi 1:22:41🥺,2 years ago,@sadliardyanarsyad4287,UCNACuKPEYnt1IVopxHA7PuQ,1,,https://yt3.ggpht.com/ytc/AIdro_m0BY83aHk2mRY5KnJ8HSHGJDUoEAegqXnQnp8Kn0slvKc=s88-c-k-c0x00ffffff-no-rj,False,False,1718606210.932287
Ugyu8JjPUXscEveZiEx4AaABAg,"baru lihat video ini, dan jelas kelakuannya bukan layaknya suporter. sangat kejam",2 years ago,@rafebn,UCPViI0V8TaRoVkcW3EC1l7A,1,,https://yt3.ggpht.com/n18VSLb-OJ2sJ3-Ydx7qbmxpWdO_lEvw08nJFZI3iDflschRkE4MUb9QINtYGmbpQsayFckw=s88-c-k-c0x00ffffff-no-rj,False,False,1718606210.934793
UgzKxtF5GVFw2gkprFR4AaABAg,🦮🦮 Aremania.. Mulutmu Harimau mu.. jangan cari Kambing hitam menyalahkan Polisi.. Instropeksi diri..,2 years ago,@BudiSetiawan-fm8hg,UCylQpHwBjrobjgAUiXMmH9Q,1,,https://yt3.ggpht.com/knvKNyuUCCAY01hGy6a8AIjawuPiEGQ0MFqCrwQtZ_USLVb5_MAqAh6kSb_EFANgg_jqKtmt3E4=s88-c-k-c0x00ffffff-no-rj,False,False,1718606210.937218
UgztjnnVQzJNXEcXyoV4AaABAg,"Yo opo perasaan e Aremania, terutama yuli sumpil nek nonton vidio iki?",2 years ago,@shilacantik,UCmA1ctRxYeW-rWorb_UesGA,1,,https://yt3.ggpht.com/ZYyRrHLSPFb4-8PCXRVuKxh1HWOtxs_wjXU-r-XB4jxl9xpE6iLCkmApNkjpFfHWs8QAmxF-=s88-c-k-c0x00ffffff-no-rj,False,False,1718606210.939792
Ugy4umM41PDqRekqyY54AaABAg,Bukan cerita hantu tapi asli Horor banget ini film dokumenter,2 years ago,@agungariyanto8951,UCRkVqzNj7v05nQLHRDnsHyQ,3,,https://yt3.ggpht.com/e1loOLNfbzz2t0zsj69fbrq9CpUGSPKA7AghIs2zOaZgCiAap10PuuRqWCdqyOHWg766M0ZJ=s88-c-k-c0x00ffffff-no-rj,False,False,1718606210.9423
Ugy30bd16hVKkb27C6R4AaABAg,Salam satu nyali......wani🐊🐊🐊,2 years ago,@catur_irawan,UCYx9FGNJDiaY7kA1W1gvTOw,1,,https://yt3.ggpht.com/JJNYGaxIJ0rbfVAtJlbk4hgUjuJHf1m2JiTtfRPN-9CI2fN6YMlEGNaA18s7qRtbpzFSKYOV=s88-c-k-c0x00ffffff-no-rj,False,False,1718606210.94482
Ugx_bLGjMe07Ueexi9h4AaABAg,Ini satu alasan knpa pintu 13 ditutup,2 years ago,@FootbalLifev,UC2RbTHbDREkVYRMyLcNOfmw,2,,https://yt3.ggpht.com/8ffCzHG-i6xar3Ve0MZzzAYD9JD2yjHl6TvZzfFqVDLh8Ho6coOILOynBvbA4R2BuNx6qkVx=s88-c-k-c0x00ffffff-no-rj,False,False,1718606210.947307
UgyopsNlIZ7BNDBg0Zh4AaABAg.9t_fI7nu8Km9uI61pnuNH5,Mksudnya persebaya dibela sama polisi gitu??,2 years ago,@sok365,UC9saBjj_Ys0cuZ7HvDWDcVQ,0,,https://yt3.ggpht.com/ytc/AIdro_n1hHNFfhXBR4BASbMAHa8CRJOT-_7vV_OG-i3RKWwWIZ-j-3B7Fl4iapOfpamSrb2qYA=s88-c-k-c0x00ffffff-no-rj,False,True,1718606211.137726
UgyopsNlIZ7BNDBg0Zh4AaABAg.9t_fI7nu8Km9v2UxpxfjG8,ada yg ga beres sama otak kau,2 years ago,@mochchoiron7119,UCV0s8VJlyLHnNadd1zl5o_g,0,,https://yt3.ggpht.com/ytc/AIdro_nfZGR06EBcDAbuVBroB5T81T2XYg0HrxZ4_nCwNVmA-xM=s88-c-k-c0x00ffffff-no-rj,False,True,1718606211.139305
UgzbTgZTZLb66vJYNKl4AaABAg,Persebaya ❤,2 years ago,@moriendakeyzaakbar1250,UCc7BdhOXLDTxz7HOCJ2L5KQ,1,,https://yt3.ggpht.com/ytc/AIdro_m5a--2A0kSHPJTmfOyUzuJsCLEPkIBtYWgE0oYhjOZ492NqXOSvIXaZ7Lf_tvLkIVHtA=s88-c-k-c0x00ffffff-no-rj,False,False,1718606211.401095
UgxrgFADz5ua7mRsAO14AaABAg,Intine arema musuh suporter Indonesia,2 years ago,@AndraRamadhan-gb5yg,UCjkT8UESMLv2DErcbIKnEjA,1,,https://yt3.ggpht.com/9BOQrNXOpv1Th9VZePSxAIFCGNP1vRHCkYdKJ_j9gwnpsm3FsDAmZ_s0xI4sMnqEHqXuXZJZfnc=s88-c-k-c0x00ffffff-no-rj,False,False,1718606211.402919
Ugzo3poANrItvYWkQmp4AaABAg,"Kalo dilihat dari real video kejadian dari awal sampe akhir.. memang awal mula kerusuhan terjadi dimulai dari suporter aremania saat ke-2 team sedang bertanding.. karena sudah ada lemparan2 kecil yg pastinya bisa jadi pemicu kericuhan makin besar.
Setelah skor di tetap kan arema 2 - 3 persebaya.. disitulah kericuhan mulai bertambah & makin tak terkendali..
Kalau menurut pandangan saya pribadi.. polisi/ brimob sudah dgn baik bertugas untuk melindungi pemain & official persebaya. & maksud dari penutupan gerbang stadion yaitu agar supaya suporter yg sedang marah atas kekalahan tidak langsung menuju luar stadion untuk menemui pemain dan team dari persebaya yg sedang di kawal untuk pulang oleh polisi/brimob..  
Langkah tsb menurut saya sudah betul..
Tetapi sangat di sayangkan ada penembakan gas air mata ke arah tribun penonton yg saat itu pintu/gerbang keluar nya telah di tutup. Seandainya tidak ada tembakan gas air mata .. tentunya tidak ada korban berjatuhan karena efek samping nya.. point nya, jadi tidak semua anggota kepolisian bersalah atas tragedi ini.. kepolisian bahkan dgn cepat & sigap dalam mengamankan team persebaya.. kalau tidak apa yg akan terjadi pada team persebaya dari amukan suporter tersebut???
Jadi tidak semua di pukul rata tragedi kanjuruan ini polisi/brimob saja yg disalahkan. 
Mari berbenah diri, menjadi suporter yg baik, bersahabat, Lupakan rivalitas negative .. salam seduluran .. salam satu nyali.. WANIIII!!!",2 years ago,@nisawahyu8237,UCx1IGeeaIKgXNe_5oxd6U8Q,4,,https://yt3.ggpht.com/ytc/AIdro_kwM5qH_C2pce8Gx2NUi0mH6vle5P9yjmLfUM4RPbViIA=s88-c-k-c0x00ffffff-no-rj,False,False,1718606211.405042
Ugx6_x493p85RPYlxjZ4AaABAg,Asline suporter di tembak mati ae,2 years ago,@elanggumilang-yr6oh,UC0zIJ9pAmTrtitpmY7Jio1w,1,,https://yt3.ggpht.com/ytc/AIdro_k65DZsAHQBUnAuOxSZT7r9fAk4iy8_eNYr_aT6LrBfoCwrcS85Lh9VOPaGRI17GotdtA=s88-c-k-c0x00ffffff-no-rj,False,False,1718606211.406694
UgzCKALswJWaMJpcZYF4AaABAg,Dokumentasi ter epic,2 years ago,@ardinarimo6088,UCEyNVtEsfb4cld_HLEaYJ8w,1,,https://yt3.ggpht.com/ytc/AIdro_l57C6hKUAqg0OOzI1xbdgpV46r9Cs0v7q_oVKvGlc=s88-c-k-c0x00ffffff-no-rj,False,False,1718606211.40824
Ugyb6R_ygDsN1VyNHoB4AaABAg,"inilah produk sepakbola kita selama ini, ""rivalitas"" diolah sedemikian rupa sebagai bahan ""marketing"" industri bola ini, hingga harga tiket berapapun bisa terjual, emosi penonton dimainkan oleh berbagai media massa yg juga menjual ""berita2"" yg menurut mereka ""laku"" dijual meski mengesampingkan kenetralan, mengesampingkan kebenaran, dan tidak memikirkan efek dari hasil berita yang disampaikan.
puncaknya ketika semua sudah dalam puncak emosi tak terkendali maka suporter yang jadi korbannya, dan bom waktu tragedi akhirnya meledak juga, akan sulit dicari siapa salah yg salah krn sulit mencari api dan asapnya, semua terlibat. kini semua mencari ""kepentingan"" dlm tragedi ini..percayalah akan tetap sulit mencari keadilan bagi korban 135 orang tmn2 kami yg wafat, teramat sulit disaat institusi tidak bekerja dgn baik, hukum jg bisa dikendalikan, dan orang2 akar rumput tetap dipelihara dlm suasana ""diadu domba"" agar tidak selalu terfokus dlm mencari pelaku siapa yg salah..
ini wajah sesungguhnya negeri ini..",2 years ago,@faisalchannel4322,UCcXQL2Lx6egIN1oiYn2J11w,1,,https://yt3.ggpht.com/ytc/AIdro_nak0cIVuKoU-APVv8vQSwESUiy99_Dpk4UcUV3jbWyJw=s88-c-k-c0x00ffffff-no-rj,False,False,1718606211.409746
UgxNhW2W1y6VKCTgO8N4AaABAg,P,2 years ago,@ALFANEKAPRATAMA-i9k,UCFr5_7A5uRf8ZV5BTshoI1w,0,,https://yt3.ggpht.com/ytc/AIdro_nHNmhgK4mtwlkvbYzWQNsHe7dvV4nJKisK6SmVW8O7u9Pa8T0cWxyinae9f8_eisKzEw=s88-c-k-c0x00ffffff-no-rj,False,False,1718606211.411218
UgytQD6MQhy4gAwE22R4AaABAg,Dunia tau siapa aremania sebenarnya seperti psikopatttt yg terasa mau bunhhhh official tim persebaya,2 years ago,@readone95,UCuX7mA3SUbwmLOezTokTLKw,1,,https://yt3.ggpht.com/6YXg37novhDbJq-DCiPvPmaVjwOgDvB8n81qbUKLZtJSwdvOsVTZ4uBjBLLB7fWCoeP8dJ88w2k=s88-c-k-c0x00ffffff-no-rj,False,False,1718606211.412683
UgzzzcbyTiRMFolFg4d4AaABAg,"video ini coba di tayangkan di mata najwa pasti membungkam semua orang, tinggal menilai",2 years ago,@septiandwin63,UCVNO-QBJ5IKRAqa_vKSEFdw,4,1,https://yt3.ggpht.com/_CCwLBCoG-qpcwlb4CtAAtf87giG06E_OKL_Ktri8yRdaGQQbip-PyDNRWspHGMVGKQHoGMXIw=s88-c-k-c0x00ffffff-no-rj,False,False,1718606211.414196
UgzwbdKecOjoHQGcU7Z4AaABAg,baru nonton euy salam perdamaian,2 years ago,@bondet40,UCd4F0OOhLHU6AL7ECjf4l-w,4,,https://yt3.ggpht.com/trzCBMMf9NrehBLrgsnhTjX_x4X5B9lQD_G_Sl37JatrRYNdq5SYMhZvX7CgMq3SViDiWS1PWQ=s88-c-k-c0x00ffffff-no-rj,False,False,1718606211.415739
UgwNwtKDUKuvshpVIAR4AaABAg,AREMA IS PLAYING VICTIM !!!!!!!!,2 years ago,@RidhoHaidan,UC8iMoHLkRWwnY6-uQj9e8-Q,4,,https://yt3.ggpht.com/Ktshm3ukSdivfW8YVx72UDjYPvJ9On9gcX8Kd-e6Gw-sAknNjI7gGRZbKG-EeAjzOGm6zcyt=s88-c-k-c0x00ffffff-no-rj,False,False,1718606211.417341
UgzLugbnjS4qXNP7V3Z4AaABAg,Ngeri. Sudut pandang yg lain dari tragedi kanjuruhan.,2 years ago,@meldrinotarius-qi1pb,UCsD4BYDzK9RJdhP1lvwIGMg,8,,https://yt3.ggpht.com/ytc/AIdro_nlnprfmsQHcKfVAXzIVaFY0IZBPvzSgCuRtHsL17l6KNYfMlJExcuh0mZf4C_9dnSVrg=s88-c-k-c0x00ffffff-no-rj,False,False,1718606211.418863
Ugzzo-RDwSJfWRJr8VZ4AaABAg,pas masih awal2 kejadian saya yakin aparat keamanan yang salah. skrng saya sadar jika waktu itu suporter arema mau lebih dewasa untuk menerima kekalahan dan jika saat itu suporter arema tidak anarkis mungkin tidak akan terjadi kejadian seperti ini.,2 years ago,@leobilly2585,UCahSG0Q8c49T1j9y7yR1Anw,6,,https://yt3.ggpht.com/ytc/AIdro_nSk5GEhcxhEBnv847RNuT5RaTxFguWJMz2vHEYx5BDvAs=s88-c-k-c0x00ffffff-no-rj,False,False,1718606211.420357
Ugwl34cCJHA3sNOPsqV4AaABAg,Meh setahun ben delok video iki gak tau gak brebes mili ndelok pemaine dan official pahlawane awak dewe PERSEBAYA diantara hidup dan mati matur suwun PERSEBAYA,2 years ago,@fernandamahendra7220,UCO-PiuKCxlVMdacN1t1nkhA,9,,https://yt3.ggpht.com/ytc/AIdro_laoHJQg-n_An94bJD6j3ILXycSdvBx0YXfxlXWtc1Mr2V3bk0SO228QvSY7VRnLoNjdg=s88-c-k-c0x00ffffff-no-rj,False,False,1718606211.421892
Ugz3FtOgeiLmoBeROxV4AaABAg,Gimana ya kalo aremania nonton video ini,2 years ago,@muhwenaldi8386,UCi82yqCXNAn7iSHq4MEytYA,2,,https://yt3.ggpht.com/ytc/AIdro_lUWTHq1mjYrfqV9FfNpSDWbnoWwEnnkKmvIOjM_wkDn5g=s88-c-k-c0x00ffffff-no-rj,False,False,1718606211.42334
UgwUpJAJIMjUIVX0Zmd4AaABAg,Kapasitas 21rb tiket dijuali 42rb?,2 years ago,@reihanshabilla6007,UCvy7W0M5-_Rc3pvBKa6hXKw,2,,https://yt3.ggpht.com/ytc/AIdro_lTsn_SEf4XL2vXIaaoqLUud5NQ9oq-8qVva6nli6qHfYKIw450e_k2BCXQMQ4EGZfOvw=s88-c-k-c0x00ffffff-no-rj,False,False,1718606211.424794
UgxvkWUF-_s283Zk9AR4AaABAg,Ngeri aremania ga bisa nerima kalah,2 years ago,@agusrudal6088,UChC4wdqFwrYaHuKvTT15-DA,2,,https://yt3.ggpht.com/ytc/AIdro_kFkVCt36tMHbFc8SW9k1ceZmVpm-pygpdw-NdINwegqlU=s88-c-k-c0x00ffffff-no-rj,False,False,1718606211.426353
UgySDOYTe0sKKeGFgfF4AaABAg,Initne ojo gelem baturan karo supoter seng rasis n gk nduwe utek....sbgai jak mania saya lebih memilih brteman dgn suporter waras dan opo onok e...ngerti dewelah.....sajete x wani,2 years ago,@noobzgamerz709,UCfyPe6dK91NgtxwDDg5zSrw,3,,https://yt3.ggpht.com/ytc/AIdro_no0wFTQQiOMoAcFU1AMiN64w1-QGlm_wY-72sBgwAFhA=s88-c-k-c0x00ffffff-no-rj,False,False,1718606211.427807
UgwmaIq5NlHWH2atJwt4AaABAg,Brutal pisan aremania,2 years ago,@rahmatapriana9736,UCgbA5T58iB7UAMfqkBlyxMg,5,,https://yt3.ggpht.com/0i2EenArukobgZy_1vIJdwD9IZPwq1rFXxLw1E8IHugFDRlqwI_vN3wQXroFpGnqdXjH1F-S=s88-c-k-c0x00ffffff-no-rj,False,False,1718606211.429273
Ugz7IWJETnImd6FYTEh4AaABAg,Luput dari sorotan 😢,2 years ago,@JamaL_Kelayaban,UCJhScHsosCMamQb7R-fmjpw,2,,https://yt3.ggpht.com/HzjMcjbkqHBiHmWP5Ol4VxaAmACoHGlHi0x2k_6xn7FpKDUttWfy45GWwB9mC93cS_eRss3PhA=s88-c-k-c0x00ffffff-no-rj,False,False,1718606211.43074
UgzzzcbyTiRMFolFg4d4AaABAg.9tEApMibMSD9tQ98kreyh6,tutup mata mas yg di goreng aparat dan gas air mata terus 😂,2 years ago,@ahmadnurfizaini6550,UCa-uKEMgBpo-HlEMj5iAhCg,1,,https://yt3.ggpht.com/ytc/AIdro_mtVDL96r77j83NLg1fxm_hu10KLokvqIyh6FnARgomQ84=s88-c-k-c0x00ffffff-no-rj,False,True,1718606211.618052
UgwJjSAVioKkIb_X1kV4AaABAg,"Sy yakin kejadian serupa gini bakal berulang klo organisasi suporter fanatis masih eksis, intinya bubarkan aremania, viking, bonek, the jakmania dll. .jadi suporter biasa aja tanpa atribut, cukup atribut tim nya aja lah. Fanatisme & anarkisme sudah mendarah daging . Harus distop, presiden kalo bisa keluarin Perpes aja buat bubarin organisasi suporter yg punya historis anarkis. Biar sepakbola indo lebih maju, pengen nyetadion lebih save bareng keluarga. Tapi yasudahlah, no offense ya. Tiap org berhak keluarin pendapat. Ya kan?",2 years ago,@rlukman_89,UCo-68uX3jomFi7YjZebXsrA,1,,https://yt3.ggpht.com/x4Do1-40Pf3BCfu7HApnwaQql4YMd22cgZW_Dtjw6QAMigiWA-plnQ4k-1IMp7HZFp6nzLxjDeY=s88-c-k-c0x00ffffff-no-rj,False,False,1718606211.933482
UgwCs8-okKpKIiUaxLN4AaABAg,"BONEK DAN THE JAK KITA BERSATU Dan BERSAUDARA ❤️💚 Bersama Berusaha Menghilangkan Permusuhan.. 

Semoga tertular positifnya Semua suporter Indonesia. Ayoo mari Berbenah Dan Bersaudara.. 

Provokator Hilangkan!!!!!
Provokator Usut Tuntas!!!?
Suporter Indonesia ❤",2 years ago,@marswar1212,UCfA61ZFlXnMgcEd4llW7Hug,15,1,https://yt3.ggpht.com/ytc/AIdro_kAvXwKhF9W-758960a9XjLrXxvSdrZkX4XZl0vZ0CotMcCwuJe0HKveyMX8NMWQ9UFfw=s88-c-k-c0x00ffffff-no-rj,False,False,1718606211.93524
Ugz1NcmrYDvVjGq7jTV4AaABAg,Karna ulah aremania dwe opo mbok nek arema kesruh opo yo ga nyowo e petugas sing dadi taruhaan makane aremania dadi supporter sing cerdas ojok dadi supporter sing bodoh & provokatif tak dungakno oleh hidayaah arema kabeh ben sadar.....salaam satu jiwa...jiwa sing waras tapi berdasarkan logika,2 years ago,@DedySunaryo-o8p,UCgxzN6GMmhjqR2K-ysKNYEA,3,,https://yt3.ggpht.com/ytc/AIdro_nkwyjNjXiTbomljA7uogixZrzODDBJARZoRWe5u8Oz1e7OolmJA7H9ZsVkbBDlarhMIg=s88-c-k-c0x00ffffff-no-rj,False,False,1718606211.936903
Ugzz8J47YnM0BoYfRDt4AaABAg,Persebaya Surabaya Luar biasa,2 years ago,@Gmateh,UCpfuB5t8bk1NO0OtrhTiCAQ,8,,https://yt3.ggpht.com/lU5zG3IAx930Fe_RwVBoNk6uAJyJKfHRCvWCcfo0gIajfb_SLsWgEg7ApvlJ1Am-bsuNsnS9uA=s88-c-k-c0x00ffffff-no-rj,False,False,1718606211.938417
UgwCO6To5P8tmvrhv-94AaABAg,Ternyata suasana di luar stadion lebih ngeri,2 years ago,@seadaadanya951,UCSOKCLDp0BPLNaJWGVvmOmw,6,,https://yt3.ggpht.com/ytc/AIdro_las70g7o7I0Kgb-ODhpD6aJ6U0zwAacmugC1VzaZib=s88-c-k-c0x00ffffff-no-rj,False,False,1718606211.940002
UgyOARxD5Y-YSxb0qAd4AaABAg,Kangen bung valen.,2 years ago,@MasH1933,UC-wRrMJM4Urh99KsV9s3y0Q,4,,https://yt3.ggpht.com/ytc/AIdro_m6Hnuto5oo8T-RV3FFyV4piqGhEv_tVP8JFD43cAI9zDsi=s88-c-k-c0x00ffffff-no-rj,False,False,1718606211.941594
UgzxxW5EDh2HjizAi9R4AaABAg,"Salut untuk semua polisi yg mengamankan para pemain Persebaya, tp tidak untuk mereka yg membantai ratusan anak tidak bersalah di tribun kanjuruhan,,
Alfatihah untuk para korban🙏🙏",2 years ago,@edosofyansetiadi3822,UCIcNbmkqGF3bMyKwKzgNW8Q,4,,https://yt3.ggpht.com/ytc/AIdro_kFKyUfpTt-g7ZZ-6LZ1sANP6791YgWTIsbAPxggknb2p4vMYee8SivclGdDEQnvFVPyg=s88-c-k-c0x00ffffff-no-rj,False,False,1718606211.943063
Ugzxjim5bqPeS_t1V_d4AaABAg,Kerungu suarane seng rasis paling arema ga tau ngaji mngkane cangkem e g iso di jogo,2 years ago,@ferdialviansa1518,UCkrYqJ2GGyviwY5WoxS3KZw,2,,https://yt3.ggpht.com/ytc/AIdro_lb-lBb6-rl_rxGgAnDeW8EvJQjI_nH6RhaFU61qkNyLtqKelCNJ2fbVBeKGbbGsTR3ag=s88-c-k-c0x00ffffff-no-rj,False,False,1718606211.944508
UgzmYnNvtq0uT8fL71N4AaABAg,Tuhan murka dengan perilakumu sendiri Arema 😂,2 years ago,@irhammuzakki22,UCKymzGmKmtqjYRl-ashogzQ,2,,https://yt3.ggpht.com/a7sV39qgbh4zXlsPAoDdI35aAmU6y3C5LTzMEZmEA6UN8cJ38qpdHP1hKfznd1a3sLCdS0sqZw=s88-c-k-c0x00ffffff-no-rj,False,False,1718606211.945969
UgwPk20bcMOCHwgkdCp4AaABAg,Mental rusuh.... primitif...😅😅😂,2 years ago,@Lensamemori,UCcmDuiH5-A85PcVbZE5lchw,2,,https://yt3.ggpht.com/r-lXnMzH5aogGBn9QhPaSlLhOH0JJB8jyqLptWqTRDuu_bYEhMQXU2cSuZvnw-aOG686871AdIc=s88-c-k-c0x00ffffff-no-rj,False,False,1718606211.947467
Ugz_ct6uNHbFKjy4qwl4AaABAg,"kirik kirik malang podo ngeri""",2 years ago,@ANTI_KENGKUNG,UCKLOSzCgWg_WrztgQrGBG2Q,1,,https://yt3.ggpht.com/ytc/AIdro_nATaj_XyZ449yTpyY9GNkkpedOEjet8B9ru95ikqwS3Mf-MXvcS1UlV0t6a5VEu6AwMQ=s88-c-k-c0x00ffffff-no-rj,False,False,1718606211.948942
UgwDhldq5NAm1h6nNQJ4AaABAg,Arewaria,2 years ago,@sanrico2185,UCW61ZjIfQSIaQbYFE8bl38A,2,,https://yt3.ggpht.com/FtZOEomyGqQ4BfLcN5cqGViOR1uW06ZZ1JhrMEKwSOSMXlvvJnGGCuIT0hlYqlbxLJlNr7NATg=s88-c-k-c0x00ffffff-no-rj,False,False,1718606211.9504
UgxIO8xh0QeKBsbxuct4AaABAg,Gw sering tantang arema buat nonton ini sampai full tapi mereka se akan akan ketakutan oleh fakta seterang ini,2 years ago,@riiin7871,UCXw-ev8TRRmpM_yy1vpHZjQ,73,2,https://yt3.ggpht.com/rH0y3NahkU17OG_L92vvkMpOqee-6qA9Gc0fZO9gfm0vZ-1eJK8sut5SAjpBSiEkltx7ej8u=s88-c-k-c0x00ffffff-no-rj,False,False,1718606211.951866
UgxAG2rJdD1Ru7BzkAR4AaABAg,"Dalam aturan fifa penonton yang turun ke lapangan boleh ditangkap.kemudian di aturan fifa suporter yang menyerang pemain dan official bisa dibanned larangan menonton seumur hidup..kl di eropa polisi gak pakai gas air mata karena suporternya tertib, kl di indonesia suporter brutal kayak gt wajar aja polisi pake gas air mata..",2 years ago,@java1899,UCTCYkpq5L633OvZFA8PLHZw,79,3,https://yt3.ggpht.com/UKYrkXmTybOjZ0kNh14zZr1lWaExWDG7bCNjl86-qe0gcl0NTei6cddRKu9vKHIBR1c5xN-1=s88-c-k-c0x00ffffff-no-rj,False,False,1718606211.953337
Ugxxl7CUMaRrYZhZ9sB4AaABAg,"Merinding sekaligus mengerikan setelah menonton dokumenter ini. 
Ini Derby paling mengerikan menurut saya. Dari berangkat 500 meter menuju stadion sudah dilempari batu itu mengerikan sudah ga wajar. Terus katanya ada beras kuning dilempar + waktu keos sampe ada yang kyk kesuru*** itu mistis banget entah itu bener atau ga. Dengan suporter  segitu banyak di stadion + di luar stadion jumlahnya mungkin sama kyk di stadion itu bener² lautan manusia. Suporter di luar yang anarkis ga heran pemain persebaya + official bener² takut mereka seperti diincar akan dibun**.

Dari suporter masuk stadion karena tidak bisa menerima kekalahan sehingga memicu suporter yang lain turun yang jelas itu salah  hingga apart mengeluarkan gas air mata itu tidak dibenarkan. 

Dari tragedi ini banyak sekali pelajaran yang dapat diambil dalam sepak bola indonesia. Terutama safe scurity. 

Musim liga yang baru ini ga heran banyak klub yang naikin harga tiket , sistem tiket yang ribet hingga adanya sterilisasi sampe 4 ring. 

Semoga tidak ada lagi pertandingan sepak bola yang merenggut nyawa.",2 years ago (edited),@Bolakinii,UCcADt9YKHnvg51axpml75bQ,5,,https://yt3.ggpht.com/PfgH2DXKbuwRPb8OnrjB6y1wRshseGXz96-hbESnXwwbENBXutxgWJDrTCqHV8TkvZXfWlPa_w=s88-c-k-c0x00ffffff-no-rj,False,False,1718606211.954798
UgwQZE_hBTbzZXpUcFZ4AaABAg,VIDEO IKI DADI BUKTI LAK KABEH PENYEBAB AWAL IKU TEKAN SUPORTER AREMANIA IKU DEWE SENG NGELAKONI TINDAKAN BODOH DAN BRUTAL SERTA FATAL SENG MARAI TRAGEDI KELAM IKU TERJADI DAN POLISI SAAT IKU CUMA BERSIKAP MELINDUNGI DIRI SESUAI PROSEDURNYA TANPA MELANGGAR KODE ETIK PERLINDUNGAN DARURAT DALAM HUKUM KEPOLISIAN.,2 years ago,@rifqiajes1470,UCC8C9YTStsOEyXSX6Xg-PJg,3,,https://yt3.ggpht.com/bZnp_wqQ6x1gukM7W34FovRrQDWAlpxuyZKUkS6O2Bx_Q0KJ86WEQY7KT-2X_AlMVaxhTImj=s88-c-k-c0x00ffffff-no-rj,False,False,1718606211.956311
UgzHsEkOe7NdAZcjMN54AaABAg,Kiamatmu di malang tapi boong cuaks😅,2 years ago,@Raisa23-u5i,UCVsNpIxGoYbEPkCY-bcniXA,1,,https://yt3.ggpht.com/ytc/AIdro_nG4SbiRinF1vfW-o9Rnw5llJVk7TkcI6fsy_QOXjoibee1KSsh76gul9To0U7W2NWuBQ=s88-c-k-c0x00ffffff-no-rj,False,False,1718606211.961766
Ugxzq5R2EzW6bGwDkYh4AaABAg,Adoh adoh tekan malang nang kene dodol bakwan,2 years ago,@Raisa23-u5i,UCVsNpIxGoYbEPkCY-bcniXA,1,,https://yt3.ggpht.com/ytc/AIdro_nG4SbiRinF1vfW-o9Rnw5llJVk7TkcI6fsy_QOXjoibee1KSsh76gul9To0U7W2NWuBQ=s88-c-k-c0x00ffffff-no-rj,False,False,1718606211.964024
Ugw3Mqd4oLM6_DGYg9h4AaABAg,"Angkat topi untuk tim evakuasi pemain dan official persebaya, mrebes mili aku nonton cak 🥺, salam teko ijo tengah dulur🥺",2 years ago,@WelderBoy26,UC1lYBoYkPL5uddlCMUXMYFA,11,1,https://yt3.ggpht.com/UenBWaCrr0Lj_p0MuDwMus4uljZ0_7VHWdYDcFTxmLh5LOir3k3ehkAgpdeN90wJUIdBmnbnjqc=s88-c-k-c0x00ffffff-no-rj,False,False,1718606211.966966
UgzlNVRVtXF12R2TzqN4AaABAg,Ketika sampah nonton bola inilah yang terjadi,2 years ago,@VidiAdityo,UCk50xRwATN7_E9eGgnA8CpQ,2,,https://yt3.ggpht.com/ytc/AIdro_kzvqBzC6fY6zA6uGYray-m98W0rLkFN-UBKQZGT0pe5rCZwKob-WW8VOH_U81sHWX3tg=s88-c-k-c0x00ffffff-no-rj,False,False,1718606211.969475
UgwCs8-okKpKIiUaxLN4AaABAg.9t5J1drnu5s9tD1zK-PYyP,Wani X Sajete 💚🧡,2 years ago,@rickville8898,UCtARrJXO7ACSMSHk2UGpWHg,1,,https://yt3.ggpht.com/ytc/AIdro_kqQ6oR1lWeQlnWK7EQctIRfJG4AnqpVaTscoR0a4g=s88-c-k-c0x00ffffff-no-rj,False,True,1718606212.15702
UgxIO8xh0QeKBsbxuct4AaABAg.9stoxboHVKVA6BTuprNYbj,"Mohon diingat, mreka pun memanggil diri mereka saja dgn sebutan ""kera ngalam"" jdi yo wajar lk klakuane kyok bedhes",1 year ago,@LaVerga-b4c,UCt6p_NR49U8jKXjwJAHi4XQ,6,,https://yt3.ggpht.com/cF7e_0YLatFLr-A09PukIbmp27B6WlFDhjZ_-eB3CTSrRY51kD-Hr9agVmW8SHUV9a9S6KsRLQ=s88-c-k-c0x00ffffff-no-rj,False,True,1750142212.33258
UgxIO8xh0QeKBsbxuct4AaABAg.9stoxboHVKV9vZ3SJc8PBE,pasti.,2 years ago,@lyxsyy,UCtSUckDUtZUr0t2wVegDdyg,0,,https://yt3.ggpht.com/UKfd2ZqhxP7AKX81i6G6Nl1-rd6bwcHrpzgWloOX0eF2CIJlOHNC4H6f7H4BuD_5SUHMBdyxKQ=s88-c-k-c0x00ffffff-no-rj,False,True,1718606212.334321
UgxAG2rJdD1Ru7BzkAR4AaABAg.9stSalVNyV4ABCnufulAGP,"Betul, jelas beda. Ga pake gas air mata, official dan personil keamanan yg bakal mati",1 year ago,@b_alfiyanniammahfudh8253,UCJxY2W_jPSREMpYz8zD0DUA,7,,https://yt3.ggpht.com/ytc/AIdro_mN9qjjpnPDZZ7ThWyujinWLsCWGe-zRaJISxevHnwcdis=s88-c-k-c0x00ffffff-no-rj,False,True,1750142212.52622
UgxAG2rJdD1Ru7BzkAR4AaABAg.9stSalVNyV4AIFJ1C_JvLr, @b_alfiyanniammahfudh8253 kita ga bisa liat ridho di timnas😭😭😭,1 year ago,@Ketombelaut27,UCPfNiYNlPKVFkBYAltXswaQ,0,,https://yt3.ggpht.com/4wR0rwJ14d_5V79wFhzuEhn7Pqmy18vAaWMWnFMewdNtgEaaMfalY6UUG4mu8mUCIzxIJdIw8g=s88-c-k-c0x00ffffff-no-rj,False,True,1750142212.52809
UgxAG2rJdD1Ru7BzkAR4AaABAg.9stSalVNyV4AJepfLff7Yg,"Wong gimana lagi, suporter bedes"" itu dewasa tapi pikirannya childish banget kalo soal bola. Menang arogan, kalah emosional ga terkendali.",11 months ago,@Ersha.Atmanegara,UC4T80PVa2c2Y3XVMTKhmTQg,0,,https://yt3.ggpht.com/YKDHOumXmGAlWF6-YOC4adZq0wYLuGFQqQWMrA3tIqkKvhpuNM3zqiVnUqrQCCi1PhguK0IK8dc=s88-c-k-c0x00ffffff-no-rj,False,True,1752734212.530859
Ugw3Mqd4oLM6_DGYg9h4AaABAg.9spuCHu5zQt9uFBi1HZ8bU,Mental pahlawan gk sepele masih ada gren force di blkng mereka❤🐊,2 years ago,@iswahyudi6613,UCt9fTnAEfvpk4xyxsSGDXtQ,1,,https://yt3.ggpht.com/ld7fvDc2l453RH58lgR2OcLTb08CWhAyjZbEs2X7rKFDIDatXB-nJQpzSFXDNr241A_BUKLIJnA=s88-c-k-c0x00ffffff-no-rj,False,True,1718606212.708889
UgzecSYE0vHqudUQxgR4AaABAg,aremania kalo mau menang trus main pes aja wkwkw,2 years ago,@Smusic-m22,UCU-_S1c_TbLUi6nDaAMUjIA,1,,https://yt3.ggpht.com/lmokfqGinPcDorFjWcNOuBiGTy7ZE2QzL_lSRXOraon0L4vbi5sckCb0uep4pTg4TYZ2oBKmiwM=s88-c-k-c0x00ffffff-no-rj,False,False,1718606212.964082
UgzUJlmSROQVwzYFtnx4AaABAg,Bubarkan Aremania bikin beban Liga Indonesia,2 years ago,@RanoKarno884,UCGtEW23Icv4eFIKZkSp5_xw,3,,https://yt3.ggpht.com/EWZNLsKCxLmK57vdr5pwxzsse6af-GgkCULwy50cpEDHqGF24dKUq9T9Yd23LcevEGxMjR0Y=s88-c-k-c0x00ffffff-no-rj,False,False,1718606212.965746
UgxxxRnuyXLjrlJJNk94AaABAg,"Terbukti, pemain profesional malah akan merasa tertantang dan cenderung menyenangi dengan atmosfer stadion yg walaupun itu isinya cacian dan makian terhadap mereka, mental seorang pemain sudah terbentuk menjadikan mereka  termotivasi untuk mengalahkan tim tuan rumah.
Jadi pesan untuk suporter tuan rumah, fokuslah untuk hanya memberi dukungan untuk tim sendiri jangan mencaci tim lawan, dan bersikaplah dewasa dengan hasil pertandingan, bila timnya kalah jangan ngamok jangan anarkis.",2 years ago,@Footballinf93,UCa0pvMTlbWOHZzjfebpjEUA,3,,https://yt3.ggpht.com/xXzFUYgWG4DX6IsQ1d9hMdAy0ThQ92uK7-xzMrPTAkKOemE1w_n2vcTVZJLLXMdSwKo_ady5gw=s88-c-k-c0x00ffffff-no-rj,False,False,1718606212.967336
Ugxp2omyY3iOBz4aa0h4AaABAg,YouTube spot 1 Oktober 2022,2 years ago,@ilhamvin7932,UC0VFI-8tOJ3jyXME8ubeKug,1,,https://yt3.ggpht.com/ytc/AIdro_ntGx1bbDOI1R7Z3i3Y8ZPggSnlzYyEZeNfCfMFWHYhTLD-7TzXhrwUGRICT2ubH8-hrw=s88-c-k-c0x00ffffff-no-rj,False,False,1718606212.968844
UgzlUuFbRt1XmpfWfnF4AaABAg,Bengis bengis bgt suportet arema ya serasa nyawa manusia ada ditangan mereka semua,2 years ago,@ridwanharisofficial1262,UCsuRWlcAVJiUOrduZ57XcIA,7,,https://yt3.ggpht.com/ytc/AIdro_nYwyWWCLWTleK5Zo_LSZSBqOSNksKt_Q8WGMXhWas3hhw=s88-c-k-c0x00ffffff-no-rj,False,False,1718606212.970288
Ugx6o_yVkoFC2kq3jcJ4AaABAg,kopi kapal api raja nya kopi seponsor   persebaya siap bangkit melalap lawan lawan kapal api di lawan tak sruput lho kak kak,2 years ago,@mustofakamal9054,UCVNzrcJdmNYmeuFi-xpVoOQ,3,,https://yt3.ggpht.com/ytc/AIdro_n4ohDxdb1ynzu_nSQG5zrL4U3w5E0OEvrfeTl_hcQ=s88-c-k-c0x00ffffff-no-rj,False,False,1718606212.9719
Ugz-Udlq8tvDCfy52md4AaABAg,"ini video yang ingin di sebarluaskan ke publik kan? tolonglah suruh interviewnya dengan bahasa indonesia, kalau memang gabisa bisa dengan translate, tujuannya agar pesan yang disampaikan bisa dicerna masyarakat UMUM dengan baik",2 years ago,@badrussalam5593,UCGfTlafFKEWbUngKxgsgzPg,1,,https://yt3.ggpht.com/xDnuFKnhPbEafE9SJI7hJuCZYdcwhRdYJ8-IDomhah3EIeoxLqSJmwfchkPc6czjxW-rLPprxQ=s88-c-k-c0x00ffffff-no-rj,False,False,1718606212.974389
UgyeeFTZPrGI9XpJmx14AaABAg,bubarkan supporter seperti gitu,2 years ago,@bangmontir2686,UCEBSSx3GF84JSxBavvF9EkA,0,,https://yt3.ggpht.com/ytc/AIdro_lvzFCGm7cnOQzHgJ2SY1t8BedCvK-7F9beVN2rc1h1CO8=s88-c-k-c0x00ffffff-no-rj,False,False,1718606212.976851
UgzTqITmCvrqzoCItfd4AaABAg,Dokumenter yg berkelas..,2 years ago,@anchidema481,UCTCaLXjUq2XgjbPLoBiqgMQ,0,,https://yt3.ggpht.com/ytc/AIdro_nBV9orsIYVfS8y0uJIJr71-407UN-xpOotz_GENgg9jIg=s88-c-k-c0x00ffffff-no-rj,False,False,1718606212.978447
UgwVht-PFRpeGZU0GJB4AaABAg,"Kayak e dr awal emang arema sudah merencanakan untuk membuat pembunuhan entah itu suporter atau pemain semua di sikat, tp kenapa kok malah seolah"" mereka korbannya?",2 years ago,@kyora216,UCYeEl6Pofher7SEamBB6wNw,3,,https://yt3.ggpht.com/ytc/AIdro_kDtw3hoZ3vPrxpivuxCywcweAPxeykk_aE2qWTFW9EPts=s88-c-k-c0x00ffffff-no-rj,False,False,1718606212.980071
UgxoKWbMBEargCMXZFl4AaABAg,"Usut tuntas 135.. Opone sg di usut.. Aremania ne ae sing ngawurr
   Mantapp polres malang",2 years ago,@irkhammaulana9674,UCNZcGlSsVvtyRhUpIj5rmGg,12,,https://yt3.ggpht.com/7rbq_wbVC7F8SzF8R-ImrZGup5KhLrrG5p05FYBIr8TOQyJcV6H8TK9kTALQeXQjBwZ2u7tR2w=s88-c-k-c0x00ffffff-no-rj,False,False,1718606212.981613
UgxvtLNl-EAfEMC8s9p4AaABAg,"& sekarang Aremania ditolak di mana2 
Wis, kapookk 😂😂😂",2 years ago,@Iychoenk,UCExjvJrHjQr3P_doiXTAWDA,3,,https://yt3.ggpht.com/ytc/AIdro_kAILHyvqz5fbRwnsxJ-Xay61_wLsf4iLcKGz2CMxWJUQ=s88-c-k-c0x00ffffff-no-rj,False,False,1718606212.98312
Ugx7CwhATqZ_vi-BHpB4AaABAg,"Sampe dilempar2in gitu ya
Ak dulu mbonek, ada satu bonek yg ngelempar gitu, langsung bonek2 sekitarnya pada mencegah lo, ""wooii, udaaahh2 ....""",2 years ago,@Iychoenk,UCExjvJrHjQr3P_doiXTAWDA,1,,https://yt3.ggpht.com/ytc/AIdro_kAILHyvqz5fbRwnsxJ-Xay61_wLsf4iLcKGz2CMxWJUQ=s88-c-k-c0x00ffffff-no-rj,False,False,1718606212.984662
UgxZkwcVmPrPygo-apd4AaABAg,"Seharusnya terjemahan utk bahasa jawa juga ada. Karna vidio ini dishare utk publik bukan utk org jawa saja. Dan, gak semua org tau bahsa jawa.",2 years ago (edited),@donisiahaan2106,UCLpg55zaAjPu5v6hb1bvfew,7,,https://yt3.ggpht.com/ytc/AIdro_m2qvyZDukTGkXMpzwKvzam11h1mBDKza2dTJp-XzrhIV0=s88-c-k-c0x00ffffff-no-rj,False,False,1718606212.986091
UgyNjp4nbKmNXJgPJ1R4AaABAg,Slam dari tobelo maluku utara . . Tarian yg asik lagu tobelo,2 years ago,@RizkiFebrian-nv5ug,UC8moIF7KZfMX0LcgeTyP1dA,1,,https://yt3.ggpht.com/ytc/AIdro_nG4SbiRinF1vfW-o9Rnw5llJVk7TkcI6fsy_QOXjoibee1KSsh76gul9To0U7W2NWuBQ=s88-c-k-c0x00ffffff-no-rj,False,False,1718606212.987528
UgzVQVmG8XoMI7gsF8x4AaABAg,Kebenaran terungkap lwt video pendek ini.. Siapa yg mengujarkan kebencian lwt yel² mreka...,2 years ago,@bachtiarpasha,UCXjM1-Od_9SWkiLrx9J9Q4w,3,,https://yt3.ggpht.com/ytc/AIdro_nm6897S81-9JtyGni4mNSSmZF43229hlr7zuUx6tM_yO4=s88-c-k-c0x00ffffff-no-rj,False,False,1718606212.98913
UgxYp-vYqdD4FeQ-8Ql4AaABAg,Klw gk bisa menerima kekalahan team yg di dukung... Gak usah jadi sporter...,2 years ago,@bachtiarpasha,UCXjM1-Od_9SWkiLrx9J9Q4w,2,,https://yt3.ggpht.com/ytc/AIdro_nm6897S81-9JtyGni4mNSSmZF43229hlr7zuUx6tM_yO4=s88-c-k-c0x00ffffff-no-rj,False,False,1718606212.991495
UgwP3isY7MZQ_Sypygh4AaABAg,🥺,2 years ago,@ekaapr9659,UCrvKlUf8sa1pwOjXSlGZ5IQ,0,,https://yt3.ggpht.com/ytc/AIdro_mRLHDd8NjgcJzYOjfocI0lyyr-4xsFWa2Rk1N3X8UlnC_JG2KQE1IaoSm4cR9C7ymAZA=s88-c-k-c0x00ffffff-no-rj,False,False,1718606212.994441
Ugwemutv-f3fT6Y3XD14AaABAg,"Sepurane cak sakdurunge, aku pas kui delok arema. posisiku ancen dukung persebaya, cuman kamuflase gawe jersey arema. roto2 wong sing ngamuk karo mudun nang lapangan roto2 kalah taruhan mas. makane emosine ga ke kontrol, maneh pas nk tribun mambu ciu sak arat2 🙏🏻",2 years ago,@yuanilhamrafsanzani6107,UCmIXrnIjyVR2FDWksBNj73A,28,4,https://yt3.ggpht.com/ytc/AIdro_nblk50OSOxLSNWHVENbpV7bxEEZaJJc73Sx8D1eHOCwXE=s88-c-k-c0x00ffffff-no-rj,False,False,1718606212.997477
Ugy1hXCxL9QEnKy91-V4AaABAg,Mugo mugo setelah kejadian iki ndang sadar aremania .. ojo sampek ono korban maneh🤲🏾,2 years ago,@muhammadhazar31,UChF23SNkUg8b8gNZxxCxicg,0,2,https://yt3.ggpht.com/ZKS_OGLMsBUAJ1ZRoX0smxRKj4itLqPU4V8_K-fKZiJB-PgfEe_FlyguH4N2iXhEaYkuSms5=s88-c-k-c0x00ffffff-no-rj,False,False,1718606213.000436
Ugwemutv-f3fT6Y3XD14AaABAg.9sIZdjCXhltA1T0_LG3T-c,"Kalah taruhan berapa sih bro ..
 Aku kalah main slot ratusan juta dalam semalam aja kalem kalem bae tuh",2 years ago,@SemsemGabut,UCVG420A-NZ9HxxeAppMetDg,2,,https://yt3.ggpht.com/ytc/AIdro_nlK0XZCHPihWVQ4ZXtf5b8YpsaViKGdlcNQOujPdbuOV75OJmCMvjy0UMhDlldDDfeTw=s88-c-k-c0x00ffffff-no-rj,False,True,1718606213.193948
Ugwemutv-f3fT6Y3XD14AaABAg.9sIZdjCXhltA38jbYU-mkJ,​ @SemsemGabut yg bnr😂,2 years ago,@KmNnya-d2h,UCf1RMr_kCR96sx_M287FP3w,0,,https://yt3.ggpht.com/ytc/AIdro_k9UxnvSEs8JwuJDQ-mV6u1Ei1FmVZ81IqmMkbvtyEEUuGBEHgOsXdETp1IQUaanB9mRA=s88-c-k-c0x00ffffff-no-rj,False,True,1718606213.195695
Ugwemutv-f3fT6Y3XD14AaABAg.9sIZdjCXhltA3IknocCueo,"Wkwkwkwkwk mosok wong sak mono akehe kalah taruhan cak cak, lucu lucu awakmu Iki😂",2 years ago,@jefryperdana6099,UCkd1M3qU5TkDEad1uCNThpw,0,,https://yt3.ggpht.com/ytc/AIdro_ktf9w-_Y-Ykk2WaCOrvRvto-DqwRfZrCwkWm-etOgO-lhcHcpTYkUtyPAuK6d42C4TAw=s88-c-k-c0x00ffffff-no-rj,False,True,1718606213.197201
Ugwemutv-f3fT6Y3XD14AaABAg.9sIZdjCXhltA4Cr9Zrw1Tc,"​ @jefryperdana6099 pean ero ""rata2"" ga?, literasi sng bener mas",2 years ago,@reja8086,UC3XDn078DEaC18eam_7FuXg,2,,https://yt3.ggpht.com/ytc/AIdro_ldHKukDeexJc1etlTVloWbFgCXQE4pSyPM8U5iFbdkNmuyLJ6B7uOW2t8rnYDqm8RXbw=s88-c-k-c0x00ffffff-no-rj,False,True,1718606213.198714
Ugy1hXCxL9QEnKy91-V4AaABAg.9sCH-2-K64k9sRy5wDaRoh,Sek Ket wingi gawe rusuh maneh ...,2 years ago,@Iychoenk,UCExjvJrHjQr3P_doiXTAWDA,0,,https://yt3.ggpht.com/ytc/AIdro_kAILHyvqz5fbRwnsxJ-Xay61_wLsf4iLcKGz2CMxWJUQ=s88-c-k-c0x00ffffff-no-rj,False,True,1718606213.375414
Ugy1hXCxL9QEnKy91-V4AaABAg.9sCH-2-K64k9sST6uKi5zC, @Iychoenk  lahyo iku lur .. sawangane kok cek angel temen nompo prtondo teko pengeran,2 years ago (edited),@muhammadhazar31,UChF23SNkUg8b8gNZxxCxicg,0,,https://yt3.ggpht.com/ZKS_OGLMsBUAJ1ZRoX0smxRKj4itLqPU4V8_K-fKZiJB-PgfEe_FlyguH4N2iXhEaYkuSms5=s88-c-k-c0x00ffffff-no-rj,False,True,1718606213.37718
UgzKRm83NUbXsJ9-KZZ4AaABAg,"Walaupun saya komen sekarang tapi       
Tetap semangat persebaya pemain persebaya yang paling saya suka/favorit yaiku nomor pitu alias 7 marselino.F",2 years ago,@meilianadiola8518,UC7dJZb6iRiFEka_YmJmHF7A,0,,https://yt3.ggpht.com/ytc/AIdro_ll4xTQJZCRUYeVp9StyFVJwjqmwwRn509psvINU3o=s88-c-k-c0x00ffffff-no-rj,False,False,1718606213.709752
Ugy6PHAAIuSwyoPg6KR4AaABAg,"Ternyata mereka bringas sekali. Pantas saja pintu tribun masih terkunci, ternyata polisi punya alasan karena diluar masih ada tim dan official persebaya yang masih terkepung oleh kebrutalan mereka.",2 years ago,@bahrulruzky8800,UCfGqRH5EUROLpA3hnhcZS1g,28,1,https://yt3.ggpht.com/ytc/AIdro_nVowqTMIF88jQ9RBHGE_Bvkv0wSoH78y-Kyhekmd7Ni3Q=s88-c-k-c0x00ffffff-no-rj,False,False,1718606213.711535
UgxJmWEWtZshNSPj5-l4AaABAg,Ditgl ultahku ini malah trjadi tragedi 😢,2 years ago,@KomplekBurungNusantara,UCwqsI_Y_Spc35ALbWPWRFaw,0,,https://yt3.ggpht.com/3T5KcOMDtZBOoEzuR1tihn_odLqluV0gHwsgZNfaNX2kCPgwrsZRSNe7Kzk2Wv0ggMsHB656=s88-c-k-c0x00ffffff-no-rj,False,False,1718606213.713207
UgzbH_DlfgToEtULgS94AaABAg,Dari peristiwa ini kita belajar BELAJAR,2 years ago,@ridwanarifin8793,UCyog_XO7G6iTxZ9L6DV3FEQ,0,,https://yt3.ggpht.com/ytc/AIdro_l6XDBFfYDXPZN0rwZxOdmfPOW-WkG4zyls9nGgF6FPpA=s88-c-k-c0x00ffffff-no-rj,False,False,1718606213.714856
UgxNzh-Io4I20EWK5Bt4AaABAg,"Arema Oh Arema.. kok onok kejadian malah nyalahno polisi wkwkwkwk,, wong kon sing berbuat dewe kok nyalahno wong liyo ,parah",2 years ago,@achiezaziz7610,UCjMbQx05yqzj0s87ISc728g,2,,https://yt3.ggpht.com/ytc/AIdro_meYAh6NPkc3qZ9RQbztfozX2jknUqc69hcasQTLZa7CCWY6MHmzRI1I6I59gYFhEiQXA=s88-c-k-c0x00ffffff-no-rj,False,False,1718606213.716446
UgxtOGzs-gQCZe8gRTZ4AaABAg,"Dari vidio ini kita bisa melihat bahwa sistem aparat aslinya itu benar  bahwa yang akan di lakukan itu pintu stadiun di tutup dulu lalu pulangkan pemain dan official pemain persebaya dan kesalahan polisi knpa harus menembak gas airmata seketika para suporter di stadiun akan kecar kacir sehingga para suporter akan tambah emosi dan sehingga  suporter menrobos pintu""yang di tutup di stadiun sehingga banyaklah para suporter yang meninggal dan di situlah banyak korban yang terjepit,dan yg terkena gas air mata",2 years ago,@m.izzulfikri3458,UCPCkfNd-HbEK2tBAVtorPVA,8,1,https://yt3.ggpht.com/ytc/AIdro_m5DHdJOQs40hzoitGNZg5x-fmV6OYmJoszNAslGR0idT_rVnRjRUDprHsTC8XFm7CrIA=s88-c-k-c0x00ffffff-no-rj,False,False,1718606213.718074
UgxOqiOF0LgjTQMx9DN4AaABAg,The real kameramen selamat,2 years ago (edited),@multimedia2709,UCPc2d69J3tPC2CMBp_nKVRg,4,,https://yt3.ggpht.com/xYm1LGaUEhT01ChBrMZrC7ANGZeeuEbbNGTsMnGe7PF93wHTNooS8FRmgo9tmA4E5gydGajM4E0=s88-c-k-c0x00ffffff-no-rj,False,False,1718606213.720025
UgxNV0jDCTUJX1c4-zl4AaABAg,Ngene nyalahno aparat padahal awak e dewe seng ngaiti lawak supporter amera,2 years ago,@ajisaputra6423,UCYI9hTQ-fDA6ZtNnn0-mpuw,2,,https://yt3.ggpht.com/ytc/AIdro_ndU10OMySHCY9wHu3AdQEOIJHeCw25y675Ty0RAdfowQ=s88-c-k-c0x00ffffff-no-rj,False,False,1718606213.721532
Ugxneais5ibAmsyD_U14AaABAg,Hukum sebab dan akibat...dan sekarang hukum sosial menantimu..sampai sekarang mereka tak punya urat malu dan tanpa sadar menjadi penyebab saudaranya menjadi korban.,2 years ago,@santosusanto3323,UCSFafnOKY3yXODFkyi-mFHg,3,,https://yt3.ggpht.com/ytc/AIdro_mbdw79JGc5mlEFb4L_fDS_eNfnZ3cB5TODqlDQLt_5YWQ-7_FLklstw7UB2tMe0YfK6w=s88-c-k-c0x00ffffff-no-rj,False,False,1718606213.723025
UgwEfis5_XHYWMTTTb14AaABAg,Harusnya Arema dan Aremania maluuu melihat video ini!!!,2 years ago,@rerekranda5933,UC2aukolN2e6LI0GVpk2DFnw,4,,https://yt3.ggpht.com/Qrf8vhG6zRst5Fi6YLBjdVuiiz8Zg_2_UC5YSpeeKT43j4eXluFf0Ksam_18BzxoHWVAFhnNgdA=s88-c-k-c0x00ffffff-no-rj,False,False,1718606213.724513
UgzfQkDF_4xALVMd3r54AaABAg,Fans Arema suruh tonton ini biar gak cari kambing hitam terus itu tim beban,2 years ago,@rerekranda5933,UC2aukolN2e6LI0GVpk2DFnw,2,,https://yt3.ggpht.com/Qrf8vhG6zRst5Fi6YLBjdVuiiz8Zg_2_UC5YSpeeKT43j4eXluFf0Ksam_18BzxoHWVAFhnNgdA=s88-c-k-c0x00ffffff-no-rj,False,False,1718606213.726091
UgyMabYcX9ra4iQGSFt4AaABAg,Sangat menyeramkan sekali memang aremania sampai polisi polisi itu membunuh mereka,2 years ago,@joanlaporta_barcelona,UCrCD8hwA-VA0s8PZM4Mg7dg,0,,https://yt3.ggpht.com/9UlEDaC26ApOYNJkMG55cXZZfHCbmGTulf3LIe7SzbL1d3ikej7bQxLbGPg5w8FwgzlG69_nZQ=s88-c-k-c0x00ffffff-no-rj,False,False,1718606213.727553
UgzW_Skk18i26aZyGXt4AaABAg,"AREMANIA LUCU POLL, yakali ada beginian pihak keamanan diem doang ya habis lahh😂😂😂",2 years ago (edited),@ramaofficialchannelassistant,UCOdmT49ilNa_dVmSKYUcXnA,5,,https://yt3.ggpht.com/xsQoeQoKdUF_gXnDeV7et7w3uS-fwTNGtjoabybSDILvIbKVg16Hezp_b3KgxD4jqP32rUbDDw=s88-c-k-c0x00ffffff-no-rj,False,False,1718606213.72902
UgzSBTzrqLPgEx_F8W94AaABAg,"Mungkin kalo Persebaya tidak memakai tank ,mungkin akan ada peperangan besar",2 years ago,@AdamGaul-l3h,UCpY1E5xt0z3EoKOlQd0ScBA,0,,https://yt3.ggpht.com/ytc/AIdro_lE-2v4pt1Am5Vt4Pedf4xjFjaVCExlg_cJVl7OY2xcwvV1BhXRzUSHIHLwFa5dONFuTw=s88-c-k-c0x00ffffff-no-rj,False,False,1718606213.730576
Ugw--XcTzv3i5jG74JF4AaABAg,AREMANIASU,2 years ago,@rifkifauzi2171,UCr1NSjGLb6XWVwLbQeK530Q,2,,https://yt3.ggpht.com/ytc/AIdro_mNkj4pW6jUvChG4gBzsrYlBtzdpsU-SuNMu6MPKVmDoCxY2_D05vAOfPJE2IATJUm0Sw=s88-c-k-c0x00ffffff-no-rj,False,False,1718606213.732036
UgyIAh6HqI-qt2Zvqel4AaABAg,Setelah nonton ini. Liat suporter arema yg nimpuk2 trus triak2 rasis.. JADI JIJIK SMA SUPORTER AREMAN,2 years ago,@BrayBay,UCyIg8qQyesS5tc9uT54Huog,3,,https://yt3.ggpht.com/ytc/AIdro_mEZHvwRV0keWlWe2UghE8cXAaBJ4oGZBpTbw3Y2PtF4KjhE3lNuL5IOut58OWZDL5bag=s88-c-k-c0x00ffffff-no-rj,False,False,1718606213.733475
Ugzi6j479XuBL2cZ-g54AaABAg,Salam dulur dari bobotoh,2 years ago,@SanzzGaming-tp2xk,UCzVj00QNrbg1TKVqdWTz6rg,7,,https://yt3.ggpht.com/DblQ9tpTH9YlegPKgcd38OoPVD7FaUT5AsPHgLpvzAOJ-p1xyPuhdKeAxbqySiPn2OOrwPBjcQ=s88-c-k-c0x00ffffff-no-rj,False,False,1718606213.734916
UgzZQfTa2WHXDUnYdhp4AaABAg,"Aremasu ""KIAMATMU DIMALANG""
Bonek ""lololo gak bahaya ta?""",2 years ago,@rickypratama2641,UCzYDMQn4hgQlZekjHDm8QsQ,2,,https://yt3.ggpht.com/ytc/AIdro_mNjLbpLEDw1c1ji-ezLvonc4j1DadZbpXlcakSO8HcDro=s88-c-k-c0x00ffffff-no-rj,False,False,1718606213.736357
UgxherClPjuAWY2romV4AaABAg,"Matursuwun banget ijoku,perjuanganmu bakal dikenang bonek bonita gak bakal dilalekne,gak iso omong okeh intine suwun suwun matursuwun PERSEBAYA,WANI!!!!!",2 years ago (edited),@rickypratama2641,UCzYDMQn4hgQlZekjHDm8QsQ,9,,https://yt3.ggpht.com/ytc/AIdro_mNjLbpLEDw1c1ji-ezLvonc4j1DadZbpXlcakSO8HcDro=s88-c-k-c0x00ffffff-no-rj,False,False,1718606213.737875
Ugx_k4c_BKYOnJyKKy94AaABAg,Terharu lihat ini pertndingn yng sngat bersejarah 🐊🐊🐊,2 years ago,@agil2742,UCJ_sXvn6OJ1B1o9YbPULoww,3,,https://yt3.ggpht.com/ytc/AIdro_m6XM5OlC7SXQNtCT15KAplA5hPTE0vnRGmQjAAg0U=s88-c-k-c0x00ffffff-no-rj,False,False,1718606213.73936
Ugy6PHAAIuSwyoPg6KR4AaABAg.9s9kJxIlv8gA1V0I5mn1nc,Sepaham... Lebih baik melindungi pemain..analisis cerdas,2 years ago,@frhendyaghata9402,UC8DrM0kNguHryqLstSaMx-w,0,,https://yt3.ggpht.com/ytc/AIdro_mCNLKfwKiVPGf-nAtzmhbYh9xK7AzUtiWyTtziQHIoQEE=s88-c-k-c0x00ffffff-no-rj,False,True,1718606213.927864
UgxtOGzs-gQCZe8gRTZ4AaABAg.9s6WVNdsNFVA4Z4JLd3YHv,Usut tuh provokator yg bikin kericuhan yg awal turun kelapangan bikin semua situasi jadi ricuh,2 years ago,@derifajar8024,UCBJXY5aAYJV4lv_tXnDxGmw,0,,https://yt3.ggpht.com/ytc/AIdro_kw13KkKaNh0JsNbUguDnLO8tW1t0tEt3dQpNcbIA1VbA=s88-c-k-c0x00ffffff-no-rj,False,True,1718606214.120123
UgwUsQOTrPW2DXmUoN94AaABAg,Aremania emang kampungan,2 years ago,@Riyandaniaprilia,UC0KKVhdZsKXgphOmFfbPNQQ,2,,https://yt3.ggpht.com/ytc/AIdro_mn-wh1DIlGWTYZrL2495EbBxoH7tlc3EJ0aZPaLzOXExw=s88-c-k-c0x00ffffff-no-rj,False,False,1718606214.382435
UgwtFsfZ5kTBrCJPFv54AaABAg,Yg rusuh mereka yg hancur mereka. Akhirnya tdk ada yg respek dengan arema. Rusak,2 years ago,@jumpfactcell9042,UC81-aFibLQ0nJlnLg5C2T_w,2,,https://yt3.ggpht.com/ytc/AIdro_nQWtDjnkGaIYmOsk65bxLAmt6sDD9KGCnr9j4CzKha7Ht707dqW4PbsI-coFFXsWHIFA=s88-c-k-c0x00ffffff-no-rj,False,False,1718606214.384181
UgyUOTP0ENzpzlGBiMl4AaABAg,Suporter kampungan,2 years ago,@jumpfactcell9042,UC81-aFibLQ0nJlnLg5C2T_w,1,,https://yt3.ggpht.com/ytc/AIdro_nQWtDjnkGaIYmOsk65bxLAmt6sDD9KGCnr9j4CzKha7Ht707dqW4PbsI-coFFXsWHIFA=s88-c-k-c0x00ffffff-no-rj,False,False,1718606214.385737
UgwCZyivBQquf7W-wK94AaABAg,Jika kejadian serupa club di degradasi ke liga2. Saja untuk memberi pelajaran. Kalah kok gak mau,2 years ago,@jumpfactcell9042,UC81-aFibLQ0nJlnLg5C2T_w,2,,https://yt3.ggpht.com/ytc/AIdro_nQWtDjnkGaIYmOsk65bxLAmt6sDD9KGCnr9j4CzKha7Ht707dqW4PbsI-coFFXsWHIFA=s88-c-k-c0x00ffffff-no-rj,False,False,1718606214.387388
UgzmGb6iFqKde2m8x5l4AaABAg,Kerusuhan yang sistematis. Kerusuhan sengaja diciptakan jika Arema kalah.,2 years ago,@pdaris6143,UC9vi39tVfxFoOTKEL1EWdrg,0,7,https://yt3.ggpht.com/ytc/AIdro_kQb66_r-tkBEn2iZDFhJ2GG4iHBNhSUfLuMmYXH4kfLpzB1eRO46tXEjwegiB59Ph2gg=s88-c-k-c0x00ffffff-no-rj,False,False,1718606214.389087
UgwYfA_xHWy1qq_hJRx4AaABAg,Ngeri ini sepak bola bukan perang woy ...,2 years ago,@ariogautamaabels2953,UCDJubOmjESrDo7IAkHp15-g,1,,https://yt3.ggpht.com/Y9eAb8SxEq-Z0_M_QXHdIf1jHiJeBrBflYkW4jGFOp-l1NFoFWajsWChHR24tCIzaph6dnZ9NQ=s88-c-k-c0x00ffffff-no-rj,False,False,1718606214.390545
UgzjVSZxjXQuxgR5riV4AaABAg,Tapi pak polisi harus sadarlah disanw juga terdapat anak kecil dan ibu ibu hamil,2 years ago,@Wafa0706,UCsFa8oi7F8tJRxGOl55DVuA,1,,https://yt3.ggpht.com/HfsNlO8okPPs__CY_eWli9K6E0B7W-76WAvY4dbb2wPxneHcOfalu2grgtZTRJpGKalc_G0f=s88-c-k-c0x00ffffff-no-rj,False,False,1718606214.392027
UgwLiFS8JyJJmN1WOFx4AaABAg,Kalo polisi yang kemaren di salahin wah salah besar..orang mereka yang rusuh di luar ama stadion..ngeri sih ini..,2 years ago,@arielmulyana6395,UCjOzbZHQLGnXabamIJFx1Zg,2,,https://yt3.ggpht.com/nfLzzeNh9YcgAmQXwWO03K3otknRHFmqAlxGe_dP1ikw73OE7DB9oMy2w0RbGbkhSXfbWv0wIXs=s88-c-k-c0x00ffffff-no-rj,False,False,1718606214.393452
Ugx17O0swqOj7ii3K494AaABAg,Iki sek media eh karo pemain eh wes menegang kan koyok ngunu. opo kabar eh polisi ne seng nek lapangan karo nek luar delok kondisi ne koyok ngunu.,2 years ago,@bagusnugroho8850,UCxTwiiEffQr587ZpJ1gvklQ,3,,https://yt3.ggpht.com/73eLzlLnDIB9ZKp88rr_7rF1TaMil5xvsqjr2thH22WAZWXnU1eZrl8tKTaXJx7xzyuudpHmdw=s88-c-k-c0x00ffffff-no-rj,False,False,1718606214.394899
Ugz4tz1az25oXuS-6cZ4AaABAg,Wes koyok ndelok film biografi,2 years ago,@baguspradanas.5594,UCArHf3JQWeygav7LhoflEWQ,1,,https://yt3.ggpht.com/ytc/AIdro_nsfP-tsvgVh2HGNGm68hFRcA7N9815XtrLMzFuSfWPFHE=s88-c-k-c0x00ffffff-no-rj,False,False,1718606214.396357
UgxzUtDpUWXmguckJad4AaABAg,"Harusnya di akhir musim jgn cuma penghargaan top scorer, top assist,  best manager dll. Tambahin juga Best Victim Player dgn hadiah miliaran rupiah denda",2 years ago (edited),@abdkdrkara5013,UCx9VyhW2uNIC-ymw72seJDQ,13,,https://yt3.ggpht.com/ytc/AIdro_npR5U2hOobe_mb97SvkVJ5gTR1_2zIKDv0ACEENQ4X9g=s88-c-k-c0x00ffffff-no-rj,False,False,1718606214.397889
UgwKqiWaLqhlDztp2HN4AaABAg,"Ini bukan lagi fans fanatik tapi udah bener"" fans bodoh yg rela menghilangkan segala akalnya demi hal"" yg diluar nalar, mereka bukan kumpulan manusia lagi tapi udah kumpulan setan, gak habis pikir sampe segitunya",2 years ago,@yusufmaulana4442,UCVSL34MMD4wxmwpEkjJPINg,3,,https://yt3.ggpht.com/ytc/AIdro_kA2Ujn9pARJMEkFFEBWeQCh8aGccTdeLknCRbXhBY=s88-c-k-c0x00ffffff-no-rj,False,False,1718606214.399444
UgxIXMVWF01kHOnYIDh4AaABAg,"Wow, liar sekali supporter Arema. 
RIP Arema. Liga 1 jauh lebih baik tanpa mereka. 
What a sore loser! 👎👎👎",2 years ago,@romibubner,UCJFRIT_PbMf5YhwWAC-NHdQ,2,,https://yt3.ggpht.com/KBgoiaRfDhzxoDD2rx_S18LJJ_1ff7SBlES7UNH9b1g8_V1sWUy3R9vdcOw8qxqQSQXWPDWuKCU=s88-c-k-c0x00ffffff-no-rj,False,False,1718606214.400952
UgyhiRyGAxtUkcrIOIR4AaABAg,Semoga tahun ini para suporter lebih baik lagi ❤,2 years ago,@msaputra7224,UCy5tcOY0SPmV3XBT_6oc6vA,3,,https://yt3.ggpht.com/ytc/AIdro_ksi_bFepkE3xB_CkiXlX73yxIkeqJZRwnGLU1fZmIu1uOtLSLuskEzkceLFvGa77DlMQ=s88-c-k-c0x00ffffff-no-rj,False,False,1718606214.402375
Ugw0RsybWnb3s6_RhfJ4AaABAg,Arema scumm,2 years ago,@nandaputra9853,UCGSE3C9rCeF-WBujmrlYoiA,3,,https://yt3.ggpht.com/ytc/AIdro_mDF2lxPt9IIiaHHa0z9mVZoaBgLJI_-ejym_7IYgQ=s88-c-k-c0x00ffffff-no-rj,False,False,1718606214.403809
Ugx8PzpGU1S55WYgKG14AaABAg,suporter sick sick sick,2 years ago,@aliaalxxx,UCZWg1wsCNFHfRYQfItfMZaQ,1,,https://yt3.ggpht.com/RURZEDlEXWaJUgve0a9GKweA_5UQKmawkDX21InvVg-6fT_A6c3wdd6CQCmVjAdhYQRt7Vrblw=s88-c-k-c0x00ffffff-no-rj,False,False,1718606214.40548
Ugye9Nwzy-ybomlAPOF4AaABAg,Thanks you pakpol,2 years ago,@agassialafghani8202,UCxKUkNE3PSyD8jfKef15F5Q,1,,https://yt3.ggpht.com/ytc/AIdro_n_M74aDiHxuS3y7JNGqDrRm1FbRzArf4At3JiZll3o3hE=s88-c-k-c0x00ffffff-no-rj,False,False,1718606214.406949
Ugy2UV8HpFW2H5TxfLB4AaABAg,"Apa guna nya Rusuh... kalah Menang sudah biasa...
Sporter koq setor nyawa.",2 years ago,@adjieasmoro,UCYiGbuACR5HlAAOmgDmNXoQ,2,,https://yt3.ggpht.com/ORYg6HJDNy-O_ub1jKDFfLCkUuiKBTnqSIqqvQw7c7X0jvZuSw6lYNDBamIhW8YUm0iwcq71=s88-c-k-c0x00ffffff-no-rj,False,False,1718606214.408393
UgyszeLIYmux1yzzTT54AaABAg,Ngopo sing modar udu sing nguncalucalke watu ng njobo stadion kui wae yoo,2 years ago,@alpiandanar6095,UCAGI5PAjfJQDRVDNKtdbKVw,0,,https://yt3.ggpht.com/ytc/AIdro_k8rhqeDdbsbOUBE4Mcq-uCaF9LsXKn7l4iPijcF_IS7f4=s88-c-k-c0x00ffffff-no-rj,False,False,1718606214.409855
UgzI2ndL13r6_8Ex7HV4AaABAg,"pelaku macak korban adalah AREMANIA , dan AREMANIA adalah pembunuh AREMANIA itu sendiri",2 years ago,@yusufyahya84,UCj7xuVHkLMagNn4acLHmwgA,3,,https://yt3.ggpht.com/ytc/AIdro_n8dka--NtqTvfQywovT5up0ulI9CXcLTrZ-Sj9-HE=s88-c-k-c0x00ffffff-no-rj,False,False,1718606214.411377
UgzmGb6iFqKde2m8x5l4AaABAg.9roq_dgKFl9A48OyCBqQL4,"Emng sudah disiapin, neror, intimidasi, ancaman, pembunuhan terutama misal ada Bonek disna",2 years ago,@frenbay,UCX1yXSJii68QOj37FM9B6Uw,0,,https://yt3.ggpht.com/ytc/AIdro_kfnPVJK8BPRcQephOxzbzxb4ULfh5wJtVAwtNCrHf7FLiSXkxBl-Ip0NrnNorUBNw1GQ=s88-c-k-c0x00ffffff-no-rj,False,True,1718606214.629685
UgzmGb6iFqKde2m8x5l4AaABAg.9roq_dgKFl9A48VRzjqIeN," @frenbay  kemaren gantian bonex yang menyerang Bobotoh, apakah seperti ini kualitas supporter klub Indonesia.",2 years ago,@pdaris6143,UC9vi39tVfxFoOTKEL1EWdrg,0,,https://yt3.ggpht.com/ytc/AIdro_kQb66_r-tkBEn2iZDFhJ2GG4iHBNhSUfLuMmYXH4kfLpzB1eRO46tXEjwegiB59Ph2gg=s88-c-k-c0x00ffffff-no-rj,False,True,1718606214.63158
UgytS1rU1n-_NQyOP7Z4AaABAg,Cen arema problematik,2 years ago,@DialogRindu,UCGfvzEPJrGpsrF57AQZTXrw,3,,https://yt3.ggpht.com/yChubJLiXTxEEfTSeWwbHJ0cusQuPTYfMvhjGQz0KXSu28_2goL46s__5RSZsGn6giQzFsIS5EA=s88-c-k-c0x00ffffff-no-rj,False,False,1718606214.889803
Ugz86cCJlPUm0kKp4AR4AaABAg,59:55 moment sho Mr. EZ 😂,2 years ago,@kudaliar9758,UCGSnoKU9CZqgk0KIsY-hcZg,1,,https://yt3.ggpht.com/ytc/AIdro_l1jd-NSyPpcSSOgI86x4D91QdA1pNQtoMahaoVfZk=s88-c-k-c0x00ffffff-no-rj,False,False,1718606214.891463
Ugwezm5jr8teCTN6ln54AaABAg,Sepanjang sejarah lawan arema baru kali itu persebaya membuat jersey away abu abu dan itu salah satu jersey away untuk lawan arema kala itu seakan jersey abu abu itu sebagai tanda atau isarat bahwa akan terjadi akhir suasana yang kelabu.,2 years ago,@Herianto-ug6ze,UCu6Nwhkb1iuJjmtZSPO8L8A,3,,https://yt3.ggpht.com/ytc/AIdro_mOOgQ2hqo_8db1L3DjyuhCoR3sEsRjEbbW34gOXd4maa9Sgm2SsTXc4jkocSqBJa1XlQ=s88-c-k-c0x00ffffff-no-rj,False,False,1718606214.892982
Ugy-x1r8x8LxZ5AIvxp4AaABAg,Cocok Arema dibubarkan saja,2 years ago,@asniferry,UCvH-3dhAeumhO6CkftNKuPw,1,,https://yt3.ggpht.com/ytc/AIdro_lsGbkAgCKrQ4AOZ34hnL3cTnEeXmaVN6zHSQW5lRMJF4Pv02mW6pL-DHb5zoRq10bi4A=s88-c-k-c0x00ffffff-no-rj,False,False,1718606214.894556
UgzjZBe1jUks6p7ge-h4AaABAg,"Gua mau nanya,,aremania yg liat vidio ini coba komen ke gua,,pendapat lu lu pada",2 years ago,@sabuychenelcreatorciamis4998,UCYLFpfnXlXtCpspT_Xtgxuw,4,,https://yt3.ggpht.com/ytc/AIdro_ktGP5WdZcUyjwB2-5MdRkwMYKrDdgzB-iWunox_lvB8tg=s88-c-k-c0x00ffffff-no-rj,False,False,1718606214.896042
UgyetMnJJzIvYPzI9z14AaABAg,Aremania yg terlibat dalam insiden ini ga pantes dianggap manusia,2 years ago,@youseractive8018,UCmim9Di07qQtnaZDAHOk5Mg,2,,https://yt3.ggpht.com/ytc/AIdro_n9J7GnpjyIQ42HioKX152hzSTFTVoK8dmr2ztIgiherS4=s88-c-k-c0x00ffffff-no-rj,False,False,1718606214.897608
UgzztaqKaVC-ASFEPCl4AaABAg,"_
/\_/\",2 years ago,@Rizz0125,UCY4QuOnjSEyVMMPmpe2rE8w,0,,https://yt3.ggpht.com/qKRnAv_bzzhnSanv5x4O9dKSDDfRuH2eXMYEOWE9utj-9cvK3OveJ7_awIzEI1jAoTQuvmqR=s88-c-k-c0x00ffffff-no-rj,False,False,1718606214.89909
Ugyy0oGFYNMW7EHnEHx4AaABAg,"Selama suporter primitif,
Selama itu juga sepak bola kita hanya akan stagnan,
Tidak ada sepakbola yg lebih berharga dari nyawa,",2 years ago,@nurazhariofficial1152,UCkColp69LVORBF5khVEiYEA,2,,https://yt3.ggpht.com/ytc/AIdro_l94mAkuzpQ4IyCKV2p8mXKTL5sxx8S4NnasnqbWhs9tw=s88-c-k-c0x00ffffff-no-rj,False,False,1718606214.900523
UgwUBRkQpq-N9Abm9qB4AaABAg,🎉,2 years ago,@robbydepari4676,UCUpxRntMyrdBdNc7gjhtseg,0,1,https://yt3.ggpht.com/ytc/AIdro_kk4IgRbMQQTn7Sj_3Kw0iL-s8S25NgLgTW_EQWVI8=s88-c-k-c0x00ffffff-no-rj,False,False,1718606214.901991
Ugzf-grqeKF4s2Rdi9p4AaABAg,Kangen marceng meski muda tapi mental pecicilan,2 years ago,@bharavaganza8989,UC2Wxq_nX1Xs7OuLj6HmWXKA,1,,https://yt3.ggpht.com/ytc/AIdro_nFG4HhRvdNZfCn-kuepQJULDtp_CwLE0PFgN0ySFPl7CM=s88-c-k-c0x00ffffff-no-rj,False,False,1718606214.903421
UgyQMv4QScgLUxqnR-V4AaABAg,Klo gak ada yg turun Lapangan gk bakal mati,2 years ago,@mfadilazizr2556,UC0-ygMQP4KXskTldNCW_CZw,1,,https://yt3.ggpht.com/vP3SC82eeS9lagkwpLkHpq0nGYjBs49KoyiQ5g2Knfow7v36D9lqiTsi5VGiJ36IBjfzhTwBvuw=s88-c-k-c0x00ffffff-no-rj,False,False,1718606214.905032
UgwNOZWLiLIKciRGDP54AaABAg,Padalan ndek sby gak sanpek kyok ngene,2 years ago,@ivansarif6714,UC3yRoQVDRfbxJ1Dc71fXciw,1,,https://yt3.ggpht.com/ytc/AIdro_lL-hg-2LsJlZnAa0ljANRMIZxc9mwFie6jLt--bM4H7vs=s88-c-k-c0x00ffffff-no-rj,False,False,1718606214.906501
Ugwg-4hfDijUWMneuTp4AaABAg,"Derbi el-clasico
Forza persebaya 💚",2 years ago,@bimbom1709,UC9J6aOnDN6SKYi-z-20mNiw,1,,https://yt3.ggpht.com/ytc/AIdro_mkK09wUsYvAviVkudJ4QQidhUkmqnJ6WtwtX-jgSjbhAg=s88-c-k-c0x00ffffff-no-rj,False,False,1718606214.907968
UgxrOBkOXU_iehbll8J4AaABAg,Kapok mati,2 years ago,@wuby_hbsyazza,UCV0z2EhBFOSzRPrbHr1Dc8w,0,,https://yt3.ggpht.com/lpDyD5zqEjeasaW-FEjICksf0WGlhOI9VXl0kQ8p6S9FHHxL6AA9LM9TtsX5jzt0Wcrnr9Fu=s88-c-k-c0x00ffffff-no-rj,False,False,1718606214.909391
UgyeOFhTLSbJMXDUfzd4AaABAg,Alhamdulillah bedes gunung mati kabe😂,2 years ago,@wuby_hbsyazza,UCV0z2EhBFOSzRPrbHr1Dc8w,0,,https://yt3.ggpht.com/lpDyD5zqEjeasaW-FEjICksf0WGlhOI9VXl0kQ8p6S9FHHxL6AA9LM9TtsX5jzt0Wcrnr9Fu=s88-c-k-c0x00ffffff-no-rj,False,False,1718606214.910871
UgybpMPGNQGEPGCa2VV4AaABAg,"Coach Alimuddin dah mulai merasakan kehadiran malaikat Izrail saat peluit panjang dibunyikan,",2 years ago,@agusmahardiyanto9530,UCSIowA3oUDdAMcwh_f-dIrQ,7,,https://yt3.ggpht.com/ytc/AIdro_lvTb4ZlRTjQTm80mRRlF5xhnAxKkbMHNZp_ylQp_lpOK4=s88-c-k-c0x00ffffff-no-rj,False,False,1718606214.912313
Ugy8blqTR1jyKZ27Er94AaABAg,AREMA SEPEL!!!!!!!,2 years ago,@similikitiwelewele5496,UCUwRltCrv_aHiJu-xzwQ5Ag,1,,https://yt3.ggpht.com/14xE4w5S9fPOnQ9Z7SDN0HLuPL9cF7IEncL8tJUlaTDwlGyK7seNv8RWn-a7xiC-3lDRQOBK=s88-c-k-c0x00ffffff-no-rj,False,False,1718606214.91387
UgzUyOjc2NOeC1H8nTh4AaABAg,😢😢😢😢😢😢😢😢😢😢😢,2 years ago,@Itsme.babyboys,UC0BcJrn8xXvTNH7hwz9v6pA,1,,https://yt3.ggpht.com/i4sXWNut1famrP4hsZ04mDLMaAaNGiAatFbHlrgoDzviWWftYH2RdRpjZJML3yzJzhPC2jFTAQ=s88-c-k-c0x00ffffff-no-rj,False,False,1718606214.915346
Ugzr2bTfvhXsWSFXBXZ4AaABAg,Usut tuntas!!!,2 years ago,@Itsme.babyboys,UC0BcJrn8xXvTNH7hwz9v6pA,1,,https://yt3.ggpht.com/i4sXWNut1famrP4hsZ04mDLMaAaNGiAatFbHlrgoDzviWWftYH2RdRpjZJML3yzJzhPC2jFTAQ=s88-c-k-c0x00ffffff-no-rj,False,False,1718606214.916815
UgyHzEyUmGTnVle58yh4AaABAg,Usut tuntas!,2 years ago,@Itsme.babyboys,UC0BcJrn8xXvTNH7hwz9v6pA,1,,https://yt3.ggpht.com/i4sXWNut1famrP4hsZ04mDLMaAaNGiAatFbHlrgoDzviWWftYH2RdRpjZJML3yzJzhPC2jFTAQ=s88-c-k-c0x00ffffff-no-rj,False,False,1718606214.918272
UgwUBRkQpq-N9Abm9qB4AaABAg.9rHmhkn-4t-9rHmn5pNqzv,Usut tuntas,2 years ago,@robbydepari4676,UCUpxRntMyrdBdNc7gjhtseg,0,,https://yt3.ggpht.com/ytc/AIdro_kk4IgRbMQQTn7Sj_3Kw0iL-s8S25NgLgTW_EQWVI8=s88-c-k-c0x00ffffff-no-rj,False,True,1718606215.136364
Ugzm97Rkfd0q54V_QS14AaABAg,"PERSEBAYA TEAM ALHAMDULILLAH SELAMAT..
😢😢😢",2 years ago,@Itsme.babyboys,UC0BcJrn8xXvTNH7hwz9v6pA,4,,https://yt3.ggpht.com/i4sXWNut1famrP4hsZ04mDLMaAaNGiAatFbHlrgoDzviWWftYH2RdRpjZJML3yzJzhPC2jFTAQ=s88-c-k-c0x00ffffff-no-rj,False,False,1718606215.422158
Ugx4D3wZMvCD4iFRmq94AaABAg,HARUS E DI USUT TUNTAS TUH AREMA... Yaa Allah.😢,2 years ago,@Itsme.babyboys,UC0BcJrn8xXvTNH7hwz9v6pA,2,,https://yt3.ggpht.com/i4sXWNut1famrP4hsZ04mDLMaAaNGiAatFbHlrgoDzviWWftYH2RdRpjZJML3yzJzhPC2jFTAQ=s88-c-k-c0x00ffffff-no-rj,False,False,1718606215.423919
Ugxe7NOgHzjVGY0g1NN4AaABAg,BARU TAU SAYA SETELAH NONTON INI TERNYATA YG SALAH BUKAN APARAT. TAPI SUPORTERNYA. 😢,2 years ago,@SofyanSUBC27,UCAXEN8DlUxvklQK2G5R3jlg,1,1,https://yt3.ggpht.com/D6HDuzLi9q7iNu5zUHYPgt5th2npxfOWwgnoygN4PoAZWU9klbGVe0aTJnOXjbPFe4BbXRfo=s88-c-k-c0x00ffffff-no-rj,False,False,1718606215.425446
Ugws6WdbF64un3Wbgz94AaABAg,Rasane pengen ngelindes atek barracuda,2 years ago,@rafkiaknap1661,UCjLj9JpZg5J0vBHZ5KIsxYg,1,,https://yt3.ggpht.com/ytc/AIdro_lBG4Q2j7htJbxg-phr_qVcAKlNOGbhJhWBe0SkBAuX3EdiRFA_mJUmpSD86gxTbRG5GQ=s88-c-k-c0x00ffffff-no-rj,False,False,1718606215.42694
UgyT1I5RKEp2ZGPmjbl4AaABAg,udah kek perang cuy merinding,2 years ago,@KONOHAMKS,UC_J74EHRl27JQb-c9aJuTTw,3,,https://yt3.ggpht.com/ytc/AIdro_k3Uj98NXbkVdT_8NBl8-xyo_6GOGggHuqlTBhRCFll3O7ebUx3TA2UIOiS--bGrjiboA=s88-c-k-c0x00ffffff-no-rj,False,False,1718606215.428386
Ugwhbog2I10MmvzW4x94AaABAg,"kebrutalan Aremania dari jaman Ligina sampe sekarang emang ga bisa di hilangkan,memang kalo sudah rusuh yang di kambing hitam kan polisi",2 years ago,@edelbaby,UC26VSq_ypa5nI09UlYG3JKw,3,1,https://yt3.ggpht.com/0ntNKqgd9Zpocn7em-hjOWd42w-WxdkH7xLCNsRIqMuyPRLqyzmgRhX6MijgiNzvVUPu07xwSQ=s88-c-k-c0x00ffffff-no-rj,False,False,1718606215.429832
UgyIh-Gn3fQ7pBVJ3sR4AaABAg,Yang menyebabkan musibah itu terjadi ya manusi itu sendiri kemudian saling menyalahkan,2 years ago,@samsulcahnel1531,UCGiKIhSqRMIUJ5ce5JsM4qw,2,,https://yt3.ggpht.com/COvyRgyTYop4TI5ZjpTK6086my1WhUmMPmxoxjQ8ifiR2pkT71U1u3zZ09E2nLpUhfrPnwm2-Q=s88-c-k-c0x00ffffff-no-rj,False,False,1718606215.431253
UgzlVrDIvdt4ZrmzNuV4AaABAg,"Ini bener2 sih aremania mau ngebunuh,",2 years ago,@dedey0602,UCEJ0Ceo4Itfo_45Sp6uLsIg,2,,https://yt3.ggpht.com/BLjngi0522MNIdXidP1xEaajXHbLLna9-Lzg5UGegDkximmaDhMNnFVFIYqfTtl4pgtixJl1_g=s88-c-k-c0x00ffffff-no-rj,False,False,1718606215.432778
UgzQR1vJEtJUnFuEMrN4AaABAg,ini tragedi yg menewaskan banyak arema ya ?,2 years ago,@dimasesptian,UCcTvKyOeayA5nE56orDsu8w,1,1,https://yt3.ggpht.com/ytc/AIdro_n-PIf4l9-gitVbJO59WBaBfndpu2xXqa5CgKAmz-SypfHYtKpVbNMkSMpxEZ05anVmSw=s88-c-k-c0x00ffffff-no-rj,False,False,1718606215.434213
Ugz3Mv9DD4AghY9BUb14AaABAg,dibedil po'o seng nyawat nyawat iku,3 years ago,@rivaldhy5863,UCvcIKw1sBlLsjU7rsUfZhLQ,2,,https://yt3.ggpht.com/7sLlHpySUJB-OjZMEWfCpi5r6tBNmsUH_45iak7hr5yEbT6RZ2bkeoJEse3q01FtxgCnz7UeGFM=s88-c-k-c0x00ffffff-no-rj,False,False,1686983815.435647
UgyntsysD1h7SExvtr14AaABAg,"kalau lihat seperti ini,sampai kapanpun aq tidak senang bila nerdamai dengan arema ayo kita bermusuhan secara abadi aja,sampai momen kita di pertemukan di tempat yang kita bisa fight",3 years ago,@syaifulanwar.n269,UCOWUuFRcO5pnvJGzmOxT0Mw,2,,https://yt3.ggpht.com/ytc/AIdro_mJXwzbeyv043PLGR9LbsMGctismU_XZJgYiSPCfrM=s88-c-k-c0x00ffffff-no-rj,False,False,1686983815.437071
UgyAv8FVc-Ee5SWg2qN4AaABAg,Yang mati banyak ya,3 years ago,@gemaekaputra9263,UCLZfTNQui_khxnawfWOeEkQ,1,,https://yt3.ggpht.com/ytc/AIdro_laHwxFwKBfItUojCr0jvFMjpGF6jmBrgwqK9p5sOQ=s88-c-k-c0x00ffffff-no-rj,False,False,1686983815.438693
UgwURXcMyju_ARWK7Lt4AaABAg,"Malang iku sak upil, bonek gradak nang malang opo ga roto😁",3 years ago,@khoirulanwar3268,UCoy1PPwCw0HmUcj74_xNQEA,4,,https://yt3.ggpht.com/ytc/AIdro_k5c6-SXoOSUkJ4bx9eJ8iURKodLPX2YvHnVDuwR7T3cg=s88-c-k-c0x00ffffff-no-rj,False,False,1686983815.44016
Ugxcw4Dqq94-BaEIDrN4AaABAg,SENG TAK TUNGGU² AREMA NANG GBT WS IKU TOKK!,3 years ago,@vanzeztrajinsholat99,UC_FwgEgUUvYGZQ6z4B4vn7Q,1,1,https://yt3.ggpht.com/sp-ZD0UxJki7y03k2tSlff8pEd_CqYBOGAXJ9fSMFwkv0A4HpxNjEH_aNxq2TTiRqbihv1rz9js=s88-c-k-c0x00ffffff-no-rj,False,False,1686983815.441604
Ugy_9LtEDQ1GyMSla3Z4AaABAg,Mentalitas,3 years ago,@asakriting5029,UCFosA9JwCKh4uxaiRZybE_A,0,,https://yt3.ggpht.com/ytc/AIdro_newj8FI17quPWU25QV_GFxmnAGM6OrT2V97zq2b27Fos25nnbbNbcnySm1XhYTELgi9Q=s88-c-k-c0x00ffffff-no-rj,False,False,1686983815.443026
UgxjR7pHXIqwL80BWjB4AaABAg,Mirip kejadian pas arema away di gbt 2018 dimana waktu itu para pemain Arema dilempari batu didalam stadion,3 years ago,@gmpofficial140,UC0COjWw1eJ9WwK3cEOg5kag,0,1,https://yt3.ggpht.com/vjhIJ6SyGpEqC_rCBgqIQRALrfHcJ0KnnttTzag35PQ6cvWpGofa5m_liRdzxgA37EOd_Qj8hAE=s88-c-k-c0x00ffffff-no-rj,False,False,1686983815.44467
UgxfgC40q8xTTM-Y1uF4AaABAg,Mungkin tahun akan datang ada lagi perlawanan rivalry's guna kereta kebal dan helicopter dan jet perjuang .,3 years ago,@AnakAntooLegacy06,UC0pP21iPetPVlh-Gbm2YD2g,0,,https://yt3.ggpht.com/ytc/AIdro_ka_OJb0XNJYDEohFXLN9aw8SQx2wooMyAYwzwnScVwBS5AeOdo4U3-cDL-EXswMyKilw=s88-c-k-c0x00ffffff-no-rj,False,False,1686983815.4462
Ugz2h7Vq8FVULxDKwxt4AaABAg,Bertapa hinanya bangsa mu . sanggup berbunuhan sesama bangsa . kejadian di stadium ITU sangat memalukan sebagai images negara2 Asia .,3 years ago,@AnakAntooLegacy06,UC0pP21iPetPVlh-Gbm2YD2g,0,,https://yt3.ggpht.com/ytc/AIdro_ka_OJb0XNJYDEohFXLN9aw8SQx2wooMyAYwzwnScVwBS5AeOdo4U3-cDL-EXswMyKilw=s88-c-k-c0x00ffffff-no-rj,False,False,1686983815.447684
UgyP-74YrUaZKtjNxUJ4AaABAg,Gate 13 akan menjadi sejarah Asia dan dunia bola sepak 100 tahun akan datang . Jangan menunding jari . Semua pihak harus dipersalahkan.,3 years ago,@AnakAntooLegacy06,UC0pP21iPetPVlh-Gbm2YD2g,0,,https://yt3.ggpht.com/ytc/AIdro_ka_OJb0XNJYDEohFXLN9aw8SQx2wooMyAYwzwnScVwBS5AeOdo4U3-cDL-EXswMyKilw=s88-c-k-c0x00ffffff-no-rj,False,False,1686983815.449119
UgyFA802IWvvdi5xKXx4AaABAg,Unsung kulkas,3 years ago,@imamnurhidayat2011,UCNloLeo5kVWvzVpcwpILjaw,0,,https://yt3.ggpht.com/ytc/AIdro_nFO6kTE1MvX_nrU6LPA-QnVpwH4EWnRAdM3QF3o_4=s88-c-k-c0x00ffffff-no-rj,False,False,1686983815.450538
Ugxe7NOgHzjVGY0g1NN4AaABAg.9r96Y9e8VWB9rHv1Zl0xkQ,​ republikdemokratikjerman8213 sg diusut tuntas ng njero e ga ndlok nk njobo e,2 years ago (edited),@gracie_kunzz,UCg8whG2N_PC14_Gi4jv3nCQ,1,,https://yt3.ggpht.com/lyT-TOcAVZSTV5x-0MzN9mr6kq56ehiUDuUZjGTt18DDKOIuoOzCdHYSjh6aO2n7HY0vw_WQ=s88-c-k-c0x00ffffff-no-rj,False,True,1718606215.650191
Ugwhbog2I10MmvzW4x94AaABAg.9r6P7BhTBzb9t3rtezqARZ,Arema mental e mental tempe mas mental taek ket biyen ga tuwek ga nom2 mental taek kabeh Wong malang,2 years ago,@DedySunaryo-o8p,UCgxzN6GMmhjqR2K-ysKNYEA,1,,https://yt3.ggpht.com/ytc/AIdro_nkwyjNjXiTbomljA7uogixZrzODDBJARZoRWe5u8Oz1e7OolmJA7H9ZsVkbBDlarhMIg=s88-c-k-c0x00ffffff-no-rj,False,True,1718606215.832841
UgzQR1vJEtJUnFuEMrN4AaABAg.9r3ym-aWAJP9r40WHAVMgH,rusuh = mati,2 years ago,@dimasesptian,UCcTvKyOeayA5nE56orDsu8w,0,,https://yt3.ggpht.com/ytc/AIdro_n-PIf4l9-gitVbJO59WBaBfndpu2xXqa5CgKAmz-SypfHYtKpVbNMkSMpxEZ05anVmSw=s88-c-k-c0x00ffffff-no-rj,False,True,1718606216.005922
Ugxcw4Dqq94-BaEIDrN4AaABAg.9qxWLsYsTuJ9rLWfbwuwXd,"Ojo bales, buktikan kita suporter yg beradab. Pemain iku yo kerjo gawe keluargane, ga salah2 opo2",2 years ago,@nandaaldilalasuharyanto6569,UCklwKklbL41XlT9YV0E_NKQ,1,,https://yt3.ggpht.com/ytc/AIdro_mFTgeZxmpqDF9jVVBhGaz8gdS9JeUWRcYrhiGNhDY=s88-c-k-c0x00ffffff-no-rj,False,True,1718606216.187824
UgxjR7pHXIqwL80BWjB4AaABAg.9qrzQUyDufe9qx8M6iOnXG,"MATA MU SUWEK, DI GBT CUMAN DI LEMPARI PLASTIK ISI AIR, MANA ADA BATU DI DALAM STADION, MASUK STADION AJA BOTOL AQUA SAMA PETUGAS DI GANTI PLASTIK...... INI PEMAIN PERSEBAYA DI LUAR STADION JELAS2 DI LEMPAR BATU/PAVING DLL",3 years ago,@kebunomahku8790,UCARc4NVKp1lxJqO6lt7pkQw,10,,https://yt3.ggpht.com/ytc/AIdro_kyBUOVa2nQTKIwbkUd9Zbc9ahp_sbpTdS4CN1ClSPVHw=s88-c-k-c0x00ffffff-no-rj,False,True,1686983816.359648
UgyzWY00fEQxVaPQ_-Z4AaABAg,"Video ini menjadi bukti, bahwa suporter Arema ..... (Isi aja sendiri)",3 years ago,@rizkianaWisataPratama,UCKuaY2u817Of1tO-v8e3jaQ,0,,https://yt3.ggpht.com/ytc/AIdro_ktQ1uiAhJUhWa_eF6icsRatXzIs8_S3H7fuzrhUjUE1hw=s88-c-k-c0x00ffffff-no-rj,False,False,1686983816.67121
UgzbVtc8sP4aFMWb4-h4AaABAg,Respect ❤,3 years ago,@Sareupna_catcher,UC79DK3AH1mIjJSqqLvBdeiA,0,,https://yt3.ggpht.com/lCwhwpdjXhbXYZHNo7krdL-6Sd0AA_GZ2r46f11wggyl040XvMXl9AlO5HOW8jNbiUALEZL9lg=s88-c-k-c0x00ffffff-no-rj,False,False,1686983816.67293
UgzkF2xbJxsxIuKYpyR4AaABAg,MEREKA GAK PERNAH BELAJAR,3 years ago,@olelemos1350,UCY9cKCrPTG-nbytvPSq_dcw,0,,https://yt3.ggpht.com/ytc/AIdro_mZZzwAGptf2r9O3GHv81USYTPr-h0bofyvLojGddE4Nyc=s88-c-k-c0x00ffffff-no-rj,False,False,1686983816.674544
UgzkfEOlppmwoEBACj94AaABAg,Main bolaaa kayaak perang di luar nalar,3 years ago,@thejoe1574,UCtqva7mnxiFwXNiTuRRDEMQ,0,,https://yt3.ggpht.com/ytc/AIdro_lJuOgWcCQ9efyPgVKhy0E790skgCo3Cwk_XnGmRiMgIQ8=s88-c-k-c0x00ffffff-no-rj,False,False,1686983816.67608
UgyR2IPCbFnVpjbzJPJ4AaABAg,Tau kan klo sdm malang rendah? Pantes mati sih,3 years ago,@Tegekwader,UCXhGT9k-skUgjR-iwlu3F8w,1,1,https://yt3.ggpht.com/PG2Kusrp92DDUgE7HuXRO_7g4XwqX8zDSeTNauKTYwRG0xZTl9OjJKUigC5zs6A4-Cp7H1ateYY=s88-c-k-c0x00ffffff-no-rj,False,False,1686983816.677514
UgynWO1ZPq2sA0NLkV54AaABAg,Fanatik oke tapi jangan bodoh dan anarkis... Lihatlah betapa bagaimana kondisi supporter klub di Indonesia. Rombongan klubnya saja sampai dikawal polisi kalau mau main tandang. Koreksi dirimu sendiri dulu !,3 years ago,@fajarfajar-ke4gg,UCPK0optg7ISzffAaxyAHzyw,3,,https://yt3.ggpht.com/ytc/AIdro_nOpvwlRjR-DWp7Xu7bAiq9tqCW_e6aRieDF_xNbjPofA=s88-c-k-c0x00ffffff-no-rj,False,False,1686983816.679034
UgyWWnfKxz99-CFGsKp4AaABAg,"Terharu melihat dan mendengarkan kisah riel pahlawan di lapangan persebaya ku kau adalah pelaku sejarah  'HISTORI MAKER' dan akan selalu kami bonek dan bonita ingat selamanya .....   respect untuk bapak polisi menjalankan tugasnya penuh resiko .... tidak ada permintaan maaf dr club dan suporter mereka..Respect sewajarnya saja, persebaya selamanya.. 🐊🐊 ingat pertandingan sepak bola tidak sebanding dengan nyawa manusia.... salam satu nyali wani wani wani",3 years ago,@NaimDanYeniofficial,UCyjkAQR8r5MTfnXcYOVF03Q,10,,https://yt3.ggpht.com/urR3u9N8NOy_vjGWIGoezGD_2hAWE3DpKVqo-05oFiGPBRFrWhXUazg_-Spl6-2jdYAdM2mKVEA=s88-c-k-c0x00ffffff-no-rj,False,False,1686983816.680699
Ugy4tsB4aXz6s7BqrHB4AaABAg,Bubarkan arema,3 years ago,@aminudinvivo727,UCBMMMOBWXXOpnU2DakA5R0w,0,,https://yt3.ggpht.com/ytc/AIdro_kpqvMuVyEcePGKVzqf56HDkCjJpr89caURUo0aetM=s88-c-k-c0x00ffffff-no-rj,False,False,1686983816.682216
UgyCJfJSAivX9jyA_2R4AaABAg,"AH LEMAH EPCE, gak akan rispek nang klub logo cap kucing mulet maneh sampek kiamat",3 years ago,@nandafebrianto6153,UCQ-GC95H1Q0MoJ9afeXYGLQ,2,,https://yt3.ggpht.com/ytc/AIdro_kH91ZKD9G1KizCOtMkW1xclPMfekPbsFdKKk3AR0Q9wtA=s88-c-k-c0x00ffffff-no-rj,False,False,1686983816.68378
UgzLfVTakDbynPChSyt4AaABAg,Mental kertas,3 years ago,@erlanda7109,UCHM3sqauPkYvssXqGg7f38g,2,,https://yt3.ggpht.com/ytc/AIdro_lXCpv9R4B07OCtxS5nKbqTd2dOphEMw5_JbLklUmIjhy4uMx4EL0dgbCbWmLeygOLbOQ=s88-c-k-c0x00ffffff-no-rj,False,False,1686983816.685289
UgzQllaPw_oQugrC-uV4AaABAg,"Maka dari itu saya selalu muak sama tulisan - tulisan Kanjuruhan yang ditulis jurnalis dan aktivis. Bukan berarti saya ga punya empati, tapi narasi mereka basi dengan selalu menyalahkan aparat, PSSI, dan pihak penyiar semata. Sementara para suporter yang jelas melakukan rusuh dan turut memicu tragedi itu tak pernah mereka minta untuk usut.

Apa karena suporter adalah rakyat, bukan dari kalangan pejabat sehingga kalian merasa sungkan untuk mengkritik kaum yang selalu  dibela? Apa beda kalian dengan orang pemerintah yang selalu kalian hina?",3 years ago,@atifhaq8245,UCT0obglCusDDBYcRWhiY-bg,2,,https://yt3.ggpht.com/ytc/AIdro_lOL85llkxbbmyXrwxaFltuYnu9YXNDFVr3FQ3TgqTHDiRJ=s88-c-k-c0x00ffffff-no-rj,False,False,1686983816.686734
UgzDCNb_l_Lj7qbOtkV4AaABAg,Ngenekii sdm rendah suporter malang,3 years ago,@agungdimassaputra6799,UCsrCDxl-9zJTln8UvOYrHfA,0,,https://yt3.ggpht.com/ytc/AIdro_lvGweQ_I9RPwTrry0PI4ZFJoirzsBCpY8vaoMm6aR4OQ=s88-c-k-c0x00ffffff-no-rj,False,False,1686983816.688221
UgzCJMDJvk_5ThZIaRF4AaABAg,Polisi ngelempar gas air mata supaya suporter mundur jika tidak di lempar gas air mata mati kabeh,3 years ago,@ledriotang,UCiS3-4teQXVgWhBYEfNeeuw,0,,https://yt3.ggpht.com/ytc/AIdro_lDSJSDjAUAtuef0JTtAFXzaAujtvgNy8NZpTO3bv855fKQsLRkeAc5pd5228DEub_8fA=s88-c-k-c0x00ffffff-no-rj,False,False,1686983816.689659
UgzX2vP4eV6xcMap4GB4AaABAg,Wes Arema cocoke ki di degradasi neng liga 3 ga pantes main di liga 1,3 years ago,@ledriotang,UCiS3-4teQXVgWhBYEfNeeuw,1,,https://yt3.ggpht.com/ytc/AIdro_lDSJSDjAUAtuef0JTtAFXzaAujtvgNy8NZpTO3bv855fKQsLRkeAc5pd5228DEub_8fA=s88-c-k-c0x00ffffff-no-rj,False,False,1686983816.691381
UgyKfdUsMK7jO0U_-Sd4AaABAg,Saya kecewa sama polisi tapi di sisi lain saya berterima kasih sama polisi karena tampa mereka mungkin nyawa pemain persebaya sudah tak terselamatkan,3 years ago,@anggaganteng2882,UCFeWKvLlSSm4zArs4fCgo-w,4,2,https://yt3.ggpht.com/VDErqpvAjd0hMF02gZkNtvP4zJgcPs52qtzS6zuWW38osK6toPIlXpNlDcafTZaC7fXRFGj0=s88-c-k-c0x00ffffff-no-rj,False,False,1686983816.692917
UgyDgyfaXdfPrl0PtxJ4AaABAg,sakit hati banget pemain sama official di kek gituin mereka hanya berani di kandangnya sendiri dikuar mereka cuma segerombolan sampah rasis,3 years ago,@vaisachmad0494,UCYTxAFq7Bhvs3VyCzu_hSiw,2,,https://yt3.ggpht.com/ytc/AIdro_kE6BlbCQ-kTVdWCaN-tRluVhntyDv14naqXtLDWl1veBI=s88-c-k-c0x00ffffff-no-rj,False,False,1686983816.694345
Ugzi52OfU7-SO5QABRR4AaABAg,Ma arema suporter matek an ae kemeliti😂,3 years ago,@elitelokal5525,UC2ZjKoDkAVepo71loxzb15Q,1,1,https://yt3.ggpht.com/ytc/AIdro_ncT3iOeIvKvyiGyg8yxsaKdY9pVTQNTL2kMTUMMNY=s88-c-k-c0x00ffffff-no-rj,False,False,1686983816.695815
UgyWnY9bUWgYATsQUlZ4AaABAg,Ini gila sekaligus kriminal sih .. salut sama semua yang terlibat evakuasi kepada team dan official persebaya..,3 years ago,@suandisyam8851,UCLgO3MGZWMdGeA4kmqpysiw,2,,https://yt3.ggpht.com/ytc/AIdro_kJhWDNEgeEekbG42pZymCRBURdQ015fQCUKHCWNGo=s88-c-k-c0x00ffffff-no-rj,False,False,1686983816.697355
Ugxi8UMMACM9pDPucL14AaABAg,Saran gw tonton sampai akhir 🙌,3 years ago,@Sukasuka397,UCaroGl0LZ99qsq70xehLOIQ,1,,https://yt3.ggpht.com/HyRjuyB1k3cSlCBxqXZkS-b4F8w7gW6k_McQmeBtAWXBCwb9A33-wiM0jgeZzWiliwisKcQv2RQ=s88-c-k-c0x00ffffff-no-rj,False,False,1686983816.699022
UgzHZG2rJdhnlLO0R4F4AaABAg,Sangat sangat anarkis,3 years ago,@renaldormj8410,UCUoAt-_XuRuaKyNS404lVmA,1,,https://yt3.ggpht.com/ytc/AIdro_mzkm0VTMsUFTV3vBLLyVUFUb888STTCZkwBRCkLT4=s88-c-k-c0x00ffffff-no-rj,False,False,1686983816.70145
UgyR2IPCbFnVpjbzJPJ4AaABAg.9qjml3hAXXL9rWM--FaQ4W,Gua yg awalnya respect sama aremania tapi liat video ini gua mikir,2 years ago,@IjalDeogratsLummy,UCztTzvZ7h_maMxbad-a51cg,2,,https://yt3.ggpht.com/ZPWTlABpNdFV1EVtmZpcBUkgejOb7gm-pt3wBJstvY5nCyjNtN1E_5o2YEbLDZBzyMW58FhRig=s88-c-k-c0x00ffffff-no-rj,False,True,1718606216.938839
UgyKfdUsMK7jO0U_-Sd4AaABAg.9qasRs9jpPe9rLXq7xs_20,"Polisi salah perhitungan saat bertindak. Tapi polisi ga mgkn bertindak spt itu kalau ga rusuh. Bayangno klo gate ga dikunci, arema yg didalam stadion bergabung nyerang baracuda persebaya. Bisa meninggal semua pemain dan official yg jelas2 ga salah, mereka loh cuma bekerja mencari nafkah",2 years ago,@nandaaldilalasuharyanto6569,UCklwKklbL41XlT9YV0E_NKQ,3,,https://yt3.ggpht.com/ytc/AIdro_mFTgeZxmpqDF9jVVBhGaz8gdS9JeUWRcYrhiGNhDY=s88-c-k-c0x00ffffff-no-rj,False,True,1718606217.116992
UgyKfdUsMK7jO0U_-Sd4AaABAg.9qasRs9jpPe9rlxFbflIiB,​ @nandaaldilalasuharyanto6569 betul....,2 years ago (edited),@khaeriya888,UCt7CJmtD6aNlEwKtmoWYJMg,0,,https://yt3.ggpht.com/43RJ4ZdKh5kPPUTodRRGB7MzWxYxeOGp_dxRXvZAseyf4irUbgvxjcfMn43vVsE6p5uBfZ-kOw=s88-c-k-c0x00ffffff-no-rj,False,True,1718606217.120262
Ugzi52OfU7-SO5QABRR4AaABAg.9qV1v03BFIZ9r6r9IQc_VL,😂,2 years ago,@Khaidar666,UC32V_ADZBX7oUxuNWt5MPJw,0,,https://yt3.ggpht.com/2OZEZcSHDDFz1VEpvd1e0Tc0zaqAIpAXau1UBuxDCpmPG2BKf12BtRpChebFfwnq_51Y-CPIG2M=s88-c-k-c0x00ffffff-no-rj,False,True,1718606217.300213
Ugx9XotmffYl9O3o6bR4AaABAg,"ga ngebayangin gimana para official sm pemain pada saat itu, sy liat cuplikannya ikut panik, takut campur aduk! tapi congrats untuk bajoel ijoku! wani!",3 years ago,@khusnulmufidah1480,UCjyv027VOuZCdzAeIM5pU2g,4,,https://yt3.ggpht.com/ytc/AIdro_nINduFEoqdR9Ur9aH5Wjyys_h6Cvr5JLOUK2d9YuckXV4H-eJ2TUNvqVabpPDyQcaEZw=s88-c-k-c0x00ffffff-no-rj,False,False,1686983817.591501
UgyCwSoonTI-04W6-7N4AaABAg,Py kelanjutan e kasus iki yo 😂,3 years ago,@netral7446,UCXw1caqZuy36ZFMNw6AMY6g,2,,https://yt3.ggpht.com/ytc/AIdro_k1LWy2-ZaCt94WtaY4PUNFE_nUp-XVIvsg9jCs2tC1GNY_tKwPcAude-AKcSa6CckaqQ=s88-c-k-c0x00ffffff-no-rj,False,False,1686983817.593083
UgynBWPeLlguAMpEOD14AaABAg,Suporter kampungan og,3 years ago,@fando_2790,UCziQc5zxTBSrsbykulvpV2w,2,,https://yt3.ggpht.com/ytc/AIdro_nCqpuLOs8O4kZRWdCSP2I8JbfheXRPOjmCjzCyzgEQP8g=s88-c-k-c0x00ffffff-no-rj,False,False,1686983817.594572
Ugz2md78S7GnNvUgSvp4AaABAg,Tolak Damai Dengan Arema,3 years ago,@bayugolekpanganan,UCJ5zIAILhwAIECYS7C_fQ1w,3,,https://yt3.ggpht.com/2AM37CUSDV1VxNYE4rgN5tQD2m-YyAwzpS4YPH4mH51GI7OPWxeSAkCStppknIwVvkBDJWdKZdw=s88-c-k-c0x00ffffff-no-rj,False,False,1686983817.596035
Ugywr8Yu7i_jc7jGdMl4AaABAg,Polisi salah perhitungan dikit ...nyawa melayang smua ..salut bravo kerja polri bs nyelametin persebaya team.....,3 years ago,@buayaputih4701,UCU3RuwqhjtYPPEzH7zqKYEg,10,,https://yt3.ggpht.com/hZ35LriPOwWqR4P-iGNDscBnuTIpW9PhQvnJcyePBnMBlBziS07vndMfm0UgvGOTJvHwbpCHDOE=s88-c-k-c0x00ffffff-no-rj,False,False,1686983817.597531
Ugyg1OtrDLkAnQVvFPR4AaABAg,"Jujur yo aku nek delok video iki iku kudu tak idek endase aremania sampek moncrot, tapi tak balekno meneh, wes babah lah bonek/persebaya di ilok2no teros di serang koyok ngono, aku bonek kudu duwe lapang dada gawe kejadian iki, wes ayo gawe pelajaran kanggo bonek untuk lebih baik baik dan baik lagi walaupun kita di serang kayak gitu, sabar sabar dan sabar, selama darah dalam tubuh kita gak keluar karna kerusuhan2 yg terjadi",3 years ago,@dionizam6862,UCFMUyPbaFCSdVzz3aN-qyDQ,5,1,https://yt3.ggpht.com/ytc/AIdro_kK07Ml9vtMhUDmL2eWHI4BOxbxTq0RlbBs28dRVwpfsA3IgJAJj3zvCLBlnO6T9Ui8Dg=s88-c-k-c0x00ffffff-no-rj,False,False,1686983817.599
Ugzo9MXukhsY_WUq_St4AaABAg,Wayae di uncali bom granat...guduk gas air mata..... Ben punah..bedes aib negoro,3 years ago,@NurHadi-uv5pt,UCwIiSnJBs9C72wewTY89qhQ,3,,https://yt3.ggpht.com/ytc/AIdro_ly7XdJvQbK9yqu7zYv_mT2GTYE75UcNuqnus-bRt6pKpfv=s88-c-k-c0x00ffffff-no-rj,False,False,1686983817.600405
UgyLUaaHnjf0YO9Godh4AaABAg,"Harusnya arema dihapus timnya dari liga 1,Atau degradasi ke liga 3",3 years ago,@gohome125,UC1xGeWpEJQNAJEwN0GVe3kg,3,,https://yt3.ggpht.com/kc6BATlDoN8p8XHwVCYbCjvP44dDqt_MBBHW7P__I3jSG1Kgc5naHhxl6X0mSI3VsOsjiUyS4w=s88-c-k-c0x00ffffff-no-rj,False,False,1686983817.601913
UgxF9MYM7RTTzhzlFCl4AaABAg,"Kejadianya ini duluan polisi tembak gas air mata di tribun atau waktunya bersamaan?yg di dalem stadion polisi yg nyerang,diluarnya aremania yg nyerang gitu?apa gimana?tapi itu buktinya brimobnya juga bilang pasrah minta bantuan,mungkin ini alesan gate13 ditutup biar masa yg diluar ngga nambah karna polisi juga udah ngga sanggup nanganin?kalo liat dan memahami dari sudut aremania juga agak aneh sih ada yg janggal,harus liat dari 3versi.versi aremania versi persebaya versi polisi",3 years ago,@BagasKurniawan,UC_Tb7ihbgldOjXPY6RrEyhw,1,4,https://yt3.ggpht.com/ytc/AIdro_kxw7wTNIhEnVrBpDAwgO4_9wCux1eOEVM7Uju6UU0_-g=s88-c-k-c0x00ffffff-no-rj,False,False,1686983817.603318
UgwSJOaN5MxGg-WUESB4AaABAg,"AREMANIA PRIMITIF. MENCARI PEMBELAAN SANA SINI , SEOLAH OLAH MEREKA KORBAN",3 years ago,@HOHOLL465,UCg8nuw_Rfq0GTsHK48W5eMQ,2,,https://yt3.ggpht.com/ytc/AIdro_mPldrJxHOPnrIfkAWSLYXvoi68yio2mlv8a6tt8xhK6yU=s88-c-k-c0x00ffffff-no-rj,False,False,1686983817.604844
UgzZysqiW7AU9SLp2bl4AaABAg,ya allah,3 years ago,@exscreamagatha,UCn3lGKlEdKoEuPsSnPq79ew,0,,https://yt3.ggpht.com/ytc/AIdro_lN1QAVQe1FFVFL07bEc2BYM_bObTTiRh937jRKnZYzcOKo=s88-c-k-c0x00ffffff-no-rj,False,False,1686983817.60628
Ugx692UZZ_sjABmYayR4AaABAg,"Persebaya seperti melawan maut di stadion Kanjuruhan,, sangat miris suporter Arema gk terima kekalahan",3 years ago,@ipecesss99,UCyHYWwYTK04EWqUxL0MAxYw,2,,https://yt3.ggpht.com/3qqNgt_7bEoV5tlxohMSCFkXNRP8g7ZTDuq5iXkObUAq-zCzmM43Ir9VJy4lBJXtuIzJNndMRZs=s88-c-k-c0x00ffffff-no-rj,False,False,1686983817.607877
UgwNl5vnpzpvllTkp4B4AaABAg,"Kalau di pikir² ya emang dari suporternya nya.. Kalau suporter tertib, gk anarkis. Aparat juga diam tanpa pergerakan lebih yakan.. Balik lagi ke diri kalian.. Niat awal mau nonton bola, apa mau sok jadi jagoan petarung.. Kasian juga yang anteng jadi kena imbas",3 years ago,@OliviaJepara-gk4xz,UCmqUYTMig99Cc0iRSdFOeQw,2,,https://yt3.ggpht.com/ytc/AIdro_mZwPWuPX67S792W5j9j63JWvTbBzBXKkE9c6InqltH2_MRJQW99mrizBm5CsnKXSSOsQ=s88-c-k-c0x00ffffff-no-rj,False,False,1686983817.609375
UgyYjg_jORpr9qYMyx14AaABAg,"Jangan jadi pihak yang selalu teraniaya karena gas air mata, coba rasakan bagaimana perasaan polisi, tim persebaya yang terancam nyamanya",3 years ago,@udinklitih6480,UCFE2vm-FL8bMn2mdN_0VhQQ,12,,https://yt3.ggpht.com/ytc/AIdro_mLGptozA6V_fnyxeFdGVrRA9CnAYH5DDb3_g8JXgHuknQ=s88-c-k-c0x00ffffff-no-rj,False,False,1686983817.610869
Ugzi8q5ygYjRvTjyGiN4AaABAg,Polisi yang rugi mobil mahal dibakar padahal ga bisa dibeli tuh sama yang bakar,3 years ago,@azamgaming3632,UCljxpTRwr3_Ogs5X-oL0OMA,2,,https://yt3.ggpht.com/ytc/AIdro_nYT7VHueSmb84Pkqegnv-ilvT-Yfq_8v4xE5czBIg=s88-c-k-c0x00ffffff-no-rj,False,False,1686983817.61235
UgwKdIOKTIJr-LAJ2bp4AaABAg,Ya Allah sebrutal itu ternyata 1:26:06,3 years ago,@Leonidas-168,UCsIf_95N9WFBkIPYAmddjog,4,,https://yt3.ggpht.com/ee8FY45nK_CV8WwBgk0hIf_y54VtNkVXVzcwUt_BqX46JTb4I-JUCBrNgMey7f9DC8iXoECAww=s88-c-k-c0x00ffffff-no-rj,False,False,1686983817.613785
UgzI7oH8UpYamWcptjh4AaABAg,semakin bangga dengn PERSEBAYA!!!,3 years ago,@libertaschannel,UC9apLBSPL9F5TMBR2QC0x9w,6,,https://yt3.ggpht.com/M4mGZRZw3xP_-4D_fMO7mDSV4ugRk9wNWNYFiQYjFDffdY43fae_C9gAAKbHAJ1CkervIbiGPQ=s88-c-k-c0x00ffffff-no-rj,False,False,1686983817.615227
UgyhwJRAXSJ8VUBUybp4AaABAg,Pas awakku ultah rek🙂,3 years ago,@Alje-Hs,UCmGQrxz1HzQtXBxH30exm-A,3,1,https://yt3.ggpht.com/GPGsVK6wuhIpclYat_Tqcskma6JM8yXM8Gw_KJVISYKOejWu5t0mRIAc-_YsBLs3NcWO3BZKSw=s88-c-k-c0x00ffffff-no-rj,False,False,1686983817.616723
UgykvsLE5S-PyqmiZmF4AaABAg,"Tolong pak buatkan dan sahkan undang undang penembakan untuk polri dan brimob untuk situasi"" Seperti ini",3 years ago,@Ilhmptr,UCpSwNpNKd0Dsr_OALRDq1ew,4,,https://yt3.ggpht.com/ytc/AIdro_mvnZvo5OnmAhRu4K4gXGgoDoCFLvrOyGdJFhSi2WE=s88-c-k-c0x00ffffff-no-rj,False,False,1686983817.618148
Ugwi3TJFltMbGMO8mQR4AaABAg,❤❤❤HIGOR VIDAL❤❤❤,3 years ago,@Ilhmptr,UCpSwNpNKd0Dsr_OALRDq1ew,1,,https://yt3.ggpht.com/ytc/AIdro_mvnZvo5OnmAhRu4K4gXGgoDoCFLvrOyGdJFhSi2WE=s88-c-k-c0x00ffffff-no-rj,False,False,1686983817.619625
Ugyg1OtrDLkAnQVvFPR4AaABAg.9qGPghzMSp39qIf6EMvIxV,🙏🏻,3 years ago,@galihoktaviano316,UCR1uMAwh93-sZDvrlGjixkQ,0,,https://yt3.ggpht.com/ytc/AIdro_lR81GXq6VBT2_LbjND4pK0wgtgph_WN7aHTJAjNow=s88-c-k-c0x00ffffff-no-rj,False,True,1686983817.78697
UgxF9MYM7RTTzhzlFCl4AaABAg.9qDcv_B7HYL9qIfpJ0pK1c,"Kalo yg saya lihat di sisi utara, di video² juga ada. Awalnya sudah pada mundur, namun banyak yg lihat kalo teman²nya ditangkap dan dimassa aparat, jadi masuk ke lapangan lebih bnyak lagi dan dibarengi gas air mata ke tribun 7 yang makin rame turun karena pintu keluar macet. Mayoritas korban kan emang keracunan racunnya, toh 1 korban polisi juga MD nya di tribun",3 years ago,@galihoktaviano316,UCR1uMAwh93-sZDvrlGjixkQ,1,,https://yt3.ggpht.com/ytc/AIdro_lR81GXq6VBT2_LbjND4pK0wgtgph_WN7aHTJAjNow=s88-c-k-c0x00ffffff-no-rj,False,True,1686983817.96151
UgxF9MYM7RTTzhzlFCl4AaABAg.9qDcv_B7HYL9qIkY5Izbar," @galihoktaviano316  iya si mas miris kalo yg di dalem stadion,kalo yg di luar ada korban MD kah?berarti yg di dalem nggak tau kalo diluar juga chaos parah?",3 years ago,@BagasKurniawan,UC_Tb7ihbgldOjXPY6RrEyhw,1,,https://yt3.ggpht.com/ytc/AIdro_kxw7wTNIhEnVrBpDAwgO4_9wCux1eOEVM7Uju6UU0_-g=s88-c-k-c0x00ffffff-no-rj,False,True,1686983817.963117
UgyhwJRAXSJ8VUBUybp4AaABAg.9peKZM-VpPm9qIfxWE_3hT,Ayas 2 oktober e,3 years ago,@galihoktaviano316,UCR1uMAwh93-sZDvrlGjixkQ,0,,https://yt3.ggpht.com/ytc/AIdro_lR81GXq6VBT2_LbjND4pK0wgtgph_WN7aHTJAjNow=s88-c-k-c0x00ffffff-no-rj,False,True,1686983818.125362
Ugy8u6R_sSV1Z7hv7s14AaABAg,Wanii,3 years ago,@riobreetd1910,UCA7QfaV3YZktQBUTwiiJJqw,1,,https://yt3.ggpht.com/ytc/AIdro_mZO4CCPeKo4rC9iInBentVNhqYBPj-7vk5eebR31nMtI4=s88-c-k-c0x00ffffff-no-rj,False,False,1686983818.415419
Ugx0xvMU6JYtMP7zMF14AaABAg,pertandingan terakhir di Kanjuruhan,3 years ago,@mbkwiwik361,UCZxhCVP8aUMEA25b-_iw1oQ,1,,https://yt3.ggpht.com/O5ZO9zAgzxVq1v57bu-UdCjFNWIOp3ylTl8WNk2m25dQnWAf3JkBYAiMrQdPo9u1KLa2xg8Pew=s88-c-k-c0x00ffffff-no-rj,False,False,1686983818.419053
UgyYKfOUAMZSRFkS-f54AaABAg,42:53 sangat jelas bedese ciduk lek wes😂😂,3 years ago,@PSJBLITAR,UC4Os5vGXUNH6MBns0PkSXhw,4,,https://yt3.ggpht.com/ytc/AIdro_kQb66_r-tkBEn2iZDFhJ2GG4iHBNhSUfLuMmYXH4kfLpzB1eRO46tXEjwegiB59Ph2gg=s88-c-k-c0x00ffffff-no-rj,False,False,1686983818.421726
UgzN8bI-lDtKARGixtB4AaABAg,CUKUP DI KENANG GAK PERLU DI ULANG.SALAM JAKMANIA SURABAYA,3 years ago,@indrangalam2487,UC0jnY8M8i5K-an1PsllNqDQ,1,,https://yt3.ggpht.com/jEHsJCJQ5tfF9Qoja9ud91ieaCb2osreyUgStY-qx9WbBzbFVQa72q8KBfbJD39e-7ZVVe161g=s88-c-k-c0x00ffffff-no-rj,False,False,1686983818.424359
Ugw-2xSTgQg70g3_9AF4AaABAg,Ws setengah taun berlalu aku nonton vidio iki bola bali....dan saya sadar kalau yg salah bukan aparat tapi supporter tuan rumah yg juga ingin mencoba membunuh team persebaya....jujur dari awal suka arema tpi berjalannya waktu mulai merasa ini tim mending di BUBARKAN,3 years ago,@dwiprasetyoaji3942,UCu89Ip851Rx-YzBmC8BG_0A,3,,https://yt3.ggpht.com/ytc/AIdro_mQEHeFdit8DCqFxmJdNxieUdmln03KSeGvb-KPkxKUOaJ1ItZl4CLGlAugfCE-iXUMWg=s88-c-k-c0x00ffffff-no-rj,False,False,1686983818.427084
Ugw_SgPMVYtB1fIYGMB4AaABAg,GW A SUKA SAMA SUPORTER YANG KAYAK GITU,3 years ago,@endangblek320,UC7R8geXd9fVFkuLbAFZJ1wQ,0,,https://yt3.ggpht.com/W8Vts6UBhcAbaxmTT2F827dGTgPRglpd13svOcrM45y2wXHAYeV5EuVbUSYkYonwgHw1jeGdDA=s88-c-k-c0x00ffffff-no-rj,False,False,1686983818.429765
UgwGuHyiAdnL06cJ-wd4AaABAg,DENGAN KEJADIAN INI SENDIRI SAYA AREMANIA. SEMOGA HAL INI MENJADI HAL TERAKHIR DI INDONESIA. GAS AIR MATA ITU TIDAK DIBOLEHKAN ADANYA DI LAPANGAN BOLA KARENA PENUH DESAK DAN KURANG NYA OKSIGEN DISINI TIDAK MENYALAHKAN APARAT DAN SPORTER KEDUANYA SALAH TAPI INTI DARI PERMASALAHAN INI ADALAH SPORTER TURIN KE JALAN DAN DI TEMBAK GAS AIR MATA TANPA AMPUN.. SEMOGA KEJADIAN GAS AIR MATA JUGA BUKAN PENSESAK UNTUK MEMBUBARKAN SPORTER MASIH ADA HAL LAIN SEPERTI WATER CANNON DAN LAIN2 SALAM SATU NYALI DARI AREMANIA 💙💚🦁🐊 SEMOGA BISA BERSAMA2 BERDAMAI,3 years ago,@arielarema3572,UCLCigCnT8aeZUab4UuE-1og,1,,https://yt3.ggpht.com/ytc/AIdro_kF-v0HTAIm3sY_pPktXKqsEKzdF769QgqG5EZgnnFtBAM=s88-c-k-c0x00ffffff-no-rj,False,False,1686983818.432379
UgzA4ji2FdhCirYI6x54AaABAg,kejadian yang gabisa lupa di pikiran saya ketika nyusup masuk ke Kanjuruhan pas kejadian 1 Oktober,3 years ago,@tegarputera6027,UCowBSzAC_6CwHzPsP6jbJmA,1,,https://yt3.ggpht.com/ytc/AIdro_m2ZNLR_cc0FFKmHDT5EU6SP3A1rdLdI-0-klaVIUw=s88-c-k-c0x00ffffff-no-rj,False,False,1686983818.435114
UgwnMJv3OlW7qtH9tI94AaABAg,Anjir gua nontonnya merinding,3 years ago,@abdul3798,UC71Btc9suqt7BcWB9UgV9Dg,1,,https://yt3.ggpht.com/ytc/AIdro_meYAh6NPkc3qZ9RQbztfozX2jknUqc69hcasQTLZa7CCWY6MHmzRI1I6I59gYFhEiQXA=s88-c-k-c0x00ffffff-no-rj,False,False,1686983818.437607
UgzXl7-2aAGjEOLxC-N4AaABAg,Salam satu nyali waniiii!!!,3 years ago,@muhammadfaiz6218,UCDNKVbBkFK3b22K_10iUzDg,1,,https://yt3.ggpht.com/2123qEMcoceTWoy6llBN8wjKqY92fsB4vnq7NyadnS-VnjocNIITyjyyHfW3_eph_io6P09MFw=s88-c-k-c0x00ffffff-no-rj,False,False,1686983818.440069
UgxILzSxTwMxh3LpRu14AaABAg,"Baru nonton, di jelaskan dengan cinematography yg bagus jdi enjoy nontonnya, selain itu selama ini yg ditampilkan media adalah kesedihan fanbase club sebelah padahal kalau dari POV persebaya dan mungkin aparat yang bertugas kisah kemarin juga sangat menyeramkan",3 years ago,@gulajawaaja,UCOGDwRdln2OO6WjtffdHhsg,41,,https://yt3.ggpht.com/u0ixWc9k2IiY8CZy6K-Ream-Vr31ddgKRZSak3QfOFkKpKzCJsF99UxakyH6sfj_vuSMbdqkTg=s88-c-k-c0x00ffffff-no-rj,False,False,1686983818.442515
Ugz6OExXXFT-vqeDEAJ4AaABAg,Musim depan Harus menang,3 years ago,@viroviro6397,UCgYIQCm2DkTusguSb_Xufwg,1,,https://yt3.ggpht.com/ytc/AIdro_npHfu2ephH4g9R5_wzwc4CNOH4jwqN5Ue_5Ic8gpFBjH4UblrZqlqsH43m4hf_S9zf-g=s88-c-k-c0x00ffffff-no-rj,False,False,1686983818.445116
Ugxkn6DPtOPclYNSnRt4AaABAg,Persibaya selalu di hati jadilah suporter yang hebat dan tidak arogan.. Arema bangsad,3 years ago,@imagopacitan2559,UC96ZxFRzMnqJAgtvYWC9jUg,2,,https://yt3.ggpht.com/ytc/AIdro_nTCRmCpUsgUhrwCn3NSgcQUa2ZB0rACom422HYHb0rOVNHIMzfwDs398hR5zZDBa50vg=s88-c-k-c0x00ffffff-no-rj,False,False,1686983818.447594
UgxxIqwyWC4oPuSMoEN4AaABAg,"orang2 primitif dan kampungan sampe segitunya ya muja bola wkwk,pasti kebanyakan bocil2 es empe",3 years ago,@putrawijaya9602,UCR35upDiwQUGWcnnIDpT2lw,4,1,https://yt3.ggpht.com/ytc/AIdro_n3ZK0hF9absMQTJ13VvW8hNDy4RZjJGHY5lMbi1SE=s88-c-k-c0x00ffffff-no-rj,False,False,1686983818.450073
Ugyg5U3186u-R4UJLpZ4AaABAg,liat kan disini fakta dan realita di lapangan kek gmna ? supporter arema ni emg dehh lau paling kerenn brokk otak nyakecil tpi sayang wkwkwkwkw ngakakk anjggg,3 years ago,@chainbriliant2358,UCZ3soJheFAzBpFE8dP0iG4A,3,,https://yt3.ggpht.com/ytc/AIdro_nAWCS5aQChlqD6miHtortkUEtumuUPywgZnsqP3pRk5GU=s88-c-k-c0x00ffffff-no-rj,False,False,1686983818.452547
Ugy5JDyvRrlXrd7fiBd4AaABAg,Untuk selanjutnya saya himbau agar kota malang sudah jangan diadakan moment sepak bola atau dibekukan saja kota malang untuk moment sepak bola untuk selamanya,3 years ago,@herkuswanto1048,UCc-Uh8jZSLhm4XTk988D_1A,1,,https://yt3.ggpht.com/ytc/AIdro_n17eVS6yOwSEgbNTgXc4n9JeOKRE9MMEESD8Bfcg_tgLUU3ZPzBmNs64A-tbv0zyDUoA=s88-c-k-c0x00ffffff-no-rj,False,False,1686983818.454995
Ugy7dLu12mxWn52ulIJ4AaABAg,_,3 years ago,@Rizz0125,UCY4QuOnjSEyVMMPmpe2rE8w,1,,https://yt3.ggpht.com/qKRnAv_bzzhnSanv5x4O9dKSDDfRuH2eXMYEOWE9utj-9cvK3OveJ7_awIzEI1jAoTQuvmqR=s88-c-k-c0x00ffffff-no-rj,False,False,1686983818.457489
UgxsHUlC9-6G265bJnJ4AaABAg,video ini menggambarkan kengerian pasca pertandingan arema vs psby,3 years ago,@dimasrezha7582,UCCiF78NF7wF2ITsTWKrv-Ng,1,,https://yt3.ggpht.com/ytc/AIdro_mIGlqIYYtCZsZjLU94fyeijqO7zN80pJGCEL9w-uNr2PTUIGNAmRqf5z40HG5jVFRm1w=s88-c-k-c0x00ffffff-no-rj,False,False,1686983818.459983
UgxiEjp9xcxqihN2zSd4AaABAg,Timbang usut kulkas mending delok video iki Ben iso introspeksi. Video sangat jelas,3 years ago,@wongamis1922,UCwi5pb1NCXrpz9UxN73c6vA,4,,https://yt3.ggpht.com/IfgHqcHTLP5Ofcke71A8DP1VpCD2MRHU8pfqIBiTuVz_1Qoi7nl0Lyd88uhx__TKV9hKV8uiag=s88-c-k-c0x00ffffff-no-rj,False,False,1686983818.462405
Ugy_hrwHaDJgBfJxOFB4AaABAg,"Hampir 2 minggu baru upload, sukses terus tim woko chanel",3 years ago,@awangekirama,UCG0Ksnh8JqF0B2rWmZMxX9A,1,,https://yt3.ggpht.com/ytc/AIdro_lPmecYW7cM6PnkBKcIoTnAGFQJp58H2iEFk72l_wR0Jg=s88-c-k-c0x00ffffff-no-rj,False,False,1686983818.464856
UgxxIqwyWC4oPuSMoEN4AaABAg.9obzyGRaJXU9qLrKNp0VJt,"Gak akan bisa hilang kebiasaan ini.
Pasti bakalan disebarkan kebencian kaya gini",3 years ago,@KUERSYH,UCZEs5Bd9F9sv5qyFs2pFNQw,0,,https://yt3.ggpht.com/upgzo8NuWwDBEG9lrSxUhnDExghI7Mw0bv9ysIEfLidFsmDzMCTlWb5Lp_J9bWIKF_CF1WOhKf8=s88-c-k-c0x00ffffff-no-rj,False,True,1686983818.645737
UgzvY-mvJbJYB1aqAcR4AaABAg,ancene suporter primitip,3 years ago,@spymotor8093,UCOkWtukPq2fc2Et3La-le9Q,1,,https://yt3.ggpht.com/kx21j3EU-mnZ13jHHtlogmU9WKVr3Kc5o3tgAd3N8xxfhL_SvawCijrmDOBkDYk8Ne7GaGsV=s88-c-k-c0x00ffffff-no-rj,False,False,1686983818.969954
UgzDbDU-9SN74MwS7-B4AaABAg,"Supportere medeni temen,nganti kaya kueloh bener bener koyo perang",3 years ago,@dinaaulia6251,UC0cYQatRHWbaHpIAKPfbdOw,1,,https://yt3.ggpht.com/ytc/AIdro_nfSppLCD_p_SuXDmSdAE7-9-LGLur8qLGgVYoVEvclLtz-hcyf1aFDVF51ZCP_GaEGag=s88-c-k-c0x00ffffff-no-rj,False,False,1686983818.972678
UgxJnPNW6Pj43wr9uP94AaABAg,Supporter nya padat bgt gitu,3 years ago,@dinaaulia6251,UC0cYQatRHWbaHpIAKPfbdOw,2,,https://yt3.ggpht.com/ytc/AIdro_nfSppLCD_p_SuXDmSdAE7-9-LGLur8qLGgVYoVEvclLtz-hcyf1aFDVF51ZCP_GaEGag=s88-c-k-c0x00ffffff-no-rj,False,False,1686983818.975195
UgzJ-nQnBkbOG8cyKqJ4AaABAg,Suporter hewan...,3 years ago,@bownisudjiwan5942,UClBO8KNvtPVvZOe_KUwnuuA,1,,https://yt3.ggpht.com/ytc/AIdro_mqTm-V3Nx-Omv175LrkYdt6rHKR7-pQh-fPO6_6zk1534=s88-c-k-c0x00ffffff-no-rj,False,False,1686983818.977693
UgyhVNI61YEITwWXaMd4AaABAg,Away 2x menang 2x alema sepele,3 years ago,@anjalchannel,UCl86z7R9Ryc0Rn9s6zZq8vw,1,,https://yt3.ggpht.com/ytc/AIdro_k2-isKGHC7qqRexYAFq0FfJcibr1XNEj_7zYbmaeA_qg=s88-c-k-c0x00ffffff-no-rj,False,False,1686983818.980215
Ugy-CGDzT1joKTGEkLN4AaABAg,"Suatu saat biarkan Yuli Sutil menceritakan versinya, lihatlah sam, ceritakanlah kejadian ini,, 
Semoga seluruh almarhum diterima disisi-Nya,, 
Yang ikut menyerang tim dan official Persebaya segeralah bertaubat",3 years ago,@forzapersis2663,UChUjPHiQjftfcyeKJd6aDfw,3,,https://yt3.ggpht.com/ytc/AIdro_nZfCLnM44mNUF7Crj4E-PgqfmlmAhJ-PV5eut_kfXa_yTwgefCrxm4i3Gyba6fyhYSEw=s88-c-k-c0x00ffffff-no-rj,False,False,1686983818.982666
Ugz_8Z2ogUWRWmK6jzB4AaABAg,Kebanyakan iklan,3 years ago,@fadhilzakimunawwar,UCL-FSh-vMKdEa_QwnGXC1rg,1,,https://yt3.ggpht.com/szNKjIdzZGq2J3gabgL1h7tI6VcGL4_G8xHsXh9m1bSyCfIUFykOqzm5RB5Yo_y8kjd1LOMAVQ=s88-c-k-c0x00ffffff-no-rj,False,False,1686983818.985118
Ugy7OABm1uWnWcZTNQ94AaABAg,NDESO TENAN SU AREMANIA,3 years ago,@masbim6389,UC6XpSAxV7HVwgDc6SEh7Gag,2,,https://yt3.ggpht.com/804n4SAieWKMZFPo_BMuXD4AFdXgGxsLNJYAnthiz3wv6jBWxPSh9qek0i3WY4txz46T547hZg=s88-c-k-c0x00ffffff-no-rj,False,False,1686983818.987591
UgwG-k4Dac1JDS-UFFF4AaABAg,"ulahe dewe, klub bagus tapi suportere blas SAMPAH kabeh aremania , jan mesake arema nduwe suporter ngono",3 years ago,@bagasskara2754,UClVUL94-XUaZWJzX3HZubng,1,,https://yt3.ggpht.com/ZyZwMPhutj6kLJ9eaw6CRbd25Ysd046-K5rZbOp3GV_VoshZ9va49X-Fyg7XT32ADaGDHCMvc9M=s88-c-k-c0x00ffffff-no-rj,False,False,1686983818.990035
Ugz1MpjI3IgBGPpSKMx4AaABAg,PERSEBAYA AYOO PERSEBAYA❤❤ WANI,3 years ago,@ahmadhariyadi2242,UCfK5vMxdfeZ9Rhzw3YVSVqg,1,,https://yt3.ggpht.com/ytc/AIdro_m1ag8Hh6mPlCnQih-mrMrta5A9SrMs1b_b-qLIXIvkkAM=s88-c-k-c0x00ffffff-no-rj,False,False,1686983818.992476
UgwFS_Dpb9s89lnXhqF4AaABAg,"Tragedi terburuk kok club arema masih aman di liga 1, pssi sehat kah ?",3 years ago,@eskaahmadi1224,UCrHD9BOJ5CFmgUBJToEgWJQ,3,,https://yt3.ggpht.com/ytc/AIdro_lXTRNywcMYpgT6icJKtf5wHXezmdIO7LGrxzLczvo=s88-c-k-c0x00ffffff-no-rj,False,False,1686983818.994945
Ugy09kMciQj8eKqQsxp4AaABAg,BUBARKAN AREMANIA BUBARKAN AREMA,3 years ago,@sdasldkokdwifw,UCC3A2yPux72SEsH313FaQFQ,1,,https://yt3.ggpht.com/eMlA08VDqTrz0i-r7iFe_cJ7MK9IfgkBCxoJeAC_z8bsrY6ya3YDIVzpun6cXEsHVfoWR6Rr=s88-c-k-c0x00ffffff-no-rj,False,False,1686983818.997348
UgwnBtTRmpjuH0zBlp54AaABAg,Tambah buenci karo sing jenenge arema,3 years ago,@Bayu-ct4ml,UC8T4l55cxZps3bDh0QO-Aaw,1,,https://yt3.ggpht.com/ytc/AIdro_mYoFc6efXQMKtMQ8Qgj_tw4tABCvSl3WRvIJrBeFU=s88-c-k-c0x00ffffff-no-rj,False,False,1686983818.999889
UgwjKz8_X3h_BxgWbQp4AaABAg,Aremaasuuu LIB = LIGA IWAN BUDIANTO BOKNE ANCOKKKK YULI GATELLL BEDESS TUEKKK MATEKAN...,3 years ago,@mistersurya8046,UCMtu2M64jXVpv282yIDrpJA,1,,https://yt3.ggpht.com/dQO44PpSf_lG7PvUf62KVlKQv1JXRAw1w6rcTjvDtftdDB_LPgBlq6JqcCLg9XPqdHcWZBqeOw=s88-c-k-c0x00ffffff-no-rj,False,False,1686983819.003207
Ugz802fxSJVAPs87k5F4AaABAg,kelakuannya emg pantas dikasi angka 120 an. Kalian yang rusuuh harusnya bertanggung jawab.,3 years ago,@wahyupratama2642,UCzYwUpfbib_LiWwWd-GrviA,1,,https://yt3.ggpht.com/ytc/AIdro_k0U1J5XodOWWcOHq3gnHdMhWBj7QFS-RxQUO-aZD0LERw=s88-c-k-c0x00ffffff-no-rj,False,False,1686983819.006471
UgzTcQ2IXB2mgV5-2Dx4AaABAg,wong salah..ora gelem ngaku salah... 🎶🎶🎶,3 years ago,@ichuelek2,UCu3YOZiPUgl8aep2YLN9sPQ,5,,https://yt3.ggpht.com/ytc/AIdro_kpjFEy4A9_SLXmc12YB-1F8Ei1AMsRAhWgIjrE9qSFXVF45CoZSF0wWFkY1gnOwtpMzw=s88-c-k-c0x00ffffff-no-rj,False,False,1686983819.009003
Ugxo-hmmPdwRLcFSOj54AaABAg,"Ulah suporter aremania dan oknum polisi yang lempar gas air mata,memanglah tidak patut untuk supporter lain",3 years ago,@zaysskuy1995,UCozLR8RCLHf0n_iOQy5kt9w,1,,https://yt3.ggpht.com/ytc/AIdro_n7hfHJxB62ul3LGY4kMLES4Hk1ixQPm4NUBdiajA-rDa28y_nNub-lnpFutYltrKlekg=s88-c-k-c0x00ffffff-no-rj,False,False,1686983819.011507
UgwbCMxSUvHNGAUUBCh4AaABAg,"Kondisi koyok ngunu, nek aku dadi brimob.e karuan tak berondong laras panjang utowo tak uncali granat sisan ben mesisan bongkoh kabeh lak wes kewan2 iku",3 years ago,@jokoumbaran4582,UCqL0P-yknUd7GKcQAm6LIRw,3,,https://yt3.ggpht.com/ytc/AIdro_ldr9MvPwL_XnqBWxK8N4pKs_sUOVWY_2FO9snKepft08roYVA3DvVfn_RQxWV73nFIAw=s88-c-k-c0x00ffffff-no-rj,False,False,1686983819.014063
UgwCqEdLr--6nGIfxEp4AaABAg,AWESOME,3 years ago,@dzulfikaralibusyro9941,UCOsXIAkaG9GwcPGg8oIUagQ,1,,https://yt3.ggpht.com/ytc/AIdro_kxH_cED5ImxdgKpJnMSCGTqGv7RnIsYUBXtyh55yvFKIw=s88-c-k-c0x00ffffff-no-rj,False,False,1686983819.016574
UgwMopOoh3fp_LLyOLZ4AaABAg,"SDM sangat rendah sekali, ini adalah salah satu spesies kecubung langka😅",3 years ago,@breurahara03,UCRAPHE5pP0uGuhfwZ9PADwg,2,,https://yt3.ggpht.com/dS9Cb1E_z5M26US4vH_Ywdna1ZeoWpoTpnoGRlpclaXs03WWS5OmfnYDHVVQ_ORZKQpCom44X-w=s88-c-k-c0x00ffffff-no-rj,False,False,1686983819.019113
Ugy-ZDyEJkshgdvxLvt4AaABAg,"❤❤❤ Bukan tanpa alasan nama kota pahlawan tersemat di Surabaya, bravo persebaya",3 years ago,@hobikluyuran9162,UCMXYCRohSEcsG0POnntPUXg,37,,https://yt3.ggpht.com/gT26KqSKY5yY9uQ5UlVv6Rtie6-4KtwZ6DikgFUS8QNaLtaq-qrKhEbatPQzqO7CwSJMCl6J=s88-c-k-c0x00ffffff-no-rj,False,False,1686983819.332554
Ugz5EFAGzgoCNpGGH-Z4AaABAg,Salam dari Kediri boys,3 years ago,@renggawidya24,UC8SxkU7WG2TwwQvsBwiBvIA,2,,https://yt3.ggpht.com/ytc/AIdro_nhoOi8Lhcr7w0l0Ur6N0ern1n6gqe49p8sDZDsXjKezsAllwS3frRAi1p45L_qVDrCfQ=s88-c-k-c0x00ffffff-no-rj,False,False,1686983819.335294
UgwTfp2hgMiGPKDXXSN4AaABAg,"Keren persebaya , kalah ko ngamuk😌",3 years ago (edited),@anggamaedi8639,UCHGzkvlvqmsHpORAmCkl7JA,1,,https://yt3.ggpht.com/ytc/AIdro_lIbs9vWj0chzZv4MoHmjECi0E8SkrxIVakRYpZ4spc9uA=s88-c-k-c0x00ffffff-no-rj,False,False,1686983819.337923
UgwTAGlGR9N2PybV7DZ4AaABAg,"Yg anarkis di luar gak liat sodaranya sekarat di dalam, sungguh hati mereka di butakan kebencian",3 years ago,@jejakngadors1362,UCKv7OcPek1L4RIJ-46ji2DA,2,,https://yt3.ggpht.com/ytc/AIdro_mfFaY0tR-xzFA2NiQcX7tAUNP-x5OktUjCm_K9LMruAZA=s88-c-k-c0x00ffffff-no-rj,False,False,1686983819.340526
Ugxz2TcGp3UT1mnSfAl4AaABAg,23 tahun tak pernah terkalahkan di kanjuruhan sekali nya kalah itu musibah spanduk kiamat mu di malang tak membuat kami gentar,3 years ago,@dianrivandy3242,UCmEPkoGDc-3exI7WbcBKRIg,1,,https://yt3.ggpht.com/KzUZSQjZwbBYicUKyiNtYQcKX7-gSNGRNhCNRkhMPfhMy2yuj3PYsJjxHNKW-GFWKHt4Ly9PsQ=s88-c-k-c0x00ffffff-no-rj,False,False,1686983819.343091
Ugx_N1wjieiRo5vtKVp4AaABAg,Ingat karna bonek dan persebaya bersama tuhan🖐🔥👏,3 years ago,@dianrivandy3242,UCmEPkoGDc-3exI7WbcBKRIg,2,,https://yt3.ggpht.com/KzUZSQjZwbBYicUKyiNtYQcKX7-gSNGRNhCNRkhMPfhMy2yuj3PYsJjxHNKW-GFWKHt4Ly9PsQ=s88-c-k-c0x00ffffff-no-rj,False,False,1686983819.345626
UgzbeE3cK39-dx-W0AF4AaABAg,Menit 42.59 pembalasan elegan dari Hidayat kepada oknum supporter yang berusaha psywar,3 years ago,@NicoMartha-jk3zh,UC9nPPNjIWqDUKHmxX1_4L6w,0,,https://yt3.ggpht.com/yySly_Onbim1R07XxQgg4U_1qmXskJNzWeFRocKCZzFKvJEKB8fWixzN-KtEi-eXWkTHSmA6sg=s88-c-k-c0x00ffffff-no-rj,False,False,1686983819.348145
Ugz82j7DxNg749DM0lF4AaABAg,best movie 2022,3 years ago,@bonekdomas1927,UCUcfP5u81qpNjhqABP8kkQw,3,,https://yt3.ggpht.com/ytc/AIdro_lbGHeo7hMQFZAnJhwgBg5xd9KVztxLNRsnoi5KE7-bwZU=s88-c-k-c0x00ffffff-no-rj,False,False,1686983819.35072
UgzrSRxks--bzxVGa1p4AaABAg,Delta sidoarjo apa kabar .,3 years ago,@nalbois6929,UCI7jB8bucDBDGWyhf370_VA,0,5,https://yt3.ggpht.com/zgHOcyRBpOD9Q6SbLX5t6zQr3QDKjiZueZc1kz_0VTti1UeKk_qRGNaih1KDrc0Pme8xUURgbZ4=s88-c-k-c0x00ffffff-no-rj,False,False,1686983819.353214
UgzMaT4g5MzTo7sPPXV4AaABAg,Layak masuk festival eagle award Iki..... Bagus film dokumenternya,3 years ago (edited),@sentotalkacili7407,UCnRX0JMw_8CVhz8B5SDVzig,6,,https://yt3.ggpht.com/ytc/AIdro_k44DYuwRI2cMn26eNsUFPYMyShPL3upCSITmsycps=s88-c-k-c0x00ffffff-no-rj,False,False,1686983819.355782
UgxVwu3AHIlLG3ZtAWB4AaABAg,Dari video ini kelihatan siapa pembunuh dan siapa yang membabi buta misalnya tim dari kepolisian ngga ngehadang terus gimana nasib tim Persebaya??? Persebaya selamanya💚💚💚,3 years ago,@ahmadabdulmunir8487,UCUIZ9huKPxByQHvKa60E7sw,6,,https://yt3.ggpht.com/tDr08qIeVn-2XT23e97lhZsohc0tbfVr_1wzxtMCUqFS4QktmxMEt05cEpny8DAbX4garwwKHA=s88-c-k-c0x00ffffff-no-rj,False,False,1686983819.358403
Ugzoaa4cDZQE5nC9RXd4AaABAg,"Salam dari Fans PSM Makassar. Mental Persebaya keren.. 
Selamat untuk Bonek..",3 years ago,@danielyobi1971,UC1GozfzNCtJpiB2XsZjwlFw,11,,https://yt3.ggpht.com/ytc/AIdro_n6uXwQUZQrJSqgJ6ZF2m7yPyU86vA2cV06lZe_vIJ30N0POsPL-swpaX5qoZBX-P1M2A=s88-c-k-c0x00ffffff-no-rj,False,False,1686983819.360956
UgyiJq2OJ4ukQe3lCyZ4AaABAg,Banyak chant2 rasis,3 years ago,@arifinputra8377,UCd7CYh5WRbqWvD5brL9WwSw,1,,https://yt3.ggpht.com/ytc/AIdro_lsGbkAgCKrQ4AOZ34hnL3cTnEeXmaVN6zHSQW5lRMJF4Pv02mW6pL-DHb5zoRq10bi4A=s88-c-k-c0x00ffffff-no-rj,False,False,1686983819.363489
UgwrGIGm8O50i9pa42R4AaABAg,Padahal pemain Persebaya Arema Yo gak kerso koiso suporter e seng kesro,3 years ago,@anjaykohans3371,UCynljoOuGlaxKTirnErB-_A,2,,https://yt3.ggpht.com/ytc/AIdro_njMp9P5pDrqRaj4oHRodXslSma01EB2tIA4mBbGR7rDJoi92M1smujcI3N84wSKYdkGA=s88-c-k-c0x00ffffff-no-rj,False,False,1686983819.366002
UgwZgYfckJib1lMekip4AaABAg,Alfatihah buat keluarga yang ditinggalkannya 🥰🙌❤️,3 years ago,@ArifKurniawan-en3yf,UCCXFAewlNg60Nrwb-V-rqOA,0,,https://yt3.ggpht.com/ytc/AIdro_kiLf0Oni5zGb9N2-J9tN01RzVefCziGnU2yZoteEg=s88-c-k-c0x00ffffff-no-rj,False,False,1686983819.368558
UgwvuYvUo7mdalJEWT54AaABAg,Yang ditakutkan terjadi,3 years ago,@ArifKurniawan-en3yf,UCCXFAewlNg60Nrwb-V-rqOA,1,,https://yt3.ggpht.com/ytc/AIdro_kiLf0Oni5zGb9N2-J9tN01RzVefCziGnU2yZoteEg=s88-c-k-c0x00ffffff-no-rj,False,False,1686983819.371097
UgxqmZYH928A0ejWUG94AaABAg,"0:45 Sponsor Kapal Api
15:22",3 years ago (edited),@vickypratamaputravivo4940,UCMJQ9-MbrpIAa7ghkEZXYIA,0,,https://yt3.ggpht.com/kJ1Ze07RBhmr4iyHNswTd92mskiQgen6eXGiQAcwEm5-96h1825qhJd7rb_2McB26r-ryPIk9w=s88-c-k-c0x00ffffff-no-rj,False,False,1686983819.373628
UgyJl371yH8LYfwuHgR4AaABAg,"Namanya saja sumbolnya Singo Edan ..ya Pendukungnya pasti Edan...Makanta Sungo dan suporteenya harus dibawa ke rumah sakit jiwa,mwmbahayakan pihak lawanya dan namanya Kota Malang ya malang nasibmu kau Singo Edan dasar Edan wkwkwk cepat di bawan di Rumah sakit jiwa Lawang,makanta di sana dudirikan Rumah Sakit Jiwa ternyata banyak juwa2 Orang Malang yg Edan jiwanta ODGJ.",3 years ago,@merickwiliam5427,UCzquyk5QUsD5ZwwpPUrzBkw,2,,https://yt3.ggpht.com/ytc/AIdro_kaezV9SGh-AjcY88GLazW1EL6NX6PaJ2-f6ndSv-0=s88-c-k-c0x00ffffff-no-rj,False,False,1686983819.376111
Ugzl7WDfidiPQfAk2nJ4AaABAg,Gw sih cuman nanya 1 aja kenapa ada keributan dalam permainan padahal cuman sepak bola dan sampai ngelihat banyak orang dan kenapa saling memusuhi satu sama lain kan kita sesama  ciptaan yg maha Kuasa dan kita sama,3 years ago,@muhammadraehanalfriansyah8793,UCgLZmPJxmwBoF6eFsGhrKxw,1,,https://yt3.ggpht.com/iF_X3Czyp_Ch9oYp65ZX5ZWZ8vwTArPTHerEjb-7CeGli8e3sn8stwE4Y70oeuEd6obLLqmyEQ=s88-c-k-c0x00ffffff-no-rj,False,False,1686983819.378635
UgyLkzZmMQJNoMRsFWt4AaABAg,Gw lagi nyari wasitnya,3 years ago,@ahminjambi9958,UCBct3oHALP61WWj7NBHrzGQ,1,1,https://yt3.ggpht.com/ytc/AIdro_n0P3r2dt_xOW7IMpld2RrxGBWw0u14CCrewTD_k6rGgh-rAJJjEjQc9tcAQhDqX28vZA=s88-c-k-c0x00ffffff-no-rj,False,False,1686983819.38129
UgzrSRxks--bzxVGa1p4AaABAg.9neSpGTXUCt9nyOwFzPPcl,ng delta Sidoarjo gak ono seng mati mas.. pak omong opo neh kon,3 years ago,@hahahihi5640,UCV03SNxB_LQn5_M--fAUCgQ,4,,https://yt3.ggpht.com/ytc/AIdro_luIjVwDR81uY53JTESj8kwc4G_RVf7yuY_rDTeWn9UgQr2ebFmhFWJW69nQCIdNqK3DA=s88-c-k-c0x00ffffff-no-rj,False,True,1686983819.587015
UgzrSRxks--bzxVGa1p4AaABAg.9neSpGTXUCt9oyxCBE6V79,Delta sidoarjo sudah diganti kerugian sama bonek,3 years ago,@bissmillah_alhamdulillah,UCB71BvQqXZcQg9HhgWLFT4Q,2,,https://yt3.ggpht.com/X79dC-Ct4SZLljmRKA6n-t6zLHTsaOYSX2655ruqq-_4_NDxsfu-lwhU65lTjKVbXigZamMS=s88-c-k-c0x00ffffff-no-rj,False,True,1686983819.589357
UgzrSRxks--bzxVGa1p4AaABAg.9neSpGTXUCt9ngSgql6RWc,Kemapa emang ?,3 years ago,@agusprasetyo30,UC9xfsqlJNieVkFMghyvl7QQ,0,,https://yt3.ggpht.com/ytc/AIdro_kiuw4JmkjpJI34bqKiGbPevdi2mNAU3tIQk5vq_x0wvfA=s88-c-k-c0x00ffffff-no-rj,False,True,1686983819.591967
UgzrSRxks--bzxVGa1p4AaABAg.9neSpGTXUCt9q0AxmIYtlD,seng penting ga onk seng m4t1 samm,3 years ago,@skzuki,UCd0KU7tNlR9G4hfIgMGreVw,0,,https://yt3.ggpht.com/NWv6ii3SGVVpgxnFJC6usKVuAXHrEA3M8VjcDlod4b-0eufnH8e95wbcyAXRRuFUqPvrUkTz6w=s88-c-k-c0x00ffffff-no-rj,False,True,1686983819.594502
UgzrSRxks--bzxVGa1p4AaABAg.9neSpGTXUCt9sMBzSvVf4z,Ga usah runu sam kowe senengane ngrusak,2 years ago,@andosirrgarsire9940,UC9PnPb_ZOKauvlIiI-JgDDQ,0,,https://yt3.ggpht.com/ytc/AIdro_nHNmhgK4mtwlkvbYzWQNsHe7dvV4nJKisK6SmVW8O7u9Pa8T0cWxyinae9f8_eisKzEw=s88-c-k-c0x00ffffff-no-rj,False,True,1718606219.597073
UgyLkzZmMQJNoMRsFWt4AaABAg.9n8yL38CM149rlyB5zx0fU,Ngapain???,2 years ago,@khaeriya888,UCt7CJmtD6aNlEwKtmoWYJMg,0,,https://yt3.ggpht.com/43RJ4ZdKh5kPPUTodRRGB7MzWxYxeOGp_dxRXvZAseyf4irUbgvxjcfMn43vVsE6p5uBfZ-kOw=s88-c-k-c0x00ffffff-no-rj,False,True,1718606219.766258
UgxbfK6MZW8tapWnZMp4AaABAg,Suara terakhir bung valen,3 years ago,@ramagantengaja2484,UCqaLUmZ8Y2ZGcJRYaMdoHow,0,,https://yt3.ggpht.com/ytc/AIdro_mumc7USaUBW0AGv2w-HMssnwfZW_4yxew4iaZafks=s88-c-k-c0x00ffffff-no-rj,False,False,1686983820.078299
Ugz0Hovr4YFS5cI5xVB4AaABAg,Semoga Persebaya vs Arema besok bisa tiga point' lagi aminn 🎉ya Allah dan Persebaya Surabaya bisa jaya lagi kedepannya 🔥🔥,3 years ago,@kiswaty4927,UCKQHiVSKRQgOm-PQ1fkoEmQ,2,,https://yt3.ggpht.com/ytc/AIdro_m_tI6itMwVAQu6WgrUF0Gyw1lywzfW9NUhD1kbH78=s88-c-k-c0x00ffffff-no-rj,False,False,1686983820.079892
UgypVXVj_KugL-Zkdzh4AaABAg,Ini semua gara gara Arema kok KLH bukti netizen suka buly klub kesayangan nya ya ini mengingatkan ini klo klub nya KLH pasti dibuli itu harus biar gk klh,3 years ago,@widipetualangalam1705,UCpUu4thpYlRppTLFoXcjDug,0,,https://yt3.ggpht.com/xigeSjt0I9IWQiNlX7_z9JTMb2CKZpM5nrpKLae7RiZ8g_p2uRhF4nVVwDV92yuQs8vgRGeJQg=s88-c-k-c0x00ffffff-no-rj,False,False,1686983820.081345
Ugw9-vjAUEeK_DjGmAh4AaABAg,Tai ahh,3 years ago,@widipetualangalam1705,UCpUu4thpYlRppTLFoXcjDug,0,,https://yt3.ggpht.com/xigeSjt0I9IWQiNlX7_z9JTMb2CKZpM5nrpKLae7RiZ8g_p2uRhF4nVVwDV92yuQs8vgRGeJQg=s88-c-k-c0x00ffffff-no-rj,False,False,1686983820.082801
UgzF9dRdFNga9KayUiJ4AaABAg,Tau,3 years ago,@widipetualangalam1705,UCpUu4thpYlRppTLFoXcjDug,0,,https://yt3.ggpht.com/xigeSjt0I9IWQiNlX7_z9JTMb2CKZpM5nrpKLae7RiZ8g_p2uRhF4nVVwDV92yuQs8vgRGeJQg=s88-c-k-c0x00ffffff-no-rj,False,False,1686983820.08423
UgwZlEhUZnuwDbr0rwt4AaABAg,"Setelah kita menonton Video ini, apakah masih ingin menyalhakan Polisi. Disni terlihat bahwa aparat keamanan benar2 menyelamatkan nyawa Manusia, bayangkan ketika di Mobil tidak ada pihak keamanan….????",3 years ago,@Kosong.kosong,UCa-3ryub6LdFExYNWOdNT7w,0,,https://yt3.ggpht.com/gsuR-ooWKAOoj6bQpLlKIGMAcBJqtHJgixu76mcA2CTEy2q9ibGrXm1KshJ79uiKrlf4IaLHmg=s88-c-k-c0x00ffffff-no-rj,False,False,1686983820.085663
UgyyVvfHvFyn9Ozkhqt4AaABAg,"Ngpain lu nyerang pemain? Ditantang bonek tawuran diblitar g berani datang cuma sedikit dan itu pun kocar kacir, padahal blitar itu dekat malang, HADEEHHH",3 years ago,@sulisyuninglin9911,UCFy4fZK5cQggvwHSE2Exyow,2,,https://yt3.ggpht.com/ytc/AIdro_mhpdt52gf-ewuMICMSpf58jqqKXetktX-rAgmJkXZktJrVu4vDkBYngfAtIfmb6uJy3w=s88-c-k-c0x00ffffff-no-rj,False,False,1686983820.087183
UgxNnaazD_FPycLksHJ4AaABAg,"47:10 
No, you are not gonna kill them . . . it should be the officer's job
But in a mental sense, as a player yall kill their mind hahahaha

If I can say, Arema was a good team
But their stupid supporters wont stop make stupid things
Respect Arema FC, FUCK AREMANIA !!!",3 years ago,@RayendGaming6632,UC2nUvbwMdHhfgVBkBeiPRkQ,0,,https://yt3.ggpht.com/lq9gQLsY6BvM0Q2KaE2yta47_0bnH8ccH_ogHF5NN5mqAfD2UbRhKkKGdZ0S3xiuehLKkictFzU=s88-c-k-c0x00ffffff-no-rj,False,False,1686983820.088645
UgwpMiNc5FMwawanObF4AaABAg,semoga kedepannya nggak ada lagi kejadian kek gini,3 years ago,@mauzulbahri6416,UCzyiXY9pHPcDO4rltJmOZrQ,0,,https://yt3.ggpht.com/ytc/AIdro_kV2aQ1eTw0iPYtAAoSLX4W6UXrYEZiyJXuY2gRF3KYCQ9sHb2gmgz0I9YlPB37Sp9E2w=s88-c-k-c0x00ffffff-no-rj,False,False,1686983820.090068
Ugw0zw9noGRb0k0yLIt4AaABAg,lha iyo dia yg berbuat kok persebaya jg di hukum...,3 years ago,@papaomi4940,UCkDrmgrhBW4qQF6gLGDhPBg,2,,https://yt3.ggpht.com/1ApqTlL-hICXsBKE3w5P_gzLHnkn1Knz8a9cDsaivPKA1CMjzHrHZTsyMlMhkTlFjvqM7JdM_uI=s88-c-k-c0x00ffffff-no-rj,False,False,1686983820.091512
Ugyi9OnFVmXG1GNHZzZ4AaABAg,"Seng salah sho yamamoto, kenopo kok ngeGol no ng gawang Arema, nek ora ngeGolno yo ora dadi ngenek 😂",3 years ago,@ahmadyusuf90,UCYPZQRHzYgps7ieAwFuZP5Q,0,,https://yt3.ggpht.com/ytc/AIdro_n_NEqWkPBAO0M3kd5TBgCSq4UBuYFrOqUzipqt0RvspA=s88-c-k-c0x00ffffff-no-rj,False,False,1686983820.092947
Ugzf4OHTYf2zevDYR614AaABAg,Bangga menjadi bagian dari persebaya 💚 salam satu nyali !!! WANI!!!!!!!,3 years ago,@dwiarya627,UC4tC2SyoQBra2Icla3mzi7w,5,4,https://yt3.ggpht.com/ytc/AIdro_mNZuqwRQYaXwLkqdTuW1eSuPv5UfSRyBnqwcpDkjk=s88-c-k-c0x00ffffff-no-rj,False,False,1686983820.094377
Ugw7I00uRaUesiu0zz54AaABAg,Up,3 years ago,@tiigaempat2935,UC2OdGSORecK5vLvjiAM_9Mw,0,,https://yt3.ggpht.com/t7c0whLMULghg7bWheHs41xRO4FiUhjj05eiV84GhKqdZma0eMpypDMam0_S29WMTVbfaQBYCw=s88-c-k-c0x00ffffff-no-rj,False,False,1686983820.095906
UgyRxM3II9ozJVodLcl4AaABAg,"Brutal nya sepakbola Indonesia :"")",3 years ago,@rashkunzmusashino4768,UCRKyhn1jVe0fZZB5Dk8jaVA,0,,https://yt3.ggpht.com/6-6HFo2vqYcx001eRsJW0bYWAGGxLJoTYXCaFOntMVkIcbvIw5uRhCsGVQt9YgCqUJ8mFMF1aRo=s88-c-k-c0x00ffffff-no-rj,False,False,1686983820.097422
Ugy4Ais-D119Y4hRIOR4AaABAg,"Arema Biadab 😆 Gak Iling Tim e rung away Suroboyo , WAJIB dibakar sak bis2e",3 years ago,@farhanjowo5503,UCZiAX1YZ72N85okblOUDy7A,0,1,https://yt3.ggpht.com/ytc/AIdro_nPRGumDbTojok30hu_bnApf2m2IdQ_0BybRdtmT3q4og=s88-c-k-c0x00ffffff-no-rj,False,False,1686983820.099012
Ugzr5qSqi1i93MWUaR94AaABAg,"Ini bukan tentang polisi,ini tentang suporter arema yang begitu brutal tidak tau tatakrama tidak tau cara menghormati,sekarang jelas siapa yang menyebabkan kekacauan di stadion kanjuruhan,jika suporter arema kondusif polisi juga gk akan lempar bom asap tanpa sebab,semangat terus persebaya salam hangat dri saudara mu bobotoh viking persib💚💙",3 years ago,@RandomPeopleCh,UCSeck6JwX7COBLPyQZC6_Bg,232,9,https://yt3.ggpht.com/ETvdKg7qZ6NJO_HtgtsG-EwecB3QwVkbqVidlyaxkd4FJ1TMJiexGHPAz_U93cgTMbyPxiTiqQ=s88-c-k-c0x00ffffff-no-rj,False,False,1686983820.100532
Ugy3L9_QY85xubx27b94AaABAg,"Awale tak kiro salahe polisi,baru nonton Chanel iki wes bobrok Aremania tibakno,yo aq dukung polisi e",3 years ago,@muhammadroyhanronaldo6236,UCCLeoQl8qHsIjdgIepVo9FQ,1,,https://yt3.ggpht.com/ytc/AIdro_m9TaDoyx3jF14KCnCYeHz99_dslyBajDruz8-yqcfUPmA=s88-c-k-c0x00ffffff-no-rj,False,False,1686983820.101975
Ugwv6F-SUpv4aCD_9SZ4AaABAg,Betapa bringasnya mahluk bernama Aremania,3 years ago,@heririsman4139,UCFUrEJae7yTuuuijOky_fkg,4,,https://yt3.ggpht.com/CrSrE8G12WcEjPp3fb_ocn4pmbPn8H6e85yEi4KQLaoLQ7krKLFv9fMXui_-LKSHT1dF6FIF=s88-c-k-c0x00ffffff-no-rj,False,False,1686983820.103398
Ugw9QVbGdzXlQd4-1554AaABAg,Gmn kaga di tembak gas air mata kalau kelakuanya gtu,3 years ago,@denishinobi2827,UCat0xz_9_tH061Ltid_xPSg,2,,https://yt3.ggpht.com/ytc/AIdro_nQxSyOAOAIwNzfBYnkP92HaTztWBco6K3cWiQqu5nd=s88-c-k-c0x00ffffff-no-rj,False,False,1686983820.105121
UgxXbV7CcDGzBz320od4AaABAg,"Aremania hanya fokus usut tuntas pada AKIBAT..dan mereka tidak sadar diri oleh SEBAB...
.
Tetap berjuang bajjolku... Tetap menjadi pahlawan buat Surabaya..
Salam WANI dari kami BONPAS..",3 years ago,@subadardarta3929,UCotc2nbiUMrhZyEiDot388g,6,,https://yt3.ggpht.com/ytc/AIdro_nn2r27xgt-QLsA4NOafS588bIhGJEP80r8XEC4pJEMwtmsmIosL5hG9gzQ2AyEbG8G0A=s88-c-k-c0x00ffffff-no-rj,False,False,1686983820.106945
Ugzf4OHTYf2zevDYR614AaABAg.9mg0guMNyAi9vJQRAgUVuU,salam satu nyalii!!!! gembellllll!!,2 years ago,@sandiputra2079,UClTkgqkpvxGnhZ0dS_LqpZQ,0,,https://yt3.ggpht.com/ytc/AIdro_mhpdt52gf-ewuMICMSpf58jqqKXetktX-rAgmJkXZktJrVu4vDkBYngfAtIfmb6uJy3w=s88-c-k-c0x00ffffff-no-rj,False,True,1718606220.318767
Ugzf4OHTYf2zevDYR614AaABAg.9mg0guMNyAi9vRUVk2QgzG, @sandiputra2079  salam satu jiwa 135 nyawa mati!!!!!!! anniversary 1thn,2 years ago (edited),@YusufSadboys22,UCFZiF-3fHNYDt__qgMAStgw,0,,https://yt3.ggpht.com/ytc/AIdro_m9vnpvLDuCjN3benUeTYbdwWWXR-SG2Q9WZSq15GVI1DuDYBub2lf4hmef0g1yidFIrw=s88-c-k-c0x00ffffff-no-rj,False,True,1718606220.320369
Ugy4Ais-D119Y4hRIOR4AaABAg.9mayXKzfwsx9n5LxVXhPls,"gausah ikut ikutan norak, gak usah ikut ikutan kampungan, supporter primitif",3 years ago,@beni2346,UCErfeFUHfe37BHWPp2fE0ug,0,,https://yt3.ggpht.com/ytc/AIdro_l84dIGc5Yd72YZH5yNjE-c5UXMtSYCuBLgf1OGhvg=s88-c-k-c0x00ffffff-no-rj,False,True,1686983820.580941
Ugzr5qSqi1i93MWUaR94AaABAg.9ma_KDsll-EA4aPYdELwHa,"Ada 2 posisi ndek aremania, 1.aremania yg lempar jumroh,rusuh,dll.. 2.aremania yg duduk manis di stadion tidak berulah & meninggal dunia.",2 years ago,@Pin.speed_up_songs,UCMxk4y2F2VxDjP0qSJRHmGA,9,,https://yt3.ggpht.com/H3CTt2kL__mWsXT41OO1Qb5IqLUhXGCFSZu4jbrG2_gPxIUYQLQ0r1FpLoiraZJ4_G0QJ2zy=s88-c-k-c0x00ffffff-no-rj,False,True,1718606220.797088
Ugzr5qSqi1i93MWUaR94AaABAg.9ma_KDsll-EA6f2I7AWjW6,Mereka mungkin nggk terbiasa nerima kekalahan tim yang mereka dukung mungkin,1 year ago,@kusnulkhotimah4456,UCdoYXUzlnEqPcFsXliDO1_Q,1,,https://yt3.ggpht.com/ytc/AIdro_n_MGM_FRcXHDRZfuu5QFRRhZMQSzCMaY8IaUz9ilc=s88-c-k-c0x00ffffff-no-rj,False,True,1750142220.799002
Ugzr5qSqi1i93MWUaR94AaABAg.9ma_KDsll-EA9IsoHoJAlp,penjilat coklat lo kenob 😅,1 year ago,@misbahyusuf28,UCTX8JtZNCS0XVZ2QiUX2rhw,0,,https://yt3.ggpht.com/TX5xpKiiqxbAYLgRnuW-qzL0QAHSzZl-eTob_7v84VW2l5oOmvtiofFqqyCJAQZ5aYfykE-L=s88-c-k-c0x00ffffff-no-rj,False,True,1750142220.800696
Ugzr5qSqi1i93MWUaR94AaABAg.9ma_KDsll-EABosr1X9QBw,​ @misbahyusuf28 aremania biang rusuh penyebab angka 135,1 year ago,@aquaruium3758,UC6CJ_3aTthwA17VsP6jgmTg,0,,https://yt3.ggpht.com/ytc/AIdro_nudM7s5vhOkMHGpNJi_gu05pvD7zhkQQovNL-PuohCjTh4O8zP8SlhbbevJ3RoL5ZpYg=s88-c-k-c0x00ffffff-no-rj,False,True,1750142220.802249
Ugzr5qSqi1i93MWUaR94AaABAg.9ma_KDsll-EABotwV81asF,"​ @misbahyusuf28 Lo biang rusuh tapi sembunyi dibalik kata ""korban"", pengecut awkokwokwokwok",1 year ago,@aquaruium3758,UC6CJ_3aTthwA17VsP6jgmTg,0,,https://yt3.ggpht.com/ytc/AIdro_nudM7s5vhOkMHGpNJi_gu05pvD7zhkQQovNL-PuohCjTh4O8zP8SlhbbevJ3RoL5ZpYg=s88-c-k-c0x00ffffff-no-rj,False,True,1750142220.803847
Ugzr5qSqi1i93MWUaR94AaABAg.9ma_KDsll-EABpBqOjnItI,Nyocot ae 135 aremasu​ @misbahyusuf28 ,1 year ago,@AdiPrakosotv,UC51mLxvVPwEw3tg2kq_AsSA,0,,https://yt3.ggpht.com/ytc/AIdro_nmtsXDHjV3vsi3WJxNLeR6_m62bNa4V324lnRtnFy0u-rpS5RDcRIx863T-hajBZ4JOA=s88-c-k-c0x00ffffff-no-rj,False,True,1750142220.805339
Ugzr5qSqi1i93MWUaR94AaABAg.9ma_KDsll-EA4S8-JPEY4G,Delook en,2 years ago,@Boysracing17,UCbZM4rW450YOO-LWMRHUroQ,0,,https://yt3.ggpht.com/m_XKMyp6EtMRzvcLLZanMkpChkOoDy9bR6ZsaEWw9FiDmDfcY5a8EHEiX6r_pOBeDsKYUdKkRw=s88-c-k-c0x00ffffff-no-rj,False,True,1718606220.807637
Ugw0mD7eissHBwfaryt4AaABAg,Knapa ga di tabrak aja sama polisi biar bertambah salam sakit jiwanya,3 years ago,@ricky3479,UCTGp7xruMaBj4KerUzcjGfA,2,,https://yt3.ggpht.com/c-Bc51o5QtHUFyCzg4WcgNKQQOyoG6Fg4qZZBzzMYVP19pvtmzABcMOs37oxHbCxEr6xON0cTYU=s88-c-k-c0x00ffffff-no-rj,False,False,1686983821.078872
Ugw-lFA260Nmk16UwaF4AaABAg,"Ini yg di bilang mereka usut tuntas?
Mereka yang harus di usut tuntas sampe akar y.
 Sepak bola sampe menyerang official tim lawan miris",3 years ago,@johabsutrisno8087,UCHAC94WpWN8ewo2l1TyaGng,1,,https://yt3.ggpht.com/CgF5LmEQ4wn5JPDyL6sKSX4oVP-KPA27JuzPxXnQMNnUYW7vOvd_1oknVtZWdsDgQ-eX7_tUfhs=s88-c-k-c0x00ffffff-no-rj,False,False,1686983821.080698
Ugw7ySEZBi1_kxEd4wV4AaABAg,Tembakin aja sekalian...biar ga da yg ndeso,3 years ago,@chriizyantoo_8702,UCD_fWGF9-zHp26Nt91bXj-A,0,,https://yt3.ggpht.com/ytc/AIdro_mbDczDkLKWqSMw7AD3LBOzz5BF2O28Vz4bb_CatKV6OmA=s88-c-k-c0x00ffffff-no-rj,False,False,1686983821.082255
UgxOb1arAdjr8V0T46F4AaABAg,"Kaya bukan melawan manusia 
Kaya melawan binatang buas yg gak punya otakk, hati, dan pikiran",3 years ago,@masaksimple8203,UCD4fRSIsLUqAhik6IUli7vg,0,,https://yt3.ggpht.com/DODxaZRSr1Lk1y_j9GfifeJ1ereTBaaiXv1IMjQhgqTt7bbo3w33RDJlFbsaB-CwhBX50HPeXA=s88-c-k-c0x00ffffff-no-rj,False,False,1686983821.083918
UgyPHgOkcYFeW128Nip4AaABAg,"Kelakuan supporter koyo ketek. Iku nyowo menungso su bok balangi watu, botol, kayu",3 years ago,@jokopras400,UCCA3jdwDcuZQWS3uFdHYymQ,1,,https://yt3.ggpht.com/ytc/AIdro_lS1hYD53CcY5E233zgyTEERAmivWQNgiQacR1Vtc8=s88-c-k-c0x00ffffff-no-rj,False,False,1686983821.085415
Ugw3fMEA_m9SCkR5aop4AaABAg,"Disini kita menyimpulkan bahwa yang membunuh aremania adalah aremania sendiri.... jika keributanya sprti perang sprti ini,.  Tidak salah gas air mata dikeluarkan....",3 years ago,@SGTPRODUCTION,UC1XcHneAByphxSmgGrKk8sg,6,3,https://yt3.ggpht.com/rlN8tilau8wqE800Nk5DlcYGCTL6sDHKPvhSUh_tUHcpTnc6fntTZovKI2_IbgVVzY-ZZ8odVg=s88-c-k-c0x00ffffff-no-rj,False,False,1686983821.086911
UgzMMSMqwLCiobQmXbF4AaABAg,"Setelah disimpulkan,ternyata Vidio ini terlalu lebay..",3 years ago,@Jungle-Anventure,UCbtJhjRGdAaB43wMofb-m0w,0,3,https://yt3.ggpht.com/VC5rVbPjTvFkBBBoC47tgmY2yrJozLQ5rFD-Bw16nXfibFrXHZHsqUURNlFYxFdx1t9r99Sqcg=s88-c-k-c0x00ffffff-no-rj,False,False,1686983821.088371
Ugw1_76dd_uleQwX8cl4AaABAg,Aremania rasis,3 years ago,@SGTPRODUCTION,UC1XcHneAByphxSmgGrKk8sg,0,,https://yt3.ggpht.com/rlN8tilau8wqE800Nk5DlcYGCTL6sDHKPvhSUh_tUHcpTnc6fntTZovKI2_IbgVVzY-ZZ8odVg=s88-c-k-c0x00ffffff-no-rj,False,False,1686983821.08989
UgzVFMoJ6tcTM08LY6l4AaABAg,Aremania beban supporter seluruh Indonesia memang,3 years ago,@azazelnotinhell,UCrQa800_5bV3ToPBLaQ7GRw,1,1,https://yt3.ggpht.com/mhnD9Df65QUOhSZGG3TA5_hexKiau1PfjY0_6LMnz9dGI5bLqjmxERtWzoTHGjG5Ds4SF282Zjs=s88-c-k-c0x00ffffff-no-rj,False,False,1686983821.091338
Ugwng-VYVOzLOp20XtJ4AaABAg,akan jadi saksi sejarah bola,3 years ago,@satrio-aryodepok,UC0vQ-5dGvxIiNs2R8Wl1Tpg,2,,https://yt3.ggpht.com/ytc/AIdro_nLpf88ZAP-E9TNTYN6I6loa7Zpxb3Ulg9OBDt0oULBbUop=s88-c-k-c0x00ffffff-no-rj,False,False,1686983821.092785
UgwerznwuO2xUW2x8Cl4AaABAg,"Sudah di jelaskan bukti nyata ini..
Semua karena ulah Suporter Aremania...
Terutama yg paling utama si Provokator atau Dalang utamanya.. 
Yaitu YULI SUMPIL AREMA.

USUT TUNTAS DAN BIKIN YG MAU MEMBUNUH HIDUP-HIDUP PEMAIN PERSEBAYA BERTEKUK LUTUT !!!
HUKUMAN TETAP WAJIB DI LAKUKAN DAN PROVOKATOR UTAMA WAJIB DI TANGKAP !!! 
🙃🙏🏻",3 years ago,@Itsme.babyboys,UC0BcJrn8xXvTNH7hwz9v6pA,2,,https://yt3.ggpht.com/i4sXWNut1famrP4hsZ04mDLMaAaNGiAatFbHlrgoDzviWWftYH2RdRpjZJML3yzJzhPC2jFTAQ=s88-c-k-c0x00ffffff-no-rj,False,False,1686983821.09424
UgxrQOI9QSEV-NOCT0h4AaABAg,"INDONESIA NEGARA HUKUM..
JADI KEBENARAN HARUS DI TUNTASKAN..🙏🏻",3 years ago,@Itsme.babyboys,UC0BcJrn8xXvTNH7hwz9v6pA,0,,https://yt3.ggpht.com/i4sXWNut1famrP4hsZ04mDLMaAaNGiAatFbHlrgoDzviWWftYH2RdRpjZJML3yzJzhPC2jFTAQ=s88-c-k-c0x00ffffff-no-rj,False,False,1686983821.095749
UgwBVl3JbxCY1sXbg8N4AaABAg,"DARI SINI :
Sudah di jelaskan bukti nyata ini..
Semua karena ulah Suporter Aremania...
Terutama yg paling utama si Provokator atau Dalang utamanya.. 
Yaitu YULI SUMPIL AREMA.

USUT TUNTAS DAN BIKIN YG MAU MEMBUNUH HIDUP-HIDUP PEMAIN PERSEBAYA BERTEKUK LUTUT !!!
HUKUMAN TETAP WAJIB DI LAKUKAN DAN PROVOKATOR UTAMA WAJIB DI TANGKAP !!! 
🙃🙏🏻",3 years ago,@Itsme.babyboys,UC0BcJrn8xXvTNH7hwz9v6pA,1,,https://yt3.ggpht.com/i4sXWNut1famrP4hsZ04mDLMaAaNGiAatFbHlrgoDzviWWftYH2RdRpjZJML3yzJzhPC2jFTAQ=s88-c-k-c0x00ffffff-no-rj,False,False,1686983821.097186
UgwiZutCgFaMWAPF0Y94AaABAg,"Sudah di jelaskan bukti nyata ini..
Semua karena ulah Suporter Aremania...
Terutama yg paling utama si Provokator atau Dalang utamanya.. 
Yaitu YULI SUMPIL AREMA.

USUT TUNTAS DAN BIKIN YG MAU MEMBUNUH HIDUP-HIDUP PEMAIN PERSEBAYA BERTEKUK LUTUT !!!
HUKUMAN TETAP WAJIB DI LAKUKAN DAN PROVOKATOR UTAMA WAJIB DI TANGKAP !!! 
🙃🙏🏻",3 years ago,@Itsme.babyboys,UC0BcJrn8xXvTNH7hwz9v6pA,2,,https://yt3.ggpht.com/i4sXWNut1famrP4hsZ04mDLMaAaNGiAatFbHlrgoDzviWWftYH2RdRpjZJML3yzJzhPC2jFTAQ=s88-c-k-c0x00ffffff-no-rj,False,False,1686983821.098632
UgwhgT6JT1O1pwuXF_p4AaABAg,YA ALLAH...,3 years ago,@Itsme.babyboys,UC0BcJrn8xXvTNH7hwz9v6pA,1,,https://yt3.ggpht.com/i4sXWNut1famrP4hsZ04mDLMaAaNGiAatFbHlrgoDzviWWftYH2RdRpjZJML3yzJzhPC2jFTAQ=s88-c-k-c0x00ffffff-no-rj,False,False,1686983821.100067
UgzkhMmZ67uQUbtc9Jh4AaABAg,😢😢😢😢😢😢😢💚,3 years ago,@Itsme.babyboys,UC0BcJrn8xXvTNH7hwz9v6pA,0,,https://yt3.ggpht.com/i4sXWNut1famrP4hsZ04mDLMaAaNGiAatFbHlrgoDzviWWftYH2RdRpjZJML3yzJzhPC2jFTAQ=s88-c-k-c0x00ffffff-no-rj,False,False,1686983821.101492
UgyEJKq4POeiKoE0IUt4AaABAg,"Bisa di lihat, kalau tidak ada aparat bagaimana nasib semua pemain dan official persebaya menghadapi kekejaman aremania. Panjang umur untuk semua orang orang baik.
Terima kasih aparat dan jajaran nya🙏",3 years ago,@sandimrfldi,UC_cC4BXLiYzB6_CbJelyz3A,6,,https://yt3.ggpht.com/jSdEs1ST6eoG2NKQWyi6ct1AJTUFpxjRBuOO7wkumeBG7gs5RY91lvVltEJRphZKcQmMxpUl=s88-c-k-c0x00ffffff-no-rj,False,False,1686983821.102938
UgyStYvQZ4n5kNN31RR4AaABAg,"suporter pekok , ra ndue utek , mental kewan !!!",3 years ago,@ANTI_KENGKUNG,UCKLOSzCgWg_WrztgQrGBG2Q,0,,https://yt3.ggpht.com/ytc/AIdro_nATaj_XyZ449yTpyY9GNkkpedOEjet8B9ru95ikqwS3Mf-MXvcS1UlV0t6a5VEu6AwMQ=s88-c-k-c0x00ffffff-no-rj,False,False,1686983821.104814
Ugz8IcjGEV8YxZ92FTF4AaABAg,AREMANIA ADALAH BIANG KELADI DALAM TEWASNYA 200 SUPORTER,3 years ago,@kinjawi_muhammd,UCoyW49wcegC1Ab56Z56HV5w,12,,https://yt3.ggpht.com/0QRLVHSDIeyO0Fb-JkF4hlAn2rd8VHzi-rTTmt5GWZasSNLFLct1ksPM7qiLawBPdLoiaIIdRg=s88-c-k-c0x00ffffff-no-rj,False,False,1686983821.106716
Ugz8a91XAoFEZFc15614AaABAg,💚Tak titen ni maen mu nak Suroboyo .Arema🖕🖕,3 years ago,@muhammadagung8182,UCBMG0IZiG7KZleZKWWdYk9Q,0,,https://yt3.ggpht.com/ytc/AIdro_lCcLaQxWcvI2EGO1Yx8JghVogwuIvweQtKO2WljVQO8Z9U-9WIqXep9b4I_4RwnbLfMQ=s88-c-k-c0x00ffffff-no-rj,False,False,1686983821.108656
Ugw3fMEA_m9SCkR5aop4AaABAg.9mMtWBfZeqR9mQZ7z6IIHh,"Sangat setuju, Rasisme di tubuh aremania harus sangat di hilangkan, bahkan ada kelompok aremania yang sadar dan melakukan permintaan maaf terhadap official persebaya pun di permasalahkan oleh aremania sendiri. 
Dari kasus ini jelas sangat membuktikan bahwa mental aremania tertinggal beberapa tahun dari bonek dan supporter2 lain.",3 years ago,@bramantyowirawan8573,UCtmR1a_K6_5pA43-PPxItnw,2,,https://yt3.ggpht.com/Txl7JAEDnUIMBiWSH98VCpqw-6p_QMShW8lDe2Aa6Eh3Tf9WJLUgDiII0G-DZbO5NW9lboyVR5o=s88-c-k-c0x00ffffff-no-rj,False,True,1686983821.300063
Ugw3fMEA_m9SCkR5aop4AaABAg.9mMtWBfZeqR9n5M_jROenN, @bramantyowirawan8573  harus ada regenerasi supporter,3 years ago,@beni2346,UCErfeFUHfe37BHWPp2fE0ug,1,,https://yt3.ggpht.com/ytc/AIdro_l84dIGc5Yd72YZH5yNjE-c5UXMtSYCuBLgf1OGhvg=s88-c-k-c0x00ffffff-no-rj,False,True,1686983821.301849
Ugw3fMEA_m9SCkR5aop4AaABAg.9mMtWBfZeqR9n5MR0gdbpN," @bramantyowirawan8573  bubarin aja aremania, suporter primitif, sepakbola indonesia gak bakal maju salah satu penyebabnya ya ini, suporter primitif, norak, RASIS!",3 years ago,@beni2346,UCErfeFUHfe37BHWPp2fE0ug,0,,https://yt3.ggpht.com/ytc/AIdro_l84dIGc5Yd72YZH5yNjE-c5UXMtSYCuBLgf1OGhvg=s88-c-k-c0x00ffffff-no-rj,False,True,1686983821.30346
UgzMMSMqwLCiobQmXbF4AaABAg.9mMsAMCgdFp9nHDrH8dnEj,Keluarga lo mati di kanjuruhan,3 years ago,@patrego3414,UCzUv6PR4EEOs3lpl-YvUwcQ,2,,https://yt3.ggpht.com/NPdsNw-y5MGXAcfID_VrdV2lMnmWL60_em2LmL7ybXiM8Dkc6ARyjK2kQ5A6EvDthlGIOiiybzY=s88-c-k-c0x00ffffff-no-rj,False,True,1686983821.482963
UgzMMSMqwLCiobQmXbF4AaABAg.9mMsAMCgdFp9mQYSwH0Vu9,Lebay darimana bung?,3 years ago,@bramantyowirawan8573,UCtmR1a_K6_5pA43-PPxItnw,1,,https://yt3.ggpht.com/Txl7JAEDnUIMBiWSH98VCpqw-6p_QMShW8lDe2Aa6Eh3Tf9WJLUgDiII0G-DZbO5NW9lboyVR5o=s88-c-k-c0x00ffffff-no-rj,False,True,1686983821.484744
UgzMMSMqwLCiobQmXbF4AaABAg.9mMsAMCgdFp9nDtm5Xhw-v,Bacot,3 years ago,@xavier09017,UCyHtFrLoKsjQFN5kicJGFrQ,0,,https://yt3.ggpht.com/ytc/AIdro_nv-Jn5-6zC2WagGy8QXd6AGtfdqPR-_m3N4WrjdfcsgXQfrUwnldKTX2hcZU7s2gqwiw=s88-c-k-c0x00ffffff-no-rj,False,True,1686983821.486414
UgzVFMoJ6tcTM08LY6l4AaABAg.9mM0QknNYtd9n5Me6EZuFg,"aib, WAJIB DIBUBARNO",3 years ago,@beni2346,UCErfeFUHfe37BHWPp2fE0ug,0,,https://yt3.ggpht.com/ytc/AIdro_l84dIGc5Yd72YZH5yNjE-c5UXMtSYCuBLgf1OGhvg=s88-c-k-c0x00ffffff-no-rj,False,True,1686983821.647968
UgzGh44Em7olBHSQoSt4AaABAg,"Pemain tidak salah, justru malah di serang. Dimana2 pemain bertanding ya untuk menang. Sampai kapanpun sepakbola Indonesia tidak akan bisa maju kalau ulah supporter seperti ini",3 years ago,@cakbagus2153,UCL2ZXqYqyDUqnEv03kWYrmQ,2,,https://yt3.ggpht.com/Inyo_HUyiYjbowfIxPp5VegvOMNmmqhY9zScjOtCLB_3H5Ygjsfd3t5ruFVFIdlDEJD-Qfo6=s88-c-k-c0x00ffffff-no-rj,False,False,1686983821.922493
UgxgMmFnbSyFaCJWTpJ4AaABAg,"Inilah vidio dokumentasi kesaksian para  pemain, pelatih, manajer hingga official tim persebaya Surabaya  saat terjebak Di kendaraan baracuda   ketika ingin  keluar dari stadion kanjuruhan  yang sudah kacau.  para pemain ,Official  ,manajer  hingga  pelatih  pun harus perbanyak berdoa  menurut agama masing masing  ,mereka  sangat ketakutan  karena khawatir   akan nyawa nya yang terancam tidak selamat   mereka harus terjebak  Di baracuda  dengan kepungan puluhan suporter aremania yang masih mengamuk atas kekalahan  tim kesayangan nya  di hajar oleh tim bajul ijo dengan 2-3  . Bagi persebaya hal ini adalah sebuah kemenangan  setelah  23 tahun  tidak  pernah  menang dan dibantai terus oleh arema  fc  . Para pemain  ,manajer  hingga  pelatih  persebaya pun berharap semoga  tim nya harus bebas dari intimidasi ini Dan mereka bisa membawa  pulang kemenangan  3 Point tim nya  ke Surabaya dengan selamat  walaupun mereka harus dihantui  dengan rasa trauma 😭",3 years ago,@ilhamfauzan5162,UCRPFMSVyRG6MfKDyoFbfGMQ,1,,https://yt3.ggpht.com/ytc/AIdro_nbIRpRoYqRgJ2spNIQtwabq6ir18ziB_GIrg8eyjIddwsRWvvxJsp8Y8bqRYKGYd7v5A=s88-c-k-c0x00ffffff-no-rj,False,False,1686983821.924262
UgzFkUydIkiByZxiDGd4AaABAg,Salam satu nyali.....,3 years ago,@ibrahimmaulana4810,UCZwSAQkOeSX1_iCuOQwquTQ,0,,https://yt3.ggpht.com/ytc/AIdro_lQVxyeK25sPxfWCfRcHHTRl7QqIVb_oBYXHOektUCMKQ=s88-c-k-c0x00ffffff-no-rj,False,False,1686983821.925916
UgzlSMex6CwJLGWDUld4AaABAg,Tetap semangat....,3 years ago,@MKas5,UCq3wnP0oCzvUXX6WCAZ_1oA,0,,https://yt3.ggpht.com/ytc/AIdro_lPRrArSFKH-6Bf13GnAEHw0HUsQeFsXwmTQK1nBEZdow=s88-c-k-c0x00ffffff-no-rj,False,False,1686983821.927524
UgzrHLO3KYRr67_S63h4AaABAg,"Iki jane menungso ta setan, kudu nduweni roso legowo, dulur dewe lo iku",3 years ago,@dodikrismantoro1477,UCtePVyPW3KNj2LUYeA1jdjg,0,,https://yt3.ggpht.com/ytc/AIdro_n7BOVSkBWVZsYb29pk1wx4V7twTNwnp-xnS2BYfn2yXhVq=s88-c-k-c0x00ffffff-no-rj,False,False,1686983821.929051
UgylokN0zLnNrB150qJ4AaABAg,"merinding,keren parah si persebaya dan tim.ayo kita moveon kejadian yg kelam,cukup kenang jangan diulang,karna kita semua sodara bukan viking bonek aja atau aremania jakmania aja. kembali keprinsip dasar suporter adalah pemain ke 12,bukan ajang beladiri atau cuma sekedar nyari nama. yu bisa yu INDONESIA TANPA RASA TAKUT.",3 years ago,@pemberantaskejahatan,UC8ZRTpbG9i4ksrJ2TkOuL1g,6,,https://yt3.ggpht.com/ytc/AIdro_nOWe4S6b29fbPkg93PDibrKRQTYWczUyLo_mKEpzpASZp98SZsf1etvnv92v_B6OhtLA=s88-c-k-c0x00ffffff-no-rj,False,False,1686983821.930504
UgxR-MSqMIYpe6O1kpd4AaABAg,"walaupun Aremania salah,,tetep tidak dibenarkann gas air mata distadion🙏🏽😇",3 years ago,@wahyunugrohojati3227,UCsm_38erW4ynKNZgBbn-Gaw,1,3,https://yt3.ggpht.com/avqiWjmULmf810zPdBIaFgQsUTnyWU5Rzk-FQ8GHbZZvdwxgltfq11Rcu8LDESAYx0Rv9rE6=s88-c-k-c0x00ffffff-no-rj,False,False,1686983821.931974
Ugw_aPGMx-1hIZ4k-0t4AaABAg,Kita sebagai suporter jg harus intropeksi kita lihat perjuangan pemain jg bertaruh nyawa tpi jika kalah dgn entengnya kita mengumpat pemain kita salahkan pemain dgn entengnya meminta pemain itu di keluarkan prasane tuku pemain regane koyo tuku gorengan ta,3 years ago,@bacotchannel2654,UC9iIhFkRTgo7j5YLLNqj78A,1,,https://yt3.ggpht.com/ytc/AIdro_kZVEDnvYsb6l0Xlk_CWjPuAb7OTM4aRIPTcdD4WiYilw=s88-c-k-c0x00ffffff-no-rj,False,False,1686983821.933433
Ugwp6L4D7Oa32rXrN3l4AaABAg,"Baru berani liat setelah tragedi beberapa bulan berlalu, sungguh sangat keji fanatik melebihi nurani dan logika, Bencana yang di buat sendiri akhirnya muncul lah korban teman sendiri, Semoga arek arek iku kena karma nya.",3 years ago,@attarikarya7308,UCuIi0y-6wyXUUvljjL0-ozA,1,,https://yt3.ggpht.com/ytc/AIdro_ngOsUQnoOmK9wVqjXqfEFcNTiRzLfkWG-iKJYUIIRDruU=s88-c-k-c0x00ffffff-no-rj,False,False,1686983821.934911
UgzugmRw0VvWS_SLC1d4AaABAg,Fix di area malang raya tidak layak untuk menggelar pertandingan sepakbola tingkat nasional. Dan tim Arema saat bertanding diluar malang dilarang membawa suporter nya yakni Aremania.,3 years ago,@youkey89,UCDUJs4c1hWGHtWJ5dw-P5kg,1,,https://yt3.ggpht.com/ytc/AIdro_llDUwFz2Rvyj7YZfHHgNs2mX2U4cRTQRTN7CTybdeFLWI=s88-c-k-c0x00ffffff-no-rj,False,False,1686983821.936333
UgxTpS8cMfYHLFmfq2t4AaABAg,Jare lelis lets go to war,3 years ago,@bharavaganza8989,UC2Wxq_nX1Xs7OuLj6HmWXKA,0,,https://yt3.ggpht.com/ytc/AIdro_nFG4HhRvdNZfCn-kuepQJULDtp_CwLE0PFgN0ySFPl7CM=s88-c-k-c0x00ffffff-no-rj,False,False,1686983821.937826
UgypBC1HOMm1Pe2W48Z4AaABAg,Kok gk ada yg ngawal di samping nya ya mobilnya,3 years ago,@agussupriyadichanel351,UCnoZmF1gpZ4HFh5aW4LWnkA,0,,https://yt3.ggpht.com/ytc/AIdro_lqULl_zl4kd2Kqu-NGfQAeRgktPwzB-Z0A1Snc5T96-MRs7PMnyyGHCmsAyOOuHNpt5Q=s88-c-k-c0x00ffffff-no-rj,False,False,1686983821.939429
UgyS_ZGlhq-0RPDR1Vh4AaABAg,Mana suara yang mau usut tuntas,3 years ago,@novayzaauralivia9690,UCwlpbHPyex2MXfiq9q6rSpA,1,,https://yt3.ggpht.com/ytc/AIdro_nU0rhUX6OTpnc8gSEA4j2nAKpCKZt2bFvaGLUtGRyut1c=s88-c-k-c0x00ffffff-no-rj,False,False,1686983821.940904
UgwtRmjv6f6DrOOZpWR4AaABAg,"Intinya setiap team bila melakukan pertandingan harus siap dengan kemenangan, imbang, dan kekalahan. karena ini adalah kompetisi yang mana setiap kompetisi akan mencari siapa pemenangnya, serta taktik dan kualitas yang ikut kompetisi yang menjadi patokan.sehingga kita akan tahu siapa yang menang dan siapa yang kalah, dan jika tidak bisa menerima kekalahan maka jangan ikut kompetisi",3 years ago,@mukammalarsenal5877,UCJM3mo6yilNwZzo0RczP2lg,0,,https://yt3.ggpht.com/ytc/AIdro_kAvXwKhF9W-758960a9XjLrXxvSdrZkX4XZl0vZ0CotMcCwuJe0HKveyMX8NMWQ9UFfw=s88-c-k-c0x00ffffff-no-rj,False,False,1686983821.942342
UgzZ8fjrnqhDFpd3MpZ4AaABAg,"Awalnya saya mengira polisi yg bersalah tapi setelah saya melihat vidio ini saya sangat kecewa dgn suporter arema yg egois dan membela diri sendiri,,salam dari viking",3 years ago,@wandalestari4609,UC7H4IaU5WVGVY0AvumqyUyQ,149,1,https://yt3.ggpht.com/ytc/AIdro_kNz_6aT-NycY4qt2fXvKjNAZKgnU-RWARilIH00fMc1hywr9x8YSSH3p64Yrcz7pNH6Q=s88-c-k-c0x00ffffff-no-rj,False,False,1686983821.944236
UgyYr-Gh52dE1I8EZ-V4AaABAg,bantu share sebanyak²nya!!,3 years ago,@aldhicahya1032,UC47Jz42MmmqKsyu6utHZjhA,0,,https://yt3.ggpht.com/ytc/AIdro_m27jnY9E3MG5uZ6Bc_u47CpHk6lu2WSRGw-4cCxHI=s88-c-k-c0x00ffffff-no-rj,False,False,1686983821.946653
UgzeqnNw3tntFcn3RZ14AaABAg,"Ga perlu usut tuntas, wes jelas AREMANIA penyebabe. Salut pakpol, brimob dan para pengaman semua nya",3 years ago,@rekruitment2862,UC-q01IFM8r5dj4yi3_xE45Q,6,1,https://yt3.ggpht.com/ytc/AIdro_l4B4Et88vx1Nh-zoDUEExgQBXEzbfzBCApObVOvXyroAdDDlnOOH5OFkBTiMvJuqH4ng=s88-c-k-c0x00ffffff-no-rj,False,False,1686983821.949149
UgwVWVvKk_ZIlz-lrKp4AaABAg,Ada 2 sisi kejadian yang terjadi ternyata lebih real dan banyak bukti nya dari Persebaya. Sehat sehat mas mas yang selamat dari kejadian 🙏🙏,3 years ago,@HatzUnity17,UCGAQm7oRYKG6jWOsRCF7rYw,0,,https://yt3.ggpht.com/ytc/AIdro_kRca7UvMa-UYRamylTO_jvzdNi5qLhDKtguTAPuypyJ7E=s88-c-k-c0x00ffffff-no-rj,False,False,1686983821.951694
UgxqXgF2WMoFNYM-yDl4AaABAg,"Musim depan klo persebaya away ke malang mending wo aja deh gk pa"" kita kena sanksi dari pada pemain & official tim ada yg jdi korban lawong kejadian 1 oktober ntu ngeri banget gk kebayang klo ada pemain dan official tim yg jdi korban, itu sih niatnya udah ngak nonton bola lagi tpi emang maw ngerusuh, aneh jga sih klo sampai musim depan arema bisa main di malang dan di hadiri penonton klo menurut aqU sih ringan bnget sanksinya",3 years ago,@hrfootball4233,UCh3GG5lYRr1b5iVk0CWC3dw,0,,https://yt3.ggpht.com/ytc/AIdro_llvzIkiYvTrPZHoSiVG2qYCX48Jg2XUv5xoBNRAw7eag=s88-c-k-c0x00ffffff-no-rj,False,False,1686983821.954196
Ugwr5GmyWzwLVhR3WGx4AaABAg,Kejam!!! Sdm rendah,3 years ago,@triple.k999,UCE91Y4Mh6jNZDmlOhwpkffg,0,,https://yt3.ggpht.com/-FiKSCYnMBHmub_SaUm_WapXNRBW4C8nb6uGCiFFpmtPbUdhwsKSi1IavXmo63yCzBvjykxU=s88-c-k-c0x00ffffff-no-rj,False,False,1686983821.956083
UgxR-MSqMIYpe6O1kpd4AaABAg.9mGMoqM4o3W9mHegruGWzj,Ngga usah playing Viktim,3 years ago,@_Jessicaa,UCgrHSOKi1WDq2sBBZzqpIzg,2,,https://yt3.ggpht.com/lXlgz0NvlNkt-EVStcgLf5__ipKNHIWCWIE2P9_PMuov8oll_F8m4f826ukZa9vL1aqxjSAJPg=s88-c-k-c0x00ffffff-no-rj,False,True,1686983822.148666
UgxR-MSqMIYpe6O1kpd4AaABAg.9mGMoqM4o3W9o_ddZUL49w,​ @_Jessicaa  wkwkwk lucu aja liat aremania yg ngelak dngn alesan alesan lucu,3 years ago,@linaraka3569,UCf6GJzkH1rqjx3r3GgG4zWA,0,,https://yt3.ggpht.com/ytc/AIdro_m6y4zl_dxS_kD-NG3rXR3zK1P6A6gLdGCKPtNwgCwz4tc=s88-c-k-c0x00ffffff-no-rj,False,True,1686983822.150442
UgxR-MSqMIYpe6O1kpd4AaABAg.9mGMoqM4o3W9sS-nZIDHI3,"Wah, ini pasti Aremania nih 😂",2 years ago,@Iychoenk,UCExjvJrHjQr3P_doiXTAWDA,0,,https://yt3.ggpht.com/ytc/AIdro_kAILHyvqz5fbRwnsxJ-Xay61_wLsf4iLcKGz2CMxWJUQ=s88-c-k-c0x00ffffff-no-rj,False,True,1718606222.152076
UgzZ8fjrnqhDFpd3MpZ4AaABAg.9mDIlhHHjFbABkL2YMajuT,Arema dari dulu ga berubah 😂,1 year ago,@akbarmuhammad3753,UCtuXpr2d3ISCwtkuCW1bbpw,3,,https://yt3.ggpht.com/ytc/AIdro_n0P3r2dt_xOW7IMpld2RrxGBWw0u14CCrewTD_k6rGgh-rAJJjEjQc9tcAQhDqX28vZA=s88-c-k-c0x00ffffff-no-rj,False,True,1750142222.328296
UgzeqnNw3tntFcn3RZ14AaABAg.9mCk-VYhK5gA64d5NJuzHe,Nyoto,1 year ago,@yudianggara4061,UCTVEPYGeDpwI1dSLcGdKiOw,0,,https://yt3.ggpht.com/ytc/AIdro_lUc8aFvcIS_cfJrPMDw9caeW-Yi09_yrhbEZKYuEOopQ=s88-c-k-c0x00ffffff-no-rj,False,True,1750142222.500081
UgwGx5wzoGx3RfGkPld4AaABAg,"Ga kebayang ya orang tuanya, kalau ada anak anaknya disitu dan ternyata mereka berbuat kaya gitu ke orang lain :(.  Turut berduka cita buat seluruh korban",3 years ago,@oktaaa.n,UCT5K4WSSnr1En5w2khO3QTg,0,,https://yt3.ggpht.com/VKhYzgsX_t3_UWjIW3585aj-aYc0wwDKlLxAikQmbl2J8gt7QFlwwWLGgx9gylGHcASQmZF7dQ=s88-c-k-c0x00ffffff-no-rj,False,False,1686983822.771812
UgwkFoErPTacVQzZRMV4AaABAg,"Sorry ketinggalan, dan sekarang yaaa cukup tau saja fvck AREMA",3 years ago,@dedenitnot,UCzrungA7o-H84HgrFhk6F1A,0,,https://yt3.ggpht.com/ytc/AIdro_kvNDPVwrTGb_APzqpuJWzhDgEzKhPyEK9XvCl0A_c=s88-c-k-c0x00ffffff-no-rj,False,False,1686983822.773429
UgxesaUNXA7U1H6hcP14AaABAg,kesini gara gara liat di vt,3 years ago,@dullahnurr24,UCDtV93ojqTqdM-Knntxff0A,0,,https://yt3.ggpht.com/vr1w7-Z6sV26G1zulTn79GVkS5mcUfk6sdXUYCmM0rBOl_GdXvhj22GdIyDajGkQYktYv1hr=s88-c-k-c0x00ffffff-no-rj,False,False,1686983822.774961
UgwHaJk-kR-v_fhiWaR4AaABAg,Terkutuk untuk Aremania..,3 years ago,@muhamadtaufiq4933,UCeL2am7ayX-ZjKycTRg4cQg,0,,https://yt3.ggpht.com/ytc/AIdro_l9vCiY-oj-eXCFPMbTJz24fILFbmMC-JaA-ByUmrI=s88-c-k-c0x00ffffff-no-rj,False,False,1686983822.776431
UgxCnHem6m4RTT79AkF4AaABAg,"Ngene sek iso ngomong, ""logo ini tidak bersalah""",3 years ago,@dimasprasetyo_n,UCEiFM6i3fH4RrX_wWXGGAcA,1,,https://yt3.ggpht.com/ytc/AIdro_m8NDhGgM8FKiLfcljGzyyBIfJ0Zb1Lo0md0LgnPFADRSiw=s88-c-k-c0x00ffffff-no-rj,False,False,1686983822.777888
UgwssyFBzWeFV5zIWh94AaABAg,"Ko sejauh ini saya tidak melihat aremania yang labil ya wkwkw, aremania yang awalnya minta arema bubar, terus dukung arema terus lanjut mereka pada kemana, kalian terlalu merasa menjadi korban, sampai"" tanpa sadar kalianpun ikut terlibat.",3 years ago,@Bisboss_Edukasi,UCJSPpmn6UJGIYCn11B0l9IQ,0,,https://yt3.ggpht.com/XEnKAVaW550bwqdHlbxUPueM-OYC3YLIDUF-zukGHn8MQxCMW0xrAWaHh5P6UX6n7btHjOP0Heg=s88-c-k-c0x00ffffff-no-rj,False,False,1686983822.779335
UgwLPl1Yn5mkwzkfhM94AaABAg,"Habis nonton video dokumenter ini,saya langsung membayangkan nanti saat Persebaya menjadi juara.Ada kapten tim membentangkan spanduk ""juara ini saya persembahkan untuk korban tragedi Kanjuruhan"".
Mungkin itu jadi hal yang paling indah dan membahagiakan dari Sepakbola Indonesia,yaitu sikap Respect dan saling menghormati.",3 years ago,@muhammadsholeh4532,UCmb8RPqLI9y4akH-4tDawBQ,0,,https://yt3.ggpht.com/ytc/AIdro_nDJyvUSGYVTnk5O_QrOtO63DD0NekX99BuYAPcv_o=s88-c-k-c0x00ffffff-no-rj,False,False,1686983822.780778
Ugz__OQf3gS4v9tn1_J4AaABAg,Dalam tragedi ini kebanyakan orang menyalahkan polisi padahal yang salah suporter banyak tingkah,3 years ago,@utatoke2166,UCc9qFU2KwDFNeFyBUD4Oozw,0,,https://yt3.ggpht.com/ytc/AIdro_ls05GlP4-DsvOy8revtK45pPgUL1kFgh4LGuYfvV-O3nyWoRp3CJzDqI8Ctf7Dywg_LQ=s88-c-k-c0x00ffffff-no-rj,False,False,1686983822.782188
UgxMnhpTiVKmFN4JYkR4AaABAg,"Patut kita apresiasi untuk pakpol atau patwal yang mengawal Official PERSEBAYA, melindungi official dengan penuh tanggung jawab...",3 years ago,@reseee6386,UCNjOX7xLP_s_-gQu3XGml5Q,0,,https://yt3.ggpht.com/yghnPtxBUjbCksqLXyYn5O61GNRgMVEgpfUd-lNkyTjd_bMLMFqPsVfj7QopaEzaPgisZTO0Dg=s88-c-k-c0x00ffffff-no-rj,False,False,1686983822.783704
Ugy8SFTz9njnGcCmfTV4AaABAg,AREMA SAMPAH SEPAK BOLA INDONESIA !!!,3 years ago,@alamherdiana6429,UCrbgdylbdjpRQQGXFVT9EPQ,3,,https://yt3.ggpht.com/QlHE_sybrkfyQE9Ou6N7WjbyZ32S0KF_WrDwM6d9MIVNfZp9xElm3VKDq1heNRTFrg3MFML05A=s88-c-k-c0x00ffffff-no-rj,False,False,1686983822.7854
UgxYIXuHrfpB7bZz7q94AaABAg,"Koncoku polisi ninggal mas, gara2 iki
Sakno keluargane
Polisi gak salah menurutku",3 years ago,@ibnubayu3253,UCwU8W0HkKjPgMRZHHsp8vPw,3,1,https://yt3.ggpht.com/ytc/AIdro_ngKrI-Kw6bGdqxu9UAYH4bXk69ATmj-n2NfQMGMoBJrM0=s88-c-k-c0x00ffffff-no-rj,False,False,1686983822.786881
Ugwd1EeBClpL-pOkoqJ4AaABAg,Miris delok kelakuan suporter ter........,3 years ago,@muhammadsetyanto4413,UC3G6vOV5Zs__lUZgTJjiJxQ,0,,https://yt3.ggpht.com/ytc/AIdro_m5DHdJOQs40hzoitGNZg5x-fmV6OYmJoszNAslGR0idT_rVnRjRUDprHsTC8XFm7CrIA=s88-c-k-c0x00ffffff-no-rj,False,False,1686983822.788407
Ugz_j4XWRiDTzxaDRJt4AaABAg,Fakta,3 years ago,@anggunraharjo3852,UCzahiTOk34JxodJiF8yCGSQ,0,,https://yt3.ggpht.com/ytc/AIdro_lqULl_zl4kd2Kqu-NGfQAeRgktPwzB-Z0A1Snc5T96-MRs7PMnyyGHCmsAyOOuHNpt5Q=s88-c-k-c0x00ffffff-no-rj,False,False,1686983822.789847
UgxtEl0yZe5MmV8Nnvp4AaABAg,"Yuli kemana ya, 🧐",3 years ago,@dirgafacebookaccount,UCjmMOheoJdx2fXsrEjeiisw,0,,https://yt3.ggpht.com/ytc/AIdro_l0DUdxEX21czSNEjPg1WmEDvygJXSACsjzmY6GjcN4gWcRDE3X6Anb70DtjYOUCRa2CA=s88-c-k-c0x00ffffff-no-rj,False,False,1686983822.79126
Ugy_POzcqIzjgDwGm0N4AaABAg,Arema sepele,3 years ago,@restualamsyah8928,UC26vb2lh9AP23-jM-_QIIQQ,0,,https://yt3.ggpht.com/ytc/AIdro_lAyCmPuPTcTtYpOA4QnUiNiel5MSi2UOypDgNoiTtaAGtGVrLt1wtS6foazk69LW0x-w=s88-c-k-c0x00ffffff-no-rj,False,False,1686983822.792688
UgwZihTzN5BkqZT4VyJ4AaABAg,la nek aku panggah tak tabrak wong sebg ngedangi dalan iku wkwk,3 years ago,@tompel_lardo1696,UCg-UTOtXUBwjt93yPqLW6Zg,1,1,https://yt3.ggpht.com/ytc/AIdro_nm1Ghl4YcXRSsgjuCWxXalCXpjtkZh7ZJvzTyRbMzWNw=s88-c-k-c0x00ffffff-no-rj,False,False,1686983822.794103
UgxgxSVimAip_nh_ohN4AaABAg,"Membela team yang kini meninggal kan mu 
Yok opo rasane Arema tidak membela Aremania",3 years ago,@jokow1086,UC686TBNNdNOkTJNl0oTsY7w,0,,https://yt3.ggpht.com/EbphQhCxYN5Yh7BZziTb7K-HF1Frl59DBUwWa5lk4J0kOoEybkLM9pCOQ0kCDQJQ5ngfuvUWHO0=s88-c-k-c0x00ffffff-no-rj,False,False,1686983822.795536
Ugz9O3AdMh1R1yhy_CN4AaABAg,"MOHON MAAF SEBELUMNYA🙏🏼, INI MEMANG SANGAT MENCEKAM SUASANA DI LUAR DAN SANGAT MENGERIKAN APALAGI OFFICIAL YANG DI TRUK, TAPI YANG INI SISI LUAR STADION, SEMENTARA YANG DIPERJUANGKAN OLEH TEMEN” AREMANIA “USUT TUNTAS” TENTANG KASUS GAS AIR MATA DI DALAM STADION YANG MENIMBULKAN BANYAK KORBAN PADAHAL DI DALAM STADION FINE” AJA. PSYWAR?? LEMPARAN BOTOL? CHANT RASIS? ITU SERING TERJADI PAS DERBY, GAUSA MUNAFIK LAH KALO SOAL PSYWAR 90 MENIT. 

DI VIDEO INI JUGA PAK BRIMOB BILANG “DI DALAM RUSUH IMBASNYA KE LUAR”, MENURUT SAYA BETUL KATA PAK BRIMOB, DI LUAR SANGAT PARAH KARENA DI DALAM UDAH RUSUH YANG MANA AREMANIA TERSIKSA TERKENA GAS AIR MATA DAN MUNGKIN JUGA KARENA ALASAN KEKALAHAN MAKANYA SAMPE NGAMUK SEPERTI INI. “TAPI KALO SOAL PENYERANGAN SETELAH PERTANDINGAN” INI SERING TERJADI DI KALANGAN SUPORTER INDONESIA JADI GABISA SALAHIN AREMANIA SAJA YANG BERPERILAKU SEPERTI ITU. 

NAH ANEHNYA KENAPA DI STADION GAS AIR MATA DITEMBAKKAN DAN TERJADI PEMUKULAN OLEH APARAT PADAHAL OFFICIAL DAN PEMAIN PERSEBAYA SUDAH MASUK RUANG GANTI DAN BERSIAP NAIK BARACUDA, NAH KENAPA PARA APARAT TIDAK MENGANTISIPASI LEBIH KUAT LAGI YANG DILUAR STADION. BAGI SAYA SENDIRI, SAYA SANGAT SETUJU YANG DILUAR STADION BERHAK DAPAT GAS AIR MATA ATAUPUN WATER CANNON TAPI KALAU YANG DI DALEM STADION HARUS DI USUT APALAGI ORANG-ORANG DI TRIBUN YANG GA TURUN KE LAPANGAN JUGA DITEMBAK, MAU DISALAHKAN KARENA TURUN LAPANGAN? PERTANDINGAN SUDAH SELESAI!!!",3 years ago,@ytprem4047,UCICce6uM2dbwn16nwo07FlQ,2,10,https://yt3.ggpht.com/ytc/AIdro_mJCGZylS14iR3k9ljvOlcxpwDFFl_DOAnATlPy_V3hecO15XBAb0qciq2UVth8TTlnBQ=s88-c-k-c0x00ffffff-no-rj,False,False,1686983822.797069
UgzfnUB7KF3LcdRW-Ml4AaABAg,"kate gak menghalau piye jal polisi masalah ngene ki, di satu sisi kunci pintu std kanjuruhan bisa di benarkan karena kalau aremania semua keluar opo gak modyar anggota persebaya dan bisa di salahkan juga karena dg di kunci juga bahaya juga dg aremania di dlm std..
intinya suporter yang salah",3 years ago,@Malang_Explore,UCJAUAnH10N6t1S4_WlevMGQ,0,,https://yt3.ggpht.com/zctrUBa6iCtHr0zOFHQwjgLvSpUuu8A96bcI5bCStPHYmLgf8nGRJJF2moioLDv9_34pu_j40g=s88-c-k-c0x00ffffff-no-rj,False,False,1686983822.798583
Ugysi2CIgCf-digEU5R4AaABAg,"Ikilo ma arema deloken,jok nyalano polisi ae",3 years ago,@SiAlepp10,UCCRljQysj8XtmojXjORuJ4A,1,,https://yt3.ggpht.com/kVNlC3ya8p2aYo0HS6mFiSsY2QKl6PgAQUicShdXvBzcqDidKo9evQSCWdEZkMFdE28BawMybA=s88-c-k-c0x00ffffff-no-rj,False,False,1686983822.800022
UgxYIXuHrfpB7bZz7q94AaABAg.9mAvIPR-afM9mM8-hXJANv,Anak e sik cilik cilik yo mas.... Mugo2 istri Dan anak2 nya kuat Dan tabah mas 🙏,3 years ago,@kebunomahku8790,UCARc4NVKp1lxJqO6lt7pkQw,2,,https://yt3.ggpht.com/ytc/AIdro_kyBUOVa2nQTKIwbkUd9Zbc9ahp_sbpTdS4CN1ClSPVHw=s88-c-k-c0x00ffffff-no-rj,False,True,1686983823.009694
UgwZihTzN5BkqZT4VyJ4AaABAg.9mAYf53C0QB9muyc6MAjX4,ntar lebih parah teriak usut tuntassssssssssssssssssss🤣🤣🤣🤣🤣,3 years ago (edited),@RIDHO_48,UCAPVH0HoHM52qpjHGzvtxpA,0,,https://yt3.ggpht.com/W_i9aAzsWmVxW0w4GGc4UiWkN446OVIjVIAUHlas42jdhmy0SqHH9oo5QvhszVorpdlFB2YSEw=s88-c-k-c0x00ffffff-no-rj,False,True,1686983823.180033
Ugz9O3AdMh1R1yhy_CN4AaABAg.9mALcjjO0sT9mBqo4N3Uad,Lu liat sambil skip?,3 years ago,@akusopoyo4570,UCTWxWHd1EoWe3ZkyQao3Qzg,1,,https://yt3.ggpht.com/ytc/AIdro_kHyyIKPzt96W-EXZqjyWMZ6siGky9eGlOzBoK6UsqWeKo=s88-c-k-c0x00ffffff-no-rj,False,True,1686983823.379703
Ugz9O3AdMh1R1yhy_CN4AaABAg.9mALcjjO0sT9mBtAU0qyMs," @akusopoyo4570  KALO IYA KENAPA? KALO ENGGA KENAPA?, TANGGAPIN PERNYATAAN GUE DONG GAUSA NANYA YANG GAPERLU DI JAWAB!!!",3 years ago,@ytprem4047,UCICce6uM2dbwn16nwo07FlQ,2,,https://yt3.ggpht.com/ytc/AIdro_mJCGZylS14iR3k9ljvOlcxpwDFFl_DOAnATlPy_V3hecO15XBAb0qciq2UVth8TTlnBQ=s88-c-k-c0x00ffffff-no-rj,False,True,1686983823.381471
Ugz9O3AdMh1R1yhy_CN4AaABAg.9mALcjjO0sT9mM5ajVfZKd,"SDM rendah memang gitu, sulit menerima fakta. 
Aremania beban suporter Indonesia 🙊",3 years ago,@azazelnotinhell,UCrQa800_5bV3ToPBLaQ7GRw,1,,https://yt3.ggpht.com/mhnD9Df65QUOhSZGG3TA5_hexKiau1PfjY0_6LMnz9dGI5bLqjmxERtWzoTHGjG5Ds4SF282Zjs=s88-c-k-c0x00ffffff-no-rj,False,True,1686983823.383073
Ugz9O3AdMh1R1yhy_CN4AaABAg.9mALcjjO0sT9nDuhDaH81x," @azazelnotinhell  JANGAN HANYA BISA MENJUDGE!!!, DEBAT KITA KASI PENDAPATMU!!!",3 years ago,@ytprem4047,UCICce6uM2dbwn16nwo07FlQ,0,,https://yt3.ggpht.com/ytc/AIdro_mJCGZylS14iR3k9ljvOlcxpwDFFl_DOAnATlPy_V3hecO15XBAb0qciq2UVth8TTlnBQ=s88-c-k-c0x00ffffff-no-rj,False,True,1686983823.384547
UgwFpUH2uIg9Wdqyh894AaABAg,usut tuntas terus saben dino minggu wkwkwk. jajal kon ndelok video iki,3 years ago,@ibgst,UCM9WgVkhEVrUyZ6Ch9HQisQ,1,,https://yt3.ggpht.com/oHS4j6eNLAiDNO05_OYbuquP78_0lF6cG7WdKMD-ANZpsg7ayX5zBF58I_5UCpOWWlWNJoWF=s88-c-k-c0x00ffffff-no-rj,False,False,1686983823.660018
UgzRqUOhX5ZF6lJWe1V4AaABAg,Apakabar dengan arema pas main dk sby,3 years ago,@gofurmaulidani7875,UCYqYBPIF_jtGu9hjMaXHeKg,0,1,https://yt3.ggpht.com/ytc/AIdro_kysidh3OMk1sujLlgJfftMCuVHM5fnRSly07b4Izw=s88-c-k-c0x00ffffff-no-rj,False,False,1686983823.661925
Ugyz-byDuE8-0-t6yqV4AaABAg,Terus suporter gak onok sing dadi tersangka 🤣🤣🤣 ndagel to...,3 years ago,@agustinrest5916,UCghjaMIgBdCHsfxutYj6n0w,1,,https://yt3.ggpht.com/ytc/AIdro_ldn5Fe9thDxKylBXWdYZp8WLcf5yNzP1ujHR5eT50=s88-c-k-c0x00ffffff-no-rj,False,False,1686983823.66364
Ugz4Bek3CaN3LR6wRwN4AaABAg,Sangat terharu di jam 1.42.28 ingin nangis ak,3 years ago,@mrhan2568,UCJ04vjHPSUUL_PNiwnTCSgw,0,,https://yt3.ggpht.com/ytc/AIdro_kbuQvT0tbvetehmflveXtnJgxG-IrYpdXIpKjWTztXqh4=s88-c-k-c0x00ffffff-no-rj,False,False,1686983823.665282
Ugy1XH244gYV5kYO17p4AaABAg,Untung saja liga 1 gak di Indonesia gak di bekukan sama FIFA,3 years ago,@maztmuda27,UCtQVvtCAbnYnx2uOMV0K7Jg,0,,https://yt3.ggpht.com/a0eOQX4lj6CBEwETBopu5_KaQ6R0p10p2bp-3CC0mC02KiPEQoREVd160SfB_dcx02GGXheL-w=s88-c-k-c0x00ffffff-no-rj,False,False,1686983823.666808
Ugy53_KeCm-l_5i2oI14AaABAg,"Pssi kurang tegas dalam menyikapi kepada arema, pssi memang buta dan terlihat masih memihak ke arema",3 years ago,@maztmuda27,UCtQVvtCAbnYnx2uOMV0K7Jg,0,,https://yt3.ggpht.com/a0eOQX4lj6CBEwETBopu5_KaQ6R0p10p2bp-3CC0mC02KiPEQoREVd160SfB_dcx02GGXheL-w=s88-c-k-c0x00ffffff-no-rj,False,False,1686983823.668293
Ugzw-oqrbWFBSsszMt94AaABAg,"Coba bonek bikin ulah dikit aja, pasti parah hukumannya, ini arema sudah memakan korban banyak dan membakar mobil polisi mati masih saja arema di beri main di liga, arema ini sudah tidak pantas main di liga 1",3 years ago,@maztmuda27,UCtQVvtCAbnYnx2uOMV0K7Jg,0,,https://yt3.ggpht.com/a0eOQX4lj6CBEwETBopu5_KaQ6R0p10p2bp-3CC0mC02KiPEQoREVd160SfB_dcx02GGXheL-w=s88-c-k-c0x00ffffff-no-rj,False,False,1686983823.669782
UgzD9J3up-WfIT2i59h4AaABAg,Harusnya arema di degradasi melihat kejadian yang sangat bukan manusiawi,3 years ago,@maztmuda27,UCtQVvtCAbnYnx2uOMV0K7Jg,0,,https://yt3.ggpht.com/a0eOQX4lj6CBEwETBopu5_KaQ6R0p10p2bp-3CC0mC02KiPEQoREVd160SfB_dcx02GGXheL-w=s88-c-k-c0x00ffffff-no-rj,False,False,1686983823.671295
UgxMH4rCIZ1xyaVdeBd4AaABAg,Aremania berhutang dengan pemain persebaya dan official,3 years ago,@kagebunsinnojutsu3038,UCcJklyM6GYn4kZBT-6kSYIA,0,,https://yt3.ggpht.com/ytc/AIdro_kcnl0VvrgSD7iqnZrIjlqMV9KNOX-PlVhdzFixfC8=s88-c-k-c0x00ffffff-no-rj,False,False,1686983823.672801
UgzxF82uiNfSIZMUwgd4AaABAg,Nah polisi ambil aja bukti ini...liat mereka beringas gitu,3 years ago,@arielmulyana6395,UCjOzbZHQLGnXabamIJFx1Zg,1,,https://yt3.ggpht.com/nfLzzeNh9YcgAmQXwWO03K3otknRHFmqAlxGe_dP1ikw73OE7DB9oMy2w0RbGbkhSXfbWv0wIXs=s88-c-k-c0x00ffffff-no-rj,False,False,1686983823.674264
Ugyv3YxcY9bW_P0BCKt4AaABAg,"Aremania pengen mateni persebaya tpi malah mati dewe kenek kharma tanpa bentrok sama bonek, Allah maha tahu tanpa bentrok dengan bonek pun aremania tumpes dewe, Allh punya rencana lain tanpa melukai Bonek
SALAM  SATU  NYALI  W A N I......",3 years ago,@lembusekarayu8134,UC4Yh-eQBIIr5DsYJX0iIhvQ,1,,https://yt3.ggpht.com/DeuiuC2_CXoSGi5hKrDq_B7MJm4I9ml1rTY5ITiEQGUBLBTRCk98SIfoHTcBs0mUyzoouvLaeg=s88-c-k-c0x00ffffff-no-rj,False,False,1686983823.676034
UgxtDJGwwvQ6tLyFR8Z4AaABAg,Seng Nyalakno Aparat Kepolisian Salah Buktine Brimob Ngawal official Persebaya Sampek Selamet Sampek Tujuan,3 years ago,@tsabitbasyaiban4535,UC20uuz20p1Y_MJESvXC1XmQ,1,,https://yt3.ggpht.com/ytc/AIdro_ltGlb3_7X3ZrEVI0dp-wUXaYlREqiCrEqkY4NCx2S_MpG4NsIz1P3T3t04Uxz3vKkEjA=s88-c-k-c0x00ffffff-no-rj,False,False,1686983823.677543
Ugy2XaAS2GjVKzF1-oN4AaABAg,"wahhh kandang singa, 🥴",3 years ago,@hrapratama_,UCkmGUUJGKIUohGwgSNKAR6Q,2,,https://yt3.ggpht.com/-Y6xiVUse0A8-8lCu_kmS8VWyte9VsB3PCzlI0X_dagfPlbT1rGcNe6GZ5AnCpQ8Rp27ijPrHbM=s88-c-k-c0x00ffffff-no-rj,False,False,1686983823.679063
UgzGX4bCanyfpMjHnil4AaABAg,"Seporter yg paling membagongkan,

Semogah saja arek"" Bonek mania tidak meniru seporter yg angkuh seperti ini... 🙏",3 years ago,@elvanirawan2745,UCLhI2pwci9iHt3smP0aF0dA,0,,https://yt3.ggpht.com/ytc/AIdro_mNiU03wAS3nF7_WTtNcfX6S29HdyCnHaO61dPJ5bY=s88-c-k-c0x00ffffff-no-rj,False,False,1686983823.680653
Ugx4AeOWtiV2Y0usmsN4AaABAg,Fanatik berlebihan itu tidak baik,3 years ago,@dianindisaputra1397,UClJgKfe6gS3Kute2E8u8UmQ,1,,https://yt3.ggpht.com/n0XM1kcsJyHxGsyqsIAGCdCsFeMpXhmAQXjykace030qh2kIWbNCjlRhxXy2WwS99to9Eqcrv0Q=s88-c-k-c0x00ffffff-no-rj,False,False,1686983823.682114
UgzWGhiQtKi_OmTzYPl4AaABAg,"Menit 43:00
Wkkwkw di idoni gak iku lambang mu karo hidayat wkkwkwkwk",3 years ago,@anggadwi7840,UCBLQwZbarH4wpkRZbXK5Mrw,1,,https://yt3.ggpht.com/ytc/AIdro_lKpiim9Si6xuFgVt4IYApbpzvTa3TAkz6MKpmkePprrmQ=s88-c-k-c0x00ffffff-no-rj,False,False,1686983823.683579
Ugx0HRgk1gtPbU8JpSV4AaABAg,Sebab akibat,3 years ago,@benjzone,UCLpRHGXksbVFl9j8Xx2hyPA,0,,https://yt3.ggpht.com/QEeHfLRfgmVDw7txlAYE39jofOXflSSrRBBPOadMoKA69UKjLA_YwakDiXJexD4GhwD0sytS=s88-c-k-c0x00ffffff-no-rj,False,False,1686983823.68502
Ugw-jzSxH0kd2CUTrIN4AaABAg,Bedes ndeso,3 years ago,@arialmanta832,UCtPfGENK3kBGIv4pHPPX8ag,0,,https://yt3.ggpht.com/ytc/AIdro_lqybv1ymmQZzV-g7nROuYqYvRtqWJrzgIBL02smStPjjYqrzc547dVBcr4Ak5lP7MDAg=s88-c-k-c0x00ffffff-no-rj,False,False,1686983823.686488
UgzaLXw1N16RKQAHdJd4AaABAg,MOTOMU MICEK A WOIIYYY ?? AREMANIA TONTOK EN IKI.... OJOK MENENG AE RAIMU...,3 years ago,@muhammadtaufiqdzulfianuddi7788,UCdBPyfqLTLvSTS-huqfzefQ,0,,https://yt3.ggpht.com/ytc/AIdro_nZa2L5tvX7AvSd4Ge5CNES4grhI0iSwAR0FOEKVgy-ONyNf84-qq6U12ADeVbgPcot_Q=s88-c-k-c0x00ffffff-no-rj,False,False,1686983823.688026
UgwJ-YqF1YgcQrtjFJp4AaABAg,"Aremania begitu brutal tapi tidak mau di salahkan
 Kalian semua playing victim.",3 years ago,@dhimaswisnu3159,UCuntennFyPUm85-fITQWgJg,2,,https://yt3.ggpht.com/ytc/AIdro_m9vEjOBSTvjbhjQe6rTg7w-pdh8Sctrn47hUQptajsKK4=s88-c-k-c0x00ffffff-no-rj,False,False,1686983823.689504
UgzRqUOhX5ZF6lJWe1V4AaABAg.9m9iolpM9w59mAWzwrOeUr,Membandingkan dg kejadian lain tidak dapat membenarkan keanarkisan Aremania,3 years ago,@fajardirham3342,UCFmlWNbLWJbpAB-QqpqeRpQ,1,,https://yt3.ggpht.com/ZieuWaXLqrvU7TARXnzQmqdz6oAdwqCcG8ei9P_X1FZCOM957W53Fwj1Nuj0AVwf4P7pFWM6=s88-c-k-c0x00ffffff-no-rj,False,True,1686983823.857883
UgyMH6_smstjI643BUF4AaABAg,"akhirnya saya theking psps pekanbaru menyadari bahwa kesalahan bukan terletak di derby dan rivalitas tapi terletak di kebodohan suporter itu sendiri , terima kasih arema menyadarkan kami bahwa suporter bodoh itu membunuh teman sendiri  😊😊",3 years ago,@betterpops2869,UCKc40m-fY8NlGeKuKcS0yyg,3,,https://yt3.ggpht.com/ytc/AIdro_kinzuLpW8b1zI5gj4Y8AW27d97r0pMhiCbbvMUNbbaomA=s88-c-k-c0x00ffffff-no-rj,False,False,1686983824.148376
UgzD70QZeI4YbjlCI554AaABAg,Terima kasih untuk pak polisi sudah melindungi sampai dengan selamat semua bagian dari team kebanggan kami persebaya.,3 years ago,@budit8949,UC1gKeWX5_P5OhDV36H_QGqw,7,,https://yt3.ggpht.com/ytc/AIdro_l5ZIbBEgwtZgFkpa5rNV02u-8Vx6YggfmL2j0PeAXobTQsCm2wmmfwdUlmilBjHqr4mA=s88-c-k-c0x00ffffff-no-rj,False,False,1686983824.150295
Ugyub_Dh4sjthTrJYHJ4AaABAg,"Kelakuanmu mas"" 🥲🥲",3 years ago,@faisalaye3340,UCwdEUFPUk9yeNiKGuHbGzaw,0,,https://yt3.ggpht.com/ytc/AIdro_ls0vhWs4kqy-095ZwSEOKuRHtVtFFeSy6EKZThk5nR5Rjjb1uecFchqRpuGMVIzmHYcw=s88-c-k-c0x00ffffff-no-rj,False,False,1686983824.152058
Ugyx-TrMB8XFCosfr0t4AaABAg,Respect buat yg meninggal? Haha no 💚💚,3 years ago,@Indonesianultras,UCxTKNf4LsNm0JTAo7hlHYwA,2,,https://yt3.ggpht.com/Dss7SqGrBFtDYwC8MQXSCmnu_hOhQnmLHuCliOenWyOGapCk2CZVOR1ucG6IxQy6bPotelxjcw=s88-c-k-c0x00ffffff-no-rj,False,False,1686983824.153807
UgxoSMsGApGmDh0eQSh4AaABAg,Usut tuntas pelempar pemain dan official persebaya!!!!!!,3 years ago,@anggadwi7840,UCBLQwZbarH4wpkRZbXK5Mrw,0,,https://yt3.ggpht.com/ytc/AIdro_lKpiim9Si6xuFgVt4IYApbpzvTa3TAkz6MKpmkePprrmQ=s88-c-k-c0x00ffffff-no-rj,False,False,1686983824.155484
Ugzmp36X3_m2HDeQt-J4AaABAg,Bringas bgt suporter arema kek sikopet😱ky film zombi,3 years ago (edited),@ridwanharisofficial1262,UCsuRWlcAVJiUOrduZ57XcIA,0,,https://yt3.ggpht.com/ytc/AIdro_nYwyWWCLWTleK5Zo_LSZSBqOSNksKt_Q8WGMXhWas3hhw=s88-c-k-c0x00ffffff-no-rj,False,False,1686983824.157154
Ugw2bx9VfXSIkjfW3KN4AaABAg,Dan lucu nya aremania ga ber otak ini menuntut keadilan kepada polisi yg mereka serang wkwkwkw,3 years ago,@mrx2332,UCPRFoMLgRYsvSzOjDbinLWQ,4,,https://yt3.ggpht.com/I-R5J6K9YBCrs4V6yz4LxKiqYQ1ReEyC8DXoLtYic7PLvrXzZxZOUCC6DZjtnnnRCyGxH8SrrOU=s88-c-k-c0x00ffffff-no-rj,False,False,1686983824.158845
Ugy0DcEl9GGjssDUM3Z4AaABAg,SUPORTER ORA MUTU.... KALAH KOK NGAMOOOKK.... WKWAOWKAOWKWOAK,3 years ago,@ibliskedip666,UCRqtwHCwHb43h9_QOZKnbsw,1,,https://yt3.ggpht.com/sO5JhC3qtME0PCEeZh3T4xjosbwKpBe2e1Nt1An32lAgcu9ZQ0AH-IdZzTm__9pmGq_zJtGN8eU=s88-c-k-c0x00ffffff-no-rj,False,False,1686983824.160503
UgyyRbwJutVWHLXEHzR4AaABAg,Yg salah mah suporter msh tarkam,3 years ago,@wirosableng3322,UCjMQJaZbI5tn-L7Fyjka9Bg,1,,https://yt3.ggpht.com/ytc/AIdro_kyKYN6nMKhyF6lfsxaBhBggLTm_UXP4uFvN9PMRyshUwp-sjIgLnMzEEoqVfCofXlIcQ=s88-c-k-c0x00ffffff-no-rj,False,False,1686983824.162301
UgyVNSShUtuaYkIFGHF4AaABAg,Bisa bisanya yang disalahin polisi doang WKWKWK,3 years ago,@bonam2324,UCPPBt2ABHl1sMkn6xgJ6vHQ,1,,https://yt3.ggpht.com/3YCk9Ix5U2X2tcybtTPaK0UY4rEsnc_mtBUdE6Efnqp27hTJjgbtiiyuZO2tmxJMOQlKPKpYaw=s88-c-k-c0x00ffffff-no-rj,False,False,1686983824.164057
UgwUPf3sKZ5WzkwfX9F4AaABAg,Suporter yg sangat gila.fanatik yg keterlaluan.kalah ngamuk.dan skarang mrasa paling terzolimi.,3 years ago,@upinsaiku4917,UCiN3-IP4rEBcLOkFmpz1LuQ,1,,https://yt3.ggpht.com/tiwslxtPhc7eENqC2Doyh1z-D18zhsfmCtK8x9OfwTt3QhxFnznHPsIAA6uH08X8k-1O7Bue=s88-c-k-c0x00ffffff-no-rj,False,False,1686983824.165829
Ugz2VKi7XG3rOQ5T68x4AaABAg,"yg jadi biang keladi suporter pertama turun itu sok gladiator,menyebabkan yg lainnya turun , itu yg harus di infestigasi tlah merusak acara bila perlu yg harus di jagal.",3 years ago,@johanarydharma2039,UCtFSqhOQiKRzVeqE8Ib4SBA,1,,https://yt3.ggpht.com/ytc/AIdro_mhteB3biZe2SKigFlwVo7KRxSEdmQlYIS6i_w2_0noww=s88-c-k-c0x00ffffff-no-rj,False,False,1686983824.167479
UgzgGbPVeDYamDF_AGd4AaABAg,"syukurin bagi yg omongan sok preman, biar jadi efek jera bagi mereka, jika lain waktu mereka masih saja meraung2 seperti singa lapar, saya siap membidik congor mereka.",3 years ago,@johanarydharma2039,UCtFSqhOQiKRzVeqE8Ib4SBA,1,,https://yt3.ggpht.com/ytc/AIdro_mhteB3biZe2SKigFlwVo7KRxSEdmQlYIS6i_w2_0noww=s88-c-k-c0x00ffffff-no-rj,False,False,1686983824.169157
Ugw8rANYq1RuA4jXDdR4AaABAg,"mungkin pertimbangan ini jg yg bikin pintu keluar nggak segera dibuka. karna bisa mengancam keselamatan jiwa pemain Persebaya... yg pasti saya sangat mengutuk keberingasan Aremania, yg seperti binatang menyerang dan melempari bahkan membakar mobil polisi..",3 years ago,@boedprasetyo5806,UCo2k45ruhfSDAV8cHVy4fCQ,0,,https://yt3.ggpht.com/ytc/AIdro_mjiA-ooivkCTwx91Rukg6XoHeDv3nCI0nhPHO6Kzg=s88-c-k-c0x00ffffff-no-rj,False,False,1686983824.170906
Ugz0jqGAOu4DNXf3urh4AaABAg,Wiihh ini parah banget suporter arema... gila banget.. kaya pembunuh yah,3 years ago,@arlisnaapril9732,UCPYALTJWvqNqK6zSTqYYuKQ,1,,https://yt3.ggpht.com/ytc/AIdro_n-4AvZSmh54J2ZTA7hH_5Nduno78TKGU3H91gj-3U=s88-c-k-c0x00ffffff-no-rj,False,False,1686983824.172735
Ugzts-G7HHL8-QXbX5p4AaABAg,Parah ini untung selamat dulur persebaya💙💚,3 years ago,@egieerlangga1929,UCEQb_V1SGMKMIhHnRn1kDTA,0,,https://yt3.ggpht.com/ytc/AIdro_kLmBKekFHSCw4o1sJ1zYhpJvtwtTLiXn6QXg3zDpCuEWhN=s88-c-k-c0x00ffffff-no-rj,False,False,1686983824.174506
Ugxi397X06iH7li9w514AaABAg,"Seandainya pemain Persebaya da yg jd korban krna ulah brutal Aremania, pasti yg di salahkan aparat ny...  Dsini aparat udh menjalankan tugasny dengan benar... Jika Aremania bs menerima kekalahan pasti aparat GK km bertindak tegas.. klu q JD aparat ny pun akan melakukan hal yg sama.. Trima kasih buat aparat keamanan yg udh menjalankan tugasny dengan benar",3 years ago,@dedygitar3627,UCFo7ZopNlvqXq6sUbxpnkPQ,0,,https://yt3.ggpht.com/ytc/AIdro_mHmuU06D7d5sBRgDRpRTvVd8vsSTtRz8SeQaLfhG4HVx1vDFIuKij6U4A3NXKz4jBOYA=s88-c-k-c0x00ffffff-no-rj,False,False,1686983824.176167
UgwpXsw1FucWnNe8zm94AaABAg,"Supprter kok koyok ngene, respect persebaya❤",3 years ago,@aldipurwosujatmiko8996,UCQ8R_dD_F9TzZx1ffJ9dt-Q,0,,https://yt3.ggpht.com/ytc/AIdro_kbgmAKKUa_W6Q4P39OlMQaXq8Bn0ueidqx9Wwyk46jSm0=s88-c-k-c0x00ffffff-no-rj,False,False,1686983824.177815
UgwHWC0q5VAUrOM0W6F4AaABAg,"Buat pemain anggap aja sebagai menguji mental kalian, supaya mental kalian kuat dn gk takut bermain di kota lain, dn bisa  sebagai mental kalian gk gampak down",3 years ago,@rosul5575,UCxfEp4VU6jYdu2ibuY6XptQ,0,,https://yt3.ggpht.com/ytc/AIdro_nhoOi8Lhcr7w0l0Ur6N0ern1n6gqe49p8sDZDsXjKezsAllwS3frRAi1p45L_qVDrCfQ=s88-c-k-c0x00ffffff-no-rj,False,False,1686983824.179471
UgxNONVbdcJI9OflWRB4AaABAg,"Arewaria wanine onok kandang sok jago, nek wani nang o suroboyo, opo gk mati nok suroboyo",3 years ago,@rosul5575,UCxfEp4VU6jYdu2ibuY6XptQ,2,,https://yt3.ggpht.com/ytc/AIdro_nhoOi8Lhcr7w0l0Ur6N0ern1n6gqe49p8sDZDsXjKezsAllwS3frRAi1p45L_qVDrCfQ=s88-c-k-c0x00ffffff-no-rj,False,False,1686983824.18128
UgydhiknqOtjvQRhHDp4AaABAg,"Musuhmu bonek bkn official persebaya, ojok wanine onok kandang,",3 years ago,@rosul5575,UCxfEp4VU6jYdu2ibuY6XptQ,0,,https://yt3.ggpht.com/ytc/AIdro_nhoOi8Lhcr7w0l0Ur6N0ern1n6gqe49p8sDZDsXjKezsAllwS3frRAi1p45L_qVDrCfQ=s88-c-k-c0x00ffffff-no-rj,False,False,1686983824.452767
Ugwu8C-LtvzT4RyH0EV4AaABAg,Ditunggu di Surabaya aramania nyawa dibalas dg nyawa,3 years ago,@syarif590,UCovONZE5rOsuF5MY2bfli6w,2,,https://yt3.ggpht.com/ytc/AIdro_mbdw79JGc5mlEFb4L_fDS_eNfnZ3cB5TODqlDQLt_5YWQ-7_FLklstw7UB2tMe0YfK6w=s88-c-k-c0x00ffffff-no-rj,False,False,1686983824.454491
UgxF-OvE8hF_WI58VJ94AaABAg,"seakan ikut kedalam situasi tersebut. seandainya sya jd pemain trus ada temen saya jd korban. tak segan saya lawan smua media dan orng"" y melihat hanya aparat yg slah.",3 years ago,@aleaja7536,UCs1uj36HXs-n1E0H5U5w33g,0,,https://yt3.ggpht.com/ytc/AIdro_mOmvjsLJpzPYws10TCJXdi-AhDoqZqqjISWH9cVHM=s88-c-k-c0x00ffffff-no-rj,False,False,1686983824.456375
Ugyg-k1q2XuUm3spnZp4AaABAg,Kudu ne tabrak wae pak... Ngerti ngeri bgt.,3 years ago,@azkiaaa7389,UCSZNTFSyMXci9AE5ygNgAUg,0,,https://yt3.ggpht.com/ytc/AIdro_lsGbkAgCKrQ4AOZ34hnL3cTnEeXmaVN6zHSQW5lRMJF4Pv02mW6pL-DHb5zoRq10bi4A=s88-c-k-c0x00ffffff-no-rj,False,False,1686983824.457899
UgxyjGb07Oc-BnxN3214AaABAg,Iki lo melek o merem ae di delok ngasi buyar. Ancene kelakuane kyok ngono ga gelem disalahno,3 years ago,@bangebychannel7470,UCjYZ-8czBUTnXwP9hV0d01Q,0,,https://yt3.ggpht.com/ytc/AIdro_kQIZz1OMv2CAGq3v1rC4rqYZKWUTd3o27nD2ft9M_Vvck=s88-c-k-c0x00ffffff-no-rj,False,False,1686983824.459373
Ugy6JbzvDlcky2o1xHR4AaABAg,Sumpah parah sih ini kalo saya pribadi pasti dendam,3 years ago,@cecepcecep4569,UCniRY3NoqvPk8OmPjibpEgA,0,,https://yt3.ggpht.com/ytc/AIdro_nBDeZ9mqdIFB9ZVjY1L_Zestnzoo5Sf1l4wqCS9M9x7GOn4Ieia6TOKEF-97zhMtLXgw=s88-c-k-c0x00ffffff-no-rj,False,False,1686983824.460826
UgzBKLEhZMVYmWd7iZN4AaABAg,Dari kejadian ini setiap ada anggota Aremania masuk kawasan Jabodetabek ya jelas kami intimidasi,3 years ago,@cecepcecep4569,UCniRY3NoqvPk8OmPjibpEgA,0,,https://yt3.ggpht.com/ytc/AIdro_nBDeZ9mqdIFB9ZVjY1L_Zestnzoo5Sf1l4wqCS9M9x7GOn4Ieia6TOKEF-97zhMtLXgw=s88-c-k-c0x00ffffff-no-rj,False,False,1686983824.462263
UgyVumSklrZXDranJTh4AaABAg,Sepoter desow,3 years ago,@karyamudaminggiran,UCLl9NODvCvRBZllWumYqZQw,0,,https://yt3.ggpht.com/VJGePL8ssdynuIbufcoRZonyx-pY8G2IpuzskgH1SujIWZqXfwFNZpQQKb2i37zCBz7A1BG23Q=s88-c-k-c0x00ffffff-no-rj,False,False,1686983824.463824
UgzYqnIu1azN5jy1Oj14AaABAg,Sumpah saya pribadi paling jijik sama Aremania dusun nya monoton banget,3 years ago,@cecepcecep4569,UCniRY3NoqvPk8OmPjibpEgA,0,,https://yt3.ggpht.com/ytc/AIdro_nBDeZ9mqdIFB9ZVjY1L_Zestnzoo5Sf1l4wqCS9M9x7GOn4Ieia6TOKEF-97zhMtLXgw=s88-c-k-c0x00ffffff-no-rj,False,False,1686983824.465264
UgwdpP7Q-_uiy9x4JFx4AaABAg,AREMANIA DOESN'T DESERVE FOOTBALL,3 years ago,@ariwahyu2607,UCDeMI0FFupUB2y_vHseanvA,0,,https://yt3.ggpht.com/ytc/AIdro_mfb5AP0b7WXhmR6J1rTHa844ksv-FLOJl9A6q4eECdTlqy=s88-c-k-c0x00ffffff-no-rj,False,False,1686983824.466903
Ugy5kmGLrQqq4NG4czh4AaABAg,"Emang layak anggota mereka Aremania banyak yang MATI tingkah laku mereka sudah bukan manusia lagi..Dengan kematian anggota mereka ""Aremania""Supaya belajar dari semua kejadian",3 years ago,@CebretSince,UC67mnFSo1I6KeQDzowewRmg,0,,https://yt3.ggpht.com/ytc/AIdro_n6qsrjGRULa1u_W58vp7dWest1IlCEdPfOZq4XzfgGerU=s88-c-k-c0x00ffffff-no-rj,False,False,1686983824.468466
UgwioWYCUD665NLLJJh4AaABAg,Makannya kalo nonton bola tuh  jangan mabok tai dulu jadi gini,3 years ago,@Tiara-jw3nc,UCvmd9RfAudUiFj9Sqk1W_4g,1,,https://yt3.ggpht.com/jrnexQcfkOzvbJ3kR-Fb1JsatQZ4CeJEBKBb2EHJt1Wx_1b1Ul47tJimu26wp_m-GxmYxQB8=s88-c-k-c0x00ffffff-no-rj,False,False,1686983824.469983
UgwvGCcX3-OGfpTTiil4AaABAg,sdm rendah 😂,3 years ago,@ragagnnda9407,UCGYIRQ3MrIyzwFqLXARVibQ,1,,https://yt3.ggpht.com/ytc/AIdro_mZ3RXYwH7L-EagdzwBuGfxyCJBxoLi5s87uFedTBsj1A=s88-c-k-c0x00ffffff-no-rj,False,False,1686983824.471448
Ugw-HQ8iGYSKUwdbxVZ4AaABAg,Gila ini bukan situasi habis pertandingan sepakbola tapi ini lebih kaya situasi medan perang,3 years ago,@anwarfauzi5565,UCQe_N8HRLIaexdvhXbfhMgA,0,,https://yt3.ggpht.com/ytc/AIdro_li0yM6cYLIOWjD11MRFrJBTyO1UpGuxl0HXyI_Shaix_AohWC1X6iVYA2plRVEmtsyaw=s88-c-k-c0x00ffffff-no-rj,False,False,1686983824.473379
Ugxc3cTEwdWqInhNdZN4AaABAg,"Rassis,intimidasi dn pengancaman adlah sbuah hal biasa bagi mereka aremania..yakinlah karma tdk salah sasaran..WANI",3 years ago,@mudividim7347,UCkeXAF0fxogQ-Fy1PuoVxcA,0,,https://yt3.ggpht.com/ytc/AIdro_m_sJBs5bQ5Wq0w_Jkp6sZfWhp91oX_n-mWKUgRy3E=s88-c-k-c0x00ffffff-no-rj,False,False,1686983824.474935
Ugxg7oBfsn_qK5y4w4R4AaABAg,"Diawal aremania itu bagaikan pihak yg paling jadi korban, paling tersakiti dan paling terzolimi.. sampe2 kalo ada pihak yg menyampaikan pendapat dari sudut pandang berbeda langsung dihujat dan dianggap ga punya empati.. paling sering sih dibilang ""lu kalo ga di tempat kejadian ga usah sok tau""",3 years ago (edited),@wahyuhidayat541,UCSj19B3cwFlJCq7PnlXwAiw,1,,https://yt3.ggpht.com/ytc/AIdro_kMm1uM-rQ-AeCRw9qfVFudmFzPD7aPsCCofx3OfdfwOQ=s88-c-k-c0x00ffffff-no-rj,False,False,1686983824.476463
UgxI3ATfrrw5UnCYQnp4AaABAg,Delok en matane aremassu iki nyerang pemain official polisi njaok usut tuntas taek,3 years ago,@f.312.y9,UCb3usNfmJqtXOeWgVUY7y3g,0,,https://yt3.ggpht.com/To-coGW6z-JA4eLk1m2BSr77Da4dKqOeioKYBMRjqu_-wqC5Oz68NtqSZ2-Wxyk9LQHFq2uvVg=s88-c-k-c0x00ffffff-no-rj,False,False,1686983824.47805
UgwtrwwXAOAkdZ2lDoh4AaABAg,"inget pas arema vs persib aremania rusuh smpe kepala mario gomez berdarah, dri situ udh jelas yg buat ulah siapa yg kena siapa. dri dulu udh begitu kelakuan aremania",3 years ago,@nthnielap,UCgChytnnjorTFGF7SDfqBWQ,0,,https://yt3.ggpht.com/jtNsyhcxD-y33-X3fM8mD5nA1OCbin8uAJyCk3x8RXPC4LPbYPSXHgNLDYRJsWAH5e5lAKQ=s88-c-k-c0x00ffffff-no-rj,False,False,1686983824.479541
UgykjdkXfH-4kFIBgsR4AaABAg,Konsep videonya mirip drive to survive.. mantapp..,3 years ago,@wahyuhidayat541,UCSj19B3cwFlJCq7PnlXwAiw,0,,https://yt3.ggpht.com/ytc/AIdro_kMm1uM-rQ-AeCRw9qfVFudmFzPD7aPsCCofx3OfdfwOQ=s88-c-k-c0x00ffffff-no-rj,False,False,1686983824.481056
Ugxt8QjqxGDf1X5yHnd4AaABAg,Lautan fakta,3 years ago (edited),@muhammadhusin3835,UCqk9Glv6JzHB9zA13WRTPcQ,0,,https://yt3.ggpht.com/0Aq4tnI7aw-WgWKdpKNG8mh-P8MTS-E_wC6lbAY0QeJPyipj45LrkDs2HcCjNy6NoK0E5ppRjA=s88-c-k-c0x00ffffff-no-rj,False,False,1686983824.482499
Ugzhddm_mGw5RTGVXSx4AaABAg,Pesan saya pribadi selaku arek Suroboyo..Ojo di tiru perbuatan KY ngono..please jogoen almamater simbol suro LAN Boyo..simbol tersebut adlh simbol petarung 💪 satu lawan satu..bukan pecundang yg maen keroyok an..,3 years ago,@icakhendrikreke4727,UCp32kUtQULS4b8l9npHpiGg,3,,https://yt3.ggpht.com/ytc/AIdro_lMF6e1YxbR__1TBCarFg7dhL9EUUBY0MQMymveJXwkDlWA7mNFLwm4F6AggfNTzLS9Sg=s88-c-k-c0x00ffffff-no-rj,False,False,1686983824.768388
UgyR_nF_St3GcW1jnjx4AaABAg,"mana ni aremania ga ada yg coment, gara gara kalia liga 2 liga 3 stop",3 years ago,@berbatov334,UCrtZBg-FLRhjsUnkPnQEOOQ,1,,https://yt3.ggpht.com/ytc/AIdro_nbEWQhEOpl8MY4G1eAA1lCpWRcQg1CtknHVWwtYSBdG3jakxuNi4GlEp83mh2EDjV3cw=s88-c-k-c0x00ffffff-no-rj,False,False,1686983824.770132
UgzDSRvTrdjOEmyljhJ4AaABAg,Sampe sini paham yg SDM rendah siapa,3 years ago,@ajikurniawan5660,UCZjMPRbcZfhW8GEq0S_x1GA,0,,https://yt3.ggpht.com/ytc/AIdro_l0Qa0qK1urSNiqsHitTvsttmIhAV-Vk1oydUQYOSQ=s88-c-k-c0x00ffffff-no-rj,False,False,1686983824.771687
Ugzc8QETgMjOIzUx58x4AaABAg,KIMI DIBINIH DINGIN GIS IIR MITI🤣,3 years ago,@putrajaya6636,UC-6nbM8W1wB396jL5Sz9epA,1,,https://yt3.ggpht.com/ytc/AIdro_mHWumcvdPsG90ipuBK3k6n1B2dE9yTLxRmUa7m0q6wBx0=s88-c-k-c0x00ffffff-no-rj,False,False,1686983824.77322
Ugzq4GUigH47P1oOprx4AaABAg,"WANi , WANi , WANi !!!",3 years ago,@ankgaultrasvespa-83,UCAhH6gP7OIehCTuoNNRkrMw,0,,https://yt3.ggpht.com/ytc/AIdro_mXblhrdeDN4exlsS-rLIPdo6LIobLaAbRAGC3Mfus=s88-c-k-c0x00ffffff-no-rj,False,False,1686983824.774772
UgwVw0HEfYYyiEmhPyV4AaABAg,cerita yang tak terhitung,3 years ago,@cctvmagelangoyi,UCF3-S19Jr9vtvFzx0oPJ9iA,1,,https://yt3.ggpht.com/ytc/AIdro_n3yPoiqk10vkLAX-6I3gQO-0rL9vFJIv6-Iqlvgc3mbg=s88-c-k-c0x00ffffff-no-rj,False,False,1686983824.776288
UgzpBq6Pg5sqM2oSWGN4AaABAg,"gila dengan video ini kebuka mata gue selama
ini",3 years ago,@agusmail8886,UC1rOL7UVPFyz_YTm-slIu7w,0,,https://yt3.ggpht.com/ytc/AIdro_n5EQuanAcR7D0E_7Ivd3yfjAWBGm6JVyOFT9Wr_rc=s88-c-k-c0x00ffffff-no-rj,False,False,1686983824.7778
Ugw_zrFmqeEhMkoWSO14AaABAg,"Oknum yang begitu harus dibina, kalo gabisa ya dibinasakan lebih baik, urung pernah ngrasakke cangkem kenek boot.",3 years ago,@JalanSetapakStressPunk,UCWkemLl4w8VKMFOf_PC4hPA,0,,https://yt3.ggpht.com/EKpBT5JX4idsyMHPHSHLNpZpIygEU966Gy4fAdey_Go-d6bpMkrQPbmZr85zWusnM6GxPaB6=s88-c-k-c0x00ffffff-no-rj,False,False,1686983824.779328
UgzOR-xxMw9aQi1B0714AaABAg,"1. REKAMAN INI BUKTI BAHWA SEAKAN ADA FRAMING DAN PERENCANAAN MACAM KASUS SAMBO, WKWKW.. KENAPA TNI DAN SABHARA BERTAMENG TIDAK DITARUH SEBAGAI BARIKADE? APARAT DITUMPUK PADA TITIK2 PENGALIHAN, AGAR KELIHATAN APARAT YG SALAH. WKWKW
2. GAS AIR MATA PENYEBAB MATI DOBOL...HALOWEEN DI KOREA JAWABANNYA",3 years ago,@tanpanarator,UCk-RAal3DzTSz2wR9Fi-2pQ,1,1,https://yt3.ggpht.com/0S6FHYLGLk7JNW2olb87YYLggDAy-ilJykKnorEcgH4tVDsulf067RQ8dZHkS3hp_DGr5SBzJw=s88-c-k-c0x00ffffff-no-rj,False,False,1686983824.780793
UgxtFMELcUA-PLQXluN4AaABAg,Cuk gilani aremania...... Sumpah. Salahmu dewe rusuh mbut.... Tanggungan dewe.,3 years ago,@suhartantotanto7121,UCcCFWKQ3jlqnMa2rjWAXHDQ,0,,https://yt3.ggpht.com/-UqlmefSigJaFW-47_YYr45QRHxs5wwFxnJUJOCgXaWvGcN22CHxDx78nUHscoWcuwsrDSwsng=s88-c-k-c0x00ffffff-no-rj,False,False,1686983824.782246
UgxAZehlJzfYzyNjDrV4AaABAg,Wani🐊🦈,3 years ago,@abdan_2726,UC-PTKMX82dNROzwaPZ62Wdw,0,,https://yt3.ggpht.com/ytc/AIdro_lzOPwfc93wAhu5oE658sR4jq4DShoIE0x31xOYNoxYBxk=s88-c-k-c0x00ffffff-no-rj,False,False,1686983824.783925
Ugy7K1EWZ3ryPKpE_i94AaABAg,Lha wong sakmunu ae polisi dll wes ate gak ngatasi(pas perjalanan keluar area kj) coba sg nde njero stadion yah metu dadi opo pemain sak official persebaya.. 😌,3 years ago,@thefos9468,UCjX-uQj9upVJ9vMoNGBcWCw,1,2,https://yt3.ggpht.com/ytc/AIdro_mDgBf6p6RxdSbQRoriYUS8K-PHOLcK05uLov26sYFIk2JUzNBuiViE8BY5itU3DTMa6A=s88-c-k-c0x00ffffff-no-rj,False,False,1686983824.785508
Ugw7hbP50Y7zF4H0yJl4AaABAg,"Ini sebagai bukti yg mau usut tuntas, aparat kepolisian mengamankan nyawa tim Persebaya dari serangan suporter yg ingin menghabisi tim Persebaya,kalian di usut pada nolak lucu hanya fokus yg salah polisi aja",3 years ago,@heripurnomo7771,UCNi_QD0Xnqu2vXGRGvSnaxw,1,,https://yt3.ggpht.com/ytc/AIdro_kwNaa03rlocO8XhFhuwOi-IuAe3SZNW7j12D54rqg6Mg=s88-c-k-c0x00ffffff-no-rj,False,False,1686983824.78701
UgyW9StFLK3JWhb25zF4AaABAg,"Itu yg dinamakan KEJAHATAN SEPAKBOLA.... !!!!

Apa yg di banggakan coba rusuh2 begitu?? Mau masuk on the spot suporter yg di takuti di dunia gitu??? Wkwkwkwk SELEEEBEEWW !!!",3 years ago,@Rendi-gn5uh,UCOJpPTRD2koeCKpf_ww7xDw,0,,https://yt3.ggpht.com/olDFGak_1v3cai3Fa5d0eiSOBjAPkXATQeajjBoBn2uMMXI-nyBgTjS_JPcr47M0D3ImcRKhxg=s88-c-k-c0x00ffffff-no-rj,False,False,1686983824.788446
UgwmXob7lrhnhToaIXV4AaABAg,Malang ancen supporter ora isok dewasa kalah titik melbu lapangan wkwk 😂😂,3 years ago,@vuddynulala9238,UCe0Bh8rvr2Ec_86tguweZtA,0,,https://yt3.ggpht.com/ytc/AIdro_lq_96dNROYXPr2UG62c6a_cy1rz9h0xOQRFEOSfdmwyzpsh7P6lqqXG5ywYQgQjMpllg=s88-c-k-c0x00ffffff-no-rj,False,False,1686983824.789904
Ugyp3pNHzyKcngf-6Bx4AaABAg,"Usut tuntas tai ngasu, modar mbok gawe dewe kok nyalahne wong lio clok koclok 👎",3 years ago,@andriyuliawan6037,UCg39rjEqAzIj4s1rlclGerg,1,,https://yt3.ggpht.com/ytc/AIdro_mZnDwqHSX8OQfCezDp19K5d68eVKD2v-pcWwqR0jjMfGg=s88-c-k-c0x00ffffff-no-rj,False,False,1686983824.79135
UgyuKHTGWptIr3Y2e7p4AaABAg,"Mungkin ini alasan Panpel dan polisi tidak buka pintu keluar stadion,,kalau di buka pasti pada nyerang para pemain dan official",3 years ago,@kojred731,UCnIRjC7D2mkhcQpxIA5XgYw,0,,https://yt3.ggpht.com/ytc/AIdro_kEDijujU7DmaS8tW7qhQYO_5B48iiVpOBSNImsr2Y=s88-c-k-c0x00ffffff-no-rj,False,False,1686983824.79281
Ugy5s-kc9bJ7h7RwxLB4AaABAg,Arema lemah 😂😂😂😂😂😂😂😂😂😂oooooo persebaya juara 😎😎😎😎😎,3 years ago,@saskiaanesti6577,UCxfgkRnnn_g3lurYlkXIIiA,3,,https://yt3.ggpht.com/ytc/AIdro_li1chBZD8HsllV_lvnqVMQrfYbFoWGsGvVwujZjz4=s88-c-k-c0x00ffffff-no-rj,False,False,1686983824.794238
UgzsZck-Ly_zr6EdQj54AaABAg,Kalian supporter kampung!!! Skrng drama kalian sajikan....,3 years ago,@wimanua,UC7EHB_SNzu2PtHhX1dvhn3A,3,,https://yt3.ggpht.com/C6DtG-wio4UpnXtjXPl54fj6WStuMiQhG_-bW3kY1aedNsBQ7xZhY15_mUDMjuPinZbPLoapBho=s88-c-k-c0x00ffffff-no-rj,False,False,1686983824.795725
Ugyiocwq3eiMvisvlPN4AaABAg,Najwa afk,3 years ago,@martinfernandes1987,UCxy46uFFhnkhqqDAVLgebAQ,4,,https://yt3.ggpht.com/QbA15iM6EmLkP_e4kLeCSQNLni1oHjsArl7qIKgxQgb10sKX0j5OIpx3sfuk1uMmKS7HEyBfgw=s88-c-k-c0x00ffffff-no-rj,False,False,1686983824.797137
UgzOR-xxMw9aQi1B0714AaABAg.9lsYAxXf87E9qIjIuCBQr2,"Agak janggal bisa² Kanjuruhan diinvasi brimob dan polisi luar Malang dan pemberondongan gas air matanya malah ke tribun. Tapi awal masalah juga aremanaia, aremania yg salah, puncak kegoblokkan",3 years ago,@galihoktaviano316,UCR1uMAwh93-sZDvrlGjixkQ,0,,https://yt3.ggpht.com/ytc/AIdro_lR81GXq6VBT2_LbjND4pK0wgtgph_WN7aHTJAjNow=s88-c-k-c0x00ffffff-no-rj,False,True,1686983824.988881
Ugy7K1EWZ3ryPKpE_i94AaABAg.9lsCYIgLgdP9lsCkpqJq2P,Makane polisi berinisiatif nutup gerbang2 pintu keluar agar yg d dalem bisa keluar dulu dan menunggu persebaya keluar area kj baru d buka,3 years ago,@thefos9468,UCjX-uQj9upVJ9vMoNGBcWCw,0,,https://yt3.ggpht.com/ytc/AIdro_mDgBf6p6RxdSbQRoriYUS8K-PHOLcK05uLov26sYFIk2JUzNBuiViE8BY5itU3DTMa6A=s88-c-k-c0x00ffffff-no-rj,False,True,1686983825.164054
Ugy7K1EWZ3ryPKpE_i94AaABAg.9lsCYIgLgdP9qIjd-625Nq,"​ @thefos9468  oke ae inisiatif e kalo gitu, sayang tribun terhujani gas air mata, turun ke lapangan pun banyak aparat jadi menumpuk di area pintu tribun.
Eman se kok gak seng anarkis ae seng mati",3 years ago,@galihoktaviano316,UCR1uMAwh93-sZDvrlGjixkQ,0,,https://yt3.ggpht.com/ytc/AIdro_lR81GXq6VBT2_LbjND4pK0wgtgph_WN7aHTJAjNow=s88-c-k-c0x00ffffff-no-rj,False,True,1686983825.165834
UgxJxW6DW2i6Uv3ol754AaABAg,Gilah sihh penyerangan ini.,3 years ago,@BANGzal03,UCQbPxxPZTSnEBEez76lZy2g,3,,https://yt3.ggpht.com/fiZ1UNeZkPbhagT-G1OIvRvj664duxTYa6Cv_FrNvsgVsJ5eqC7KhghoNadZyZ_bxOuEB-BlnA=s88-c-k-c0x00ffffff-no-rj,False,False,1686983825.424215
Ugw4bwfkaFLCF50wJ5B4AaABAg,"Apa salahnya polisi menyemprotkan gas air mata, sedangkan dari pihak aremania berusaha untuk melukaii aparat kepolisian dan oficial pemain persebaya,
Saya salaut dengan semua jajaran aparat yg ada di tkp🙏",3 years ago,@alpinkodrat325,UCRSqhb5DXy3HLqduUuTjC2A,6,1,https://yt3.ggpht.com/ytc/AIdro_m1sy4JwaIDY-zJA351Vtx1vfHCt6pQ9nRBAz0Zp4M=s88-c-k-c0x00ffffff-no-rj,False,False,1686983825.425855
Ugw1-7k7Liiadm1KBa14AaABAg,BONEK ASLI SANGARRRRRR JOSSSSSS 👍👌,3 years ago,@Pikacuu-65,UC3S09QEbm4ou8oVnUx_783Q,2,,https://yt3.ggpht.com/anHutRKI6ga0BDALGxixkQk71VGkUCRMnwViTHo-rv-Ulzq-j7iwQiS8VZU0TrvG-XP_itHu=s88-c-k-c0x00ffffff-no-rj,False,False,1686983825.427329
UgxgPl96e_nXwNp43QN4AaABAg,"Ketok nyoto nyawat2 mobil rantis - niat mencelakai team persebaya dan juga team pengamanan dr POLRESTABES SBY,  KUDUE ngakoni nek suporter arema resek......",3 years ago,@catursayankkeluarga1573,UCJOxm7tX8lwOOKDBIH9LURQ,1,,https://yt3.ggpht.com/ytc/AIdro_kZBe3I9TbflXBxNzma0xC4UJoC6ytGK9ZsGVS_5jRdrAA=s88-c-k-c0x00ffffff-no-rj,False,False,1686983825.42879
UgxASVViu2Uxr5dHC2J4AaABAg,"nonton ini berkali2,, ap y yg dpikiran aremania ps wktu itu,, kok smpek segitunya,, kyok wong kesetanen .
drasuki setan opo piye kok smpek segitunya",3 years ago,@risdiapramistin4376,UCXkYPS6M_gLV4A0gCuCvqcw,2,1,https://yt3.ggpht.com/8uEDRl9CCMWaR2YNBuN2BmlCCJwMBzyKZ17x7LDn7I5YrDKWRdwEnX2uvaFGFJbZ_9bxuPmRxg=s88-c-k-c0x00ffffff-no-rj,False,False,1686983825.430257
UgxTt2bGkPYc1KZKlWx4AaABAg,"AREMA KAMPUNGAN 
AREMA IS FULL OF SH1T",3 years ago,@fareljbadmin6,UC9YV1eV0jQ7hhSjoiWinBEA,1,,https://yt3.ggpht.com/ytc/AIdro_ls0vhWs4kqy-095ZwSEOKuRHtVtFFeSy6EKZThk5nR5Rjjb1uecFchqRpuGMVIzmHYcw=s88-c-k-c0x00ffffff-no-rj,False,False,1686983825.431713
UgzLCZB1nZUcwZfSZNZ4AaABAg,Ez bro ez it's normal 😄👍,3 years ago,@adityadalopez,UCqY1zKYg0k2wPrF5E_4HEuQ,1,,https://yt3.ggpht.com/4yw7Fvk9UUVUtPUQZnfEalE5u-GI3aOn_nMC0v-bn5ApqE-6mI3hlMvzebMTKhgBEmmXQURI0fg=s88-c-k-c0x00ffffff-no-rj,False,False,1686983825.433181
UgzPTbhjr4sqwHfqtTh4AaABAg,Yang ini mau di usut tuntas ngga aremania?,3 years ago,@natangais,UCPhVA0roVklAwIozFVG0qNg,1,,https://yt3.ggpht.com/1YF7Ef5bB_UwAj3VWkgOBOzEuxFyvQSnpQDY-Yf4QPUwwvTwjUdUNRo0rzY0RrUcPYCkSa_zug=s88-c-k-c0x00ffffff-no-rj,False,False,1686983825.434624
UgxVhaw2xpPCY5kSnhd4AaABAg,Aremania kampungan banget ya. Bikin malu indonesia,3 years ago,@Astinajingga,UCBcSB0wK37ItYbfSfXGtBjA,1,,https://yt3.ggpht.com/mgGGGkVUwNB3BXbnMXtnL1o6j6ghne9QZqe5BWcxhaBlKo6EVdT7fqyOXT5x4a_E_iRLcKPWiA=s88-c-k-c0x00ffffff-no-rj,False,False,1686983825.436055
UgxtbV5nDSBVnZqi0C54AaABAg,@najwasihab,3 years ago,@NanasRasaMangga,UCp0wtEsGZ3Vdy-6ecHFiclw,0,,https://yt3.ggpht.com/mvnKfWgA8PMImIFXAKEbLOcCuEoNubs9L_RHnUxzTzQHAhC7E00EhMuZ0imSXzxzAYwyt_dIzA=s88-c-k-c0x00ffffff-no-rj,False,False,1686983825.437703
UgwHZokalttEBv8NVOR4AaABAg,Semoga suporter bisa belajar dari kejadian ini..,3 years ago,@nnaczkknnaczkk2857,UC6YQ191lJSJSwjfZdV7DMcw,1,,https://yt3.ggpht.com/ytc/AIdro_m5naU6riCCKhazQa_wj4v2bm_L28IZvNxaWvE7dn0wRJQ=s88-c-k-c0x00ffffff-no-rj,False,False,1686983825.439332
Ugx9NfQ4EKm-7Fu9KJJ4AaABAg,AREMANIA👎👎👎👎👎👎👎👎,3 years ago,@iyanabigail2528,UC2-pVhxFgV9YUA4_UYkoOZA,2,,https://yt3.ggpht.com/ytc/AIdro_nNrqbhcwsLhQlRUkHHzAqIyp8O89tBFHPFdq8XMY8=s88-c-k-c0x00ffffff-no-rj,False,False,1686983825.440834
Ugxz8Jr7Hk-GBcm6Djp4AaABAg,AREMA IS DEAD,3 years ago,@ridwanfauzi9357,UCFGDyvzplfWt1x7h2iayQAQ,1,,https://yt3.ggpht.com/ytc/AIdro_lAyCmPuPTcTtYpOA4QnUiNiel5MSi2UOypDgNoiTtaAGtGVrLt1wtS6foazk69LW0x-w=s88-c-k-c0x00ffffff-no-rj,False,False,1686983825.442306
UgwOg0wx-RIN23R_4Yl4AaABAg,Perjuangan yang luar biasa persebaya,3 years ago,@alyavlog1987,UCv-dsZ3YwvCBAxit-gb5TJQ,6,,https://yt3.ggpht.com/no5dfexnIi0NDcAselsXfr5lOhdFi9O1rrUiCXPmfige82YvwlyV2eCaWnaRKO967ppm_DYxCu4=s88-c-k-c0x00ffffff-no-rj,False,False,1686983825.444029
UgxAQDKW3h7rjczc6e54AaABAg,Bringasnya Aremania,3 years ago,@Sansan-ui5ob,UCWdALsCfVyfUXDYQOjGrwDA,2,,https://yt3.ggpht.com/ytc/AIdro_ky0DGEckuD2dgkPHhw-n2AU2br7NaTFFq9gkQIAtY=s88-c-k-c0x00ffffff-no-rj,False,False,1686983825.445687
Ugz7705qqkmFxiprTqx4AaABAg,"Rivalitas wajar tpi panantik berlebihan jg ga baik kalah menang itu biasa dalam suatu pertandingan,,,jadilah suporter yg baik dan dewasa ga ada sepak bola seharga nyawa,,,gmna sepak bola Indonesia mau maju kalo suporter nya aja ga dewasa,,,hrus nya kita bersyukur sudah di izinkan kmbli nonton lngsng di stadion manpaatkan momen ini buat sepak bola Indonesia lbh maju lgi,,ga di izinkan nonton lngsg di stadion marah di izinkan rusuh,,,
Welcom to Negri +62 
Dewasa laahhh suporter Negri +62",3 years ago,@dedemars8161,UCTohGiRUSD_hDQVfyNmi3pQ,1,,https://yt3.ggpht.com/ytc/AIdro_lx1Cngs2sz70u-jGo-qxT-tVdn-3fiurwwonjO7D7qVnQ=s88-c-k-c0x00ffffff-no-rj,False,False,1686983825.447234
UgxMJEFhu7r_7faVmdR4AaABAg,"Salam satu nyali...WANI
Salam teko wong lamongan 💙💚",3 years ago,@alfaruq_123,UC9LjGbRiT8xbx5Xl3zYvcIA,7,1,https://yt3.ggpht.com/HcfDS30byn4XxzVG4cvjaJcYgAHA7l8QABHCTT_hWg5ZrJagq52akmQFggRak9eu0BVDWLnH=s88-c-k-c0x00ffffff-no-rj,False,False,1686983825.448762
UgzcLP1_Qzkn2ncihoR4AaABAg,@aremania ada,3 years ago,@ridhoahmad6899,UCUTYh_C6TnAoz9UePSbKWnQ,0,,https://yt3.ggpht.com/ytc/AIdro_l-WPruEngifbfolAJ9ooMYouWRIljSLSUdcbFXhpBKLR2w067aQRcH7LDc0zzrTdX9yg=s88-c-k-c0x00ffffff-no-rj,False,False,1686983825.450257
UgxtIzXHQJn6TCABjop4AaABAg,Wahai persebayaku .kau gagah berani' ksatria. Bak jihad dijalan kebenaran.engkau saksi hidup sejarah persepakbolaan Surabaya dan indonesia.,3 years ago,@gzdkf.atuterwan7376,UC1BAMwgSjof9z3ecxUS58Nw,0,,https://yt3.ggpht.com/ytc/AIdro_kFp-wd8huEQ3TNx0p-qAl21h8PsBX3GVLLaT_CU8I=s88-c-k-c0x00ffffff-no-rj,False,False,1686983825.451713
Ugz8r7scHz-OpQomN-R4AaABAg,😢😢😭😭😭,3 years ago,@Itsme.babyboys,UC0BcJrn8xXvTNH7hwz9v6pA,0,,https://yt3.ggpht.com/i4sXWNut1famrP4hsZ04mDLMaAaNGiAatFbHlrgoDzviWWftYH2RdRpjZJML3yzJzhPC2jFTAQ=s88-c-k-c0x00ffffff-no-rj,False,False,1686983825.453157
Ugw4bwfkaFLCF50wJ5B4AaABAg.9lpE674R3vx9qIjpr3_Nwm,"Mungkin salahnya menghabiskan gas air mata ke tribun, eman seng mati guduk seng anarkis",3 years ago,@galihoktaviano316,UCR1uMAwh93-sZDvrlGjixkQ,1,,https://yt3.ggpht.com/ytc/AIdro_lR81GXq6VBT2_LbjND4pK0wgtgph_WN7aHTJAjNow=s88-c-k-c0x00ffffff-no-rj,False,True,1686983825.617222
UgxASVViu2Uxr5dHC2J4AaABAg.9lofZsFnCBu9qIk4aP5YkG,Efek rivalitas gila dan puncak kegoblokkan aremania,3 years ago,@galihoktaviano316,UCR1uMAwh93-sZDvrlGjixkQ,0,,https://yt3.ggpht.com/ytc/AIdro_lR81GXq6VBT2_LbjND4pK0wgtgph_WN7aHTJAjNow=s88-c-k-c0x00ffffff-no-rj,False,True,1686983825.790378
UgxMJEFhu7r_7faVmdR4AaABAg.9lnHq-nlF2G9lpSpQsWOuX,Semoga PERSELA cpt balik lagi ngancani persebaya di liga 1 amiinnn,3 years ago,@taufikaryadwipangga845,UC6TkZaqJK4mZUN1niQZyncA,1,,https://yt3.ggpht.com/ytc/AIdro_liV_pXLgUXwG_yZeji_BfnbLpNV2JU-s07tkk7Par1fQ=s88-c-k-c0x00ffffff-no-rj,False,True,1686983825.957643
UgwyTfoJo8aOIGYeg2Z4AaABAg,Yaa Allah..,3 years ago,@Itsme.babyboys,UC0BcJrn8xXvTNH7hwz9v6pA,0,,https://yt3.ggpht.com/i4sXWNut1famrP4hsZ04mDLMaAaNGiAatFbHlrgoDzviWWftYH2RdRpjZJML3yzJzhPC2jFTAQ=s88-c-k-c0x00ffffff-no-rj,False,False,1686983826.226977
UgxjXuW9I9kIWlJ31sh4AaABAg,Yaa Allah..,3 years ago,@Itsme.babyboys,UC0BcJrn8xXvTNH7hwz9v6pA,0,,https://yt3.ggpht.com/i4sXWNut1famrP4hsZ04mDLMaAaNGiAatFbHlrgoDzviWWftYH2RdRpjZJML3yzJzhPC2jFTAQ=s88-c-k-c0x00ffffff-no-rj,False,False,1686983826.22872
Ugxl7bIePnNA48Junpd4AaABAg,Yaa Allah...,3 years ago,@Itsme.babyboys,UC0BcJrn8xXvTNH7hwz9v6pA,0,,https://yt3.ggpht.com/i4sXWNut1famrP4hsZ04mDLMaAaNGiAatFbHlrgoDzviWWftYH2RdRpjZJML3yzJzhPC2jFTAQ=s88-c-k-c0x00ffffff-no-rj,False,False,1686983826.230311
Ugz_U9GPDz90Io003fN4AaABAg,Yaa Allah FULL MBATIN!,3 years ago,@Itsme.babyboys,UC0BcJrn8xXvTNH7hwz9v6pA,0,,https://yt3.ggpht.com/i4sXWNut1famrP4hsZ04mDLMaAaNGiAatFbHlrgoDzviWWftYH2RdRpjZJML3yzJzhPC2jFTAQ=s88-c-k-c0x00ffffff-no-rj,False,False,1686983826.231822
UgxsGVsbey_YHuTEtoJ4AaABAg,Ya kalau masih tetap brarti gak punya malu.Yang galang dana bonek yang akan turun ke jalan untul usut kasus kanjuruhan bonek terus PENTOLAN MU dimana setelah kejadian.,3 years ago,@tendyfirdaus7477,UCMaaupYYMFUAcoMzTRd3ruw,0,1,https://yt3.ggpht.com/OLuz6pxZoNSdCGN23tvDWwIQCwinojRxskV-oyqFBlUw8GCy3dTdbmJThXbJub_FPt5rSwpuW_Y=s88-c-k-c0x00ffffff-no-rj,False,False,1686983826.233369
Ugyg-j7bbnN_qnBeweR4AaABAg,Arema sepele,3 years ago,@aryakairan6965,UCs_83FOb_iTX8Cwo9caq9oA,0,,https://yt3.ggpht.com/ytc/AIdro_n-dcDuoO4kMYJeKnhvOKDi6QrYgeU7xW3LKUs8RnI=s88-c-k-c0x00ffffff-no-rj,False,False,1686983826.234849
UgxU2MQh43zVx0WmdSB4AaABAg,"Ga kebayang kalau posisi saya ada disitu, diserang kanan kiri depan belakang dgn ribuan orang antara hidup dan mati, nonton nya sampe merinding",3 years ago,@faizaflah4243,UCSpY1VgC-ng8V-nhazODPOA,0,,https://yt3.ggpht.com/8zn5cocYpsJmCXgYRFaYgznQmrgf5EYKkL3acyAhDe6akA1c8b2favryyImLiel9yWbzST6DdA=s88-c-k-c0x00ffffff-no-rj,False,False,1686983826.236294
UgxTMTSFoAeSVqrCYGJ4AaABAg,"Gilak sehh😌
Perasaan dulu Aremania ga gitu"" amat pas 2009 an,kok sekarang jadi ga teratur begitu,malah sekarang mau respect dengan julezz nya pun mikir""🙂",3 years ago,@rifzz_288,UCTAunARSftomW8AD20OG9cQ,0,1,https://yt3.ggpht.com/fN9GSY0DywpoUSULdu60X8z7lzQXJ5oD99lY3EPgdeTEvWJK8i5TM88LYuQmK4X76v2nmomQfg=s88-c-k-c0x00ffffff-no-rj,False,False,1686983826.237746
UgxGDFf3aLqkRuExrmV4AaABAg,"Full Respect untuk Teman-teman Persebaya. Salam hangat dan damai dari Anak Jakarta, Cak!",3 years ago,@muhammadfahriandanu2737,UC3tD9qaAdUKg4hdQS0ldN3g,72,1,https://yt3.ggpht.com/ytc/AIdro_mC-aEsN0JAhDxaCeNrHBZQ-2e1cPcSMzG0DfO7_TbZals=s88-c-k-c0x00ffffff-no-rj,False,False,1686983826.239379
Ugw40PORKS1hI838Xoh4AaABAg,😭😭😭,3 years ago,@gunawan14022,UC4eURBYdfs5FD4M3_Bp9iRw,0,,https://yt3.ggpht.com/ytc/AIdro_meqQRL0zCllAnC_OULHvyioHnxQgDv5V6pOJ1FBeFlkNyG-K1JF6XOiPI9PZt3p3irAw=s88-c-k-c0x00ffffff-no-rj,False,False,1686983826.241141
UgxgOlrlZjhkm9DX-Kt4AaABAg,"Tidak ada sepakbola yng seharga nyawa...!! walau sekuat tenaga dan setetes darah penghabisan dilapangan dan dikursi penonton. tetap ingat... ""keluarga menanti dirumah""😭",3 years ago,@teguh._.imanudin,UCgIpZWqomnPc8jSm9vEIrGw,1,,https://yt3.ggpht.com/yef3UWKNSIDm5JWCo7T-olLsGNgsED-26yHPHqGQXp62mdImdJHOrYtlI1xXeOEgNPmarkF0y8E=s88-c-k-c0x00ffffff-no-rj,False,False,1686983826.242639
Ugzh0ns-UUsrzQjSVK54AaABAg,"Kewan nonton bal""an yo ngne ki jan rak nduwe utek",3 years ago,@baechu4603,UCdizRBf8_QWfNk9P5vGbEkw,0,,https://yt3.ggpht.com/ytc/AIdro_lLV7FuTlq2-IPXBp-GtwCAJ2lfHhSfopHG6VxkisUKJA=s88-c-k-c0x00ffffff-no-rj,False,False,1686983826.244146
Ugyqd9rUdj_00Kd3Xe54AaABAg,suporter klub koyo ngne ga usah di bolo,3 years ago,@rendikharisma4713,UCvKPRf4hv5IRDEkafOV8y2g,0,,https://yt3.ggpht.com/bLFJ-2oAeTOsFvmaQZ-GXSWNi4z_TbHoCEopAxSSOHkPfLzGmst9DcbDpRXLDiGbcy9y_MUC=s88-c-k-c0x00ffffff-no-rj,False,False,1686983826.24564
UgzXB4Y0nrgwWk-Pujx4AaABAg,Ini kejadian sesungguhnya. Jooos persebaya.. Massa beringas kalo gk dilindungi polri pemain team psby bisa tinggal nama..,3 years ago,@ganangpriambodo6236,UChK6zjPnIdfS1f6cRovO2Sg,1,,https://yt3.ggpht.com/ytc/AIdro_knrrPAN4WLR5r4WbyJm0BMl20Mtrisot_tFMaqxEyTInk=s88-c-k-c0x00ffffff-no-rj,False,False,1686983826.247081
Ugx53g2jW-NmQ0Xxb3h4AaABAg,"YANG GW HERAN APAA SIH YG DI RIBUTIN , MASALAH BOLA AJA KALIAN SAMPE SEGITUNYA ... AYO LAH BERSATU SEMUA SUPPORTER INDONESIA JANGAN SAMPE KEJADIAN INI TERULANG LG.. GA USAH MATI2AN KALIAN BELA CLUB KALIAN",3 years ago,@jakasagala5076,UCpEGEfObi6Y1FPvieA7CTpg,4,,https://yt3.ggpht.com/BoGAQBNB0o63iOyC-LvJZ8sOK81UqFSw7vCkyk48lijRpdtZNqHmfzVS43pk1x3uSt79ykrTvw=s88-c-k-c0x00ffffff-no-rj,False,False,1686983826.248658
Ugw61X8BulZlq5fsVUB4AaABAg,"Setelah liat video ini saya salah menilai polisi , ternyata mereka bekerja totalitas , di samping itu terlihat sebelum pertandingn di mulai suporter aremania sangat berambisi agar club kesayangannya aremania bisa menang, ternyata suporter aremania jauh lebih buruk ketimbang suporter tarkam.",3 years ago,@gemahripah6398,UCZiY2ZoGzol2qx10rDwL5Cg,0,,https://yt3.ggpht.com/ytc/AIdro_nm1tY4NFxNn0QoproUAF83l6DuqEn-M-Aldxscg3M=s88-c-k-c0x00ffffff-no-rj,False,False,1686983826.2504
UgztPKrRSREAwZ2t7-h4AaABAg,Salam 3-2 Ngamuk,3 years ago,@IstChanel27,UCAaqUqrl7MWAj9vshfxSmrQ,1,,https://yt3.ggpht.com/k2T75bNpO6DvLkNTOxeIShjgE0H-YYEG_vpfJ9i1AjVEZPNCiCElax4bokWFQWJ5NwFb9rM3=s88-c-k-c0x00ffffff-no-rj,False,False,1686983826.251916
UgxXifKIX41nRxTGW154AaABAg,😓😓😭😭😢😢😢💚💚💚,3 years ago,@ellyamilatussholikah,UCpHOwJkRgwQG2ObG5coEsUQ,0,,https://yt3.ggpht.com/ytc/AIdro_lXCpv9R4B07OCtxS5nKbqTd2dOphEMw5_JbLklUmIjhy4uMx4EL0dgbCbWmLeygOLbOQ=s88-c-k-c0x00ffffff-no-rj,False,False,1686983826.253369
UgwJJDpLa1FyYrS4iXR4AaABAg,😓😓😓😢😢😢😭😭😭😭😭💚,3 years ago,@ellyamilatussholikah,UCpHOwJkRgwQG2ObG5coEsUQ,0,,https://yt3.ggpht.com/ytc/AIdro_lXCpv9R4B07OCtxS5nKbqTd2dOphEMw5_JbLklUmIjhy4uMx4EL0dgbCbWmLeygOLbOQ=s88-c-k-c0x00ffffff-no-rj,False,False,1686983826.25481
UgxYYCOVw5cr62fDVRJ4AaABAg,"bedes lah ngunu seh, kewanbgak dikei gedang ngamuk opo neh opo neh mnungso mirip bedes kalah malah ngamuk gak terimo wkwkw",3 years ago,@mohammadilhamazizi3916,UCbBrKBIDLAXVCnISt7s6JaQ,1,,https://yt3.ggpht.com/ytc/AIdro_nCO3VuHm9iF3K2AT6yCuGwSxmSo_BYWpwQfMaWJWc_AqrT=s88-c-k-c0x00ffffff-no-rj,False,False,1686983826.256322
UgxsGVsbey_YHuTEtoJ4AaABAg.9lmbvSgB4c79m-u8lh-y9P,Pentolannya sibuk maen burung bang🤣,3 years ago,@hesafasa,UCtJILNdhvwhgbeWA5rkYstQ,0,,https://yt3.ggpht.com/ytc/AIdro_kDVWTVor4oDMnrA8JSn1QfWKy679_pAFdisj868GXmAFhdW5SbK7lG9s-tsd8cKauiOQ=s88-c-k-c0x00ffffff-no-rj,False,True,1686983826.443665
UgxTMTSFoAeSVqrCYGJ4AaABAg.9lkh4fr8EV49qIkTRqW_xv,Efek rivalitas gila dan puncak kegolokkan aremania,3 years ago,@galihoktaviano316,UCR1uMAwh93-sZDvrlGjixkQ,0,,https://yt3.ggpht.com/ytc/AIdro_lR81GXq6VBT2_LbjND4pK0wgtgph_WN7aHTJAjNow=s88-c-k-c0x00ffffff-no-rj,False,True,1686983826.607902
UgxGDFf3aLqkRuExrmV4AaABAg.9lkenAXhA6e9wZNLKY_vWl,AREMA EMNG GAPUNYA OTAK DANGKAL SEMUA,2 years ago,@elchannel-ds6ig,UCJMTFzlGvjAyqhoEeSqZmhg,0,,https://yt3.ggpht.com/gZa5LEFVVZUD__xL-8x7Q0zTT0Di-unll1o_tyE8nIK7z3SNRwGEbbgelHsk5yIL_5kRng7Y=s88-c-k-c0x00ffffff-no-rj,False,True,1718606226.788328
Ugws9sF2bvFRqPsMXKN4AaABAg,"Ancen arek malang gak sportif blas, lek kalah yo wes talah, gak koyok ngene cara e, akeh seng meninggal ngene nyalah no polisi wes wess",3 years ago,@ratushilla1226,UCZ6zYrd73AceSiLemY9tnlg,0,,https://yt3.ggpht.com/wHpCrtAOheeHVHSARsE28uddp0LisN03VH-JDEfkqPvPw4E1FkSFj2mithVT6ietmqVpiOeJpw=s88-c-k-c0x00ffffff-no-rj,False,False,1686983827.04405
UgxAlQvmMwAlXNEROOl4AaABAg,"1:17:21 Usut tuntas gak berlaku
1:19:38
1:20:09",3 years ago (edited),@blzzz553,UCs_otp3icD2HsAE_Cy5B55g,2,,https://yt3.ggpht.com/quhQif4pWWGSu6GztEGG_QAsYemCdhUB__nUfDyoE0kgMpEJjMfrTQ2AagRA7Kgl89g0XDNyrKE=s88-c-k-c0x00ffffff-no-rj,False,False,1686983827.045804
UgzPhaV8YiUUYmq48a94AaABAg,"Lihat lah kelakuan arek Ngalam, usut tuntasmu tidak berlaku sama sekali.",3 years ago,@mas-prio,UCdRWwNfVFd4lkOlSjN79VJQ,2,,https://yt3.ggpht.com/zOVWN4exwa0-yErJRU9EGap5iF_5gQXYB1gYoa_03ZnBiczk7Q9Yfp5soDWu8JbiaD37goqIcg=s88-c-k-c0x00ffffff-no-rj,False,False,1686983827.047356
Ugyl9-1Lp9w6Q0Mqeot4AaABAg,udh cocok masuk NETFLIX,3 years ago,@muhammadzacky3536,UC4MndILPSVZ49-ym2l4FPJg,2,,https://yt3.ggpht.com/pgAnQijIlHwL_FwJLxgOTzcIJkKHNRepQmSnB-1cz3azhQlRLUR61rnuyYCyOZZXPGayRvfw=s88-c-k-c0x00ffffff-no-rj,False,False,1686983827.048921
UgxfpudjRGzA0fJ1FJh4AaABAg,"Semoga kejadian ini membuat aremania sadar, dan pssi harus memberi hukuman yang setimpal.ingat kami persebaya dan bonek mania juga pernah mendapat hukuman yang berat dari sepakbola indonesia! Wayahe peesebaya juara!!!",3 years ago,@psbywani7849,UCyDCL8EtZ-zkaOfu92bNG5Q,0,,https://yt3.ggpht.com/ytc/AIdro_mYhDDsCA9NfTG2PgzluZfHQpG5ifmMgJPfOK61kjZldvH8THXl33B8Pu__NmTzyraUXQ=s88-c-k-c0x00ffffff-no-rj,False,False,1686983827.050399
Ugw1I91MBbF7g7AcIA94AaABAg,emg supp aremanya yang arogan anarkis kampungan,3 years ago,@muhammadrivaldooo789,UC_8mL1JVKl_JkwjeDkj7Oqg,0,,https://yt3.ggpht.com/ytc/AIdro_kdKgkstNrmhEmCbqpWTx1-v0SEFtsdAuOobodr9rmnuQ=s88-c-k-c0x00ffffff-no-rj,False,False,1686983827.05184
UgyY-DNyv7AncnLi2Ex4AaABAg,"Merinding dan dramatis! Best movie base on true story. Terharu saat para pemain dan official Persebaya akhirnya bisa lolos dari maut. Ini bukti sejarah. Bukti kebengisan, dan anarkis nya supporter Arema! Ini sepakbola, bukan perang!",3 years ago,@eckysastro,UCLRx2FX6v3XL1BOnhDBwOkA,8,,https://yt3.ggpht.com/XlDAN8_QIKVY8kr3xdXNWUfXj8AoELWRnNkW-yZ574YFWn4IV5UigjgLgqIY-gxilwasdjxmtw=s88-c-k-c0x00ffffff-no-rj,False,False,1686983827.053258
UgwYuajzdioF383KzIB4AaABAg,"Setelah liat vidieo ini... Seremm bangettt, ngerrii... Beringas nya... Suporter aremania menyerang barackuda, patwal tim persebaya...",3 years ago (edited),@rararevanorr_channel5202,UCwdgj3XF18aRpVOIXl5pKCw,2,,https://yt3.ggpht.com/4Xf8Pa_2OikYxQFc3WufeNeNono2jJ9v7AlfwkA8t-3yMxjpepfbuZajnPv8uz4ispVFh3P7mA=s88-c-k-c0x00ffffff-no-rj,False,False,1686983827.054703
Ugzxb0QGKfi3erBoXdF4AaABAg,Mbrebes mili,3 years ago,@bossjangkrikchannel9903,UC_0XCpmCG9SSJAHoEQWFERg,0,,https://yt3.ggpht.com/ytc/AIdro_mS0LXq0UJTSP4yJQ-2vyJdLaNFQMLlI75veOpckfDr-Ms=s88-c-k-c0x00ffffff-no-rj,False,False,1686983827.056131
UgzAuasM9U0NLIg-S8R4AaABAg,Suporter kampungan emg,3 years ago,@bmhrtnt9631,UCkcFDdOpsSyUsC1VMM3UmCg,0,,https://yt3.ggpht.com/ytc/AIdro_lM278JhBCG5cGCnMyiR38mrfrs3vpgR2k5IIRN4gB4IiI=s88-c-k-c0x00ffffff-no-rj,False,False,1686983827.057585
UgxKOG2f59B2SX7_P9B4AaABAg,"dokumenter terbaik dan bersejarah dalam persepakbolaan Indonesia terimakasih tim, dan ofisial Persebaya",3 years ago,@Yusimaru,UCUb8Z2vR2KJAYbFeKkf1Zvg,83,1,https://yt3.ggpht.com/xsWuxPRQ_LmD_Q9X5IF-95bFOV-Dv0QWrDbyICkr89PsqeMU4ddUXzJqvlbj4bmfgGXr2C8zbm0=s88-c-k-c0x00ffffff-no-rj,False,False,1686983827.05916
UgzKCCGgMlDf7jk0cH54AaABAg,"Yaa Allah..
Bukakanlah pintu mereka supaya sadar..
Dan mau meminta maaf kepada pemain Persebaya dan para team !!!",3 years ago,@Itsme.babyboys,UC0BcJrn8xXvTNH7hwz9v6pA,0,,https://yt3.ggpht.com/i4sXWNut1famrP4hsZ04mDLMaAaNGiAatFbHlrgoDzviWWftYH2RdRpjZJML3yzJzhPC2jFTAQ=s88-c-k-c0x00ffffff-no-rj,False,False,1686983827.060606
Ugxo1kCw70m77Cs8jT14AaABAg,Yaa Allah,3 years ago,@Itsme.babyboys,UC0BcJrn8xXvTNH7hwz9v6pA,0,,https://yt3.ggpht.com/i4sXWNut1famrP4hsZ04mDLMaAaNGiAatFbHlrgoDzviWWftYH2RdRpjZJML3yzJzhPC2jFTAQ=s88-c-k-c0x00ffffff-no-rj,False,False,1686983827.062033
Ugzgitg_VbYONT-4mLp4AaABAg,Yaa Allah,3 years ago,@Itsme.babyboys,UC0BcJrn8xXvTNH7hwz9v6pA,0,,https://yt3.ggpht.com/i4sXWNut1famrP4hsZ04mDLMaAaNGiAatFbHlrgoDzviWWftYH2RdRpjZJML3yzJzhPC2jFTAQ=s88-c-k-c0x00ffffff-no-rj,False,False,1686983827.063547
Ugxsg1V5Y4Lxy3FXx2V4AaABAg,Yaa Allah,3 years ago,@Itsme.babyboys,UC0BcJrn8xXvTNH7hwz9v6pA,0,,https://yt3.ggpht.com/i4sXWNut1famrP4hsZ04mDLMaAaNGiAatFbHlrgoDzviWWftYH2RdRpjZJML3yzJzhPC2jFTAQ=s88-c-k-c0x00ffffff-no-rj,False,False,1686983827.064977
UgzvhzdWPcvlBHVr3T14AaABAg,Ga akan ada gas air mata kalo suporternya sedari awal ga ngechants rasis dan ga lempar2 botol 🙈  respect Cak semoga kalian sehat selalu 🙏🏻 🧡💚 salam dari The Jak,3 years ago,@gilangrp9459,UC2Yz0Nrdl6HQkRn0O0cpDKg,120,4,https://yt3.ggpht.com/Rvcwp-2gKmziRwxDg7pbyP-DQRC0cP67rwuucjnSuynhw1Mw0nqODowd7L5OfaMgNkUuElsIXg=s88-c-k-c0x00ffffff-no-rj,False,False,1686983827.066431
Ugx4nf3U0EaTPCGQ-d14AaABAg,"Alhamdulillah nya PERSEBAYA KU
Masih di beri keselamatan sampai pulang💚.
Yaa Allah si sebelah ingin membunuh hidup* Pemain Persebaya dan para team😢😭

Dan ingat yaa,
Ucapan adalah Do'a gaissss......
Jangan pernah ngomong aneh* apalagi di Kota kamu sendiri..
Masih ingat saya ada kata: 
""KIAMAT MU DI MALANG""
Toh pada endingnya pahamkan???


Yg memperdalam agama dan akhlaq nya pasti memahaminya.
🙏🏻🙏🏻🙏🏻🙏🏻",3 years ago,@Itsme.babyboys,UC0BcJrn8xXvTNH7hwz9v6pA,0,,https://yt3.ggpht.com/i4sXWNut1famrP4hsZ04mDLMaAaNGiAatFbHlrgoDzviWWftYH2RdRpjZJML3yzJzhPC2jFTAQ=s88-c-k-c0x00ffffff-no-rj,False,False,1686983827.06787
UgxdI3TRlYo4AkuKJNl4AaABAg,42:50 Hidayat josss ngidoni gambar singone 😁😁😁,3 years ago,@shaaluvy,UCRqLsO2poxz4U0kzYknzNYg,1,,https://yt3.ggpht.com/E32EMqQsvFT02Wxtzm6P-LqtRneRXLNE_kIK_2nMFJ7iq6BkSTk9kB5aEFZQSvjKFphpFo611A=s88-c-k-c0x00ffffff-no-rj,False,False,1686983827.06932
UgzCRFpsSP5Yv0kqP054AaABAg,Akhire sing END golonganmu dhewe. Amera amera...,3 years ago,@meneketehe-j5d,UCFCUpQdXAtFTXgJbR0tfIaQ,0,,https://yt3.ggpht.com/nQhqPGgYNlAA0_L852-MnMJvnLEUMgypfUw19CKYGyFOY3_WpO1DlzfCV8prWnYi_OCnHXX-HA=s88-c-k-c0x00ffffff-no-rj,False,False,1686983827.070746
UgyWjGH1aJEUZQepgBh4AaABAg,"sejatinya sepakbola hanyalah hiburan😢,betapa tangguhnya pihak official persebaya dan para punggawa pemain dalam mengatasi tragedi sepakbola yang sangat paling dramastis di dunia,hingga banyak memakan korban jiwa.
cukup ini menjadi kenangan dalam sejarah sepakbola dunia.
thank you kepada :pemain persebaya dan official, kalian adalah pahlawan 🐊💪",3 years ago,@alfaqih4136,UCaStrIA8i9A4tuL6IUQMYWA,12,,https://yt3.ggpht.com/YH5G_UJgVpCFnWc7sSm5YaGbd7oby9swmsQzauprkZnfyItK2Ojo49J-zRtLsaKkKsvvCpKTr1k=s88-c-k-c0x00ffffff-no-rj,False,False,1686983827.072271
UgxKOG2f59B2SX7_P9B4AaABAg.9lhmQupedkm9vJy8JhYcOV,Cuman kurang subtitle Indonesia nya. Tapi secara keseluruhan .ini luar biasa dokumenter,2 years ago,@lounchihadi,UCtXMUzo0ayqwTLilv9G25ig,3,,https://yt3.ggpht.com/hWeHkgm2nb7R7lm4mVKcoMhp8uKvbh8T_xzO_5BnunEDYmgYk1RaEe-YBxuB_sFkvZCa-QreXA=s88-c-k-c0x00ffffff-no-rj,False,True,1718606227.255005
UgzvhzdWPcvlBHVr3T14AaABAg.9lhR-a2ZVXxA6kHXJtZm-C,Bnerr skli,1 year ago,@AlfinArgapratama,UCqz2RYIAq7S9zCYVNVsPgrQ,2,,https://yt3.ggpht.com/ytc/AIdro_n0P3r2dt_xOW7IMpld2RrxGBWw0u14CCrewTD_k6rGgh-rAJJjEjQc9tcAQhDqX28vZA=s88-c-k-c0x00ffffff-no-rj,False,True,1750142227.45303
UgzvhzdWPcvlBHVr3T14AaABAg.9lhR-a2ZVXxA2mZo0soFd6,Respect Jack salam dari bonek,2 years ago,@chefindonesia3122,UC6mzBr9X0E5PtrUwMrlGYig,1,,https://yt3.ggpht.com/ytc/AIdro_kn4u8_Z7UqK1jicalnWixAHfAPfbToVYe2CFUSShuWII2C=s88-c-k-c0x00ffffff-no-rj,False,True,1718606227.454743
UgzvhzdWPcvlBHVr3T14AaABAg.9lhR-a2ZVXxA32XIg7N8F8,Jaga persaudaraan kita Jak 💚🧡,2 years ago,@UdinPrtma-g6b,UCyByGpymsWbSK8p-tvHUkbg,1,,https://yt3.ggpht.com/ytc/AIdro_k1UVnuEOl73aecre_55iOj102dwvDAm6VAI3NyH121uCD0fUD5FsaQsf-gyIKwdvvyAA=s88-c-k-c0x00ffffff-no-rj,False,True,1718606227.456305
UgzvhzdWPcvlBHVr3T14AaABAg.9lhR-a2ZVXx9wZNPpu9VAp,AREMA EMNG GAPUNYA OTAK DANGKAL SEMUA,2 years ago,@elchannel-ds6ig,UCJMTFzlGvjAyqhoEeSqZmhg,0,,https://yt3.ggpht.com/gZa5LEFVVZUD__xL-8x7Q0zTT0Di-unll1o_tyE8nIK7z3SNRwGEbbgelHsk5yIL_5kRng7Y=s88-c-k-c0x00ffffff-no-rj,False,True,1718606227.457885
UgybqYSVqHdV_FsalF54AaABAg,"February 2023 saya tonton lagi cuplikan ini,kebayang jadi pemain stap persebaya..betapa tegang takut sampai ada pemain sepatunya rurusuhan d bawa gk kburu prepare sapatu d gigiwing",3 years ago,@bahrocanel5095,UCdp274_e6G6fLGH1lCJAQYw,0,,https://yt3.ggpht.com/ytc/AIdro_mFbANLpn8MJDurvBSlWtX7eOd9-eZEihSFyr3WEWY=s88-c-k-c0x00ffffff-no-rj,False,False,1686983827.721713
UgyYDLt_ZbmLT99PlV54AaABAg,Ngene seng disalahno aparat....nek aparat gak nglawan Yo mati kbh...suporter gak nguwe utek,3 years ago,@sandihariyanto4543,UCpMzWMiwY9Mdc4wbgeB3NTg,2,,https://yt3.ggpht.com/ytc/AIdro_m8XKHqSWkWTWqWfEqmk_VKzILNNjD_Lzb82OiQOJGQrEQgbhrNF_TgQFrd7LuMlqJAqQ=s88-c-k-c0x00ffffff-no-rj,False,False,1686983827.723261
Ugz9qcY9JAX0ABTFq5N4AaABAg,"Video ini membuktikan ga sepenuhnya polisi salah, tpi emang suporter Aremania nya aja yg otaknya masih kbnyakan otak kaya 🐒",3 years ago,@rahmannurul7990,UCxu03oIZ2isUXSRHw_kzHYw,0,,https://yt3.ggpht.com/ytc/AIdro_lTsn_SEf4XL2vXIaaoqLUud5NQ9oq-8qVva6nli6qHfYKIw450e_k2BCXQMQ4EGZfOvw=s88-c-k-c0x00ffffff-no-rj,False,False,1686983827.724802
UgwDs-yO3M08tDjTE8B4AaABAg,"Nek wani ojok wedi wedi nek wedi ojok wani wani, mantap jol yakinlah selamanya mereka akan mengenang skor menyakitkan ini 2-3 yg membuat sebagian orang trauma dengan angka tsb 🤭",3 years ago,@lazuardasega1332,UCUcARmDsBVev9CtVjKfv2Dg,3,,https://yt3.ggpht.com/ytc/AIdro_mHold1SwNaGJlBEZo_npfODO18IYugmDw_an8UQuU=s88-c-k-c0x00ffffff-no-rj,False,False,1686983827.726234
UgwCgdzXvohiXhfYuw14AaABAg,salam 1 jiwa salam 1 jiwa..halaaaahhh pret,3 years ago,@rizkypandita,UCviu1ivk4eel9M9KNUAttlw,0,,https://yt3.ggpht.com/2R8waPahTxavin5s23Sw8c_-_fYER8kZLstkenQAvku8zi2nVaI_OmDEuWZOEzJD7vr0VJnDa9M=s88-c-k-c0x00ffffff-no-rj,False,False,1686983827.727679
Ugx-teSk2PTq3VSNM5l4AaABAg,"adil juga, kalian yg anarkis, kalian yg jadi korban.. yg diluar anarkis, yg didalam mati.. Tuhan benar"" adil, hukum timbal balik",3 years ago,@dwihadi8688,UCm9--iGLuU38qKLqyiQB7VA,0,,https://yt3.ggpht.com/ytc/AIdro_mvV4c8wv6JiSMgBsL_0qTWFgRMhZkTT6xNzU9M7FM=s88-c-k-c0x00ffffff-no-rj,False,False,1686983827.729712
Ugwr_hSntD1mRDUUAZ14AaABAg,Aku gak sanggup ndelok detail iki 🫣.. terlalu ngerii..,3 years ago,@juliananaa2387,UC9rXtVsZNVlY6MI8JqJvm-w,0,,https://yt3.ggpht.com/LHff_6KdgFOg7c3aaM8BR5IEbQm8xc2RBYz1o40u4LSVJEj043Iom9UsHhWlwIXVOu6IrBB5M5k=s88-c-k-c0x00ffffff-no-rj,False,False,1686983827.731808
UgzRrnWhMRxVYojLEYx4AaABAg,video pembuktian,3 years ago,@rezamaulana1026,UCBVB0WDWwzkH24Kter2-AvQ,0,,https://yt3.ggpht.com/ytc/AIdro_km8enM223tX1h-6L0Vdwpkzn4v_r1cthwnxbWshfhxsAYl=s88-c-k-c0x00ffffff-no-rj,False,False,1686983827.733326
Ugxha7nj6dR8v9CL6wF4AaABAg,"Kenyataan yg terjadi, akibat fanastisme yang berlebihan. Tanpa ada respect dan fair play.  Harus berkaca dari negara jepang",3 years ago,@temanjava5368,UCwQA-lTm921erc76PPJb0Ug,1,,https://yt3.ggpht.com/fcJcmoAQkdzTLn6H_nzPAt-3LYDKX6h4CIWHqd3gFMVtNz89YDhOHMRKbINI_qua0s9k5TBQ=s88-c-k-c0x00ffffff-no-rj,False,False,1686983827.734904
UgxDSEJrDmJtu3ZT-yd4AaABAg,Gk jadi respect sama aremania.... trima kasih pak polisi,3 years ago,@didisupriyadi6660,UClAuk5y8XugBhPCwcBzYceQ,3,,https://yt3.ggpht.com/ytc/AIdro_lpX9mVF2BZaS6rd7JRJ_mBvTNb4z2Mj3DUzPSBOJML-A=s88-c-k-c0x00ffffff-no-rj,False,False,1686983827.736393
UgwnCxgo0ZvUFA61oSd4AaABAg,Fakta sepiiii,3 years ago,@AnangAndriana204,UCYxNuGY9_kh-nFrXeWPD43w,0,,https://yt3.ggpht.com/ytc/AIdro_lmosM98SuNhqw7PV-owPe8I_s6CUp3OgUoOmFfDSc745o=s88-c-k-c0x00ffffff-no-rj,False,False,1686983827.737946
Ugzzwqb35QUrO5j1Hl14AaABAg,"Kapan Arema bubar...
Biar liga Indonesia lebih baik kedepannya...",3 years ago,@idegunners7321,UCOuDEF0lSMEq5tSHmZ2KFpQ,1,,https://yt3.ggpht.com/ytc/AIdro_m3ebaxCwR0idnAxt7BiifLk8WVkyCXnPrAcWrO0zOrKHw=s88-c-k-c0x00ffffff-no-rj,False,False,1686983827.739433
Ugyw3TYr0OYe-fapCl94AaABAg,"Gua mau nanya nih buat warga malang dan aremania semuanya, kalo posisinya tim official Arema diperlakukan seperti di video oleh bonek ataupun sama viking pas saat away itu gimana ya perasaan kalian aremania? Kasian yg mati di dalam stadion ngeliat kelakuan temen temen nye diluar stadion kelakuannya sama aja kaya setan bangsat",3 years ago,@faisalnurul5254,UCr9ELbzgNQQ1Lshf1SQcucA,0,,https://yt3.ggpht.com/ytc/AIdro_mpcPafFCUsXnJj1QY2ewrJfh1lDt-BU9dewjzlCJBbtAA=s88-c-k-c0x00ffffff-no-rj,False,False,1686983827.741055
Ugz3DCCVR9oN5556jRN4AaABAg,YAH BISA DIDENGAR RASISNYA MEREKA 90menit,3 years ago,@Rizkibigman,UCxjvlz2tas9AYDyOC0YT9DQ,1,,https://yt3.ggpht.com/ekriomG0kn4nMWDGQlyXRH1SpcZaui-XIX_4NfGED6NGd4b8OHac_1Qy6i28trpaTLelLEh0KA=s88-c-k-c0x00ffffff-no-rj,False,False,1686983827.742486
UgweiFQ8sHUfnd52l3x4AaABAg,"tampilan terkesan selama ini sih fans sepakbola,suporter,ultras atau apalah namanya tapiiiiii.........ķoq seperti PSIKOPAT ya ???",3 years ago,@fauzitanjung9162,UCakI0gUrMhwqcJj0-BBlmTQ,0,,https://yt3.ggpht.com/ytc/AIdro_n1UKC1gAN-YFZhCUog2kUuCJSGEwpbZCeeUyGChCtqFwdMgMoUCpJptjOM5HdMhNgHCg=s88-c-k-c0x00ffffff-no-rj,False,False,1686983827.743992
UgzYVKDzPAMH6A-bK6F4AaABAg,"Mrinding skaligus gak krasa air mata ku netes, ya allah alhamdulillah jek d kei sehat slamet . 😢",3 years ago,@UpdateScore07,UCF1igmrL7MmYnaIx_8sNcfA,0,,https://yt3.ggpht.com/0uG0wvHll94YJLI_cCcuZBZjyN1f9-2Y1zAcyXtqrdU2gSQchndf_i1l4YWRnaqaaxjfPH6HuQ=s88-c-k-c0x00ffffff-no-rj,False,False,1686983827.745404
Ugz9QBh6F1socg5rgIp4AaABAg,"sekarang kita lihat
siapa yg playin Victim wkaokwaok
Arema pantas degradasi",3 years ago,@franzmagnis23,UCql7d6qNcotfIKthKoIZ2Ig,2,,https://yt3.ggpht.com/cXnarkLm9qdtZjx22g-O7hWe1JsUZKQSp25nJ0Pk-0DESyR2mAog1wJBCTA13b2WRMJwH0sO=s88-c-k-c0x00ffffff-no-rj,False,False,1686983827.746846
UgyPpygCBa94ZlCg-wV4AaABAg,Supporter Arema bukan hanya merusak fasilitas negara seperti mobil patwal dsb tetapi merusak segalanya,3 years ago,@riorizaldi5420,UCnI_kReN0SIiZlTZFDk3kvg,1,,https://yt3.ggpht.com/a_tMfKxRzPSAqfwLJgWAY2mk0E7yH9m2uzVYB4rP-rDb2UJxVszwemKMHHVbKXwhfR3KEfRRqA=s88-c-k-c0x00ffffff-no-rj,False,False,1686983827.748247
UgwtVt75dJg69fiTBCd4AaABAg,Mana bangsat bangsat yg cuma bisa menyalahkan aparat ??,3 years ago,@yokah6624,UCUYBrEzrOfB9AjM-QXV1PFA,0,,https://yt3.ggpht.com/_jvNPYVVHzhAfRr4KVqtOnBmkQ2zqKLrx5UnTAznRfXq1VJJ5v8U5oOE5tmVx97qQ7KjgwOJiA=s88-c-k-c0x00ffffff-no-rj,False,False,1686983827.749679
UgzAAId8ejVlR5YswXZ4AaABAg,Brutal sekali aremania main kok gk siap kalah.....,3 years ago,@eaid1985,UCYZUeoCfXAtF0j95QkL1d2Q,1,,https://yt3.ggpht.com/oaN4TYe8E7ZmCOJ6oWHJEi09KGyp20cdXMm0L-1_GuYzFJtX3FSSJ4Dqhi0gGXXUZMoK5i-Dut4=s88-c-k-c0x00ffffff-no-rj,False,False,1686983827.751086
UgzwX-Bv2x_ub66NbH94AaABAg,"2 sisi, 
 yang tidak berdosa menjadi korban (cewek, anak kecil, ibu ibu) 
dan yang berdosa menjadi pelakunya (pelaku kriminal, penyerang )",3 years ago,@radendenjhago6620,UC-imTtpS_u2AV0dw2rxMAvw,0,,https://yt3.ggpht.com/ytc/AIdro_kQ_bZ9eryyZ9kU_k6RoqnOyL_Pv-q65FLCVzVMQFVuUw=s88-c-k-c0x00ffffff-no-rj,False,False,1686983828.014879
Ugx5Dm3FC1iNb8se58V4AaABAg,Arema jelas kampungan banget  ga menerima ke kalahan bisa nya rusuh aja tuh suporter,3 years ago,@dafaabrar1908,UCuBsc4tqF02EjorJ1_47sYg,0,,https://yt3.ggpht.com/ytc/AIdro_kq3aJN7DhSL2rrV1xt_iqQiSGXFdU7BTiy1waJXvI=s88-c-k-c0x00ffffff-no-rj,False,False,1686983828.016478
UgwsMiXB17T8CAA9_9h4AaABAg,"Emang udah kek hewan aja aremania, emang layak banget si di hukum seberat beratnya",3 years ago,@Sidikismail7,UCuXdek3m2wHvfFZUhkJSFZg,0,,https://yt3.ggpht.com/wx3vTOFBI0hCIvsLZhM3e3UMqJ4BNY0sJvFIYqelXhhqa0XVt7CAHCP2d1d6ed4W4ZMqRoKfmHY=s88-c-k-c0x00ffffff-no-rj,False,False,1686983828.018038
UgyvrPGuWp-Ip43yR5J4AaABAg,"Pemain, official, dan suporter persebaya,,, jiwa pahlawan mengalir di tubuh kalian,,, city of heroes ... Surabaya ...",3 years ago,@brownbunny3274,UCn9duSpUD-VExJV6ferJjJA,24,,https://yt3.ggpht.com/ytc/AIdro_mNx6V_JA8uIRQfHD3p3tr2QFtV00SsDNKrBPD0R2c=s88-c-k-c0x00ffffff-no-rj,False,False,1686983828.019535
UgyybDEbQ2L4ZnBgm5p4AaABAg,Paling gblg dan barbar ...,3 years ago,@brownbunny3274,UCn9duSpUD-VExJV6ferJjJA,0,,https://yt3.ggpht.com/ytc/AIdro_mNx6V_JA8uIRQfHD3p3tr2QFtV00SsDNKrBPD0R2c=s88-c-k-c0x00ffffff-no-rj,False,False,1686983828.021016
UgxDvqVSsXHTonu25yR4AaABAg,"Teko video iki dadi luweh paham. Aku dungo gawe korban mugo2 amal perbuatane diterima Allah SWT.  Amin
Wes ngunu ae.",3 years ago,@erwankrisbowo1653,UCaTNomQporOABvjnf6uMP2g,0,,https://yt3.ggpht.com/ytc/AIdro_mRLHDd8NjgcJzYOjfocI0lyyr-4xsFWa2Rk1N3X8UlnC_JG2KQE1IaoSm4cR9C7ymAZA=s88-c-k-c0x00ffffff-no-rj,False,False,1686983828.022439
UgwxVNDQqqVbIpDIxER4AaABAg,Memalukan Aremania...!!!,3 years ago,@galangrambubasae8105,UCuB9DM9A58etRk7CrXIspNg,1,,https://yt3.ggpht.com/G2DZTIS3qanDwpSXgmOTqO2M1MFIlZVoqOnmX2N846lbCiTz9mK933ZNowq5vO2R8f4EMBEIIA=s88-c-k-c0x00ffffff-no-rj,False,False,1686983828.023911
UgzahkCUpAw-Ct7sr8R4AaABAg,melihat video ini- seharus mereka yg melempari dan membakar dan menyerang pemain dan oficial persebaya yg pantas MATI,3 years ago,@maihendri539,UCyvAL3b9Ul-wBWn3kS9b_ww,0,,https://yt3.ggpht.com/ytc/AIdro_k0PVo4Ayjzf9FlRcdjZAQYBwK430_hLvWlP9jgikQjC65W-ONDWjkk4dykteuHJ96HgQ=s88-c-k-c0x00ffffff-no-rj,False,False,1686983828.025321
UgyhMOoTmBgOOFyTlLx4AaABAg,2:01:36 yg menjawab semuanya,3 years ago,@adhiegunners8733,UCHsM_m-IDeQyR7ETn8xdJ6w,0,,https://yt3.ggpht.com/8ove0ghZTUFbzo8B4_mPTh3ryGSyl4vNm93pVSOkWkikwfyQEeqaJbxzFXVAzJGlQUOtlztplc4=s88-c-k-c0x00ffffff-no-rj,False,False,1686983828.026759
Ugzme0H4n1vBloP69TR4AaABAg,"Begitu tangguh nya aparat, pemain dan official persebaya 🥹👏👏👏",3 years ago,@adhiyoga2797,UCC2L8O8igNSiAsXyP9KtOWQ,0,,https://yt3.ggpht.com/ytc/AIdro_lNMA8qSmtIxAKjnkn25Eh5l5ozomp65EJRv25jJMOwBlrT=s88-c-k-c0x00ffffff-no-rj,False,False,1686983828.028188
Ugz5o9ez-2NmFS7vMlJ4AaABAg,Suasana di Luar Stadion lebih parah & lebih mengerikan 😑 Udah kaya Perang,3 years ago,@AhmedTVChannel,UCbzWTLjqOkY_lfaNjtkn13A,1,,https://yt3.ggpht.com/L-r_gYlx7PIyLXlPsVFvdi9XX6GFhE8t7s8VVbshOoZEte-L_mGLIzT5N3tM6MqJh7uXh5NDjOQ=s88-c-k-c0x00ffffff-no-rj,False,False,1686983828.029732
Ugw0xyfnnwYJI-plQ0F4AaABAg,"Insting Tim media persebaya tepat sekali. Mendokumentasikan apa yg terjadi. Seolah kita yg nonton ikut terbawa suasana, betapa seramnya suasana saat itu.",3 years ago,@BakarsuChannel,UCZ3PzJisj-NR4g0g_gYlETw,146,1,https://yt3.ggpht.com/3aVTbKuoh4aRC_lSQry2NuiIOunyAjM0OQhB9jXdc4Cque0bZWRXd2PdJnoKTu7Ee3HenDOy=s88-c-k-c0x00ffffff-no-rj,False,False,1686983828.031294
