cid,text,time,author,channel,votes,replies,photo,heart,reply,time_parsed
Ugzh98Q6n2CHOj6Tmzl4AaABAg,Mbg penting bagi rakyat kecil mas,6 minutes ago,@toriqalbasuki9625,UCdmPGtnmNxtI2rO293u1xJQ,0,,https://yt3.ggpht.com/ytc/AIdro_lobEygh6O_Bjl7h7mr4MTRESHAyLTBfmIrqCBX7xUBostd5FaRyhFqYGRxUGQnwchWjQ=s88-c-k-c0x00ffffff-no-rj,False,False,1781669514.191851
UgzE75eiqBGHQs0bZ8Z4AaABAg,Bu Irma pasti dia berkelit karena dia diduga ikut terlibat dalam MBG melalui SPPG,41 minutes ago,@amronsihombing,UCmcPWXCicXwQBBY5avjicPQ,0,,https://yt3.ggpht.com/ytc/AIdro_lg5FInNAMBFHooMx4oaaqXCTAUEfDySG0cXGXsn1rS9sJe90gEKMH_g7KL4VFPbHCDqQ=s88-c-k-c0x00ffffff-no-rj,False,False,1781667414.196548
UgwS-VHl3aJRTqI2k1h4AaABAg,"Program MBG bagi bagi kue hingga DPR, TNI, POLRI
Program bancakan uang rakyat,,,",53 minutes ago,@IrwanSumirat-o7b,UCzwQ2xJE1_P4b6DiITUAMxw,0,,https://yt3.ggpht.com/ytc/AIdro_n-5Uyy4uBf1cepaJOjOz08ZJYmQ28dvmHuEThaoTdfRc9dbQYzmqUndF_0hW2OfKNQ5g=s88-c-k-c0x00ffffff-no-rj,False,False,1781666694.200743
UgyNPqq1wD4Tvjktcnl4AaABAg,tu gara 2 mbg guru2 gajinya terlambat tetus bah kan yg ppk dan honorer gak di gaji tutup mbg bikin ribet negara,1 hour ago,@mbahronggo3960,UC-neWfIO6zmopHCmEoPWzog,0,,https://yt3.ggpht.com/ytc/AIdro_kINY79WLLFbV4qBBA2qy06b1yH-zlGHqndB7zHCA=s88-c-k-c0x00ffffff-no-rj,False,False,1781666274.203822
UgyzfgKLSvyMKB9JDDB4AaABAg,Katanya ada pengawasan  tapi kecolongan gimana sih itu omongan Irma Irma tetap tdk berubah 😂😂😂,1 hour ago,@asfarmansyur6363,UCTOGrcglZFpMGuw3KmgsJtA,0,,https://yt3.ggpht.com/ytc/AIdro_lXpKyGEauNTa7k4Vr9pVCHaN4iUoPEMCS4GAMIVqA=s88-c-k-c0x00ffffff-no-rj,False,False,1781666274.208036
Ugy6OjwRJlv04dtmZdt4AaABAg,Bgn badan goblk nasional😅😅😅,2 hours ago,@Fragnir,UCNd8aZGIiZKwQGEfmR4MFuw,0,,https://yt3.ggpht.com/0rl3pm8aJ6G313_riICoTZDTQu6JRT0hgVAbF7vSx2ZnC5pFLUMGUUUFdCiBJl5mVkU4SGPI=s88-c-k-c0x00ffffff-no-rj,False,False,1781662674.21094
Ugx3dL_HaM6h3hXwkZN4AaABAg,Stop MBG dapur nya yang bermasalah,3 hours ago,@BuyBuyung,UCEYj7nr5ZfHBNUZeGboFfhQ,0,,https://yt3.ggpht.com/ytc/AIdro_nYQvAmUyrYtkF2soc7ppz6IxaER9_xGSrVZLHiG4eUGMeY1Tl-U5nqn34h_UtOew4GdA=s88-c-k-c0x00ffffff-no-rj,False,False,1781659074.214568
UgyIRv9pgYIkva4jaAZ4AaABAg,"baiknya kaum muda,/mahasiswa yg dihadirkan adalah mayoritas mahasiswa hukum,agar meningkatkan wawasan profesi mereka dalam masalah hukum ,disamping mhs jurusan lain yg terkait",3 hours ago,@mahesajenar301,UCAxMMavXfbhKuXx9dodTYMw,1,,https://yt3.ggpht.com/ytc/AIdro_lxtt0vNQZEu_9S2BlLi0HipRJF-3Xkzsw8lD8pjSo=s88-c-k-c0x00ffffff-no-rj,False,False,1781659074.21846
Ugy6yBy2Gt43eqw3oxN4AaABAg,"KALAU YANG DAPAT JATAH DAPUR PASTI MENGATAKAN PROGRAM MBG BAGUS, BAGUS BAGI DOMPET MU BERTAMBAH TERUS",4 hours ago,@EmaGantiang,UC6_SXUKv-Zyet9lk9p_4G8Q,0,,https://yt3.ggpht.com/ytc/AIdro_lXCpv9R4B07OCtxS5nKbqTd2dOphEMw5_JbLklUmIjhy4uMx4EL0dgbCbWmLeygOLbOQ=s88-c-k-c0x00ffffff-no-rj,False,False,1781655474.221141
UgyGV2GBfx9bjzOnMNV4AaABAg,MBG di stop dananya alihkan utk Biaya pendidikan dan kesehatan   gratis.,7 hours ago,@drstohani8042,UCCXYnCu62cybA4TLKr5nPpQ,0,,https://yt3.ggpht.com/ytc/AIdro_lq_ys0z-F8TY71iMY238mtSI7xHTtIfK5xpj_ArOwQ_Y1a86jQgSV_wej4oKrByN5fYQ=s88-c-k-c0x00ffffff-no-rj,False,False,1781644674.222836
UgzJ6GVrDdE4oT-W3RV4AaABAg,UNDANG UNDANG DI TANGAN MERAKA PEMERINTAH  SIAPA BOLEH  KALAU FI NEGSRA LAIN MENANG TIDAK BOLEH  POLISI PUNYA DAPUR TNI PUNYA DAPUR  MERAKA SUDAH ADA KERJA ADA JAWATAN SEDERI,7 hours ago,@SarbiniSahari,UCrnRJ8ninnQHcxR9hvljysA,0,,https://yt3.ggpht.com/ytc/AIdro_nlBilyjMA1U52oKK26XZ_UcnniCFBmVBEaZcWRZocnDN18ZKMnESUSGCHsm8S0Thv9RQ=s88-c-k-c0x00ffffff-no-rj,False,False,1781644674.224478
UgwNyaOM04a0zciAHoR4AaABAg,DPR kaya jubir Pemerintah,11 hours ago,@MochamadRamadhan28,UChlBAEwVLmU3bPQEnkzYprA,0,,https://yt3.ggpht.com/2xJsqO5h7Cp9ngj8gsogvvJqlztuoS3ck4iKKcSTghjzMlcjevKmxlCxIUTvYsDWWG-THPc9=s88-c-k-c0x00ffffff-no-rj,False,False,1781630274.226007
UgxBSb51lrapytPayC54AaABAg,Bu irma gak mutu DPR katanya wakil rakyat tpi kenyataanya mlh musuh rakya gmn sih gak jelas😂😂😂😂😂,11 hours ago,@waswascanel8420,UC6LTw-RtnBGASIyCi6WRSGg,0,,https://yt3.ggpht.com/MkAy0zDcGeYO8baxqecoZo_q5eO9zCU6OVmJGeeuKg54ov4GsAGDbgBkl57hOF9itN-q1kp3JQ=s88-c-k-c0x00ffffff-no-rj,False,False,1781630274.227573
UgzBJzJbOqlojNf-8Zl4AaABAg,"Tas buuu kmu tiidk lihat di desa bagaimana makanannya baik tidak kadang pepaya kentan tawar lagi gimana bergizi,",12 hours ago,@FerYawan-p8g,UCxMEvmNTeenIsoegUy6TIGw,0,,https://yt3.ggpht.com/ytc/AIdro_mA2AVFV-qavNRylO-8a4Gy-Z6PmCR1F_ZClH9D2RWiGO4aLpoBwvnFubP3fe06ChSeLA=s88-c-k-c0x00ffffff-no-rj,False,False,1781626674.229048
UgwBcNXPzZJhmiCXeuB4AaABAg,Betul MBG HARUS DI BERHENTIKAN SECEPATNYA,12 hours ago,@EkoSantoso-g2b,UCGZrwBhwNLqwBOv4d97GSSw,0,,https://yt3.ggpht.com/ytc/AIdro_n_lui30_R4aFboFtgT_VxYjD4iTGYWon2fteKOKgKDhtSlE3mEcaX1nF_zJZGiJY87Og=s88-c-k-c0x00ffffff-no-rj,False,False,1781626674.230538
UgzWCS8Ft9ZhRyQAo594AaABAg,Malu atuh program prioritas mbg di bajak di korupsi oleh kadernya dan tim suksesnya sendiri di hianati heh apa begitu zaman naw ???!,13 hours ago,@HendangSaripudin-o7g,UC-LmuPdy88InH9BllPVKciA,0,,https://yt3.ggpht.com/ytc/AIdro_kDVWTVor4oDMnrA8JSn1QfWKy679_pAFdisj868GXmAFhdW5SbK7lG9s-tsd8cKauiOQ=s88-c-k-c0x00ffffff-no-rj,False,False,1781623074.231998
UgwpdWsnI2lNdwWMP5t4AaABAg,Hai PDIP hanya kelompok yg menginginkan MBG minta di hentikan,13 hours ago,@suhermanto2807,UC0uYc2RrkgYNwoDL7wcfNeg,0,,https://yt3.ggpht.com/ytc/AIdro_lA7jr0LZvBQFLmBc7jijnVjyoazsJEdCveoYk4bFvSLqy3mJRIVzhAwp7IKIkTOUTl9A=s88-c-k-c0x00ffffff-no-rj,False,False,1781623074.233522
UgwAY8XT5fX_9GD75Op4AaABAg,Andai PDI-P yang punya Program bagaimana ?,13 hours ago,@herudaryoto4988,UCJ-OQoSMaPF2TOTlrPz1N0A,0,,https://yt3.ggpht.com/CTuYG6AHhCF-XLTXG1oViG1VOEKMpSpoZGWo8HSCSD3jixGeq-dcxjYX3NgbkbRywzV4lm8Ltg=s88-c-k-c0x00ffffff-no-rj,False,False,1781623074.235001
UgwhV6Pl4UtPn474v3x4AaABAg,"Wis tuwo yu ora kakean pertingsing ,omongan Ra Ceto Irma Kuwi.",14 hours ago,@SudarYanto-q8f1m,UC43LerRRwAFo4_oeNTET8Ww,0,,https://yt3.ggpht.com/ytc/AIdro_mhpdt52gf-ewuMICMSpf58jqqKXetktX-rAgmJkXZktJrVu4vDkBYngfAtIfmb6uJy3w=s88-c-k-c0x00ffffff-no-rj,False,False,1781619474.236464
UgwZOjU-TwwFxM9e6tR4AaABAg,KAMRUSAMAD.    Calon WEDUS. Ngomonge MUMET.,14 hours ago,@suwasis9327,UCGl41H_VvyhCmbLqUx8dvNg,0,,https://yt3.ggpht.com/ytc/AIdro_nz0WQ2urjkwjkAfqK_EdLBYiMnKV9tTCAehms64-BY7J4wgAZK-pM-tV9QNNg395wpAQ=s88-c-k-c0x00ffffff-no-rj,False,False,1781619474.237956
UgywBacbFV5Ya7efVqZ4AaABAg,Hentikan selamanya,16 hours ago,@ppsiekagentabudayaputra5999,UCClgce7VRS-HYhJhxj5TqDg,0,,https://yt3.ggpht.com/dzE-jFp7VTM-BBNnS4fHLU5XmVh9QxcPNRF0Q8-7S8d-hcDVrEHcgTPUp_nnB6iasnB0tDUlxw=s88-c-k-c0x00ffffff-no-rj,False,False,1781612274.433991
UgxwA2pCo6fpn0ANEQl4AaABAg,"Mbg kacaaaau, sarang korupsi",16 hours ago,@GunungBatu-v5e,UCh_jxzwOg001_StyBe4PMPw,0,,https://yt3.ggpht.com/ytc/AIdro_nCbkqR5L8XBTe4XCJ_CGAF_BMQnod_Ph10C0HnAs_dPjEFlD7f9eQZxca1IKA1n77VZw=s88-c-k-c0x00ffffff-no-rj,False,False,1781612274.43568
UgwLrwyIcsjCgsM0EWJ4AaABAg,"Coba tanya sama Prabowo punya nyali ngga menghukum parah koruptor yg ada disekelilingi Prabowo yaitu parah Mentri yg bagaikan musuh dalam selimut, sadar ngga parah menteri lagi buatkan celah untuk rakyat tdk percaya kinerja Prabowo, program2 kerja sengaja dimanfaatkan untuk menghancurkan kepercayaan rakyat terhadap Prabowo dikarenakan tdk berhasil melaksanakan program untuk mensejahterakan rakyat dan hilanglah kepercayaan rakyat dikarenakan permainan parah menterinya.",17 hours ago,@LazarusDef,UC8CFAz2hOO2EMKzPVS_tr-A,0,,https://yt3.ggpht.com/ytc/AIdro_nZhB8D-pmLw0DqfYYSJFmO6XZZYdn3UbwQeS1q0z1D58l2icD3fRIfUNwuWHdj8M2-MA=s88-c-k-c0x00ffffff-no-rj,False,False,1781608674.437221
UgxjJrdNO6NJSJVjAQ14AaABAg,"Sama sy juga Setuju, hrs hentikan MBG Krn Ternyata Kesempatan Korupsi yang merajalela.",20 hours ago,@asepts-PsPanglipur,UC_L23zLCIscnRJQGKRbb_6w,0,,https://yt3.ggpht.com/ajpKhgZw4XYnz5DS2yXsNM-m266PzvUisA_C7z3aTXMe7-BRbu4qbSTPykgmI3O64w3hOifz=s88-c-k-c0x00ffffff-no-rj,False,False,1781597874.438748
UgxBqV1h-mlyCiIO68d4AaABAg,"Prabowo.  Deketin kok politik curut y di Garot hhhhhh. Krn yg slma ini  yg menentang dan berswara keras  agar mbg  itu dibubarkan adalh partai  yg dpur mbgnya pling  bnyk diindo  wkwkwkwk tau kn partai apa saja,, itu rakyt kyak saya dh tau smua bukn  hnya satu partai TPI ada bnyk partai tentunya partai partai   bsar Dinegeri ini  tu bnyk yg punya dpur mbg hhhh",21 hours ago,@wongedan-fl4jt,UCdd1Bx94NQ59-Stp7Jr2dZw,0,,https://yt3.ggpht.com/ytc/AIdro_krBliqSG_IeAtuZhU034U2s0Qnm0otj7obSnF2vRETCKW0NOuypcFuFcsVwxjwrJ8eHg=s88-c-k-c0x00ffffff-no-rj,False,False,1781594274.440283
UgzGm1UtwM3_KkJHnsx4AaABAg,"Malas komentar dari partai lain,intinya ingin melengserkan Prabowo, PDIP jg sama tidak becus mengurus negri",21 hours ago,@budihendrawan-c2v,UC5btrOSWh597NGcRIJm1atA,0,,https://yt3.ggpht.com/ytc/AIdro_ltM5zocPqEHWtoska4ajiBdT5nDTDlsf5uBI_kw3BSV5wkWN1BR-rSAj1bErHhybPznQ=s88-c-k-c0x00ffffff-no-rj,False,False,1781594274.441741
Ugw_ZkYgMFCVnVu0kQZ4AaABAg,RAKYAT KECIL BUTUH MBG MAJU TERUSSSS 🔥🔥🔥🔥,21 hours ago,@Reynx_ori,UCLIXLWpSUNfKtF1I9UL96sQ,0,,https://yt3.ggpht.com/dYfVVgVGu5fL6iWchIDNf0tUfTAQZIhLj0S8X001zb-ljTnm7wEzVGIRYnCGGfTfekeUPu23Xg=s88-c-k-c0x00ffffff-no-rj,False,False,1781594274.443205
UgwmW1MnyK9bAHBdlQh4AaABAg,Pengalihan UU koruptor,21 hours ago,@vurygroup9419,UCz_-uTqtWhrkYVcXQeg7f5g,0,,https://yt3.ggpht.com/HTa4w4zbV4bcIyJPqhBx7m3DlOYhGAXnB5bv6MEbR9Zt2QVl4JKrjMjafkVxMqDQWGfU8W2j=s88-c-k-c0x00ffffff-no-rj,False,False,1781594274.444683
UgwZ-5DSWpU5iIUxp4d4AaABAg,Apa demo2 itu biang keroknya Partai merah ya?,21 hours ago,@haryantonisa,UCPpDsCZkVwQ56JKpFI_MxjA,0,,https://yt3.ggpht.com/ytc/AIdro_mQyfLcPHeqfF04rwqq2irebVXAheH_uMEKP2EWiorqEcDKu43gt4_iTOUNkZdFcHYYmQ=s88-c-k-c0x00ffffff-no-rj,False,False,1781594274.446104
UgzmDYaoKiM1ikouCNx4AaABAg,"aduh.ibu.saya.ini.orang.miskin
akurat.butuh.yang.namanya.
mbg.bukan.apa2.buu.yangkatanya.
15000.ribu.perporsi.paling.ada.
sekitar.8000.jadi.saransaya.
mbgini.ditutup.",21 hours ago,@PutriAnjani-e5m,UC-j90Vx9EirUgS2JgPXOTUA,0,,https://yt3.ggpht.com/ytc/AIdro_nOWe4S6b29fbPkg93PDibrKRQTYWczUyLo_mKEpzpASZp98SZsf1etvnv92v_B6OhtLA=s88-c-k-c0x00ffffff-no-rj,False,False,1781594274.447553
UgyDUXWot9VGL7-5AgZ4AaABAg,"Coba periksa udah berapa dapur yg mereka miliki,,, 😂😂",22 hours ago,@rahmadhidayat-hu4dh,UCRqvCFph5pCl6VIPuXjin0A,0,,https://yt3.ggpht.com/ytc/AIdro_lUfMS3M2kPzZfDbN400R4kcEOgE_zLuABSF0temOk=s88-c-k-c0x00ffffff-no-rj,False,False,1781590674.449001
UgzXp_nltLwGcdDqwlN4AaABAg,lebih baik mbg dan bgn di hentikan dananya di alihkan untuk sekolah gratis dan kesehatan gratis,23 hours ago (edited),@suyatinm.nursahid6394,UCuXBrla1XGdlZDsmeO2_tXg,0,,https://yt3.ggpht.com/ytc/AIdro_l592gvUtYU2y58u5BQ2hBIEXf8jwLmGTUv3Ynnl0c=s88-c-k-c0x00ffffff-no-rj,False,False,1781587074.450495
Ugy78tzAxldGP9S12vR4AaABAg,WALAH WALAH GUNTUR NGOMONG NYA SAJA TUHHH PADAHAL YG PEGANG DAPUR MBGNYA YG TERBANYAK DARI PDIP,23 hours ago,@JELLYSISCHA,UClHcA8o5LH8VAnJTIKhuFSA,1,,https://yt3.ggpht.com/ytc/AIdro_ltIu98QW9aVmbqVxBW_IQi0xR-vFgzH-Rl4Tsb2VD6G1NqCdIv6pqabuAAW4pBrhtoAw=s88-c-k-c0x00ffffff-no-rj,False,False,1781587074.452015
UgxtfVE2hG3q7RHkD8B4AaABAg,"stop permanen MBG ,jdi biang krupsi",1 day ago,@auliamaulidiyah552,UCq04OGrv16JSldpuHECRn3g,0,,https://yt3.ggpht.com/ytc/AIdro_ka_OJb0XNJYDEohFXLN9aw8SQx2wooMyAYwzwnScVwBS5AeOdo4U3-cDL-EXswMyKilw=s88-c-k-c0x00ffffff-no-rj,False,False,1781583474.453484
UgzwNmrB0rJJRGoBJjF4AaABAg,Di benahi juga tidak akan bener udah tutup mbg kebanyakan tuyulnya,1 day ago,@PakWahyu-b7q,UClbZg8pIa-T5FxdwfAd64vA,0,,https://yt3.ggpht.com/ytc/AIdro_lPzli4dJG5cLnw96ruYoBNm3_5_eD8i8XDpv7ulgomHNDYGeHCJcNCTE1xkfCyWJwrCw=s88-c-k-c0x00ffffff-no-rj,False,False,1781583474.454893
UgxEy3my-RxaiaTtMHZ4AaABAg,"Rakyat Indonesia sudah tidak ada yang kurang makan kalau ada  0,01%
Maka MBG bagusnya di korupsi saja kalau tidak diberhentikan",1 day ago,@aniastuti2428,UCi0tU_MSuII5fTtztVfmYsg,0,,https://yt3.ggpht.com/ytc/AIdro_lImVEFshLCzwKPwsKil_wI44W3fLO5VgHisdM_-Jtm5ZMsPSMXFTRot9-tSU3zW38Ftw=s88-c-k-c0x00ffffff-no-rj,False,False,1781583474.456296
Ugz2YdkI4zoO2YDCKJV4AaABAg,rangkuti bisa nya teaori tok prakteknya punya hati busuk yg di poles berjuang buat rakyat .apa lagi  si panji cuma menebar kebencian,1 day ago,@NartoSunarto-g4o,UC78QnkCAgPsIH-NwAWV0iqw,0,,https://yt3.ggpht.com/ytc/AIdro_nGeYh4-7xWgW6DckTvLxzkztWhki3wHKZvfiwhyygVMpsmB4doNmyVapsBxqo15mDYCQ=s88-c-k-c0x00ffffff-no-rj,False,False,1781583474.457694
UgwDzFmX82BZMvmqGBF4AaABAg,"Mbg kmp sarang baru tikus""got,ga ad manfaat,mubazir nasi cmn dikasih ayam bebek mentok,dan kmp 99%akan gagal,percaya monggo ora y rapopo😂",1 day ago,@briyan9722,UCoQQP0W2JV_gJAzh6YFe8Qw,0,,https://yt3.ggpht.com/uTNMkQu5UXtM0vE2H8lalaMJbdkXuG0Y63uqqqOpTz2UTmJVMpo5trFNd8NRn1Sj4rt8GMCR=s88-c-k-c0x00ffffff-no-rj,False,False,1781583474.459122
UgySza65yhuzpJcsqzZ4AaABAg,Klo ga mau nangkap (koruptor! Jgn dibahas! Percuma!!)),1 day ago,@EngkosKuswara-n2e,UCW1qKlewVH8-1RPImEDEVaA,0,,https://yt3.ggpht.com/ytc/AIdro_kFKyUfpTt-g7ZZ-6LZ1sANP6791YgWTIsbAPxggknb2p4vMYee8SivclGdDEQnvFVPyg=s88-c-k-c0x00ffffff-no-rj,False,False,1781583474.460564
Ugx3GgxcfSVk8ThSZWZ4AaABAg,Mbg lanjut pdi ngak dapat jatah mbg ngamuk profokasi,1 day ago,@nurrohman-x4g,UCDdJAQ2m75esMcAxgTK4Ygg,0,,https://yt3.ggpht.com/ytc/AIdro_mWu1MUHNXFmE6-kkWzvzcj7zpaekzztoz4YHluyjNXxKCXugMya4DA1xUyZqR8hblRIQ=s88-c-k-c0x00ffffff-no-rj,False,False,1781583474.461962
UgzkNaIWbDP3ijQO2qd4AaABAg,Alah si cerewet irma bentar lagi pake rompi 😮😮😮,1 day ago,@hermansuryati2339,UC8xiNcG2C8dWuH4ECw2XOxQ,0,,https://yt3.ggpht.com/ytc/AIdro_nh-OS6sC7TeZggg6sYGD4LmRdhUbGSfgaWamoi2wI=s88-c-k-c0x00ffffff-no-rj,False,False,1781583474.684868
UgyUglsTw89Wl22XgLN4AaABAg,Guntur hrs ditanggapi!!Irma!! Mana?? Suaramu!!(irma hebat??? Gilo!!!)),1 day ago (edited),@EngkosKuswara-n2e,UCW1qKlewVH8-1RPImEDEVaA,0,,https://yt3.ggpht.com/ytc/AIdro_kFKyUfpTt-g7ZZ-6LZ1sANP6791YgWTIsbAPxggknb2p4vMYee8SivclGdDEQnvFVPyg=s88-c-k-c0x00ffffff-no-rj,False,False,1781583474.686569
UgwDWBngICw1KVg5glV4AaABAg,"Di Berhntikn dulu , Dievaĺuasi Semuanya, 🙏🙏",1 day ago,@hestititi7868,UC3FjZJ8RUlqRpvVix4yAMlw,0,,https://yt3.ggpht.com/ytc/AIdro_lKQMRYNd0AlCtYsJa6ntZPKTx95uGCKrkCxm7HpaM=s88-c-k-c0x00ffffff-no-rj,False,False,1781583474.688083
UgxNvHlc_s-BmRs_TRl4AaABAg,"MBG program para koruptor!! mereka yg bergizi dapat duit milyaran, makanya sulit dihentikan 😂",1 day ago,@adimetal4065,UCUj0qO3p5ZucywVNx49E3ig,0,,https://yt3.ggpht.com/ytc/AIdro_li0yM6cYLIOWjD11MRFrJBTyO1UpGuxl0HXyI_Shaix_AohWC1X6iVYA2plRVEmtsyaw=s88-c-k-c0x00ffffff-no-rj,False,False,1781583474.68955
UgxeBdRLh3h07SZ84gd4AaABAg,Saya sangat setuju MBG harus dihapuskan,1 day ago,@raikynovianto4492,UCqexkEc4XX4UuJ8xz9fbLdQ,1,,https://yt3.ggpht.com/ytc/AIdro_kCyb96iPiTFBGcbSkN2WezO9UpocF9CNB4tRqlAW62yWk=s88-c-k-c0x00ffffff-no-rj,False,False,1781583474.690974
UgzsBoaD8FFCrugqfzF4AaABAg,"DPR dompete penting penuh, gak Ono kerjone",1 day ago,@TUNGGAKPARI-q1p,UCkH0pDrG1y2CSPvy1BL0SPQ,0,,https://yt3.ggpht.com/wKeQnNcMSgJDZ2Ek3DNIhZaHtmY71hpa2OcdUUDW2Pr1K3Yc4IaJkOwfJcsLz-f-7yAeQ4QVWQ=s88-c-k-c0x00ffffff-no-rj,False,False,1781583474.692429
UgyCCBCCXgcERWVE7gx4AaABAg,Bgsnya mbg di terapkan sperti gagasan ahok,1 day ago,@Renz11-h9u,UCqXTEbxiZ4PKLDo1ZtajoOg,0,,https://yt3.ggpht.com/ytc/AIdro_kICLEWVz_Df11W9j2QDfrHNDDg1x_VaLwS8b0VSK2HbsRDCJlZlRWUA-jL7XAQ5mwfAg=s88-c-k-c0x00ffffff-no-rj,False,False,1781583474.693948
Ugx1peOljtwm02ytERl4AaABAg,Si Irma aku malah curiga jangan2 siIrma puya andil korupsi,1 day ago,@adefurqon1242,UCgwhBvm_LddEiY4Bfkn3WUA,0,,https://yt3.ggpht.com/ytc/AIdro_lE-2v4pt1Am5Vt4Pedf4xjFjaVCExlg_cJVl7OY2xcwvV1BhXRzUSHIHLwFa5dONFuTw=s88-c-k-c0x00ffffff-no-rj,False,False,1781583474.695422
Ugz44WIjN_0K5VAb9tp4AaABAg,Tidak ada artinya  membahan negara omon omon,1 day ago,@Suand62,UCrSomyUFVkYxck0V-MQ2FvA,0,,https://yt3.ggpht.com/ytc/AIdro_kRdiwgGASa43GPYT-c3Z6MApteJOGOBXuLd7u6TpOt2CJm9iQ6p6u16RMmQYwe-Tke3g=s88-c-k-c0x00ffffff-no-rj,False,False,1781583474.696832
UgxGMyw2KSViv1yRdbJ4AaABAg,Bukan hanya PDI P tapi seluruh netzen Indonesia mengharapkan agar MBG dihentikan dan PGN dan kopdes merah putih harus di tiadakan sekalian makzulkan Prabowo Gibran karena kedua duanya tidak memenuhi syarat sebagai kepala negara dan merugikan negara,1 day ago,@ZeinAhmad-yk4if,UCadsBocHhQ4G7s9AY-5MOGQ,0,,https://yt3.ggpht.com/ytc/AIdro_kT6LSQl0gkhLGKsnzmh6nCQN_Lse-eHutSqdjFtLQ0DU5jze6nPxZmgeH2QcOJT67YvA=s88-c-k-c0x00ffffff-no-rj,False,False,1781583474.698248
UgwKP9Ksrg8I7WUOe7F4AaABAg,"Lanjutkan kegiatan MBG kami rakyat kecil dapat menikmati uang negara, yg salah oknum silahkan proses dia kami mengharap MBG tetap berjalan",1 day ago,@ZulkifliTaher,UCjZfwL4OdeeqTQ4bHPU-kug,0,,https://yt3.ggpht.com/ytc/AIdro_mv0wPThKU39Zc43KZV8uQcZ9OT-QPLmv9W_CjeMtjmww6xglaaxRgmkSeZC-5Vovcb2A=s88-c-k-c0x00ffffff-no-rj,False,False,1781583474.699671
Ugy1dbOOFXC59QjVEIR4AaABAg,Ibuk ini dpr yang tidak berbobot sama sekali.,1 day ago,@SatyaWadi-s7n,UC7K1AQXgl0waQu61NqSCRWQ,1,,https://yt3.ggpht.com/ytc/AIdro_naVtQgGqLR2mEJBYsUptJWeahbG_5vnBCPaDOqBcwUdRBL6bJjSCLq-kGRbS6uIBwmZQ=s88-c-k-c0x00ffffff-no-rj,False,False,1781583474.701061
UgzkMNVh9JyVmuKSuG94AaABAg,Dari awal kebijakan nya SDH terprediksi bkl semakin memburuk,1 day ago,@tetehaja8405,UCndVj2dZ89GRXzBt8lJlI0Q,0,,https://yt3.ggpht.com/ytc/AIdro_mRWiy0KN5C6dbN0FDQ46qp9wcEMT6dEGuIacOcDY4=s88-c-k-c0x00ffffff-no-rj,False,False,1781583474.702499
Ugy2_8Dw7joGtREjPIZ4AaABAg,"anak orang kaya nggak mau makan mbg lebih baik dibubari
n aja karna sarang. koruptor nyudahin rskyat banyak",1 day ago,@Tonnybakry2222,UCFSh8PVoJN5BzF8XNB1-hBQ,0,,https://yt3.ggpht.com/ytc/AIdro_ntIewhqHLJ0jb4i8htlVqSetwgNKRcHmRn-O7k5fEhFy5geBaAVhx4v3nsZfmDVAxzbw=s88-c-k-c0x00ffffff-no-rj,False,False,1781583474.703964
Ugxp2QzZUggQUVU1uyB4AaABAg,Cewe ini ikut makan duwitnya kali,1 day ago,@DarsimDarsim-k9h,UCWhl-G6hhPhb_HDDsCUkKyQ,0,,https://yt3.ggpht.com/ytc/AIdro_nkwyjNjXiTbomljA7uogixZrzODDBJARZoRWe5u8Oz1e7OolmJA7H9ZsVkbBDlarhMIg=s88-c-k-c0x00ffffff-no-rj,False,False,1781583474.705392
UgxPsJkmlYbonx0fBhp4AaABAg,Padahal baik bangat mbg itu cuma aja kbanyakan calunya,1 day ago,@ماسنهبتباهري,UCQcuX-9uc49FWku1P1nz2gg,0,,https://yt3.ggpht.com/LisuCb4mo_2_FNK0jZVwukbMbDq7itLtk8MTtyzqdcVX5WWjxjxSTTbNIO11UgfwghxQn17D=s88-c-k-c0x00ffffff-no-rj,False,False,1781583474.706764
UgwOoF5F6uCr1tOuG6Z4AaABAg,Dalam permainan dis wasit dia pemain pasti yang keluar jadi pemenang pasti wasitnya hhh bu,1 day ago,@Zeeya-y4d,UCWqmgT1teXqriNZ1f4y9w5A,0,,https://yt3.ggpht.com/ytc/AIdro_lTZVwyL53z1ufwQz_YTWdRmYRyLVaVrAULE3WSlxPJRz3hX231JtcFTPzIK_P_AaT8nA=s88-c-k-c0x00ffffff-no-rj,False,False,1781583474.708228
UgwEgJKNuwt0mq2h13Z4AaABAg,"Bagus mbg itu ditukar dengan sekolah gratis ,supaya semua rakyat dpt sekolah semua",1 day ago,@Ezardy66,UCuEhT9DQ7BT2-SQjpREw1xA,0,,https://yt3.ggpht.com/ytc/AIdro_kIlEeQ4OACNIy4MLudGsL9DTagn5RKE7hatI9E0_FFdCTBbMQSp-RsS-u8gOIa7AM2aQ=s88-c-k-c0x00ffffff-no-rj,False,False,1781583474.709678
Ugxhael2DPH8_OYGVx54AaABAg,"Cocok, hentikan MBG dan BGN.",1 day ago,@PakWasirin-s2h,UCf-SAUn92j8ez1bO3SJnJaw,0,,https://yt3.ggpht.com/ytc/AIdro_lPzli4dJG5cLnw96ruYoBNm3_5_eD8i8XDpv7ulgomHNDYGeHCJcNCTE1xkfCyWJwrCw=s88-c-k-c0x00ffffff-no-rj,False,False,1781583474.71114
Ugw_8b0To1QXlfPXCOF4AaABAg,Kalo gak memikirian rakyat kecil anak2nya yg membutuhkan MBG ya mengingikan MBG dihapus.liat ke bawah yg orang tua miskin anaknya sekolah banyak yg gak makan pagi. jangan liatnya di kota banyak orang kaya.cobak tanyak ke anak2 Desa masih butuh MBG apa gak.,1 day ago,@SubowoSubowo-h4u,UCmZ3l_YgNzVsvAOw_9rAkvw,0,,https://yt3.ggpht.com/ytc/AIdro_mhpdt52gf-ewuMICMSpf58jqqKXetktX-rAgmJkXZktJrVu4vDkBYngfAtIfmb6uJy3w=s88-c-k-c0x00ffffff-no-rj,False,False,1781583474.712647
Ugzzz2wivbPT7CZJc2d4AaABAg,MBG TDK beguna dan kopdes SM kop MErah putih juga yg ada buat anggaran membangun lalu berkurang,1 day ago,@kerambai2034,UCe-2plchC8SAHpk8XBhPSbw,0,,https://yt3.ggpht.com/ytc/AIdro_kHyXlAaEaG3_4-q9oyQ2-0qWR5UasZfmT42pNlIe_oWQ=s88-c-k-c0x00ffffff-no-rj,False,False,1781583474.922426
UgxaGCVKNFq894HzNUF4AaABAg,DPR itu Jagan lah buat dapur MBG tapi pengawasan katanya gimana dong,1 day ago,@NabilsitorusNabil,UCbMvYxQiwk-qKZctk6D4lhA,0,,https://yt3.ggpht.com/ytc/AIdro_kVrDUhBwT9mRE2gmGtChvxhznEB5UPX2XPBtWPAOOek_gveCxp4-WhcCMLH1t7oFAkEQ=s88-c-k-c0x00ffffff-no-rj,False,False,1781583474.924065
UgxAYDOXsq43k1ICWhJ4AaABAg,Semoga orang miskin di Indonesia menjadi orang kaya semua sehingga sudah gak perlu bantuan sosial dari mana saja dan bisa hidup mandiri damai sejahtera,1 day ago,@Sajimin-o9g,UCOBxVKbLpYnf1brrtycUJpA,0,,https://yt3.ggpht.com/ytc/AIdro_neAWLH7sZOed0nxggmhltv1elkeHlOQumeJrdVd-uJprIR_0tQYDxrh34wywukW1kbeQ=s88-c-k-c0x00ffffff-no-rj,False,False,1781583474.925546
UgzCgVlOG5jTEJNTNut4AaABAg,Mbg.memperkaya org2 yg menurus mbg.terutama di 0emerintahn kabupaten ke bawahanx.dr pusat tidak tahu permainan pemerintahan di bawa itu licik.contoh dr dulu dana desa.kalau pemerntah desa kerja yg bagus tiap tahun ada dana desa tp tidak ada desa yg berubah mala tamba buruk.kana dari pengus hanya menerima hasil bukti kenerja desa tp tdk pernah turun lapangan untuk cek bukti fisik kerja hanya terima laporan selesai sama juga kementrian dtg hanya cek di kabupaten langsun pulang tdk pernah turun lapangan untuk cek fisik kerja itu indonesia tidak maju2,1 day ago,@emabangan9990,UCwIznCL_-gL0ia6s2TVpyUw,0,,https://yt3.ggpht.com/ytc/AIdro_kFKyUfpTt-g7ZZ-6LZ1sANP6791YgWTIsbAPxggknb2p4vMYee8SivclGdDEQnvFVPyg=s88-c-k-c0x00ffffff-no-rj,False,False,1781583474.927049
UgzBGl8P5gw5rZKV1Hd4AaABAg,"Hentikan nbg pak Prabowo , kami masarakat Sumbar  gak setuju,",1 day ago,@pianpian7746,UCs08CgvlYKNbzfn-VYuX7TQ,0,,https://yt3.ggpht.com/ytc/AIdro_nOWe4S6b29fbPkg93PDibrKRQTYWczUyLo_mKEpzpASZp98SZsf1etvnv92v_B6OhtLA=s88-c-k-c0x00ffffff-no-rj,False,False,1781583474.92849
UgyrGXsFd8kogyOYkTN4AaABAg,"Hentikan nbg pak Prabowo , kami masarakat Sumbar  gak setuju,",1 day ago,@pianpian7746,UCs08CgvlYKNbzfn-VYuX7TQ,0,,https://yt3.ggpht.com/ytc/AIdro_nOWe4S6b29fbPkg93PDibrKRQTYWczUyLo_mKEpzpASZp98SZsf1etvnv92v_B6OhtLA=s88-c-k-c0x00ffffff-no-rj,False,False,1781583474.929987
UgyLXfy2k67gT_sXcwd4AaABAg,Setuju pak hentikn mbg karena sdn 17 marau kec marau kab ketapang kalbar belum dapat mbg,1 day ago,@ApreanusBayah,UC-zyiK7AIq54zfwO3FNt73Q,0,,https://yt3.ggpht.com/ytc/AIdro_nzf_38osY0eh7aPQbfKu6wRof-DTAs7pSaNm9ZMqGPUJFfWyS5SFzzSHFBOz2qGsV8gw=s88-c-k-c0x00ffffff-no-rj,False,False,1781583474.931449
UgzjXcnCg6yzIDC6IBx4AaABAg,"Udalah -- mbg -- stop aja -- berapa lagi yg korupsi 
-- Prabowo ga mikir",1 day ago,@dawehlombang-b9p,UCutpEgyC-8iG0VOode713bQ,0,,https://yt3.ggpht.com/ZE2y1Mgf6YtmhalxYfEjictO4DRxg70RncKWjMQoXzpnRz2Yp2YVFnP4ZrfPM_1RX3_wUbhv=s88-c-k-c0x00ffffff-no-rj,False,False,1781583474.932849
UgzsvwGfrXvSV3MV4Yd4AaABAg,anggota DPR yang vocal sekelas irma chaniago..pasti terlibat dengan kasus korup BGN,1 day ago,@winowin-h9r,UC-zk5il3lOsNUMjncKKcEvw,0,,https://yt3.ggpht.com/ytc/AIdro_lhECC33c8hcwpk-BEPThgXYVUlDI1HZ-W8-RtX4iWArbusya0GUTQfNsrDBlPGt0Moog=s88-c-k-c0x00ffffff-no-rj,False,False,1781583474.934241
UgwzD2MC3uuu_8A2QFN4AaABAg,Partai yg banyak korupsi juga harus dibekukan atau dibubarkan.,1 day ago,@LanaRetail-d6f,UC_RA_CfevnoEV6UolBThB2Q,0,,https://yt3.ggpht.com/ytc/AIdro_kx1S6OCnuVxADs8_eeF8cmwtZB-2mv9KkoBLbifF3_VKFhmKemilEL1SeVcrFS-c7LGQ=s88-c-k-c0x00ffffff-no-rj,False,False,1781583474.935658
UgwxIb9Omq0DRTgj2Qd4AaABAg,Tersangka kok korban piye ray pengamat ngawur,1 day ago,@SuraTemi-q7o,UCGBjvIsZG4exqEa1Zq7ubEg,0,,https://yt3.ggpht.com/ytc/AIdro_kRdiwgGASa43GPYT-c3Z6MApteJOGOBXuLd7u6TpOt2CJm9iQ6p6u16RMmQYwe-Tke3g=s88-c-k-c0x00ffffff-no-rj,False,False,1781583474.937097
UgzFy9hwcWccN_pbgxx4AaABAg,"RUGIIII NGOMOOOONG, SAH KAN SAJA UU HUKUMAN MATI DIMISKINKAN, PASTI MAJU INDONESIA",1 day ago,@Wanpurtha123,UCdVsTKXSafDqWSuxX_Z2X-Q,0,,https://yt3.ggpht.com/ytc/AIdro_nNwN3M1NRuI8VqJJoeYZGsBzTA-eRrybR_bgLae8t4q9uss4ZmbKr0OLmr82Sk_0zgHg=s88-c-k-c0x00ffffff-no-rj,False,False,1781583474.938533
UgxIUVunpVGJi0kcBNB4AaABAg,"MBG ITU MAKAANAN YANG SANGAT BERGIZI BAGI PEJABAT DAN PENGUASA, DPR  DedemitDatangDudukDiam.",1 day ago,@suprayitno2930,UCOa-u31bb-HxOhpaNkMy55w,0,,https://yt3.ggpht.com/rW6_ZbG8B61DqwZO1C_ZyjjXtlRQ80Ks_AM1PPjmAb_NRuPRn4sf2M9t4AsRwAE3JDSEOQa6Cg=s88-c-k-c0x00ffffff-no-rj,False,False,1781583474.94
Ugz6dfgBHFW5WFYF4C14AaABAg,Hentikan MBG DAN KOPRASI MERAH PUTIH.DAN MISKINKAN KOROPTOR MBG,1 day ago,@SunArto-h5r,UCqxmqV3HuewIighIat2_brg,0,,https://yt3.ggpht.com/ytc/AIdro_ln-9HYXgytSDFQbDRDb_rgH6bzytH6hE2dknWeVZrk6K8go1x19Eeds3jB779sjKtoDw=s88-c-k-c0x00ffffff-no-rj,False,False,1781583474.941419
UgxSVh9J4QaW-1pjhjN4AaABAg,GK usah di debat kan karna pemerintahan Prabowo telah membangun koroptor,1 day ago,@SunArto-h5r,UCqxmqV3HuewIighIat2_brg,0,,https://yt3.ggpht.com/ytc/AIdro_ln-9HYXgytSDFQbDRDb_rgH6bzytH6hE2dknWeVZrk6K8go1x19Eeds3jB779sjKtoDw=s88-c-k-c0x00ffffff-no-rj,False,False,1781583474.942892
Ugywr3X0AK51s66-biJ4AaABAg,Yg penting hentikan MBG KOPRASI MERAH PUTIH,1 day ago,@SunArto-h5r,UCqxmqV3HuewIighIat2_brg,0,,https://yt3.ggpht.com/ytc/AIdro_ln-9HYXgytSDFQbDRDb_rgH6bzytH6hE2dknWeVZrk6K8go1x19Eeds3jB779sjKtoDw=s88-c-k-c0x00ffffff-no-rj,False,False,1781583474.944414
UgwuBgoO-wZ74vzlyql4AaABAg,Pejabat gak berani mengoreksi program MBG takut sama Prabowo,1 day ago,@sridomini7806,UCMZ9Lm-LvThGZh_gPZiekqg,0,,https://yt3.ggpht.com/ytc/AIdro_nlBilyjMA1U52oKK26XZ_UcnniCFBmVBEaZcWRZocnDN18ZKMnESUSGCHsm8S0Thv9RQ=s88-c-k-c0x00ffffff-no-rj,False,False,1781583474.945847
UgxPhxXLnQuXKAuGE-l4AaABAg,Nenek irma ini kapan di tangkap,1 day ago,@GilbyWira,UCd4HuwsjaizfiaNEyi6kCVQ,0,,https://yt3.ggpht.com/ytc/AIdro_nxD7eTXBA5iUaLZmCQrPDXyKw9eMZ7JKRriegncRoCnn_XRrAEQ7ckpgil4YDZdF1_DQ=s88-c-k-c0x00ffffff-no-rj,False,False,1781583474.947255
Ugw4-eE22csIY8iUAgF4AaABAg,di hentikan enak aja masyarakat kecil sangat mengharapkan sekali,1 day ago,@lukmanudin7677,UCz2aLINtS1p2r0_6pXx25BQ,0,,https://yt3.ggpht.com/ytc/AIdro_nxMusYOshjCAeD1E5cB-v8_HTbCHBiZVsl7OXhGTyxmWSWQ5RBwYvERFVkc_fUGtejGA=s88-c-k-c0x00ffffff-no-rj,False,False,1781583474.948686
UgyIzixxX34_gFHSErV4AaABAg,"Mbg dan kdmp harus hapus, sdh per mn ah ada b u mdes, tp ma mn a hasil n ya kosong, kdmp aksn memunculkan buah simalahkamah",1 day ago,@JamhiddinJamhiddin,UCrNHMuN3x5VsFIyghxEVslg,0,,https://yt3.ggpht.com/ytc/AIdro_ktf9w-_Y-Ykk2WaCOrvRvto-DqwRfZrCwkWm-etOgO-lhcHcpTYkUtyPAuK6d42C4TAw=s88-c-k-c0x00ffffff-no-rj,False,False,1781583474.950125
UgyZn834tIAodP5N6bR4AaABAg,❤❤❤❤ini yg betul bos ku stop mbg karna ekonomi  kacau balau susah cari duit cari makan sulit pekerjaan sulit,1 day ago,@masranmohani,UC9kNWGaUHhRR2SHlL8iJPfA,0,,https://yt3.ggpht.com/ytc/AIdro_kexSU46w6cYLAw7n2skj-kjy6uv4tRLz7Q3K1rsh5kWb6z0DWyfRdUElppkPxsBgt36Q=s88-c-k-c0x00ffffff-no-rj,False,False,1781583475.17086
UgwbuuaTPJuAj5AI3wJ4AaABAg,Pantas semua makan duit haram semua,1 day ago,@cecepkusno9339,UCm2yDRS-Ia91PLilWCS-pWA,0,,https://yt3.ggpht.com/ytc/AIdro_k2MBvG9XLwRN9If4YzA0VF87BhAwOctBy8L32dSbG-AmH722OkziMXKiHaJkuGXf4ZlA=s88-c-k-c0x00ffffff-no-rj,False,False,1781583475.172496
UgwapLIpkODmMn4OSfh4AaABAg,Hai lain dilapangan masa sekolah mau di jadikan  koprasi merah putih,1 day ago,@cecepkusno9339,UCm2yDRS-Ia91PLilWCS-pWA,0,,https://yt3.ggpht.com/ytc/AIdro_k2MBvG9XLwRN9If4YzA0VF87BhAwOctBy8L32dSbG-AmH722OkziMXKiHaJkuGXf4ZlA=s88-c-k-c0x00ffffff-no-rj,False,False,1781583475.174054
UgzKAyUjbzJdGHsGTIx4AaABAg,Terlalu lama .DPR itu ber beli Belit  kalau hak.angket karna DPR juga banyak  makan uang haram,1 day ago,@cecepkusno9339,UCm2yDRS-Ia91PLilWCS-pWA,0,,https://yt3.ggpht.com/ytc/AIdro_k2MBvG9XLwRN9If4YzA0VF87BhAwOctBy8L32dSbG-AmH722OkziMXKiHaJkuGXf4ZlA=s88-c-k-c0x00ffffff-no-rj,False,False,1781583475.17552
UgzhxpJvsZdpPB4I58R4AaABAg,Gmn buat apa ada DPR  ko jeli Rakyat malah,1 day ago,@cecepkusno9339,UCm2yDRS-Ia91PLilWCS-pWA,0,,https://yt3.ggpht.com/ytc/AIdro_k2MBvG9XLwRN9If4YzA0VF87BhAwOctBy8L32dSbG-AmH722OkziMXKiHaJkuGXf4ZlA=s88-c-k-c0x00ffffff-no-rj,False,False,1781583475.176981
UgxTrkcIClsWaofcaUB4AaABAg,Bos itu 1 mil Yar perhari korup nya,1 day ago,@cecepkusno9339,UCm2yDRS-Ia91PLilWCS-pWA,0,,https://yt3.ggpht.com/ytc/AIdro_k2MBvG9XLwRN9If4YzA0VF87BhAwOctBy8L32dSbG-AmH722OkziMXKiHaJkuGXf4ZlA=s88-c-k-c0x00ffffff-no-rj,False,False,1781583475.178426
UgwPNe2JKxgw3qV8tcJ4AaABAg,"Irma suryani chaniago ,hati"" mamamu pernah Di sebu Dalam Kasus MBG",1 day ago,@AtaAti-k8v,UCdrAL17xKbavFAvvZ2qGs3w,0,,https://yt3.ggpht.com/ytc/AIdro_lqULl_zl4kd2Kqu-NGfQAeRgktPwzB-Z0A1Snc5T96-MRs7PMnyyGHCmsAyOOuHNpt5Q=s88-c-k-c0x00ffffff-no-rj,False,False,1781583475.179833
UgzLHWd9zj6Ucca6pdN4AaABAg,"Hentikan Mbg atw tunda MBG  krn disinyalir sbg gudang korupsi, dananya sgt besar.ratusan trilyun.Lbh baik stop Mbg  yg bocor.STOP mbg",1 day ago,@marsudi53,UCGM2oFlUiolveifh0nXxdyg,0,,https://yt3.ggpht.com/ytc/AIdro_lkd0rxDNf5fMK_UoPYRhOsgwNtwY9ZOs1KY-dpA5QhVhAqxMEwBKhHbjPdHHUvhecsUw=s88-c-k-c0x00ffffff-no-rj,False,False,1781583475.181307
Ugw-cggbeSAsB5iE4Vt4AaABAg,Mbg itu uang NKRI lebih atau hutangan dan program lain tidak terbengkalai adanya mbg kan mbg itu habis namanya dimakan bukan produksi,1 day ago,@EliHerlianti-e9x,UCWHC-AqHdzeNDAAJCUsHykA,0,,https://yt3.ggpht.com/ytc/AIdro_mRLHDd8NjgcJzYOjfocI0lyyr-4xsFWa2Rk1N3X8UlnC_JG2KQE1IaoSm4cR9C7ymAZA=s88-c-k-c0x00ffffff-no-rj,False,False,1781583475.182709
UgyuZ62yDXUHWb3IuLN4AaABAg,Guntur romli tak pantas  kader pdi. Kalau pdi mau jaya,1 day ago,@hariakbar9716,UCFhWrUg24DyNafk3F0QGEuw,0,,https://yt3.ggpht.com/ytc/AIdro_nAt6g6WaKLnrN3laVMdZGBKMMxqX-BzkMoyE5xwPrSmvVSfviAg4AXAEXzSqB9NDNuyg=s88-c-k-c0x00ffffff-no-rj,False,False,1781583475.184194
Ugwreh1_3FA2jb2vr8J4AaABAg,Kasus Vina Cirebon kalo Kapolrinya adil dan tegas rudiana udah dicopot itu jadi polisi,1 day ago,@nisanbagol4317,UCWAGGuQALlhDnUROpzASV1w,0,,https://yt3.ggpht.com/ytc/AIdro_l1SnR0vUZTCUS_Yb9fv-HbhhbyZExwNVgRAN5_53g=s88-c-k-c0x00ffffff-no-rj,False,False,1781583475.185681
Ugyk-Ssd3U5u1Nuv54x4AaABAg,kami sbg rakyat kecil hrs ny DPR yg dibubarkan bkn MBG,1 day ago,@jiatobaelah6532,UCdY-8L_xlxzyRawRKO_saGg,0,,https://yt3.ggpht.com/ytc/AIdro_n5CE76MVQkMhu6a4iK8az9kQPv_kPr-iuQ5nXhdG29qrENWaHeBnsbgnZdiKIuS-Wfkw=s88-c-k-c0x00ffffff-no-rj,False,False,1781583475.187132
UgyXpCICNa4FhMz23EB4AaABAg,Mbg nafsu maksa padahal rakyat ekkonominya hancur berkeping keping yg ddkonominya jalan rakyat elit doang,1 day ago,@Suyuti123-y6x,UCaZCDkYhVbs-lRYunnJVJPg,0,,https://yt3.ggpht.com/ytc/AIdro_neAWLH7sZOed0nxggmhltv1elkeHlOQumeJrdVd-uJprIR_0tQYDxrh34wywukW1kbeQ=s88-c-k-c0x00ffffff-no-rj,False,False,1781583475.188646
UgzwSyXnH_4blc95jkB4AaABAg,🙌🙌🙌🙌 Berdoa semoga Indonesia kembali sehat,1 day ago,@AdenHernan,UCkx8d7CtTre8lP54oeDXUsA,0,,https://yt3.ggpht.com/ytc/AIdro_nLOZiVoOnOY9sRG6PEfbeJQZgNEc94Ld_-R0YhapW-QHpFlNNHtQIwpPu8VJKX5wVYKg=s88-c-k-c0x00ffffff-no-rj,False,False,1781583475.190534
UgyE21yUerb1KhNjnbh4AaABAg,Pangacara dadul biarkan Soni di adili jaksa lebih tau.,1 day ago,@MbahMinto-x2w,UCD0SEdlpds4Moa3u5brtTDw,0,,https://yt3.ggpht.com/ytc/AIdro_meZQDvkVwIytlz05tUr4sKYRoxduo30MYm6fDWZDFwo5Dx5x44u4bpmQY2f_R4uW4yGQ=s88-c-k-c0x00ffffff-no-rj,False,False,1781583475.192179
UgyQczyLWe0e7eQzceR4AaABAg,Bgtu besarnya uang negara indonesia  sampai ga habis2 dri dlu di korupsi dan itu uang rakyat,1 day ago (edited),@rubycamilo8656,UCTEvGruq8iiXm-1dVCBz4eg,0,,https://yt3.ggpht.com/ytc/AIdro_nhoOi8Lhcr7w0l0Ur6N0ern1n6gqe49p8sDZDsXjKezsAllwS3frRAi1p45L_qVDrCfQ=s88-c-k-c0x00ffffff-no-rj,False,False,1781583475.193661
UgxikX6EwhMT2RHSDNB4AaABAg,Bgus apo buk irma.setiap orang tu beda2 liur.jgn disamakan setiap anak.,1 day ago,@MuzamMil-g3h,UCMSVITcm55CjBsCJEjNesGg,0,,https://yt3.ggpht.com/ytc/AIdro_nQnix-VeJ6EdB4XIG9FFgrkb8_vpSDP2Ft1Cp8cNbPAPogyXsBLaYw96po1fV2IWNUFw=s88-c-k-c0x00ffffff-no-rj,False,False,1781583475.195132
UgyEno8kYCLZZrF_Db54AaABAg,🎉❤program ini semenjak preden Soekarno semestinya suda di laksanakan karna program ini bagus demibgenerasi sehat dan pintar🎉❤🎉❤,1 day ago,@MuhamatTohe,UCUBpsDUMyD_FY2vSPTIMKsg,0,,https://yt3.ggpht.com/ytc/AIdro_m5DHdJOQs40hzoitGNZg5x-fmV6OYmJoszNAslGR0idT_rVnRjRUDprHsTC8XFm7CrIA=s88-c-k-c0x00ffffff-no-rj,False,False,1781583475.196557
Ugw2iDLU1KyOqGzOLOR4AaABAg,🎉❤MBG ITU PROGRAM LUAR BIASA SIAPAPUN PRESIDENNYA PROGRAM DINLANJUTKAN SELAMA NEGARA MADIH BERDIRI DEMI GENERASI BANGSA SEHATDAN CERDAS,1 day ago,@MuhamatTohe,UCUBpsDUMyD_FY2vSPTIMKsg,0,,https://yt3.ggpht.com/ytc/AIdro_m5DHdJOQs40hzoitGNZg5x-fmV6OYmJoszNAslGR0idT_rVnRjRUDprHsTC8XFm7CrIA=s88-c-k-c0x00ffffff-no-rj,False,False,1781583475.198026
UgwDpjWYnXSY21wCTrB4AaABAg,"IRMA SEHARUSNYA DI RUMAH SAJA, GAK USAH IKUT IKUTAN NGURUSIN NEGARA.",1 day ago,@muhammadkahfi9833,UCrz6b7i70d-24Zro1gPnPNw,0,,https://yt3.ggpht.com/ytc/AIdro_k4QBY3AgjLvbaWOt1pokbce0KS60Pa0XIhJvXAV1w=s88-c-k-c0x00ffffff-no-rj,False,False,1781583475.19948
UgyMg-pyWYURQlkEaDt4AaABAg,Mbg sevenarya bagus tpi pengawasan sangat kurang,1 day ago,@Suryadi01-c9x,UCD3kHmBEveyljMsEr8pD_Zw,0,,https://yt3.ggpht.com/ytc/AIdro_neAWLH7sZOed0nxggmhltv1elkeHlOQumeJrdVd-uJprIR_0tQYDxrh34wywukW1kbeQ=s88-c-k-c0x00ffffff-no-rj,False,False,1781583475.441642
UgxDLyolImUuuYE99rh4AaABAg,Kalau ada kekurangannya di benai baru ok,1 day ago,@sumiyatijingglong6495,UCFbQG7JuzXIAw2Asyr0AgeA,0,,https://yt3.ggpht.com/ytc/AIdro_nlBilyjMA1U52oKK26XZ_UcnniCFBmVBEaZcWRZocnDN18ZKMnESUSGCHsm8S0Thv9RQ=s88-c-k-c0x00ffffff-no-rj,False,False,1781583475.443222
UgzCqtAaADMd0oXPnFJ4AaABAg,"gakusahdi debatkan bubarkanaja mbg,",1 day ago,@paimanpak8759,UC0kyAU5Uc3INc1B7IC5_iew,0,,https://yt3.ggpht.com/ytc/AIdro_lRyZkwPw0x7IAtIsr3h8RD7OLQiMj64AT9z9wg5IdKOvALoEa8EA9SKI35G023QyLAFA=s88-c-k-c0x00ffffff-no-rj,False,False,1781583475.44467
Ugz7_oTUynFg-Jg-SoN4AaABAg,MBG jangan bubar karena ini program yg sangat menyentuh masyarakat banyak hanya tindak tegas pengeliola yg tdk sesuai stabdart dan aturan yg di buat,1 day ago,@TopioSunang,UCApVQaKsrly3KFcUu5oQ6uQ,0,,https://yt3.ggpht.com/ytc/AIdro_kq6YXb49jimZm2YludLYcB7k8cNgTm_4PC3ukkjBS36lsG88gBf4yVReewSB8_5Sc-1A=s88-c-k-c0x00ffffff-no-rj,False,False,1781583475.44612
UgzlMWacowATw_GYGd14AaABAg,"ITU BENAR , HENTIKAN DULU MBG, TAK PERLU NGOTOT, PERSIAPKAN DULU SEGALANYA DENGAN BENAR, KARNA TIDAK SEMUA RAKYAT MENERIMA ADANYA MBG KARNA ALASAN DAN KONDISI TERTENTU.",1 day ago,@darwanto9360,UCj88R8TNepSLVVuCp2E3XEQ,0,,https://yt3.ggpht.com/ytc/AIdro_mO-FmweL8y1uNqqNcUDZ4M2Un4LX2rU-rFLpju9-lPnEwniZbZVQiSSLxwVY_IJGv2Ww=s88-c-k-c0x00ffffff-no-rj,False,False,1781583475.447571
Ugwsgq5eKDXdOFRIQ3R4AaABAg,pdip. iri ga ikut makan. mbg. msksnya minta mbg di hentikan,1 day ago,@Lusino-t5x,UCp1xUypOmXfnIPtAGH9iF4Q,0,,https://yt3.ggpht.com/ytc/AIdro_lH1zJmlsA1WqGJZyMpgTbIfXRnmiC714MlofQqnMaTuRgkpG4o42a60HhOGPyJpAPAuA=s88-c-k-c0x00ffffff-no-rj,False,False,1781583475.448993
Ugz8pgVlWS-B1uMOHuB4AaABAg,Program itu kalau gagal harus di hentikan apapun alasanya,1 day ago,@MarzukiManna,UCEqw7XfoNwoEbDGarz9ZpeQ,0,,https://yt3.ggpht.com/ytc/AIdro_lCcLaQxWcvI2EGO1Yx8JghVogwuIvweQtKO2WljVQO8Z9U-9WIqXep9b4I_4RwnbLfMQ=s88-c-k-c0x00ffffff-no-rj,False,False,1781583475.450482
UgzLNNJEpf7wbAVwwBl4AaABAg,"Kalo program ini di fokuskan untuk wilayah 3T, keluarga yg tidak mampu merujuk dari data RT/RW, khusus ibu hamil dan menyusui saya setuju. Tepat sasaran untuk yang membutuhkan.
Dan jangan lupa, negara wajib hadir untuk membuka lapangan kerja seluas-luasnya. Ini termasuk tugas pokok negara untuk menciptakan rakyat yg sejahtera.
Jadi jangan sampai kasih makan tiap hari sekali tapi mengesampingkan kebutuhan pokok yang lain.
Pendidikan, fasilitas kesehatan, perkuat swasembada.",2 days ago,@krhaditya19,UCHNhTKnuxXh3kwWiAOMoHkA,0,,https://yt3.ggpht.com/6Me9ptpAJ_TVpzpa19ZG58Sn0eJvM3vxEU6uC8bIoKLV6So8-DY77vL_UK2rA8Af_9u278cF8g=s88-c-k-c0x00ffffff-no-rj,False,False,1781497075.451924
UgzUbDc9I9MpZGgnr8d4AaABAg,"Tata kelola boleh saja ketat ada juklak,juknislah, tapi sayang manusia manusianya tidak beradab,tidak berakhlak, beretika dan beriman, sehingga banyak maling.",2 days ago,@CuanHong,UCdU_95agMQ0BwdUKtnHBHQA,0,,https://yt3.ggpht.com/ytc/AIdro_njv5bj96nXZPdVSGWFsAya7ecRhM4u_78FX5cOyq1Aefxs0LYhy-CVDYRCpSNnYeaQwA=s88-c-k-c0x00ffffff-no-rj,False,False,1781497075.453328
UgxCYNfVysHmKPuixf14AaABAg,"MBG HRS JALAN TERUS KRN BYK MEMBANTU RAKYAT JELATA, RAKYAT KECIL, RAKYAT MISKIN",2 days ago,@MMMnr-zk4tu,UCv7GXtC8ce_f6-n-fNLIasQ,0,,https://yt3.ggpht.com/ytc/AIdro_kAvXwKhF9W-758960a9XjLrXxvSdrZkX4XZl0vZ0CotMcCwuJe0HKveyMX8NMWQ9UFfw=s88-c-k-c0x00ffffff-no-rj,False,False,1781497075.454731
Ugw4cOMWMBD_rp1SV7x4AaABAg,Ini mantap,2 days ago,@idriskumbiq8937,UCVNIQkFlvzE0ZvNk07rrEvg,0,,https://yt3.ggpht.com/ytc/AIdro_mvPkN4pTI3_QS_pK_V4UEjIi5E3bobGnrxeH2hwuYJcoKNycRdn5dm_gRn6M9cMN05mg=s88-c-k-c0x00ffffff-no-rj,False,False,1781497075.456182
Ugy2o04taTsKVUCdyBN4AaABAg,Hentikan mbg buka lapangan kerja itu pempimpin yg hebat,2 days ago,@suryatisuryati3027,UCtMY-6zpmW_QU_bWOsUAmgQ,0,,https://yt3.ggpht.com/ytc/AIdro_k82QyAI4bPkllTGYW1uAh9g2F373PAH3byJC8f1I0FsxpqxMTd2Pi9ZMx0zq4opKmx6Q=s88-c-k-c0x00ffffff-no-rj,False,False,1781497075.457598
UgygxClil_CI1ltVTtF4AaABAg,Yg bicara itu dapurnya banyak,2 days ago,@MurtiJasmani-b2t,UCflhCpARWEaCy-fhI51auXw,0,,https://yt3.ggpht.com/ytc/AIdro_lkd0rxDNf5fMK_UoPYRhOsgwNtwY9ZOs1KY-dpA5QhVhAqxMEwBKhHbjPdHHUvhecsUw=s88-c-k-c0x00ffffff-no-rj,False,False,1781497075.459017
UgwjlYod5aYHyJzEv5Z4AaABAg,"MBG tidak efektif,pola makan yang sehat dan bergizi itu bukan mbg ,makanan yang sehat sesuai kebutuhan masyarakat",2 days ago,@victormetan-z1n,UCWoAMxnYI9E8DBKJlgpUCIA,0,,https://yt3.ggpht.com/ytc/AIdro_kGbNRfgwCBQHPVgrPHoL6-51GXSHMVnb-6V59MqDJ-LTY-mVEom4ONTaITWbrkuFIiYw=s88-c-k-c0x00ffffff-no-rj,False,False,1781497075.460495
UgwlMMbVA9N6Bch5bKl4AaABAg,Bu Irma kalo hanya mikirin pro gramnya bagus itu semua tetapi pelaksanaan banyak ce lah untuk melakukan korupsi itu yg dipikirkan dan dari awal kan untuk peningkatan gizi ba gi anak krg mampu tetapi nya tanya anak orang kaya dapat walau hanya di buang di tem pat sampah yg paling bagus itu yg di amanatkan di UUD 45 mencerdaskan bangsa,2 days ago,@SuwarJoko,UC5EVQouZKpmp_1aZ0k4kwmA,0,,https://yt3.ggpht.com/ytc/AIdro_mbdw79JGc5mlEFb4L_fDS_eNfnZ3cB5TODqlDQLt_5YWQ-7_FLklstw7UB2tMe0YfK6w=s88-c-k-c0x00ffffff-no-rj,False,False,1781497075.461939
UgyK20Mf8FC4WKiBCTd4AaABAg,Bos yg masuk akal saja bos mau efisiensi kok tambah ke mentrian dan lembaga lihat aja di BGN pembelian yg tan pa sepengetahuan DPR atau konsultasi gimana itu pak,2 days ago,@SuwarJoko,UC5EVQouZKpmp_1aZ0k4kwmA,0,,https://yt3.ggpht.com/ytc/AIdro_mbdw79JGc5mlEFb4L_fDS_eNfnZ3cB5TODqlDQLt_5YWQ-7_FLklstw7UB2tMe0YfK6w=s88-c-k-c0x00ffffff-no-rj,False,False,1781497075.46352
UgwUjHc3FU_bTS4UnrF4AaABAg,"Jangan hanya cerita kalau mau tau paktanya turun ke daerah langsung tanya ke masarakat 
Yg membela mbg karena ada saham di dalamnya",2 days ago,@tumanggoraja239,UCGgPzN2t6vSwnFsYheUQHtg,0,,https://yt3.ggpht.com/ytc/AIdro_nqY349uGO8-guoFU7VjV4Mgo5MDiBoJttejLdIAMwZTIDAbvfUFR0GStlO18CBzTCYGg=s88-c-k-c0x00ffffff-no-rj,False,False,1781497075.464991
UgzqbgEUvaD3kNpAUPF4AaABAg,MBg dan kopdes ini biang kerok kurupsi besar2an,2 days ago,@dahambky5503,UCnSnz9_QuVdW-XYrjbHfLAw,0,,https://yt3.ggpht.com/ytc/AIdro_nsY7Wz66Qkthpw8X7S-QjH6rLsZ8W4MCt8yLMHraVlOilDEr_euLO-DWFfReOv4gst5w=s88-c-k-c0x00ffffff-no-rj,False,False,1781497075.466428
UgzjmOJ_dfsIhMz4o1t4AaABAg,"Dpr tidak ada uang pengawasan, makanya dia dak mau tau",2 days ago,@dahambky5503,UCnSnz9_QuVdW-XYrjbHfLAw,0,,https://yt3.ggpht.com/ytc/AIdro_nsY7Wz66Qkthpw8X7S-QjH6rLsZ8W4MCt8yLMHraVlOilDEr_euLO-DWFfReOv4gst5w=s88-c-k-c0x00ffffff-no-rj,False,False,1781497075.467857
Ugw147_SSiInYLB39A54AaABAg,"Betul, MBG hentikan ganti program kerakyatan yg lain",2 days ago,@sururihasyim1454,UCzqVgG4CMWp1wJZo2P2H5bA,0,,https://yt3.ggpht.com/ytc/AIdro_noKJVFC8tgMxDLbVtr-CFc-w8DFd9pfO3zkH8UbSk=s88-c-k-c0x00ffffff-no-rj,False,False,1781497075.469352
UgybAMuEggHH9AfwCYV4AaABAg,Kali ini saya s7 aspirasi PDI-P,2 days ago,@FaustinaSedoseda,UCMShb_lkvVHoWG0iRid32cg,0,,https://yt3.ggpht.com/ytc/AIdro_nEK1kbF7CC8jzmxy5AOsGznV0V8U7waLwCm7EBugLuJA6Zhn2wYaW4DejMrvW3aNbXFg=s88-c-k-c0x00ffffff-no-rj,False,False,1781497075.670147
Ugw3EIYE8DOzZmd80Id4AaABAg,Mbg bukan memberi gizi TPI membunuh ekonomi rakyat Indonesia secara perlahan,2 days ago,@rembulan_desa5943,UClu2yoLeJYcCWTrW94aAXmQ,0,,https://yt3.ggpht.com/HA73iI0CRdgfAkqCgtB9KMfknaGSqXdYJg9_6DttI4f6_qb7An-M0UmufXTy1LXwR88W_ptZ=s88-c-k-c0x00ffffff-no-rj,False,False,1781497075.671897
UgyhQ1vTZ0JCdLBvh2h4AaABAg,Apapun program.kalauitu hak.orang.banyak bukan.milik.pribadi.bilahterjadiygbanyakruginya.stop.alihkan.ygterbaik.yg.mengutungkan,2 days ago,@MYamin-u7h,UCoBPsyIt8arCbmg2Jrhygiw,0,,https://yt3.ggpht.com/ytc/AIdro_kIB5IA6ctvzva_sdiR-wLzAe7GYZepYXonq7FFVmg1fN0SLFqcdgNA01BzkaRlSJ-oHg=s88-c-k-c0x00ffffff-no-rj,False,False,1781497075.673443
UgwHkyapy1lFY-J5C5N4AaABAg,"Grombolan yg kalah nyapres 
Byk omong 
Byk permintaan 
Byk protes 
Byk yg sosoan ngatur pemerintah 
Emang TNI polri ga boleh usaha lain 
Otak pake otak' yg penting usaha nya terbuka fer",2 days ago,@DediDed-u9b,UCzVuA6RwuygUAYRjakDlWzg,0,,https://yt3.ggpht.com/ytc/AIdro_koRtQTuIwjQ4FP3RZVg1uE66PaOdUeqFgH8lWkw-1bt37GjlJuRBJ7yTL7l5mFm3VeNQ=s88-c-k-c0x00ffffff-no-rj,False,False,1781497075.674879
Ugx3V0cTO86EMqB6Xlh4AaABAg,"Ibu Irma pembicaraan anda Normatip biasa biasa saja tidak ada solusii, seolah olah yg penting anda ataupun paraksi anda sdh menyurati BGN, jadi makasut anda sudah di undang tidak mau datang ya sudah gitukan Bu. Cukup Rakyat tau dan akan kami tonton bagai mana akhirnya dan siapa yg terlibat ???????",2 days ago (edited),@syarifhidayatkujang4923,UChBoKNsp7Jq9g8UgZtsIM9g,0,,https://yt3.ggpht.com/ytc/AIdro_n1UBH2NoygmbQV9CJ63rFXYYiQsGubuROGBfi7SNQ=s88-c-k-c0x00ffffff-no-rj,False,False,1781497075.676381
UgxGXJixdtxbP_SJcsh4AaABAg,"Sangat setuju mbh d hentikan
Mendingan bantuan tunai biar GK bisa d korupsi😊",2 days ago,@AbdurRahman-i3b9n,UCD1UaaadUIJtMJHS0ejwcvA,1,,https://yt3.ggpht.com/ytc/AIdro_meYAh6NPkc3qZ9RQbztfozX2jknUqc69hcasQTLZa7CCWY6MHmzRI1I6I59gYFhEiQXA=s88-c-k-c0x00ffffff-no-rj,False,False,1781497075.677835
UgyjeRPl3_WFt9HhU1N4AaABAg,Irma caniago itu itu termasuk pelakunya maling nya,2 days ago,@sugiriyanto-o9v,UCdKPU2hnInYdcS7JQsp1PzQ,0,,https://yt3.ggpht.com/ytc/AIdro_nnWyI9ZIwY8XwzFa-TgG_Z95jdIMXQuPsgareOa-NCcu6-s_gUG77pfFi_biP2zhc2jQ=s88-c-k-c0x00ffffff-no-rj,False,False,1781497075.679288
UgxWpV_hyFVZW1Ym5J54AaABAg,"YA UDAH DPR GAK USAH PANJA PANSUS CUKUP DATANG DUDUK DIAM TUNGGU GAJIAN TIAP BULAN, GAK DATANG NGANTOR JUGA GPP LAH SPY HEMAT LISTRIK GEDUNG DPR",2 days ago (edited),@AntiPerusakNegara,UCKTqsyuKCFdyrLo7fPbzzIQ,0,,https://yt3.ggpht.com/ytc/AIdro_n6ZBBa_3wssvZ-3uYejR-pYif7bZ3F-sJr33JSyktwwYCCLRkkFCHIjZW7Up1yAzVU4w=s88-c-k-c0x00ffffff-no-rj,False,False,1781497075.680704
Ugy7oKRIY9q8eFtz5G14AaABAg,"Guntur romli bicara nya jelas. Dan benar.
Irma kayak nya bener2 terlibat ni. Ngak keras seperti biasa nya",2 days ago,@WeniSushi,UCZITyydSdkAXbOsHK2Swkhg,0,,https://yt3.ggpht.com/ytc/AIdro_lS4rTS_NUWN9GQsoRf_gUsflV7YbmKryNGqK5J7xWOIt3AtHQVn0Ahc6cAWoAyQVqJvQ=s88-c-k-c0x00ffffff-no-rj,False,False,1781497075.682152
UgwakHhShJF9FpqR8PN4AaABAg,Bersama Garong Negara (BGN),2 days ago,@SundaasliPisan,UC4nrviwOWTrNMPjCcMYCV2g,0,,https://yt3.ggpht.com/_9zHUKFcD4zab_ZMgvjwIzVQVryD8TXya_60-vd8WdOxyrze5vJ9_5rNSzgqADUC_6JdH1_DHQ=s88-c-k-c0x00ffffff-no-rj,False,False,1781497075.683668
UgyUQ56gI5jNSX1Umct4AaABAg,Legislatif kekenyangan mengakibatkan ketiduran sampai ngorok makany kecolongan,2 days ago,@Prastyo-h5w,UC3hRNSK1F1ZNDH31h85JvzA,0,,https://yt3.ggpht.com/ytc/AIdro_nd-vlBKVo5vb_gAzEJPPrEUmKAXLoruOBOoJd_R_KvGKjJu7amWAiwOcKi9RlsoFVuaw=s88-c-k-c0x00ffffff-no-rj,False,False,1781497075.685275
Ugx-ksM8dywLuFftAt94AaABAg,Pem😮erinthn skrang.lanjutkn smpai 2029.di thn 2029 semua pjbt skrng dari dpr dan ekskutip skrng diganti smua.,2 days ago,@MakrufSyaputra,UCylGzchARoxelnJJz9DC5oA,0,,https://yt3.ggpht.com/ytc/AIdro_mNkj4pW6jUvChG4gBzsrYlBtzdpsU-SuNMu6MPKVmDoCxY2_D05vAOfPJE2IATJUm0Sw=s88-c-k-c0x00ffffff-no-rj,False,False,1781497075.686771
UgwfePDU0asJCko-_5N4AaABAg,Apa yg dilakukan DPR sampai gak tau. Katanya tugas pengawasan 😂,2 days ago,@yunichan8738,UC0oAcrLDGSo3Y69ESeiZkIw,0,,https://yt3.ggpht.com/ytc/AIdro_mvFUXIkpNPY-yPFCGA5MnvA64H982ntnMHHd1GFf4=s88-c-k-c0x00ffffff-no-rj,False,False,1781497075.688229
Ugzs-YXNkijUDF5BXSZ4AaABAg,"Saya selama ini kagum saya Bu Irma ,,,, eeee ternyata bajingan juga",2 days ago,@giokmo,UCjntpDpPE3L4bE4umSbzXxQ,0,,https://yt3.ggpht.com/ytc/AIdro_mNtkfhPbIDd5fGmKRIueV4PNnRvy6fb6Jlfipq8Ltn8Gx9jsc6PamUyV2xVjpzDmaojQ=s88-c-k-c0x00ffffff-no-rj,False,False,1781497075.68968
UgxLLGGlj8Xt56QR6cl4AaABAg,Anggota DPR ikut punya dapur mbg😂😂mna bisa,2 days ago,@ibrahimnasution3672,UCRYb28n-NNoDGPX5y2YuS_Q,0,,https://yt3.ggpht.com/ytc/AIdro_kNxgC8ci-CBWVpgP29NvJC7fnjoQOIEMYbxJz7_kKCyq9Hpu32YCOe9EXktnhHN76exg=s88-c-k-c0x00ffffff-no-rj,False,False,1781497075.691161
Ugw8qcHD7gL-mwFdPNl4AaABAg,"Hentikan boleh boleh saja, tapi maksudnya biar tersangka besar nya tidak bisa di ott??? Pantesan ott dah gak ada terdengar lagi,",2 days ago,@FransTambunan-x8x,UC-suK4VDif_kQUFUwKW4z8A,0,,https://yt3.ggpht.com/ytc/AIdro_mYTYoKF1B7tFs9gD1sl44yurR_Y02Iy7QE6tkZv623fEgSNVDLr4xTAKTESIRb6ryFFg=s88-c-k-c0x00ffffff-no-rj,False,False,1781497075.692612
UgxmZ-q00Pi-z13ZDyd4AaABAg,MBG di lanjutkan saja biar lsdang korupsi semakin luas dan mersja lela .biar rskyat srmakin srngsara setuju !!,2 days ago,@Zubdatulmuna-r4p,UCuxoABd_HDwBrqf6ZMFaRsA,0,,https://yt3.ggpht.com/ytc/AIdro_ni15GnoZxZFWAgO4lmNU1XWIwSokqzB1FbX2yZ1LOfGC0NIraLSZ10Aljb8WGjsHzlfQ=s88-c-k-c0x00ffffff-no-rj,False,False,1781497075.694082
Ugx0wd6fugDmIiRmHBN4AaABAg,Buruk sekali rezim ini,2 days ago,@amosbungaridho8538,UCuvtXKir2454dTEjtHrg9sA,0,,https://yt3.ggpht.com/ytc/AIdro_kBbKeeO1-0uyifilaPGT56-XXtHXKlbvIjumSqQno=s88-c-k-c0x00ffffff-no-rj,False,False,1781497075.695566
Ugw71Ry51-0cRn-NgEd4AaABAg,MBG TERUSKAN KORUPTOR NYA UNGKAP SAMPAI KE AKAR2 NYA DARI PARTAY APA SAPU BERSIH.,2 days ago,@UsmanMuda-i9d,UC9epcqpGzzTgr7lgNqUdcTg,0,,https://yt3.ggpht.com/ytc/AIdro_k1UVnuEOl73aecre_55iOj102dwvDAm6VAI3NyH121uCD0fUD5FsaQsf-gyIKwdvvyAA=s88-c-k-c0x00ffffff-no-rj,False,False,1781497075.696994
UgxEZV5terW6Pmasvn94AaABAg,DPR banyak terlibat mbg tidak akan setuju membubarkan MBG usut tuntas biarkan ada justis colaborator biar terbongkar semua,2 days ago,@SriatiDjelantik,UCag5RBF9hdnXlBRTSuWHnuQ,0,,https://yt3.ggpht.com/ytc/AIdro_kSGfJDEc-ehaGCvwnyuNBr8kfhML-Yew76Nj8hUUSrrke4-fZIU5cLYjQMy1xZcxRHzA=s88-c-k-c0x00ffffff-no-rj,False,False,1781497075.698405
Ugw3W6tdb2l83KjuspJ4AaABAg,Lama lama ketahuan di balik layar. 😂😂,2 days ago,@SulisSulis-j5h,UCrVfgVgJ335IGgtjJPCGHzA,0,,https://yt3.ggpht.com/ytc/AIdro_naVtQgGqLR2mEJBYsUptJWeahbG_5vnBCPaDOqBcwUdRBL6bJjSCLq-kGRbS6uIBwmZQ=s88-c-k-c0x00ffffff-no-rj,False,False,1781497075.910618
UgyzBmfThN4KyNRqBIt4AaABAg,Penjarakan ibu Irma lihat wajah muka nya pucat lesu karena ada indikasi terlibat koropsi,2 days ago,@DoniMerkuri,UCX32Icb_X3k8x469cX79Erw,0,,https://yt3.ggpht.com/ytc/AIdro_n6uXwQUZQrJSqgJ6ZF2m7yPyU86vA2cV06lZe_vIJ30N0POsPL-swpaX5qoZBX-P1M2A=s88-c-k-c0x00ffffff-no-rj,False,False,1781497075.912291
UgzZe4yhMRzIueDLsAF4AaABAg,Banyak anggota DPRD gerinda terlibat jatah MBG dan partai menguasai MBG. Fakta sampai ke desa desa.,2 days ago,@demasnre5588,UCrskR8NKRIcz7cRDJ-tAIdQ,0,,https://yt3.ggpht.com/_Dm3xr4V2W_zfbGnq8nbahIdY6aJ3o45BEYDU0GFEBiwrFmf_2VP1hQaXOglaf0zBR0ycIJQ=s88-c-k-c0x00ffffff-no-rj,False,False,1781497075.913747
UgzYI89zcsHNtMwvEQN4AaABAg,Irma C kenapa begok amat yaa?,2 days ago,@kenedy8294,UCbF9cDnyt8iscobGh94PgkQ,0,,https://yt3.ggpht.com/ytc/AIdro_nAOi_0ZbQsQ43N4UPKEuaIXaJtvtKP8hmy3O93qMO6H-sr=s88-c-k-c0x00ffffff-no-rj,False,False,1781497075.915187
UgxODARzEjK6GsieglB4AaABAg,"Begitu lah kualitas anggota DPR Irma Chaniago,  ga tau tentang MBG. Mending berhenti saja.😂😂😂",2 days ago,@kenedy8294,UCbF9cDnyt8iscobGh94PgkQ,0,,https://yt3.ggpht.com/ytc/AIdro_nAOi_0ZbQsQ43N4UPKEuaIXaJtvtKP8hmy3O93qMO6H-sr=s88-c-k-c0x00ffffff-no-rj,False,False,1781497075.916594
UgxmFu3sGmJVW1mNhwR4AaABAg,"Badan Gizi Nasional yg dpt gizi pejabat korupsi ,,, rakyat dapet ampas ny doanx ,,",2 days ago (edited),@item5000,UCAdr_865mNzR2S98YnOcc2g,0,,https://yt3.ggpht.com/kuPrdidkdc2I_txkOlu5n7EG64XZi38y_gvghDOVXS2TIXztHw_yxcMxyHVyU-J6yx9SKxUWug=s88-c-k-c0x00ffffff-no-rj,False,False,1781497075.917991
UgydhzAajqckRTQSB9Z4AaABAg,"MBG(MALING BERTOPENG GURU) harus dihentikan titik,sebab musababnya tanya Mbah Jais .pepatah Jawa,semua Guru se Indonesia,orang mangan Nongkone jlibrat pulute,maksudnya GURU yang dapat aib,bahkan rata rata orang tua murid menyalahkan GURU makanan macam ini dikasih anak saya bahkan korban keracunan ribuan anak,semua GURU ikut sibuk ke Rumah Sakit,sedangkan GURU tak tau urusan MBG",2 days ago,@SitiFatimah-w1w5s,UCTJ-OGEhDXtK6NiAGxez5SA,0,,https://yt3.ggpht.com/ytc/AIdro_ln-9HYXgytSDFQbDRDb_rgH6bzytH6hE2dknWeVZrk6K8go1x19Eeds3jB779sjKtoDw=s88-c-k-c0x00ffffff-no-rj,False,False,1781497075.919441
UgxjL8XUmY0oiH1CFZN4AaABAg,Yang penting tetap fokus pada hal-hal yang bermanfaat dan berdampak positif untuk masyarakat 🙌,2 days ago,@AsmalaSYakil-fn8oy,UCQ1aagQcXCYE2HISXKUoGlg,0,,https://yt3.ggpht.com/feD2LBe2x8qdKtxY_XUqkAFwFmWqU9QcdpqQZmw2ZT-K1d-b72WgIZPXwSx22bAHSco4Fu1DAw=s88-c-k-c0x00ffffff-no-rj,False,False,1781497075.920834
Ugx56xell-k3Nrwky1B4AaABAg,"PERCUMA, TIDAK AKAN ADA PERBAIKAN.

1) DPR TIDAK PUNYA POWER UNTUK CHECK and BALANCE, LAH KARENA NEGARA TIDAK MENGANGUT SISTEM OPOSISI seperti di MALAYSIA, UK dll.
2) DPR JUGA MEMPUNYAI SPPG DAN IKUT BERKORUPSI dalam proyek MBG nih sbg pemilik SPPG juga.

Terakhir kok narasumber nya Boyamin Saiman ini org tua yg mengajuakn judicial review ke MK yg meloloskan Gibran.",2 days ago (edited),@anton2011bdg,UC7WAhsg2iUK2D6iuLGhDkrg,0,,https://yt3.ggpht.com/ytc/AIdro_lVU5Y2121-Tebyb0MbSgswIx5X_1eT-7aYPzGOHeg=s88-c-k-c0x00ffffff-no-rj,False,False,1781497075.922233
UgxKUunFcGMRNVxDhz14AaABAg,"Pemerintah sudah berkomitmen pada transparansi, kasus korupsi bisa diusir tanpa menghentikan program prioritas.",2 days ago,@SilumanKadal-f7t,UCAH4Pph9NzQ0dvZLutDEG_w,0,,https://yt3.ggpht.com/Pva5VYotkrK2X0A0WhEdKbnU7mO5k9l6x32g2lpqfhVbUQ7dvKq1UuAjZ-N5PSMqDpJjvCPwCvU=s88-c-k-c0x00ffffff-no-rj,False,False,1781497075.923605
Ugwu96gQMDHBxg6LNoR4AaABAg,Mending kasih kesempatan pimpinan baru buat beresin sistemnya,2 days ago,@dessymega6879,UC_f8ZcKwb3urbfoEn0mN6MQ,0,,https://yt3.ggpht.com/ytc/AIdro_lDvXsKa5T55uq1vpP347NtVX9wtWP8dJXcCnvDS9Cw5g=s88-c-k-c0x00ffffff-no-rj,False,False,1781497075.925026
UgzCY5SBq4C81mosWgB4AaABAg,"Membubarkan BGN dan menghentikan MBG justru merugikan rakyat, lebih baik perbaiki pengawasannya.",2 days ago,@SilumanKadal-f7t,UCAH4Pph9NzQ0dvZLutDEG_w,0,,https://yt3.ggpht.com/Pva5VYotkrK2X0A0WhEdKbnU7mO5k9l6x32g2lpqfhVbUQ7dvKq1UuAjZ-N5PSMqDpJjvCPwCvU=s88-c-k-c0x00ffffff-no-rj,False,False,1781497075.926497
Ugwy1uu04F92V3NUNAR4AaABAg,"Alangkah baiknya korupsi diusut tuntas, tapi jangan sampai program makan bergizi gratis dikorbankan demi kepentingan",2 days ago,@SilumanKadal-f7t,UCAH4Pph9NzQ0dvZLutDEG_w,0,,https://yt3.ggpht.com/Pva5VYotkrK2X0A0WhEdKbnU7mO5k9l6x32g2lpqfhVbUQ7dvKq1UuAjZ-N5PSMqDpJjvCPwCvU=s88-c-k-c0x00ffffff-no-rj,False,False,1781497075.92796
UgxoyBXDX3AWDJl6zSV4AaABAg,"Program MBG sangat bermanfaat untuk anak sekolah, korupsi harus ditindak tanpa menghentikan program yang sudah berjalan.",2 days ago,@SilumanKadal-f7t,UCAH4Pph9NzQ0dvZLutDEG_w,0,,https://yt3.ggpht.com/Pva5VYotkrK2X0A0WhEdKbnU7mO5k9l6x32g2lpqfhVbUQ7dvKq1UuAjZ-N5PSMqDpJjvCPwCvU=s88-c-k-c0x00ffffff-no-rj,False,False,1781497075.929412
UgwExxTT2RoYTbOEQo94AaABAg,Indonesia britanya korupsi alias maling dan narkoba meluluh bagai mana negara ini mau maju.,2 days ago,@AfnanSabil-tg7td,UCdKI4ynvM5lkzwLqPX9eo6g,0,,https://yt3.ggpht.com/ytc/AIdro_nzf_38osY0eh7aPQbfKu6wRof-DTAs7pSaNm9ZMqGPUJFfWyS5SFzzSHFBOz2qGsV8gw=s88-c-k-c0x00ffffff-no-rj,False,False,1781497075.930856
Ugwo77qlgIIX5fQgszV4AaABAg,Pemerintah terlihat memilih memperbaiki sistem dan memperkuat pengawasan daripada membiarkan masalah terus terjadi,2 days ago,@AlexandriaaJawariyaa,UCZQo59F7kgEMj524KLTbcvw,0,,https://yt3.ggpht.com/ytc/AIdro_lN1r14JyVE1HV827fOA4jwcUpML9JATe2vub3wBZwgdO1_u1mEpcWHSejRd9oj5lcaaA=s88-c-k-c0x00ffffff-no-rj,False,False,1781497075.932311
UgyTuB4D-C6onA8EqGh4AaABAg,"Program MBG punya tujuan besar untuk gizi dan masa depan anak Indonesia, jadi pembenahannya harus dilakukan tanpa menghentikan manfaatnya",2 days ago,@AlexandriaaJawariyaa,UCZQo59F7kgEMj524KLTbcvw,0,,https://yt3.ggpht.com/ytc/AIdro_lN1r14JyVE1HV827fOA4jwcUpML9JATe2vub3wBZwgdO1_u1mEpcWHSejRd9oj5lcaaA=s88-c-k-c0x00ffffff-no-rj,False,False,1781497075.933759
UgzompoU_f0IRtN_mAJ4AaABAg,"Yang korup harus diproses hukum, tapi manfaat MBG untuk masyarakat juga jangan sampai dikorbankan",2 days ago,@AnisSambelMatah,UCY5_Bj6CqNz7edJJJrdnvEA,0,,https://yt3.ggpht.com/ytc/AIdro_lN1r14JyVE1HV827fOA4jwcUpML9JATe2vub3wBZwgdO1_u1mEpcWHSejRd9oj5lcaaA=s88-c-k-c0x00ffffff-no-rj,False,False,1781497075.935179
UgyBfNA5k1wfl-W84Wd4AaABAg,"Irma chaniago namanya ada didaftar pak soni,irma Chaniago mulai resah utk membela diri ,nepalkan dulu DPR",2 days ago (edited),@SepedaDumai,UCE8saL0phXDf1A6V9BWueqg,0,,https://yt3.ggpht.com/ytc/AIdro_meLtS1C8gl1i7ctdw977aqXq65ZlRYz3nJcpNHxhajLNpRpb2AVHlBghoDuIef2xu6gQ=s88-c-k-c0x00ffffff-no-rj,False,False,1781497075.936567
UgzuCgHDWXBBGc-x9JJ4AaABAg,Langkah memberi kesempatan kepada pimpinan baru untuk memperbaiki tata kelola menurut saya lebih bijak dan konstruktif,2 days ago,@AnisSambelMatah,UCY5_Bj6CqNz7edJJJrdnvEA,0,,https://yt3.ggpht.com/ytc/AIdro_lN1r14JyVE1HV827fOA4jwcUpML9JATe2vub3wBZwgdO1_u1mEpcWHSejRd9oj5lcaaA=s88-c-k-c0x00ffffff-no-rj,False,False,1781497075.938031
Ugw6g6y3oPrvCmbu9Fx4AaABAg,"Kalau setiap program yang ada kasus korupsi langsung dibubarkan, maka banyak program rakyat justru tidak akan pernah berjalan",2 days ago,@AnisSambelMatah,UCY5_Bj6CqNz7edJJJrdnvEA,0,,https://yt3.ggpht.com/ytc/AIdro_lN1r14JyVE1HV827fOA4jwcUpML9JATe2vub3wBZwgdO1_u1mEpcWHSejRd9oj5lcaaA=s88-c-k-c0x00ffffff-no-rj,False,False,1781497076.154235
UgzeAnYNxmyJjGk-Xnt4AaABAg,"Kita harus bisa membedakan antara oknum yang korup dengan esensi program kemanusiaan. Kesalahan mutlak ada pada individu pengelolanya, bukan pada visi mulia program Makan Bergizi Gratis. Dengan pimpinan baru dan sistem audit yang lebih transparan, program ini justru bisa berjalan jauh lebih bersih dan tepat sasaran",2 days ago,@Hedatif,UCZ8Ja6PQjQ40vUNJn11yEsQ,0,,https://yt3.ggpht.com/ytc/AIdro_mOOgQ2hqo_8db1L3DjyuhCoR3sEsRjEbbW34gOXd4maa9Sgm2SsTXc4jkocSqBJa1XlQ=s88-c-k-c0x00ffffff-no-rj,False,False,1781497076.157022
Ugyh2Gwf1r6oQjkM19N4AaABAg,"Pemerintah justru sedang melakukan evaluasi dan bersih-bersih di BGN, itu menunjukkan ada keseriusan memperbaiki program",2 days ago,@AnandaWitopo,UC44b0nrfpQ1rWg3ToptQblw,0,,https://yt3.ggpht.com/ytc/AIdro_lO1bg78qyz0HR_ZIH8s5qeSfzYr9fVSd1DukOaqgMnQ42rwYpPYWufcdbL9Z9Zby0O7g=s88-c-k-c0x00ffffff-no-rj,False,False,1781497076.159281
UgxtU8yv6W1Mz1V0MDB4AaABAg,"MBG adalah program untuk rakyat dan generasi masa depan, jadi yang perlu diperbaiki sistem pengawasannya, bukan dibubarkan total",2 days ago,@AnandaWitopo,UC44b0nrfpQ1rWg3ToptQblw,0,,https://yt3.ggpht.com/ytc/AIdro_lO1bg78qyz0HR_ZIH8s5qeSfzYr9fVSd1DukOaqgMnQ42rwYpPYWufcdbL9Z9Zby0O7g=s88-c-k-c0x00ffffff-no-rj,False,False,1781497076.161334
Ugyx3BvJhHtoO6itmZR4AaABAg,"Kalau ada oknum korupsi, yang dibersihkan harus pelakunya dan tata kelolanya, bukan langsung menghentikan program yang manfaatnya sudah dirasakan masyarakat",2 days ago,@AnandaWitopo,UC44b0nrfpQ1rWg3ToptQblw,0,,https://yt3.ggpht.com/ytc/AIdro_lO1bg78qyz0HR_ZIH8s5qeSfzYr9fVSd1DukOaqgMnQ42rwYpPYWufcdbL9Z9Zby0O7g=s88-c-k-c0x00ffffff-no-rj,False,False,1781497076.165205
UgwhSeZavR2GCQ6BxgF4AaABAg,"Bagi rata dulu uangnya??,,,biar pada diam mesti negara ini ancur??,,mungkin di dalamnya seperti ini,",2 days ago,@najarrudin-u7o,UCh2BqQ_R1eVBFg0SSbtTDfw,0,,https://yt3.ggpht.com/ytc/AIdro_lsh5o0_it4z752WXPy-ZrX4fU8_Sk_iayfRcReBrXaCdseJScSsvpa44zFT2JmKqndZA=s88-c-k-c0x00ffffff-no-rj,False,False,1781497076.168065
Ugzrny0fI4d_hfSXbud4AaABAg,"Dukung indonesia menjadi lebih maju, stop narasi negatif pemecah belah bangsa!",2 days ago,@makaraalgaedy,UCuvL-yykYYk8jE_bB3FkfkA,0,,https://yt3.ggpht.com/ytc/AIdro_mMcxhuGZBFMfRBQDFYazvDM6I0Ju2hqDIjH_YkRWMkN6eYOqFo_cRHdbgwLkdaiRnKLA=s88-c-k-c0x00ffffff-no-rj,False,False,1781497076.170335
UgyohUHzyw04f2_flpF4AaABAg,"Kalau ada dugaan korupsi, yang ditindak pelakunya, bukan langsung programnya. Banyak kebijakan publik tetap berjalan sambil proses hukum ditegakkan.",2 days ago,@Arilgus00,UC3SBuKPe2A_FnPHm_sYiPng,0,,https://yt3.ggpht.com/OXuRwRomG_Lboabkk3t32g4fRCqpPoJFGZz-U-9d1BjAkEfZk-SoIj0fMGt5f-VcYaApjMBc=s88-c-k-c0x00ffffff-no-rj,False,False,1781497076.17292
UgzV6gPY6SFUbRGaZaB4AaABAg,Dukung perbaikan Program MBG,2 days ago,@MonDay-ce9c,UC78GwFLLLxosDI0pG6BAP3w,0,,https://yt3.ggpht.com/ytc/AIdro_nWBkhs3XZcENi1MSPCdcXzpUjnMm2sZJbVobSifX-nvmmNb8bXfpOmj_RTnLGbL03qbA=s88-c-k-c0x00ffffff-no-rj,False,False,1781497076.175482
UgwyF5eLVlVtfcmhdaV4AaABAg,"Program MBG bukan cuma soal membagikan makanan, tapi juga penggerak roda ekonomi di tingkat bawah. Ribuan petani, peternak, dan UMKM lokal ikut hidup dan mendapatkan penghasilan dari rantai pasok program ini. Kita dukung penuh pembersihan korupsi di pusat, seraya memastikan roda ekonomi masyarakat di daerah tetap berputar.",2 days ago,@RahmanHeda96,UCSAGNuLS81kPCLU7fMckfOg,0,,https://yt3.ggpht.com/ytc/AIdro_lBG4Q2j7htJbxg-phr_qVcAKlNOGbhJhWBe0SkBAuX3EdiRFA_mJUmpSD86gxTbRG5GQ=s88-c-k-c0x00ffffff-no-rj,False,False,1781497076.177988
UgyKW1WEokLaWtxQi5l4AaABAg,Semangat membangun lebih penting daripada menyebarkan kemarahan dan kebencian.,2 days ago,@abangadek9767,UCJuG9pxjveHPcpenAx8I2Tg,0,,https://yt3.ggpht.com/UQ0fN5nsYLAph9hfODtmRdrl0jqYkoqHDUWSjadFq7lYMlTfY0lXeibYUuITK2cyAAYh2g3V=s88-c-k-c0x00ffffff-no-rj,False,False,1781497076.179699
UgzyTJAyJw3FKRMeEf94AaABAg,Indonesia tidak akan maju jika terus diwarnai provokasi dan permusuhan.,2 days ago,@myunuu7830,UCae05q0zgfBMJHAnuBDFZog,0,,https://yt3.ggpht.com/jJPfiJ_M8LrE5geWZvX5HqXg4vzl5vmOWrySwXHkzYvYRj3_9Q0GnxFPWE14lweB04noiDTbiQ=s88-c-k-c0x00ffffff-no-rj,False,False,1781497076.181256
UgwOkIm8_mKtWEf-jG14AaABAg,"Perbedaan pendapat adalah hal biasa, tetapi persatuan harus tetap diutamakan.",2 days ago,@RajaAndre00,UCkxcMcEZEJbeU7ObVjLeT-Q,0,,https://yt3.ggpht.com/RXSwmEpUaER2T5gGFQ00EWg3B8mV0zSvQWS-bTsmxgQYQ8_nbiwaEUvJceXJSiCDw4H3LCOe3A=s88-c-k-c0x00ffffff-no-rj,False,False,1781497076.183694
UgyC68vbsVuZJUnn6WN4AaABAg,"Jangan mudah di provokasi sama isu beginian guys, bijak gunakan sosmed",2 days ago,@DimasNugraha89,UCR5aPhK25PV8fzvP0nxQWyw,0,,https://yt3.ggpht.com/jqvrRhtoUE1ziuWGlIk7u_qCjQFn60PheyDIAeN9GkZf_GxKlqpIgsfsonCTdjwN5XGn3FVtCA=s88-c-k-c0x00ffffff-no-rj,False,False,1781497076.18633
UgyMdVacpQ5s4U8VjFZ4AaABAg,"Lebih baik perkuat pengawasan dan perbaiki tata kelola, bukan malah memanfaatkan kasus untuk serangan politik",2 days ago,@Jein898,UCdbPZ94HDSPbqycaYVwqk5g,0,,https://yt3.ggpht.com/HHxw3iLibYtzzAH3HtHsuSRF1WuBSGvV6LI5v1FScoe2qgqVdBPIpSagKXY_KNwRyX_HbiGY=s88-c-k-c0x00ffffff-no-rj,False,False,1781497076.188839
UgyI4QCRgRgHnhMLprt4AaABAg,"Jika logika itu dipakai, maka parpol yang kader-nya korupsi juga harus dibubarkan dong",2 days ago,@Jein898,UCdbPZ94HDSPbqycaYVwqk5g,0,,https://yt3.ggpht.com/HHxw3iLibYtzzAH3HtHsuSRF1WuBSGvV6LI5v1FScoe2qgqVdBPIpSagKXY_KNwRyX_HbiGY=s88-c-k-c0x00ffffff-no-rj,False,False,1781497076.191384
UgxaRsDE_ZyQtSGU3nl4AaABAg,Kesalahan individu tidak serta merta membubarkan program yang sudah berjalan dan bermanfaat bagi rakyat,2 days ago,@Jein898,UCdbPZ94HDSPbqycaYVwqk5g,0,,https://yt3.ggpht.com/HHxw3iLibYtzzAH3HtHsuSRF1WuBSGvV6LI5v1FScoe2qgqVdBPIpSagKXY_KNwRyX_HbiGY=s88-c-k-c0x00ffffff-no-rj,False,False,1781497076.193799
UgzPwHd9tLBsIuvlI-B4AaABAg,Logika membubarkan lembaga karena oknumnya korupsi sama saja menghukum rakyat yang menikmati manfaat MBG,2 days ago,@Jein898,UCdbPZ94HDSPbqycaYVwqk5g,0,,https://yt3.ggpht.com/HHxw3iLibYtzzAH3HtHsuSRF1WuBSGvV6LI5v1FScoe2qgqVdBPIpSagKXY_KNwRyX_HbiGY=s88-c-k-c0x00ffffff-no-rj,False,False,1781497076.196312
UgxMBRUC74AVqcBcdPh4AaABAg,"Jangan korbankan hak gizi anak-anak hanya karena ulah oknum yang serakah. Hukum mati saja para koruptornya, tapi program Makan Bergizi Gratisnya harus tetap jalan dengan pengawasan yang jauh lebih ketat dari masyarakat dan DPR. Semangat buat pimpinan BGN yang baru untuk bersih-bersih",2 days ago,@IthoRobertus-hn6wp,UCLmSD_J3YWap1hMeS2qCq9Q,0,,https://yt3.ggpht.com/JZhYlsUOTMam-zJ12q9hrVNr46pmjzMzvSuidCidNCwMlgBJd7ZhZ1KjEJuCU1PPrB1-e60NxxI=s88-c-k-c0x00ffffff-no-rj,False,False,1781497076.198791
UgwgvK7WJrzA-Y2QvYZ4AaABAg,Gak bagus bu irma kasih sja 15 ribu tiap anak wong mskanan aja maaf sering ngeluh lihst aja banyak tiap ibu masih baws maksnsn buat anak ya bener bu irma dulu says sensng kebijakan bu irma sekarang maaf tolong  masyarakat kecil BBM turun kadang naik gk papa tapi barang gak ada antrinxa bukan lihat tiap BBM,2 days ago,@hengkisuprapto-f3e,UCmCvD-8ZzdrVdD569ar8ipg,0,,https://yt3.ggpht.com/ytc/AIdro_ksS6Dw-eG4bDvGHylKAP229xJP_c4mqAJd7efWDZZslq0TznRHsmFBRY03p-6mlUFOKA=s88-c-k-c0x00ffffff-no-rj,False,False,1781497076.201516
Ugy_IMmy4E53rKMI5vB4AaABAg,"Perbaikan dan evaluasi Yess, DIstop tar dulu,, gimana pun juga MBG ada manfaat buat anak-anak",2 days ago,@FyxaraJelqyn,UCUoP_yvX-udsWhuJI9culgw,0,,https://yt3.ggpht.com/ytc/AIdro_n1YRi8i8TpTnKtMIARSi9xPLn2rKU-ONxy_O_TrQ3cSvg7zMr2VhNJEvOs1oIoKW7QLA=s88-c-k-c0x00ffffff-no-rj,False,False,1781497076.446046
UgzgMInqmf1p4g0fuPp4AaABAg,"Lah, masa gara-gara oknum korupsi trus program yg udah berjalan dibubarin? 😅 Logikanya di mana? BGN kan yg kena OTT, bukan MBG-nya. Masa es kena batunya juga? Itu namanya menghukum rakyat yg udah mulai merasakan manfaatnya. 😏",2 days ago,@MaureenMarella,UC_XQUAcs_0TvPxykgkOdzTg,0,,https://yt3.ggpht.com/FZwZvnYTB2PrYC_6ZfzYM-u9CTcOka1zNsS3_F7jvpLp-c1hdHl-EefM4Z4-jIneGlf_uMFVng=s88-c-k-c0x00ffffff-no-rj,False,False,1781497076.448883
Ugz7st5wlcwAj5V1Vh54AaABAg,Membubarkan BGN sebelum proses hukum selesai berisiko mengganggu pelayanan dan distribusi program yang sedang berjalan. Yang lebih penting adalah membersihkan institusi dari oknum yang diduga melakukan penyimpangan.,2 days ago,@NonaMilenial-n8k,UCMYdaRNBTztJZ05OBSS6p2w,0,,https://yt3.ggpht.com/ytc/AIdro_mVYsh4_7tPnhk4WYSdJnsULsk1BHYmbthLeH2eoiV5JeggNIweaGnRuf_CWe9Mf5bHig=s88-c-k-c0x00ffffff-no-rj,False,False,1781497076.451613
UgyJ0RjYCTADtZTWpuZ4AaABAg,"Jika ada dugaan korupsi, yang harus dihentikan adalah praktik korupsinya dan pelakunya, bukan otomatis program yang manfaatnya dirasakan masyarakat. Penegakan hukum dan perbaikan tata kelola dapat berjalan bersamaan.",2 days ago,@InaNida-j3k,UCfZPdTDLU910PfNys52HbKQ,0,,https://yt3.ggpht.com/L8aK49wzxZrabHba2EctJfQoWWuYrFMwjmM0WO-DN659dq2XYVTSG-fIUq4skEaCQAOBesZQ=s88-c-k-c0x00ffffff-no-rj,False,False,1781497076.454286
UgxTreJz9oD9zqwoPc94AaABAg,"Usulan menghentikan MBG atau membubarkan BGN merupakan bagian dari dinamika politik yang sah untuk disampaikan. Namun keputusan tersebut sebaiknya didasarkan pada hasil audit, evaluasi kebijakan, dan kepentingan masyarakat, bukan semata-mata karena adanya dugaan kasus yang masih berproses.",2 days ago,@wahanapolitikputar,UCRxYacS1SgAVuJj3Y_GkmBQ,0,,https://yt3.ggpht.com/ytc/AIdro_m8XKHqSWkWTWqWfEqmk_VKzILNNjD_Lzb82OiQOJGQrEQgbhrNF_TgQFrd7LuMlqJAqQ=s88-c-k-c0x00ffffff-no-rj,False,False,1781497076.456856
Ugw9Drrx_ANSAwtJsIl4AaABAg,"Kalau benar ada dugaan korupsi, yang harus ditindak adalah oknum yang terlibat melalui proses hukum yang transparan. Namun dugaan penyimpangan oleh individu tidak serta-merta menjadi alasan untuk membubarkan seluruh lembaga atau menghentikan program tanpa evaluasi yang menyeluruh.",2 days ago,@saliyemsalsa,UCEiO0L5kjvl6iWRNLBdgtGQ,0,,https://yt3.ggpht.com/ytc/AIdro_nps7NVr1paZp3Il5fVuW87-7rOJmeEeIHFXj0xkRB2JUbX_K0n0E99bctSuvsdJ9yLOw=s88-c-k-c0x00ffffff-no-rj,False,False,1781497076.459431
Ugysw6cRnzs-L1xyjhx4AaABAg,Jangan sampai pemberantasan korupsi dijadikan alasan untuk menghentikan program yang masih dibutuhkan rakyat.,2 days ago,@kacangmiangid1701,UC92saAcAlH3hax-2lwiwHew,0,,https://yt3.ggpht.com/pwm68pk-B6Mepu-eW5lCbHygSfWAzzVRA4Utt8aBApfp_7XkXkHPbn-3iF7p8188Iz0avSPgog=s88-c-k-c0x00ffffff-no-rj,False,False,1781497076.461926
UgxBOqsINrR5aUxHfZt4AaABAg,"serahkan saja semua kepada penegakan hukum yang tegas terhadap pelaku, sekaligus memperbaiki tata kelola dan pengawasan agar program berjalan lebih transparan dan akuntabel",2 days ago,@AnakBaru-t7m,UCA9wPz-9ipfYZJtv8Wa6kGA,0,,https://yt3.ggpht.com/ytc/AIdro_ka_OJb0XNJYDEohFXLN9aw8SQx2wooMyAYwzwnScVwBS5AeOdo4U3-cDL-EXswMyKilw=s88-c-k-c0x00ffffff-no-rj,False,False,1781497076.464842
Ugz_s42skd9egcPeUi94AaABAg,"serahkan saja semua kepada penegakan hukum yang tegas terhadap pelaku, sekaligus memperbaiki tata kelola dan pengawasan agar program berjalan lebih transparan dan akuntabel",2 days ago,@AnakBaru-t7m,UCA9wPz-9ipfYZJtv8Wa6kGA,0,,https://yt3.ggpht.com/ytc/AIdro_ka_OJb0XNJYDEohFXLN9aw8SQx2wooMyAYwzwnScVwBS5AeOdo4U3-cDL-EXswMyKilw=s88-c-k-c0x00ffffff-no-rj,False,False,1781497076.46757
UgxN8tIo86FxaIy-WCl4AaABAg,"Yang salah udah jelas oknumnya, MBG sendiri banyak manfaatnya buat generasi muda",2 days ago,@KakaBalistik,UC_eMCldFIVp0EcVpVOnEr8Q,0,,https://yt3.ggpht.com/lwuNR9kOx671_oV2rih_kS-_mHLseBLGyJ96xKAF8S6CoUSYRkeMFvZZTp-zsH-1y22jR7c9xg=s88-c-k-c0x00ffffff-no-rj,False,False,1781497076.470231
UgyVfmy9nra7vSCAa214AaABAg,"Kritik itu wajar, tetapi jangan sampai bersifat provokatif.",2 days ago,@InstingTajam-i9y,UCRFK90wpH_5yG4EERiS1JUg,0,,https://yt3.ggpht.com/ytc/AIdro_l01BbL5lABX-SbH32JPbtxYFTw0q_8IG6OWmxVRCh7FG4ikXjaFwgCw3dicMdaW20FGg=s88-c-k-c0x00ffffff-no-rj,False,False,1781497076.472756
Ugx0Y1I0kuglmD_4OHJ4AaABAg,Jangan mengarahkan masyarakat untuk bersikap tidak menghargai pemerintah.,2 days ago,@InstingTajam-i9y,UCRFK90wpH_5yG4EERiS1JUg,0,,https://yt3.ggpht.com/ytc/AIdro_l01BbL5lABX-SbH32JPbtxYFTw0q_8IG6OWmxVRCh7FG4ikXjaFwgCw3dicMdaW20FGg=s88-c-k-c0x00ffffff-no-rj,False,False,1781497076.475279
UgxOGUo6HWpPOaR4vW54AaABAg,Lawan koruptor garong Indonesia. Program bagus ini,2 days ago,@WowFaktabgt,UCO9P17tT-Yw0JX5oQ1QGvdQ,0,,https://yt3.ggpht.com/ytc/AIdro_kNz_6aT-NycY4qt2fXvKjNAZKgnU-RWARilIH00fMc1hywr9x8YSSH3p64Yrcz7pNH6Q=s88-c-k-c0x00ffffff-no-rj,False,False,1781497076.477809
Ugw3_fctUAqZDBqMBeN4AaABAg,"Jangan terprovokasi, Mari mendukung penuh kebijakan pemerintah.",2 days ago,@anastasiadipang,UC_bJMEAMeHAHXkfgO5ig3Rg,0,,https://yt3.ggpht.com/ytc/AIdro_lsGbkAgCKrQ4AOZ34hnL3cTnEeXmaVN6zHSQW5lRMJF4Pv02mW6pL-DHb5zoRq10bi4A=s88-c-k-c0x00ffffff-no-rj,False,False,1781497076.480366
UgxGLQfu3aBUFfqX45l4AaABAg,"Korupsi harus ditindak tegas, setuju. Tapi jangan sampai kasus oknum dijadikan alasan untuk mengubur program yang tujuannya baik.",2 days ago,@BimaArya-j3z,UC1nBUlJXlMaWIUVrOkvpPLw,0,,https://yt3.ggpht.com/ytc/AIdro_ncWjF6ELdgcuIjcujQyuEZTAeeGPZ80mMWsDh6pOqDtSqYtvfyOWPvp61gMoyzrzthrw=s88-c-k-c0x00ffffff-no-rj,False,False,1781497076.482852
Ugw3edCMKRwz4UaTbXl4AaABAg,MBG program banyak manfaat,2 days ago,@RitaMozza15,UC5fefwHFugFO6zheTm9rB4A,0,,https://yt3.ggpht.com/gopyYG_ge3HxFC2uQl6S-Z0f1eYCJKm7gj7Lzx1mFIVrOw6GKQDti3hsuE0nHgTa3R7yQ7lPHhY=s88-c-k-c0x00ffffff-no-rj,False,False,1781497076.485533
UgxTMF0hEMV5y2ZtfMt4AaABAg,"Klo menirut Rakyat kvl,,,MBG,,g ada manfaat nya utk Ank"",,MBG,,itu program bagi""usng dari Bawah hingga Atasss,,,Jadi MBG seharus nya Di tutup",2 days ago,@WanaraRollex,UC8dtMk2uvXFrv8KYmy85ICw,0,,https://yt3.ggpht.com/ytc/AIdro_kmZYzKVWQjJAUlnH7IlLfloqTLqWwElYOqabfpVNV6I-jDwgTR-fRhzJ0ofbX0v5rhbA=s88-c-k-c0x00ffffff-no-rj,False,False,1781497076.48823
UgyF6Ti2PG4OfuSrWD94AaABAg,"YANG JELAS DPR MANDUL!!! 
UU PERAMPASAN ASET GAK BERANI MEMBAHAS KARENA SASARAN UTAMA DPR",2 days ago,@Ronggo-p8k,UCi-ujXYdu-_k-Dc_0fUd-0A,0,,https://yt3.ggpht.com/ytc/AIdro_nda3NuW4HXFz11TFja6elUTDgEB9wuwjLWBcCho3VqWai3G3DxOL09_d1cje349l3kKw=s88-c-k-c0x00ffffff-no-rj,False,False,1781497076.490763
UgzYmg04VRyF90mjwFd4AaABAg,"Logikanya sederhana, yang salah dibersihkan, yang baik dilanjutkan. Jangan sampai rakyat yang jadi korban karena programnya dihentikan.",2 days ago,@AksaAryasena,UCfyG_AK5Kf1gqfkKbltxNlw,0,,https://yt3.ggpht.com/ytc/AIdro_njMp9P5pDrqRaj4oHRodXslSma01EB2tIA4mBbGR7rDJoi92M1smujcI3N84wSKYdkGA=s88-c-k-c0x00ffffff-no-rj,False,False,1781497076.493674
UgxHmpbIIuL8ALhwX_p4AaABAg,"Kawal evaluasi program MBG, program nya bagus",2 days ago,@kritika-e3j,UCPBeytMQ5xt87w6y_ljeWIw,0,,https://yt3.ggpht.com/ytc/AIdro_l0Wf4e8BpRQfxFOF5YcyTs4b3aSffmzheMfpOhbySuqiM5LbSQvJJUievluI4_IxCyOg=s88-c-k-c0x00ffffff-no-rj,False,False,1781497076.496428
UgyGunbtEA7vLVEugXh4AaABAg,"Jangan mudah terprovokasi oleh narasi yang sengaja dibangun untuk memperkeruh suasana. Yuk, lebih bijak dan kritis dalam menyaring informasi di media sosial.",2 days ago,@SudutPandangPublik-c5g,UC1ez0b0RI3MFcl8Hrsi9suw,0,,https://yt3.ggpht.com/J4gXvj0YWu6g_Fff8-EJwdqmw2Tyut7VWv3K8ZIB_NzcIFKFoAAKMbymj7yQd7Ei6Iv_FlSH-w=s88-c-k-c0x00ffffff-no-rj,False,False,1781497076.705059
Ugw6JOzOy3rgFRMI5Tp4AaABAg,Doakan negara kita bisa melewati yang di terus tekan global elit. Karna kita bersatu adalah kunci. hal hal kecil begini sudah pernah dilalui semua.,2 days ago,@SudutPandangPublik-c5g,UC1ez0b0RI3MFcl8Hrsi9suw,0,,https://yt3.ggpht.com/J4gXvj0YWu6g_Fff8-EJwdqmw2Tyut7VWv3K8ZIB_NzcIFKFoAAKMbymj7yQd7Ei6Iv_FlSH-w=s88-c-k-c0x00ffffff-no-rj,False,False,1781497076.707838
UgzGeGXbzzt4mg2s61d4AaABAg,Ada baiknya kita tidak terprovokasi dengan narasi provokasi dan isu yang saat ini sedang dilakukan penegakan hukum,2 days ago,@Agusrusyantoy,UC_wvImU3x77GmiGeZqYwFKA,0,,https://yt3.ggpht.com/ytc/AIdro_njMp9P5pDrqRaj4oHRodXslSma01EB2tIA4mBbGR7rDJoi92M1smujcI3N84wSKYdkGA=s88-c-k-c0x00ffffff-no-rj,False,False,1781497076.710466
UgyUMIQPCuPJjELx9NF4AaABAg,Isi videonya tidak relevan dan rasanya tidak sesuai dengan prinsip penegakan hukum di indonesia,2 days ago,@Agusrusyantoy,UC_wvImU3x77GmiGeZqYwFKA,0,,https://yt3.ggpht.com/ytc/AIdro_njMp9P5pDrqRaj4oHRodXslSma01EB2tIA4mBbGR7rDJoi92M1smujcI3N84wSKYdkGA=s88-c-k-c0x00ffffff-no-rj,False,False,1781497076.713016
Ugx0KUACa7szz92FgXJ4AaABAg,"Pemerintah sudah bener ngelakuin evaluasi total dan nutup dapur yang bermasalah, keputusan tepat daripada dengerin provokasi oposisi yang maunya semua program sukses pemerintah digagalin.",2 days ago,@CintaAudi4,UCym9-DfCb6yvZhT7kGMm4nA,0,,https://yt3.ggpht.com/ytc/AIdro_lI5aDxWDIVwQWn2Dun0faVxVMFYeD0rw9iq9KQ0ltN2dR9pCPWY0WuJ6rPOPQusko1-w=s88-c-k-c0x00ffffff-no-rj,False,False,1781497076.715698
UgwfNydHa-TlaeOtRtF4AaABAg,"Program makan bergizi gratis ini jelas-jelas bermanfaat banget buat anak sekolah di daerah, kelompok yang kontra jangan egois mau ngehentiin program cuma demi panggung politik kalian.",2 days ago,@MuftiLisna,UCyDVS_ClF_UHunuDBbmFrWQ,0,,https://yt3.ggpht.com/ytc/AIdro_k0PVo4Ayjzf9FlRcdjZAQYBwK430_hLvWlP9jgikQjC65W-ONDWjkk4dykteuHJ96HgQ=s88-c-k-c0x00ffffff-no-rj,False,False,1781497076.718248
UgxxO1NUCwwcQYPaCop4AaABAg,"Politisi oposisi kerjanya cuma bisa ngegiring opini buat bubarin badan negara, padahal pemerintah lagi serius bersih-bersih oknum nakal lewat penegakan hukum hukum yang transparan.",2 days ago,@AnnisaUtami123,UC9Jfiy-2KgBWdWfpWH_pMnA,0,,https://yt3.ggpht.com/ytc/AIdro_nLOZiVoOnOY9sRG6PEfbeJQZgNEc94Ld_-R0YhapW-QHpFlNNHtQIwpPu8VJKX5wVYKg=s88-c-k-c0x00ffffff-no-rj,False,False,1781497076.720744
UgzL2Vi-vXBfwZTiKMl4AaABAg,"Program MBG ini hak anak-anak kurang gizi. Menghentikan program sama saja mengorbankan masa depan mereka. Program harus tetap jalan, pengawasan yang diperketat!",2 days ago,@TotalNews-x3t,UCkUjtDWasSYvmC62penHA4g,0,,https://yt3.ggpht.com/ytc/AIdro_lobEygh6O_Bjl7h7mr4MTRESHAyLTBfmIrqCBX7xUBostd5FaRyhFqYGRxUGQnwchWjQ=s88-c-k-c0x00ffffff-no-rj,False,False,1781497076.723349
UgxRHSfGlvy9jVkS5oN4AaABAg,Stop provokasi.,2 days ago,@OnoOpo-t4r,UCxaWfaOfc0t8ccbVgOevZ3g,0,,https://yt3.ggpht.com/ytc/AIdro_l9jaN2DSCtxDxrwsf0C9s7kZypukJ6RDO4hmBP0i96PKF4kMCghS8kcBN7rq3a0W9btg=s88-c-k-c0x00ffffff-no-rj,False,False,1781497076.725952
UgwDB0moHs_1nInV6AN4AaABAg,"Kalau kita ingin Indonesia maju, investasinya harus dimulai dari manusia. MBG adalah salah satu langkah untuk memastikan generasi muda tumbuh lebih baik",2 days ago,@AncaJalil,UCrGmBK4I9QUic-iZE01bVBg,0,,https://yt3.ggpht.com/ytc/AIdro_n0P3r2dt_xOW7IMpld2RrxGBWw0u14CCrewTD_k6rGgh-rAJJjEjQc9tcAQhDqX28vZA=s88-c-k-c0x00ffffff-no-rj,False,False,1781497076.728562
UgzdefP_lHhEksMLzjN4AaABAg,"Kalau anak-anak gizinya terpenuhi, mereka bisa belajar lebih fokus dan berkembang lebih baik. Makanya MBG jangan dilihat untuk hari ini saja, tapi untuk masa depan",2 days ago,@AncaJalil,UCrGmBK4I9QUic-iZE01bVBg,0,,https://yt3.ggpht.com/ytc/AIdro_n0P3r2dt_xOW7IMpld2RrxGBWw0u14CCrewTD_k6rGgh-rAJJjEjQc9tcAQhDqX28vZA=s88-c-k-c0x00ffffff-no-rj,False,False,1781497076.731186
Ugyu0ql7KSYuKR_IM6d4AaABAg,"Program MBG juga menghidupkan petani dan UMKM lokal. Kalau dihentikan, ekonomi bawah ikut menjerit. Solusinya adalah perbaikan manajemen, bukan penghentian.",2 days ago,@GlobalNews01-u6h,UCXBE-ccSUPE3oCJUDcU5gpA,0,,https://yt3.ggpht.com/ytc/AIdro_n729880_hRzWesqCNbjV-S1QJ4_iFXJI0ACNQ_amgCGeUQGLx96oMiJ7gJ4FbIrKVpqA=s88-c-k-c0x00ffffff-no-rj,False,False,1781497076.733745
UgyY0Fs2llRuk2ouaBl4AaABAg,"MBG itu bukan cuma soal makan gratis. Yang sedang dibangun sebenarnya adalah generasi masa depan yang lebih sehat, lebih pintar, dan lebih siap bersaing",2 days ago,@AncaJalil,UCrGmBK4I9QUic-iZE01bVBg,0,,https://yt3.ggpht.com/ytc/AIdro_n0P3r2dt_xOW7IMpld2RrxGBWw0u14CCrewTD_k6rGgh-rAJJjEjQc9tcAQhDqX28vZA=s88-c-k-c0x00ffffff-no-rj,False,False,1781497076.736375
UgwEdip0NxNGftoF88x4AaABAg,"Mari kita kawal bersama seluruh rangkaian proses hukum yang sedang berjalan di bawah institusi peradilan yang sah, agar keadilan dapat ditegaskan dan esensi program kesejahteraan masyarakat tetap terjaga.",2 days ago,@jakatarub-v2o,UC0zSRdVU4ng07VdqUwtMtHg,0,1,https://yt3.ggpht.com/ytc/AIdro_nUMTtnJRdOFIJ0ms-xRx0W2aQfpaMDW3dfarQu2Ge9E1MS_szI7yhxQcIrfaGopjy6JA=s88-c-k-c0x00ffffff-no-rj,False,False,1781497076.738901
Ugw-wBHK6YtcNUyT2_x4AaABAg,Sinergi antara kritik parlemen dan ketegasan penegak hukum menjadi modal penting bagi pemerintah untuk memperketat sistem verifikasi serta pengawasan keuangan negara pada program Makan Bergizi Gratis ke depan.,2 days ago,@BruceMckinney-m8d,UCsIDGEjY2Jg5tfaPpJ195OQ,0,,https://yt3.ggpht.com/ytc/AIdro_nWyPWxkLouOOka6GuHM8izDlE_yXnC5xTup5HP8T7CMeTZxq27qge_MoyYv6lzf2FRtw=s88-c-k-c0x00ffffff-no-rj,False,False,1781497076.741474
UgwylWDPxE-ibxQso8l4AaABAg,Bantahan dari sejumlah tokoh yang namanya terseret menunjukkan perlunya mengedepankan asas praduga tak bersalah dan membiarkan proses penyelidikan hukum berjalan formal di Kejaksaan Agung demi menghindari spekulasi liar.,2 days ago,@dwilaksono11,UCRYgjwDpEO9K72otMa7DXgA,0,,https://yt3.ggpht.com/ytc/AIdro_lq_ys0z-F8TY71iMY238mtSI7xHTtIfK5xpj_ArOwQ_Y1a86jQgSV_wej4oKrByN5fYQ=s88-c-k-c0x00ffffff-no-rj,False,False,1781497076.744019
UgwUaJLGnsiRnKGbQnV4AaABAg,"Keterbukaan salah satu tersangka untuk mengajukan diri sebagai Justice Collaborator justru menjadi momen bagus yang mendukung aparat hukum membongkar kasus ini secara tuntas, transparan, dan akurat berdasarkan bukti-bukti yuridis.",2 days ago,@lenterahijau8505,UC4YCDL07i-MSY3M68dy2VGA,0,,https://yt3.ggpht.com/JVFv3cghK00MYmqqgfj4-O8izL1x8Dd-WT_5uU5t333yYKI7tbQsJ7NcwxOm4EKsTS6DcLJ_=s88-c-k-c0x00ffffff-no-rj,False,False,1781497076.746641
Ugwblu7Tzf1AuVK6ts94AaABAg,"Memberikan kesempatan bagi pimpinan baru BGN merupakan langkah rasional untuk membuktikan komitmen pembenahan sistem, penguatan transparansi, serta pemulihan akuntabilitas program secara menyeluruh.",2 days ago,@rahmatsetiabudi1,UCnh3u6qrT2HEk1oFNyg8l6A,0,,https://yt3.ggpht.com/ytc/AIdro_lTsn_SEf4XL2vXIaaoqLUud5NQ9oq-8qVva6nli6qHfYKIw450e_k2BCXQMQ4EGZfOvw=s88-c-k-c0x00ffffff-no-rj,False,False,1781497076.749215
UgxhROeNWeovM6ee0Kp4AaABAg,"Desakan dari kalangan politisi merupakan bagian dari hak pengawasan legislatif, namun evaluasi yang objektif perlu mengutamakan perbaikan tata kelola birokrasi tanpa harus langsung menghentikan program yang bernilai strategis bagi gizi anak-anak.",2 days ago,@SekarRahayu112,UCff2fCM13e97aF9lCTDYKmw,0,,https://yt3.ggpht.com/ytc/AIdro_m8XKHqSWkWTWqWfEqmk_VKzILNNjD_Lzb82OiQOJGQrEQgbhrNF_TgQFrd7LuMlqJAqQ=s88-c-k-c0x00ffffff-no-rj,False,False,1781497076.751785
UgwK4CBOF3_V2wNTmkZ4AaABAg,"YANG DIHENTIKAN ITU KORUPSINYA / DIBERANTAS ,BUKAN PROGRAMNYA YANG DIHENTIKAN ! HUKUM MATI BERANI NGGAK SERTA DIMISKINKAN !",2 days ago,@IrvanKarim-o7x,UCvyXlB771ldUW78TYa1S0lA,0,,https://yt3.ggpht.com/jLrANgT1rsFUCloL2BMWPk_Pnw7CnZNEYbBvzhcOJclyvJCWpbbDkDBS2iwnb0DDDrYMuMNXDQ=s88-c-k-c0x00ffffff-no-rj,False,False,1781497076.75457
UgwEdip0NxNGftoF88x4AaABAg.AY1IAO6XB8gAY1LgYM4ng-,Setuju,2 days ago,@NasutionDJK,UCT5bT4thfq9sdzqNpMCzjBg,0,,https://yt3.ggpht.com/ytc/AIdro_l3w5pHbAbv1UvTOPK0opzB0B7dPW0ZNUdarnydvhKgG4l6j3Av59TtPzgAeNOLj7pxDQ=s88-c-k-c0x00ffffff-no-rj,False,True,1781497076.906293
Ugw7nVT6-tiihp-IqAR4AaABAg,"Semoga momen evaluasi dan pengusutan ini bener-bener jadi titik balik buat bikin program MBG ke depannya makin bersih, transparan, dan beneran fokus murni",2 days ago,@MelayuMaju,UCndHpyFqIBDj4teC3uEvuVQ,0,,https://yt3.ggpht.com/ytc/AIdro_kIQd925lZn3kNvSQBuSIvxotU3QPyWJUGr6nl8J4Bbkl1bcFpzgHabStJf-LedxUFwQA=s88-c-k-c0x00ffffff-no-rj,False,False,1781497077.150214
Ugx9kRQhPS6an2IAGFl4AaABAg,"Proses penegakan hukum terhadap oknum yang melanggar memang harus berjalan tegas, tetapi menghentikan program MBG secara total justru akan merugikan jutaan anak sekolah yang membutuhkan pemenuhan gizi tersebut.",2 days ago,@RendiAdiPratama-g3i,UCYgqsjQ3ONkoYgR4cRQQHWA,0,,https://yt3.ggpht.com/7E8D3ge14fY5TBwRNNh3Yj4EpNUvFi-PjG20__skB36TwZf8MzpIlXSUhBBeb102vEPOGUDnJiY=s88-c-k-c0x00ffffff-no-rj,False,False,1781497077.152918
UgwmtZnTyzSg8JU6sr54AaABAg,"Diskusi yang hangat di Bola Liar, namun masyarakat jangan sampai gampang terprovokasi oleh narasi yang menyamakan kesalahan oknum pribadi dengan tujuan mulia dari program berskala nasional ini.",2 days ago,@RendiAdiPratama-g3i,UCYgqsjQ3ONkoYgR4cRQQHWA,0,,https://yt3.ggpht.com/7E8D3ge14fY5TBwRNNh3Yj4EpNUvFi-PjG20__skB36TwZf8MzpIlXSUhBBeb102vEPOGUDnJiY=s88-c-k-c0x00ffffff-no-rj,False,False,1781497077.155464
Ugzpen40Xp_emp_iPy94AaABAg,Desakan kayak gini apakah ujungnya bakal baik dan lebih mensejahterakan rakyat?,2 days ago,@JarotPrasetyo-m8v,UC7mykUP7JrQHNho-DrXTorA,0,,https://yt3.ggpht.com/ytc/AIdro_m3yH3CkDYbBlrEro0QnKb_ItobeFHLwKuQcGuP0f6Bn7OoKZ8W5OF5gGcuK2Gkd9LxEg=s88-c-k-c0x00ffffff-no-rj,False,False,1781497077.157967
UgxytdXfdPnLMw400HZ4AaABAg,"Duh ribet banget jdi org indo, yg asbun dan sotoy di sorot media mlah org yg gk pernah rasain susah nyari kerja dan gk pernah mkan dgn layak kek tua bangka ini",2 days ago,@indonesiamaju2782,UC-MopVd5mg3FTnxOapIOh2w,0,,https://yt3.ggpht.com/ytc/AIdro_lwipGrMtw03q9rRS3u-wAHkA12LD8UeCn7-UUk93gUoG_7iN7OhFsK3V58eudoVYMMPA=s88-c-k-c0x00ffffff-no-rj,False,False,1781497077.160479
UgwHdMakkCv9vw88lSB4AaABAg,"Setiap praktik korupsi harus diusut dan diproses secara hukum, namun penilaian terhadap sebuah program sebaiknya tidak hanya didasarkan pada tindakan oknum yang menyalahgunakan kewenangan",2 days ago,@Kantong_Info,UCuysGFqkk8YO3MuvqO7pEAw,0,,https://yt3.ggpht.com/ytc/AIdro_ka_OJb0XNJYDEohFXLN9aw8SQx2wooMyAYwzwnScVwBS5AeOdo4U3-cDL-EXswMyKilw=s88-c-k-c0x00ffffff-no-rj,False,False,1781497077.162914
UgyBeWGDfDDr8RGJzNB4AaABAg,Erma ini berbelit2 lindungi pemerintah,2 days ago,@gunawangunawan1033,UC_U7qp9wLpoZVydckwL9ljA,0,,https://yt3.ggpht.com/ytc/AIdro_nlx-8bZ_FnA8SA-CucFr6mLNNEbdqavraDGiCiUkY=s88-c-k-c0x00ffffff-no-rj,False,False,1781497077.165357
Ugy71Ep49Q8KpFDHStR4AaABAg,Harus Tetap Kondusif,2 days ago,@FauziMalik-n2b,UCVr6g2JOK0wqF39HDH31nJQ,1,,https://yt3.ggpht.com/rllkmMBSC1xgp0ZOX2C6vjv1B3jpv8XcH3zou3kFCnbt1mSpMtSTc8iTSl41jgske58zD0TASg=s88-c-k-c0x00ffffff-no-rj,False,False,1781497077.167809
Ugyt98XcLMILCAAgerR4AaABAg,Kritik dan saran sah sah saja tetapi jangan sampai memprovokasi yaa,2 days ago,@FauziMalik-n2b,UCVr6g2JOK0wqF39HDH31nJQ,1,,https://yt3.ggpht.com/rllkmMBSC1xgp0ZOX2C6vjv1B3jpv8XcH3zou3kFCnbt1mSpMtSTc8iTSl41jgske58zD0TASg=s88-c-k-c0x00ffffff-no-rj,False,False,1781497077.170297
UgztdVAFoAo5a7llH6R4AaABAg,Ayoo kita lebih Bijak lagi dalam bermain media Sosial,2 days ago,@FauziMalik-n2b,UCVr6g2JOK0wqF39HDH31nJQ,1,,https://yt3.ggpht.com/rllkmMBSC1xgp0ZOX2C6vjv1B3jpv8XcH3zou3kFCnbt1mSpMtSTc8iTSl41jgske58zD0TASg=s88-c-k-c0x00ffffff-no-rj,False,False,1781497077.172753
UgzRpzME7itWgSm3toh4AaABAg,Indonesia kini harus bisa mendengar suara rakyat nya,2 days ago,@FauziMalik-n2b,UCVr6g2JOK0wqF39HDH31nJQ,3,,https://yt3.ggpht.com/rllkmMBSC1xgp0ZOX2C6vjv1B3jpv8XcH3zou3kFCnbt1mSpMtSTc8iTSl41jgske58zD0TASg=s88-c-k-c0x00ffffff-no-rj,False,False,1781497077.175609
Ugzz_Zig5rQAm7Pf-OJ4AaABAg,Sampaikan Aspirasi dengan bijak dan damai.,2 days ago,@FauziMalik-n2b,UCVr6g2JOK0wqF39HDH31nJQ,1,,https://yt3.ggpht.com/rllkmMBSC1xgp0ZOX2C6vjv1B3jpv8XcH3zou3kFCnbt1mSpMtSTc8iTSl41jgske58zD0TASg=s88-c-k-c0x00ffffff-no-rj,False,False,1781497077.178202
Ugycc8jEzg_RmUcc4vF4AaABAg,MBG sangat berasa manfaatnya sampai saat ini,2 days ago,@mangtongek,UC6ZEV9_8rbwpOzhujC44SkQ,0,,https://yt3.ggpht.com/8YFxP84bOBfopk9FGzWPTG1va__b5YfcdIj5fO2rGakR2UtlriUCsqdn88YLmCJQJ9sbaEan7Q=s88-c-k-c0x00ffffff-no-rj,False,False,1781497077.180721
Ugw5gvn19bmV7XkHWKl4AaABAg,"Udah bau tanah tpi asbunnya selangit, gk mikir apa ratusan ribu org yg nganggur itu mau dikemanain hah? otak tuh dippake kecuali emang manusia sombong ini cuma mikirin diri sendiri",2 days ago,@MuhammadDzikriyani,UCQvuz_qutPoMUhVJ5WB9mQg,0,,https://yt3.ggpht.com/ytc/AIdro_meZQDvkVwIytlz05tUr4sKYRoxduo30MYm6fDWZDFwo5Dx5x44u4bpmQY2f_R4uW4yGQ=s88-c-k-c0x00ffffff-no-rj,False,False,1781497077.183217
UgzgPvCA0jTZJqVE76l4AaABAg,"Korupsi harus diberantas sampai tuntas. Tapi jangan mencampuradukkan dugaan ulah oknum dengan tujuan programnya. Yang salah pelakunya, bukan otomatis seluruh programnya.",2 days ago,@MawarMErah-el9pb,UCLLlWwzH4nYX_dxpHKd-4pA,0,,https://yt3.ggpht.com/ytc/AIdro_kIB5IA6ctvzva_sdiR-wLzAe7GYZepYXonq7FFVmg1fN0SLFqcdgNA01BzkaRlSJ-oHg=s88-c-k-c0x00ffffff-no-rj,False,False,1781497077.185672
UgxsVOLlyjarXNoiJnZ4AaABAg,"Jangan mudah terpancing isu yang belum tentu benar. Saat dunia sedang tidak baik-baik saja, persatuan bangsa harus menjadi prioritas.",2 days ago,@NagariKito,UCgPuLyRj2hAtND4z8Ec3V1w,0,1,https://yt3.ggpht.com/ytc/AIdro_mVYsh4_7tPnhk4WYSdJnsULsk1BHYmbthLeH2eoiV5JeggNIweaGnRuf_CWe9Mf5bHig=s88-c-k-c0x00ffffff-no-rj,False,False,1781497077.188144
UgylUbUTu5RN0BZH_aV4AaABAg,"Provokasi berkedok kepedulian itu mudah dibaca. Kalau benar-benar cinta rakyat, tunjukkan lewat aksi nyata, bukan tebar ketakutan.",2 days ago,@JannahDilawati,UCyiY8fpRNFntaVxLL-k0EEQ,0,1,https://yt3.ggpht.com/ytc/AIdro_lT8Qu4LCD_pf9EwiAYpLW0gk_IeN8X9SN8VrwEe_FldWB8_Tdy3pM5DhTGCs4a8PJ_Cg=s88-c-k-c0x00ffffff-no-rj,False,False,1781497077.190617
UgwB3797vq9WLRvqmQl4AaABAg,"""Langkah hukum yang berjalan saat ini justru membuktikan bahwa fungsi kontrol dan penegakan hukum di era Pemerintahan Prabowo berjalan tanpa tebang pilih, sekalipun menyasar internal pelaksana program strategis nasional.""",2 days ago,@rusdigunawan2238,UCeZ4MW_AqK6M2w4KE708r0Q,0,,https://yt3.ggpht.com/NDjKBI8pSJQP_sjMjlZg6Kj66l3yIMgxpbJFxt_3mnSjoP8LzRnpiWIHr4jfxRNNMQqIqjUO_gE=s88-c-k-c0x00ffffff-no-rj,False,False,1781497077.193038
UgzblFNQkIHZAplCuAN4AaABAg,"""Mendesak pembubaran Badan Gizi Nasional (BGN) hanya karena adanya oknum yang korupsi adalah lompatan logika yang keliru. Ketika ada penyimpangan, solusinya adalah pembersihan oknum dan pengetatan sistem pengawasan, bukan malah mematikan program gizi yang menjadi hak jutaan anak sekolah.""",2 days ago,@dimashidayanto3961,UCN_egnphTbUE50ARVmsFQGA,0,,https://yt3.ggpht.com/pvn9JUJV0iOVAUUUBGnaTwYTV1bRIEJePE7W_MlP-05ZVbgdtauM2Fry7DxzcSxgM69HZ30yKEA=s88-c-k-c0x00ffffff-no-rj,False,False,1781497077.195459
UgwGUKp1GMVe2ju-9bd4AaABAg,"Sikapi isu dan situasi dg bijak, mari jaga kondusifitas wilayah masing-masing",2 days ago,@Parjoi-v8s,UCf9y8lVmXUhvZG-2bU5whUA,0,,https://yt3.ggpht.com/q5wEQqzinxJOtwMRY6aPFDHT16TYpWt56Qkw2bxs-pWSo3puJt9-hzqMVSjCP7bIkifcbGh5eg=s88-c-k-c0x00ffffff-no-rj,False,False,1781497077.197872
UgxsVOLlyjarXNoiJnZ4AaABAg.AY1GEisnk67AY1GxztPVdt,Sepakat,2 days ago,@mangtongek,UC6ZEV9_8rbwpOzhujC44SkQ,0,,https://yt3.ggpht.com/8YFxP84bOBfopk9FGzWPTG1va__b5YfcdIj5fO2rGakR2UtlriUCsqdn88YLmCJQJ9sbaEan7Q=s88-c-k-c0x00ffffff-no-rj,False,True,1781497077.360677
UgylUbUTu5RN0BZH_aV4AaABAg.AY1GDd05zgDAY1H-hMjsua,Bener banget,2 days ago,@mangtongek,UC6ZEV9_8rbwpOzhujC44SkQ,0,,https://yt3.ggpht.com/8YFxP84bOBfopk9FGzWPTG1va__b5YfcdIj5fO2rGakR2UtlriUCsqdn88YLmCJQJ9sbaEan7Q=s88-c-k-c0x00ffffff-no-rj,False,True,1781497077.525735
UgyKwO0cpx_jVhQzKqZ4AaABAg,Saring sebelum sharing. Jangan mudah terpancing oleh berita hoaks dan narasi provokatif yang beredar di media sosial. Pastikan setiap informasi yang diterima berasal dari sumber yang jelas agar tidak ikut menyebarkan kesalahpahaman di tengah masyarakat.,2 days ago,@adepdepan8280,UCY5fj8a0glBGQClR8PhM4MA,0,,https://yt3.ggpht.com/ytc/AIdro_lXtne55zBH_1t7d8DcUMe6AsD94Tx7UV6SN-jVQ85kdxUgEu2JvEkWNQeOIC6Pw0RZlA=s88-c-k-c0x00ffffff-no-rj,False,False,1781497077.741184
UgyqmgLpb1SuOCr6E894AaABAg,jangan mau dipancing buat debat kusir yang nggak penting mending energinya dipake buat dukung proses yang transparan,2 days ago,@adepdepan8280,UCY5fj8a0glBGQClR8PhM4MA,0,,https://yt3.ggpht.com/ytc/AIdro_lXtne55zBH_1t7d8DcUMe6AsD94Tx7UV6SN-jVQ85kdxUgEu2JvEkWNQeOIC6Pw0RZlA=s88-c-k-c0x00ffffff-no-rj,False,False,1781497077.744007
UgzL3hAzbD7oTDqSK894AaABAg,MBG adalah program baik yang harus tetap dilanjutkan dan terus dievaluasi agar program dapat berjalan dengan baik,2 days ago,@glaciooo,UCiVZkjgVQUgxWwjkY2Cv90w,0,,https://yt3.ggpht.com/1rm-Jgp022ZOrrCY4V_HjII8vPEJ1Rz9PRdojUnZjloZy7CIRp1ptF88xbX16ls5J5uwa8nnF1Q=s88-c-k-c0x00ffffff-no-rj,False,False,1781497077.746844
UgxVeAK-iPateowJ4T54AaABAg,Tetap lanjutkan MBG banyak yg seneng anak2 kita,2 days ago,@ochaochi1983,UCEaXPuiLFpNIC4XFbGCnSaw,0,,https://yt3.ggpht.com/ytc/AIdro_mtw9dXj-Y_Wyijj6uKcJvVqQK4G2XnYJcLMHTa2GyZyI6fmOksfSMpEJve-hbGv0GeTg=s88-c-k-c0x00ffffff-no-rj,False,False,1781497077.749941
UgwJ7br-jHcZMqFeJJZ4AaABAg,MBG sangat berguna untuk perkembangan anak,2 days ago,@MilnaPutraa,UCAKWulzVATu-wtoWQnhdLHQ,0,,https://yt3.ggpht.com/B-gUJQGyI1Wtj2v05i3MKEEIsfFCpAItRSuM53FFO6JkF717crpz9DszrPGDHlf_hITU6elRtw=s88-c-k-c0x00ffffff-no-rj,False,False,1781497077.752773
UgwzUN6F1cIs_m9V7r54AaABAg,Bongkar kasus korupsi bisa tetap berjalan mendalam tanpa harus menghentikan operasional program sosial yang berdampak langsung bagi rakyat kecil,2 days ago,@ArdiansyahHaiqal,UC9GSNfiZyt0z6bEiqVkyLjQ,0,,https://yt3.ggpht.com/ytc/AIdro_n2udBzeYBteVO94AOvACDKqyHN4sBTqV2YenVzO3Y2Ic5h7sd9c1UhQi-g7V9kvb_L3A=s88-c-k-c0x00ffffff-no-rj,False,False,1781497077.756421
UgwJe0RiWQWCc38XT-F4AaABAg,"Desakan untuk mencabut Perpres dan membubarkan lembaga ini terasa sangat kental muatan politisnya, padahal proses hukum sedang berjalan tegas",2 days ago,@ArdiansyahHaiqal,UC9GSNfiZyt0z6bEiqVkyLjQ,0,,https://yt3.ggpht.com/ytc/AIdro_n2udBzeYBteVO94AOvACDKqyHN4sBTqV2YenVzO3Y2Ic5h7sd9c1UhQi-g7V9kvb_L3A=s88-c-k-c0x00ffffff-no-rj,False,False,1781497077.759092
Ugwlj0eJKEpS40WP6J94AaABAg,"Solusinya adalah memperketat pengawasan dan memperbaiki tata kelola lembaga, bukan langsung membubarkan instansi yang baru berjalan",2 days ago,@ArdiansyahHaiqal,UC9GSNfiZyt0z6bEiqVkyLjQ,0,,https://yt3.ggpht.com/ytc/AIdro_n2udBzeYBteVO94AOvACDKqyHN4sBTqV2YenVzO3Y2Ic5h7sd9c1UhQi-g7V9kvb_L3A=s88-c-k-c0x00ffffff-no-rj,False,False,1781497077.761659
UgyCMQRt61_lu9uObE14AaABAg,Mendesak pembubaran BGN dan penghentian MBG secara total sama saja dengan merugikan jutaan anak sekolah yang sangat membutuhkan program ini,2 days ago,@ArdiansyahHaiqal,UC9GSNfiZyt0z6bEiqVkyLjQ,0,,https://yt3.ggpht.com/ytc/AIdro_n2udBzeYBteVO94AOvACDKqyHN4sBTqV2YenVzO3Y2Ic5h7sd9c1UhQi-g7V9kvb_L3A=s88-c-k-c0x00ffffff-no-rj,False,False,1781497077.764234
Ugz-0yyCrez5CPexHdB4AaABAg,"Korupsi itu ulah oknumnya, bukan salah programnya. Yang ditindak tegas adalah pelakunya, bukan malah mengorbankan program pemenuhan gizi anak-anak",2 days ago,@ArdiansyahHaiqal,UC9GSNfiZyt0z6bEiqVkyLjQ,0,,https://yt3.ggpht.com/ytc/AIdro_n2udBzeYBteVO94AOvACDKqyHN4sBTqV2YenVzO3Y2Ic5h7sd9c1UhQi-g7V9kvb_L3A=s88-c-k-c0x00ffffff-no-rj,False,False,1781497077.766761
UgwW0w5ZqNozQN8ogER4AaABAg,"Jika terdapat indikasi korupsi, yang harus ditindak adalah pelakunya, bukan membubarkan program yang bertujuan meningkatkan gizi generasi bangsa.",2 days ago,@AchaziaAlvan,UC3QGZG9mUOTwASp59W3HmzA,0,,https://yt3.ggpht.com/ZH5n4FMmW3-7voowSzqoCSrEXo2vdbdABPfRE9lWBxmLaLUmJqT_6Rl1FAnIB2gdTuXmEkic=s88-c-k-c0x00ffffff-no-rj,False,False,1781497077.769306
UgwEYozDgy-cElirmk14AaABAg,Dugaan pelanggaran oleh oknum tidak boleh menjadi alasan untuk menghentikan Program Makan Bergizi Gratis yang memberikan manfaat bagi jutaan anak Indonesia.,2 days ago,@MarthinusAsmuruf,UCKxMwxqmrJLsIq3r5pYh7AQ,0,,https://yt3.ggpht.com/ytc/AIdro_k0PVo4Ayjzf9FlRcdjZAQYBwK430_hLvWlP9jgikQjC65W-ONDWjkk4dykteuHJ96HgQ=s88-c-k-c0x00ffffff-no-rj,False,False,1781497077.771878
UgxBhIOgdFRbluVwrQh4AaABAg,Sampaikan Aspirasi dengan bijak dan damai,2 days ago,@RidoPanji-x6l,UC1kKQG8o_SM7iWQDRakGNYg,1,,https://yt3.ggpht.com/9CyFcP7_eH6SbL5aic5OnevWqXNFeo6nRhFBaOlt7v6k4sFT5xhpmYyitFWJj1AUAxGRyC1qKg=s88-c-k-c0x00ffffff-no-rj,False,False,1781497077.774384
UgwRVaSZRuf-Azb4FOt4AaABAg,Mari kita Ciptakan kedamaian bersama,2 days ago,@RidoPanji-x6l,UC1kKQG8o_SM7iWQDRakGNYg,1,,https://yt3.ggpht.com/9CyFcP7_eH6SbL5aic5OnevWqXNFeo6nRhFBaOlt7v6k4sFT5xhpmYyitFWJj1AUAxGRyC1qKg=s88-c-k-c0x00ffffff-no-rj,False,False,1781497077.776952
UgySWulOgW4XaF1k98R4AaABAg,Jgn mudah terpancing oleh narasi yang buat situasi jadi tidak kondusif,2 days ago,@RidoPanji-x6l,UC1kKQG8o_SM7iWQDRakGNYg,1,,https://yt3.ggpht.com/9CyFcP7_eH6SbL5aic5OnevWqXNFeo6nRhFBaOlt7v6k4sFT5xhpmYyitFWJj1AUAxGRyC1qKg=s88-c-k-c0x00ffffff-no-rj,False,False,1781497077.779479
Ugz3ynTUPb6GdmWc94t4AaABAg,"Program MBG dievaluasi secara menyeluruh, sehingga diharapkan kedepannya sistem yg diterapkan program MBG menjadi lebih efektif dan efisien. Yuk kita dukung dan kawal kebijakan program MBG agar indonesia bisa maju sejahtera.",2 days ago,@Ridwan7Kasih,UCJAgGYZugBrk9HVnXprDujQ,0,,https://yt3.ggpht.com/ytc/AIdro_lkvZL6_kz1dOZZNlAfaTAAvzD815r_d0GFkV8C9bR31YRZeGPylgyyE4sM5v8Yxu6Veg=s88-c-k-c0x00ffffff-no-rj,False,False,1781497077.782096
UgzWiI6_Pn8HlumkZ4V4AaABAg,Kritik dan saran sah sah saja tetapi jangan sampai memprovokasi yaa,2 days ago,@RidoPanji-x6l,UC1kKQG8o_SM7iWQDRakGNYg,1,,https://yt3.ggpht.com/9CyFcP7_eH6SbL5aic5OnevWqXNFeo6nRhFBaOlt7v6k4sFT5xhpmYyitFWJj1AUAxGRyC1qKg=s88-c-k-c0x00ffffff-no-rj,False,False,1781497077.784637
UgwPGz7TA-9fFnoNXsR4AaABAg,Harus Tetap Kondusif,2 days ago,@RidoPanji-x6l,UC1kKQG8o_SM7iWQDRakGNYg,1,,https://yt3.ggpht.com/9CyFcP7_eH6SbL5aic5OnevWqXNFeo6nRhFBaOlt7v6k4sFT5xhpmYyitFWJj1AUAxGRyC1qKg=s88-c-k-c0x00ffffff-no-rj,False,False,1781497077.787265
UgyPuEEvzG8oyqaCP6N4AaABAg,Semua kajahatan harus dibongkar,2 days ago,@panarantariksakhomeini4963,UCiE0IKu4UYesENZRzkaHEww,0,,https://yt3.ggpht.com/ytc/AIdro_nOWe4S6b29fbPkg93PDibrKRQTYWczUyLo_mKEpzpASZp98SZsf1etvnv92v_B6OhtLA=s88-c-k-c0x00ffffff-no-rj,False,False,1781497077.789811
Ugy7LXb3p1m1S6YUGq94AaABAg,"Pemerintah sudah menunjukkan sikap tegas dengan proses hukum. Sekarang yang dibutuhkan adalah pembenahan, bukan penghentian program.",2 days ago,@UpdateinAja,UCxYFYcEEoCsPR4G8diz4ssA,0,,https://yt3.ggpht.com/K3GY79mvriUP9yjRbrofa1d9-Fzt50dAgG0qkIcWLWk3jNJM4OD3J9mrbJXPn6nAN0kcF60EoA=s88-c-k-c0x00ffffff-no-rj,False,False,1781497077.792442
UgxQCkHlYmFPR8LzhaJ4AaABAg,"Korupsi harus dibongkar, tapi manfaat MBG untuk anak-anak sekolah juga tidak boleh dikorbankan begitu saja.",2 days ago,@RockyMenggerung,UCgqeN1SM4lKxOV3Yee_QCRw,0,,https://yt3.ggpht.com/ERTAnyosuZRCkLY19vkQGgwUudN2LJcLWZ8kW0qIHmnU8N37NBFuq_ziatV7_-sdLs1-3LH-WA=s88-c-k-c0x00ffffff-no-rj,False,False,1781497078.013196
UgzrztSiZzdXrbTmZQJ4AaABAg,"Kepala BGN yang baru perlu diberi kesempatan memperbaiki sistem, selama pengawasan publik dan DPR tetap berjalan ketat.",2 days ago,@thekingmodification1600,UCi8SiX1C6CWP_sNc2oXv-rg,0,,https://yt3.ggpht.com/bMKFsdx0QuGIjh_51zCsKldcDYRO_rMIsPPfxq492KpjTzgA-ENprouRX3KQFE7D58j6eKNdXw=s88-c-k-c0x00ffffff-no-rj,False,False,1781497078.014799
UgwJOHMg-vBW16a4IZl4AaABAg,"Membubarkan BGN bukan satu-satunya solusi. Yang lebih penting adalah audit total, perbaikan tata kelola, dan penegakan hukum sampai tuntas.",2 days ago,@ChannelsIndo,UCBvwYiNBiv3fSsYbqOrHIFg,0,,https://yt3.ggpht.com/LonqPoC_j41VGMaKUuQjWgHUC5vaydhR0Q3yqe-93PrGHiJELYeFjOlXnBOAxzJjxHPu2154Eg=s88-c-k-c0x00ffffff-no-rj,False,False,1781497078.016296
UgxTDzqXqPXwjFKs9JZ4AaABAg,Program MBG jangan langsung dihentikan. Yang harus dihentikan adalah praktik korupsi dan oknum yang merusak program rakyat.,2 days ago,@kinemonsih,UCK3ZCP79yJSw9Ew8lMJR9PA,0,,https://yt3.ggpht.com/ytc/AIdro_njGmxKfoPrBMaI_BcpyasarYRb-fAoAoQbz4AUVTUbPx-Uvg-WVnjh5erCqOgSOACzYA=s88-c-k-c0x00ffffff-no-rj,False,False,1781497078.017717
UgwW70XJXhfrRMiLN7t4AaABAg,"gabisa dong asal minta dibubarkan, MBG tuh bermanfaat kok, skarang juga baru dilakukan pengetatan regulasi",2 days ago,@jefriibrahim-o7k,UC1BpjCF1UXn7IzNPMTcxLqg,0,,https://yt3.ggpht.com/ytc/AIdro_lJOMJNu2GxkJHeKLZkk_7Bgm6yWettiVvdp26au4qXcqHyy3vUy68uVTY_C4HFXp6QCA=s88-c-k-c0x00ffffff-no-rj,False,False,1781497078.01913
UgzpeHNVNKGORbumOuZ4AaABAg,"Rakyat butuh perbaikan sistem, bukan wacana pembubaran yang bernuansa politis dan tidak konstruktif.",2 days ago,@GunturPratama-r3j,UCM21wyI3GLQQP4fi_ng8t_g,0,,https://yt3.ggpht.com/aG8IySNgARqy_jihxtYY_N94WiUMCrnjhKZRpr2pINYSp2Taj3GtNA8E-OWxCySg-7OIzD_mwg=s88-c-k-c0x00ffffff-no-rj,False,False,1781497078.020507
UgwIDrcqKxgycC8A6Nd4AaABAg,Tudingan tanpa bukti kuat hanya akan merusak stabilitas program strategis nasional.,2 days ago,@gugunbakri790,UCbwRfqn2zFVFiDH3jWBnnLA,0,,https://yt3.ggpht.com/nCG00HUumTaPE-rYouRxDt7GouxVf216fv_o3pXK7mNETUsMN4ALO5uf5I03OlVJOPTyYnXHiw=s88-c-k-c0x00ffffff-no-rj,False,False,1781497078.021877
UgyEOYDn6WM1hQY7NKV4AaABAg,"Jika logika itu dipakai, maka parpol yang kader-nya korupsi juga harus dibubarkan dong.",2 days ago,@bangbung6322,UCUehkRrKkw4dDEtFevsxN5Q,0,,https://yt3.ggpht.com/Q7xkp_Du-59sBWbvbcEoUCZPQz-qWuW2MrNwSJL2m7z4DkJsUIyHgR4wwDnf8kvV8iQYpNT67Q=s88-c-k-c0x00ffffff-no-rj,False,False,1781497078.023391
Ugy08WuHonYJ4mnS_FN4AaABAg,Semua di suruh hemat untuk MBG😅,2 days ago,@falie2324,UCN24gxXNctg2m4haLtmkO6g,0,,https://yt3.ggpht.com/ytc/AIdro_n3WtMbG_pjZ6MTI6TJoYfvIoB7Wrz8UZcu9HZ6YxM=s88-c-k-c0x00ffffff-no-rj,False,False,1781497078.024837
UgxZjRXv_2ea7q9gmbB4AaABAg,"Lebih baik perkuat pengawasan dan perbaiki tata kelola, bukan malah memanfaatkan kasus untuk serangan politik.",2 days ago,@kinanananda9090,UC4Y6j7fa9GyRX7u21A441oA,0,,https://yt3.ggpht.com/AKMmEFTjnRscMvGnlBmmbNxFPHFrkh2D0brTlmIuJMHoIbviIWAzJb5NmQ6z_CKSbVqkdqxM=s88-c-k-c0x00ffffff-no-rj,False,False,1781497078.026253
UgxHdzSButBMLS5-bv94AaABAg,Logika membubarkan lembaga karena oknumnya korupsi sama saja menghukum rakyat yang menikmati manfaat MBG.,2 days ago,@aurelalisiapoliticnews8544,UCkgR44pMvnOxCSVejXWrFKA,0,,https://yt3.ggpht.com/XBMCNbgtnxcWCDpUylXFQFmyLRBR3IhNgIPSKvAeu3qu3FsPz3WDkahWLmPZ7U2HO5KU1d_kCU8=s88-c-k-c0x00ffffff-no-rj,False,False,1781497078.027685
Ugyiky8CmiLoJlgl2u94AaABAg,MBG adalah sala 1 penyebab ekonomi kita ancur,2 days ago,@MohammadHasiym,UCf4mjpL3EKCvREPE1kt1Iiw,0,,https://yt3.ggpht.com/ytc/AIdro_kAvXwKhF9W-758960a9XjLrXxvSdrZkX4XZl0vZ0CotMcCwuJe0HKveyMX8NMWQ9UFfw=s88-c-k-c0x00ffffff-no-rj,False,False,1781497078.029082
Ugwr1EU8gdIZASfAr3Z4AaABAg,Kesalahan individu tidak serta merta membubarkan program yang sudah berjalan dan bermanfaat bagi rakyat.,2 days ago,@ruam5016,UCph7xai80qA-Sj_F_3QHTXA,0,,https://yt3.ggpht.com/I-qSUq1aMduho6gQWeoYaHDOVM-Crxe1Trla2YNjIHU6ypd9407NFROvrPACpy-UliYLE1Te_XQ=s88-c-k-c0x00ffffff-no-rj,False,False,1781497078.030492
UgyKUp3m1LItJ_BbS7B4AaABAg,"Program MBG merupakan program yang pro rakyat, perlu dievaluasi dan dilakukan perbaikan guna keberlanjutan program MBG untuk pemenuhan gizi anak-anak Indonesia dan meningkatkan kesejahteraan masyarakat Indonesia.",2 days ago,@SriDevi-o1f,UCilw7MuKNyuG0WAaAljS_FQ,0,,https://yt3.ggpht.com/AWVJeCZGsJKve3zFEKYFMKfa-mla_Mrh9sIqetYOdEE9-SJsXBs7xKA7PYqFpyBnekEnVuWV0C4=s88-c-k-c0x00ffffff-no-rj,False,False,1781497078.03196
UgzqUV0mQldIRQ4GlrF4AaABAg,Stopp provokasi Faktany MBG sangatlah penting,2 days ago,@VeraLaura-n2k,UCAPsvYoc-GSO8XEc5yrKv4Q,0,,https://yt3.ggpht.com/ytc/AIdro_kW_bXWV7k4rFx3O4HSuLuPPIiF4METw-9WTio0KxCwg4CGcdBkOEn6xuHTqAYiwQcNLQ=s88-c-k-c0x00ffffff-no-rj,False,False,1781497078.033381
Ugy90cP7FGQdtQGZKAl4AaABAg,"terus kawal program mbg supaya ada evaluasi dan menjadi lebih baik, waspada provokasi",2 days ago,@bulu9699,UCEwe_7NSuciABPK6eNjIApA,0,,https://yt3.ggpht.com/ytc/AIdro_kOb7QQDcZFwpMIdd9bTrXMar1ggASA-XZvBJ1dsoZ7ILZXnMflzIOdl1i8MGKOzZIN6g=s88-c-k-c0x00ffffff-no-rj,False,False,1781497078.0348
Ugy7Bixv1Yb-Ag08v1l4AaABAg,"waspada provokasi, terus kawal program mbg supaya ada evaluasi dan menjadi lebih baik",2 days ago,@meong9373,UCpgTio-Nr3QI7pzwCcAYWQA,0,,https://yt3.ggpht.com/ytc/AIdro_mNkj4pW6jUvChG4gBzsrYlBtzdpsU-SuNMu6MPKVmDoCxY2_D05vAOfPJE2IATJUm0Sw=s88-c-k-c0x00ffffff-no-rj,False,False,1781497078.036204
UgyuCMS9_eMHjqvel_d4AaABAg,Mari kawal proses hukum secara objektif dan tetap mendukung upaya pemerintah dalam meningkatkan kesejahteraan masyarakat,2 days ago,@FrelaTucostina,UCRFZoWWTkrX4PLkg0lmjZDQ,0,,https://yt3.ggpht.com/Q4cF48om5gwfF_OGWLVCmaWcn-xUn25gug4eQbm_OfOsQINQhOkUIbmbibdPmwcQm_q6GCyt4Q=s88-c-k-c0x00ffffff-no-rj,False,False,1781497078.037732
UgypBUONHPOEgf7v1vx4AaABAg,Program Makan Bergizi Gratis (MBG) ini untuk masa depan generasi kita. Sangat disayangkan jika ada pihak yang ingin menghentikan program mulia ini hanya karena masalah oknum yang sedang diproses hukum.,2 days ago,@PococoBo3,UCAYSaasxbmRFCepUN6uavDg,0,,https://yt3.ggpht.com/ytc/AIdro_lImWjpMrIvdRovD-M6t404B4iy4JtBgKSvugbuhj_RH1T6wD48Xs1RhVDJF9ywMr1Udg=s88-c-k-c0x00ffffff-no-rj,False,False,1781497078.039208
UgwvCRttoKDY2O6gXeR4AaABAg,"Sangat disayangkan jika harus dibubarkan, padahal banyak sekali orang tua yang merasa terbantu dengan adanya program Makan Bergizi Gratis ini.",2 days ago,@indopremier5788,UC34DPwK-ypMy_Dq7Oq3pSfg,0,,https://yt3.ggpht.com/ytc/AIdro_lsIO0KH93OMfL3PN3kkxTUk7TsNceOYa6t219yVP8ios1EvW8tDuW7p3U0VVLxkXJlUA=s88-c-k-c0x00ffffff-no-rj,False,False,1781497078.040634
Ugwg0fVjsG1SNW3ZW2V4AaABAg,"Jika ada indikasi korupsi, biarkan proses hukum yang bekerja tanpa harus menghentikan program yang sangat bermanfaat bagi rakyat kecil.",2 days ago,@tabraktembok5086,UCuBtGJ7WwXsSoNh0ogvh7bg,0,,https://yt3.ggpht.com/ytc/AIdro_m_u8q8PQuuwasnsvA6HcWNnQOy4E9IknxOF4z5Hkt3CXWlTAE0MiksI9oF40grXAO5Ow=s88-c-k-c0x00ffffff-no-rj,False,False,1781497078.253612
UgzZVhbQ-8Ce5LCCnvl4AaABAg,"Kita harus optimis, Badan Gizi Nasional baru saja dibentuk. Berikan waktu dan kesempatan untuk membuktikan kinerja nyata bagi masyarakat.",2 days ago,@penikmatsenja1429,UCXGJF45p4PmT5aNWmriESDg,0,,https://yt3.ggpht.com/ytc/AIdro_lImWjpMrIvdRovD-M6t404B4iy4JtBgKSvugbuhj_RH1T6wD48Xs1RhVDJF9ywMr1Udg=s88-c-k-c0x00ffffff-no-rj,False,False,1781497078.25527
Ugx6ur-MereUeeFeqJF4AaABAg,Program Makan Bergizi Gratis (MBG) ini untuk masa depan generasi kita. Sangat disayangkan jika ada pihak yang ingin menghentikan program mulia ini hanya karena masalah oknum yang sedang diproses hukum.,2 days ago,@PococoBobo,UCRlx8yO1cmCtL3pbgYqygSg,0,,https://yt3.ggpht.com/ytc/AIdro_lDEcvZu9Ma2FG9uoD0zoy5fomWlP39McilMj_VU1TjJ_gf71EBO-aqzKbq64nmLcwjHg=s88-c-k-c0x00ffffff-no-rj,False,False,1781497078.25675
Ugx2hxEbgeaUHjGU91F4AaABAg,"Masalah tata kelola adalah hal teknis yang bisa terus diperbaiki sambil jalan, jangan sampai kebutuhan gizi anak-anak dikorbankan karena polemik.",2 days ago,@infoonlinenews2818,UCp2tImJ5kVBf5V82lzuWCEg,0,,https://yt3.ggpht.com/ytc/AIdro_kGA5P-5Pg3ckSU5VlRG1_fFC18y55u3dDG0Ahmc47IGG1eOkHfbuwB80QnYpNLIXa46g=s88-c-k-c0x00ffffff-no-rj,False,False,1781497078.258199
UgxcO1SxBYe05diziZZ4AaABAg,"Program ini sangat penting untuk masa depan anak-anak kita, sebaiknya kita kawal bersama prosesnya agar makin transparan daripada langsung dihentikan.",2 days ago,@indopremier5788,UC34DPwK-ypMy_Dq7Oq3pSfg,0,,https://yt3.ggpht.com/ytc/AIdro_lsIO0KH93OMfL3PN3kkxTUk7TsNceOYa6t219yVP8ios1EvW8tDuW7p3U0VVLxkXJlUA=s88-c-k-c0x00ffffff-no-rj,False,False,1781497078.259629
UgwHW098RkQvmFTRyj94AaABAg,"Dengan ditangkapnya petinggi MBG terdahulu, menjadi langkah baik karena berarti Program MBG ini baik tujuannya, ternyata selama ini jelek karena oknumnya.",2 days ago,@BibirTembem-n2h,UC78zJM5oX8D2pckqEsmwejQ,0,,https://yt3.ggpht.com/ytc/AIdro_l6LfiGUOovI1gGphSJuRe0J78AzT4UMRYC_hyCjtiSi8XqkNILzrxpVmBSvC9ns51YqA=s88-c-k-c0x00ffffff-no-rj,False,False,1781497078.261082
UgzHgnJ7CEu-qbRyEcJ4AaABAg,Pk sony jgn bernyanyi doang sebut biang kerok korupsi mbg +motor listrik+naik nya migas dan turun nya rupiah bla tau,2 days ago,@AndroMac-fn1si,UCv7EXDodSWo_mtQBJYj6rRQ,0,,https://yt3.ggpht.com/ytc/AIdro_n2udBzeYBteVO94AOvACDKqyHN4sBTqV2YenVzO3Y2Ic5h7sd9c1UhQi-g7V9kvb_L3A=s88-c-k-c0x00ffffff-no-rj,False,False,1781497078.26249
UgzIZpm3Pr58W7TxDVh4AaABAg,"Kalau ada oknum yang melakukan pelanggaran, tentu harus diproses sesuai hukum. Namun, program yang sudah memberi manfaat luas bagi anak-anak sebaiknya tidak serta-merta dihentikan. Yang lebih penting justru memperkuat tata kelola dan memperketat pengawasan agar pelaksanaannya tetap berjalan baik dan tepat sasaran bagi masyarakat.",2 days ago,@adbination7443,UC-vd5Un_uCwgA1yiV7WaLLg,0,,https://yt3.ggpht.com/ytc/AIdro_kx0g1U25YfkDGWYsTRUoTWRrmwLn8RIbQld6UiGO5_9w=s88-c-k-c0x00ffffff-no-rj,False,False,1781497078.263864
UgzSXf_5g4k3d0qAEuB4AaABAg,KATA SIMBAH DARI MBG BANYAK ORANG DI KAMPUNG2 DAN PEDESAAN YG TERTOLONG  DAPAT PEKERJAAN SEKALIGUS DIKÀSIH MAKAN.,2 days ago,@budihandaru501,UC5jm1fKwlkxCZ5fb5Gx5j1w,0,,https://yt3.ggpht.com/ytc/AIdro_lHOYJ5J2q5nnWQKTnucqNK4QyzDm4LPQ09HMIr4mLOYA8=s88-c-k-c0x00ffffff-no-rj,False,False,1781497078.265589
UgxoEbW_08Txk2cq7vB4AaABAg,"Setiap kebijakan pasti ada pro dan kontra, tapi niat pemerintah pasti untuk kebaikan mayoritas. Beri kesempatan mereka bekerja sampai tuntas",2 days ago,@AlexSaja46,UCwrWQ_rIm-4zsYAg_9U-VHg,0,,https://yt3.ggpht.com/ytc/AIdro_ka_OJb0XNJYDEohFXLN9aw8SQx2wooMyAYwzwnScVwBS5AeOdo4U3-cDL-EXswMyKilw=s88-c-k-c0x00ffffff-no-rj,False,False,1781497078.268095
Ugx--lU78PRF2Aogal94AaABAg,Fokus berantas dan adili pelaku korupsi bukan programnya,2 days ago,@beritapolitik5947,UCwOg6osCLM9y4THOigQMn1A,0,,https://yt3.ggpht.com/ytc/AIdro_lrHWTbFqZoDU9M3ff8W1iLLWIXHPXeSom1GjKU4xvUrnPxLAvT-ZnE0hGd6wW5uxS3EA=s88-c-k-c0x00ffffff-no-rj,False,False,1781497078.269717
UgxlY0p9NzcZsToo5914AaABAg,"Programnya baru mulai & emang butuh evaluasi, tapi jangan asal bubarin lah. Oposisi hobi banget cari panggung pas ada masalah. Dukung terus perbaikan!",2 days ago,@NusaNews223,UC-mUuza_T7uSRCqHDZjU2mQ,0,,https://yt3.ggpht.com/ytc/AIdro_l3w5pHbAbv1UvTOPK0opzB0B7dPW0ZNUdarnydvhKgG4l6j3Av59TtPzgAeNOLj7pxDQ=s88-c-k-c0x00ffffff-no-rj,False,False,1781497078.271332
UgyLsirqTzK3emYebBJ4AaABAg,Program Makan Bergizi Gratis (MBG) ini untuk masa depan generasi kita. Sangat disayangkan jika ada pihak yang ingin menghentikan program mulia ini hanya karena masalah oknum yang sedang diproses hukum. Dukung terus pemberantasan korupsi tanpa harus menghentikan program yang bermanfaat bagi rakyat.,2 days ago,@GresiaYulinda,UCcfFw1Fjt3LW9w3lkm-yDBA,0,,https://yt3.ggpht.com/ytc/AIdro_kou3dO5GhrvBQru7jrDY7-p0Ls3-FwpdfJn_A0CdgtFmBIy5ofV2XYbnym-k-Zi8t6WA=s88-c-k-c0x00ffffff-no-rj,False,False,1781497078.272853
UgzyCkfeNUUt56E_IrJ4AaABAg,"Pemerintah udah ambil langkah tegas kok bro. Kasus korupsi lagi dibongkar, tata kelola dibenahi, program gizi tetap jalan biar rakyat nggak dirugiin. Jadi nggak perlu dihentikan, semua lagi diurus biar transparan dan aman ✌",2 days ago,@AdenaNaura-g5i,UCxAMlBKmLP9sq7UrCIhfCgA,0,,https://yt3.ggpht.com/gE4IOp3IMj2wRodX70crcAN0grDIXCq2WiVQ4AHNIs4KsdxtyaYcpqbjsTxOkgF5rQQYTjt0RA=s88-c-k-c0x00ffffff-no-rj,False,False,1781497078.274378
Ugz0w16KKWDSo77hCgR4AaABAg,Pembenahan tata kelola lebih penting daripada menghentikan program yang masih dibutuhkan banyak penerima manfaat 🤝,2 days ago,@sobatwaras,UCiBnfB-_pBWDTQt2mj0wyVQ,0,,https://yt3.ggpht.com/5xY2MJf5TG2vXybHjsOOvzSrAzfSFeGlLFk_N4LGa8y5U8dwtyFCLSgUKnVVJn5a-2YyNCA_8g=s88-c-k-c0x00ffffff-no-rj,False,False,1781497078.275823
UgydLyxlOQyss-05W4d4AaABAg,"Dugaan korupsi oknum harus diusut tuntas, tetapi manfaat program bagi masyarakat jangan langsung diabaikan ⚖🍽",2 days ago,@BisikPublik,UCYu9qtWdpu2HIY1fy6GyAEQ,0,,https://yt3.ggpht.com/zOP8Tz6UdQWK74emaWRYFlmmoxY26rMQKojwHSDH_PD0uyIFcCYLYAl8JDQfHTp0IG4U8X-2pw=s88-c-k-c0x00ffffff-no-rj,False,False,1781497078.27726
UgyYws3krPs9QSM_0d54AaABAg,"Menyampaikan aspirasi adalah hak warga negara, namun menjaga ketertiban dan keamanan juga tanggung jawab bersama. Dialog yang sehat akan lebih efektif daripada saling menyalahkan.",2 days ago,@bellavista4373,UCOkmB_G7chrqvlMAQ3yYkNA,0,,https://yt3.ggpht.com/ytc/AIdro_lmfnUpVsFMWjQjO4BpPC8mdd-983xThOkb9MO2r5n2EHIJbd2NhLgnnYwRRX3zP7lqEw=s88-c-k-c0x00ffffff-no-rj,False,False,1781497078.278708
Ugyz4SwA3ckKUTuqLnF4AaABAg,Stop provokasi!,2 days ago,@SalmaSahajaNasution,UCTPbrO3oR6IuiLENiDY2I6Q,0,,https://yt3.ggpht.com/Mxsm9BIdQaW_9Q3Y9W3zasmNIaCVwXH63nVsOKIeWazq0eoyTJfiNq-RDJV3t17TurNH8k1M1g=s88-c-k-c0x00ffffff-no-rj,False,False,1781497078.280183
Ugw9Ozbe3I8h0Krw3rx4AaABAg,"Tenang bro, pemerintah udah ambil langkah. Kepala BGN baru dikasih kesempatan buat beresin tata kelola MBG, biar program jalan bersih dan rakyat tetap dapet manfaat",2 days ago,@inaraadzkiya00,UC1okxccZc8_RtjB_XrpntBg,0,,https://yt3.ggpht.com/NitEcPeN6Awukh0q1D-zLu2WEt_ouPsia1MhJi09pwaq01fZUfvu9Qx7vCLPVNQ39B7f0RKTxg=s88-c-k-c0x00ffffff-no-rj,False,False,1781497078.281573
UgyFNgh_R8bpsg037714AaABAg,"Kasus hukum oknumnya silakan diproses, tetapi program Makan Bergizi Gratis jangan dihentikan karena manfaatnya sangat dibutuhkan oleh anak-anak sekolah.",2 days ago,@sindymelati710,UC7U_F584cifPMCL_6jaolsA,0,,https://yt3.ggpht.com/ytc/AIdro_m_zuyAyYghacaiK55qyKkOVSVFPnMXQUessQ7iyHvTxPqXjMxGn56YMng_-CKY3TTLLw=s88-c-k-c0x00ffffff-no-rj,False,False,1781497078.282948
UgzdJfbDt0SBLQgbDmB4AaABAg,"Saring setiap narasi dengan pemikiran yang tenang, jangan sampai terbawa emosi.",2 days ago,@rakyatsejahtera9667,UCHQnW0-34qRWehEg4ZnWqFQ,0,,https://yt3.ggpht.com/VyipJkjihAy0-rHk0rXKOX54NdA_7A7Qz3pdbdPeALEEfRXQnauF4HgVXmOL0PQ4HU8GuuBr=s88-c-k-c0x00ffffff-no-rj,False,False,1781497078.493458
UgxaaIXT65FUttHQQJx4AaABAg,"Kebijakan yang baik untuk peningkatan gizi anak bangsa tidak boleh dikorbankan, yang perlu diperketat adalah sistem pengawasan internalnya.",2 days ago,@sindymelati710,UC7U_F584cifPMCL_6jaolsA,0,,https://yt3.ggpht.com/ytc/AIdro_m_zuyAyYghacaiK55qyKkOVSVFPnMXQUessQ7iyHvTxPqXjMxGn56YMng_-CKY3TTLLw=s88-c-k-c0x00ffffff-no-rj,False,False,1781497078.495049
UgwclOV7cB8K-ddin6F4AaABAg,"Tindakan tegas pemerintah terhadap pelaku korupsi membuktikan bahwa hukum tidak pandang bulu, institusinya sendiri harus tetap berjalan demi rakyat.",2 days ago,@sindymelati710,UC7U_F584cifPMCL_6jaolsA,0,,https://yt3.ggpht.com/ytc/AIdro_m_zuyAyYghacaiK55qyKkOVSVFPnMXQUessQ7iyHvTxPqXjMxGn56YMng_-CKY3TTLLw=s88-c-k-c0x00ffffff-no-rj,False,False,1781497078.496558
UgyCJ8-gHJDJE6azFTJ4AaABAg,Harus diingat bahwa sebuah unggahan yang viral belum tentu menjamin kebenaran mutlak.,2 days ago,@krisnoputra,UCPpp2s1B5EV4z70-mepUbpg,0,,https://yt3.ggpht.com/9iF2gj4BidVgYjOSZ25hCy5DpHBqzKYjHzN1gFNCFTu6JXmZ4BJSAkfTkdDsA8XMvXS4tT-v4g=s88-c-k-c0x00ffffff-no-rj,False,False,1781497078.497995
Ugx4FxyA43i8v6Heml54AaABAg,Masyarakat perlu membedakan antara dugaan korupsi yang dilakukan individu dengan tujuan program yang dijalankan negara. Jangan sampai kasus oknum mengaburkan manfaat yang ingin dicapai program tersebut.,2 days ago,@ElshaNivara,UCYTq79vakzOaespfbp51XAA,0,,https://yt3.ggpht.com/ytc/AIdro_kJUedU2WqwDpcrsmQAb-qEVpLxsjEuxfEMLyaoJb0l-nhb-fCqU55-F6mWWnxz_ZaYDQ=s88-c-k-c0x00ffffff-no-rj,False,False,1781497078.499397
UgxG0WL5zm5BluBPOul4AaABAg,Tetap tenang dan kritis saat melihat berita atau opini yang beredar di sosial media.,2 days ago,@FerdinanSinagaaa,UCGnuUHtMxp8Nxv9YgDUTwxA,0,,https://yt3.ggpht.com/ytc/AIdro_nj52r54LP66EYFqP7Inb6jhP8S_q3e1BbIP1asn4ZSRuEPMPd_TcQnDlhRVA6szGI8QQ=s88-c-k-c0x00ffffff-no-rj,False,False,1781497078.500773
UgxiaonJL-at4vJfi954AaABAg,Dukung saja siapapun pemimpin kita,2 days ago,@rikoprasaja,UCTQww22buMevo98DN7mDbsg,0,,https://yt3.ggpht.com/ytc/AIdro_lfgUdjqO1PezbA3Hg7mYOjL4UXRkjvOgtToBw2ZvTw1t63Kabp3Gg5IdkHY5hfbJevCQ=s88-c-k-c0x00ffffff-no-rj,False,False,1781497078.502283
UgyZtn3GuEH76j98jq14AaABAg,Padahal program mbg memiliki banyak mamfaat,2 days ago,@rikoprasaja,UCTQww22buMevo98DN7mDbsg,0,,https://yt3.ggpht.com/ytc/AIdro_lfgUdjqO1PezbA3Hg7mYOjL4UXRkjvOgtToBw2ZvTw1t63Kabp3Gg5IdkHY5hfbJevCQ=s88-c-k-c0x00ffffff-no-rj,False,False,1781497078.503709
UgweeDDUHHSlFhKYtEJ4AaABAg,Pemerintah terus berupaya mengevaluasi programnya,2 days ago,@rikoprasaja,UCTQww22buMevo98DN7mDbsg,0,,https://yt3.ggpht.com/ytc/AIdro_lfgUdjqO1PezbA3Hg7mYOjL4UXRkjvOgtToBw2ZvTw1t63Kabp3Gg5IdkHY5hfbJevCQ=s88-c-k-c0x00ffffff-no-rj,False,False,1781497078.505129
UgwYqHkT3Y4lueTECwB4AaABAg,Stop provokatif.,2 days ago,@TukiminRaharjo,UCMK9xdyD-7Yp8CkjsgTO0aw,0,4,https://yt3.ggpht.com/ytc/AIdro_k_iHRN_l0TsKsAqRXBnKvUhZMHXsLhXvCXgVIQHJzdJTRw7Wt_G9XEs4chamQySZQzjQ=s88-c-k-c0x00ffffff-no-rj,False,False,1781497078.506501
UgwAfncccY1XZ1BnfD94AaABAg,"Sosial media bukan selalu cerminan kenyataan, jadi jangan mudah mengambil kesimpulan.",2 days ago,@MichaelJosuaaa,UCck2xoRNefQjaqeAAYGB3oQ,0,,https://yt3.ggpht.com/ytc/AIdro_kIQd925lZn3kNvSQBuSIvxotU3QPyWJUGr6nl8J4Bbkl1bcFpzgHabStJf-LedxUFwQA=s88-c-k-c0x00ffffff-no-rj,False,False,1781497078.507923
UgwA4jZSthQZNrSPLaZ4AaABAg,"Stop provokasi, mari kita ciptakan damai bersosial media",2 days ago,@sultandeli3902,UC1gCRY40jL8ET25hgfClSyQ,0,,https://yt3.ggpht.com/ytc/AIdro_kXNV_Iyaaj5G8NEOAJaXnbpkun6kk3DZPpestJO2E=s88-c-k-c0x00ffffff-no-rj,False,False,1781497078.509331
UgxM1To7VGQR7ScW8QR4AaABAg,Percayakan saja pada pemerintah,2 days ago,@rikoprasaja,UCTQww22buMevo98DN7mDbsg,0,,https://yt3.ggpht.com/ytc/AIdro_lfgUdjqO1PezbA3Hg7mYOjL4UXRkjvOgtToBw2ZvTw1t63Kabp3Gg5IdkHY5hfbJevCQ=s88-c-k-c0x00ffffff-no-rj,False,False,1781497078.510732
UgwR7w2eOqbiGKpJudV4AaABAg,Jangan menyebarkan narasi provokatif gak jelas,2 days ago,@MimbarKolektif,UCyFLtnTi6IJe-G6E_2gwNFA,0,,https://yt3.ggpht.com/nlv_UndNi25LoxZXnaDxjnX1xNmtDIGHG9mugbg9pW9nvKlF5u-y76wjpUbMU5GXOpi9u9M=s88-c-k-c0x00ffffff-no-rj,False,False,1781497078.512175
UgzQlHb3atMeCrb-Eh14AaABAg,Lebih baik bersikap skeptis di awal daripada ikut memperkeruh suasana dengan info keliru.,2 days ago,@rakyatsejahtera9667,UCHQnW0-34qRWehEg4ZnWqFQ,0,,https://yt3.ggpht.com/VyipJkjihAy0-rHk0rXKOX54NdA_7A7Qz3pdbdPeALEEfRXQnauF4HgVXmOL0PQ4HU8GuuBr=s88-c-k-c0x00ffffff-no-rj,False,False,1781497078.513591
Ugyd0ZA_lFQ2EQYNw-t4AaABAg,Stop provokasi,2 days ago,@rikoprasaja,UCTQww22buMevo98DN7mDbsg,0,,https://yt3.ggpht.com/ytc/AIdro_lfgUdjqO1PezbA3Hg7mYOjL4UXRkjvOgtToBw2ZvTw1t63Kabp3Gg5IdkHY5hfbJevCQ=s88-c-k-c0x00ffffff-no-rj,False,False,1781497078.514982
Ugx0EBXWbUKw-QjZc4N4AaABAg,Kita kawal bersama semoga evaluasi dapat membawa ke arah lebih baik karena manfaatnya dirasakan rakyat kecil apalagi anak2 sekolah,2 days ago,@Djancukerss,UC5QuF7ssqb3WQxnAiA_-J-A,0,,https://yt3.ggpht.com/ytc/AIdro_lDi0k5sA9N8V8vVc4bDq8CxvmKSWsNq7RPQmNsvTJ0WigjL7H14K80FAFwLRegWQRu5A=s88-c-k-c0x00ffffff-no-rj,False,False,1781497078.516362
UgyS5dpvpD6o9BlL6lF4AaABAg,Fraksi semua satu team ya pastinya gol apa apa tanpa omong dpr,2 days ago,@JombangKota-u2b,UCRi1j_5V9gY9YzxQWoYlEIg,0,,https://yt3.ggpht.com/ytc/AIdro_nbdc5AzjivOkOVFs1t3A1g2QWi7OLsMZHV2ihZTqZmqltNd7G5En2x7TJbw2Ac3mb2Bw=s88-c-k-c0x00ffffff-no-rj,False,False,1781497078.517805
UgxivNlIPw_zWZLYRmd4AaABAg,"mari bijak menilai konten, jangan mudah terprovokasi.",2 days ago,@WisangGeni-c2p,UCCpoKRnic99Myp677l32Jlg,0,,https://yt3.ggpht.com/Itc9R0WkuFD5CztcQ4s8MLlde9qa0hM8hn6U5e9bR75UdXu1FHMpEzx7d8p2oLIMYjWJM_UU5g=s88-c-k-c0x00ffffff-no-rj,False,False,1781497078.519482
UgyO5BI8hvqCp2H5JoJ4AaABAg,"Jangan asal tuduh, dialog kan selalu terbuka!",2 days ago,@Dove-p5e,UCPJ3cwWbuGXm5Oml8Q6KQyg,0,,https://yt3.ggpht.com/ytc/AIdro_mmsD-lV1KwwETxT6mmremZdbV8RUlIGafNT-jYKHLRNAtUV3Th-FV9QR6jqDcCNsX9gA=s88-c-k-c0x00ffffff-no-rj,False,False,1781497078.520926
UgwYqHkT3Y4lueTECwB4AaABAg.AY19-AXeE4nAY19-wweBv3,"Fakta, bukan provokasi.",2 days ago,@TukiminRaharjo,UCMK9xdyD-7Yp8CkjsgTO0aw,0,,https://yt3.ggpht.com/ytc/AIdro_k_iHRN_l0TsKsAqRXBnKvUhZMHXsLhXvCXgVIQHJzdJTRw7Wt_G9XEs4chamQySZQzjQ=s88-c-k-c0x00ffffff-no-rj,False,True,1781497078.697359
UgwYqHkT3Y4lueTECwB4AaABAg.AY19-AXeE4nAY190hLJ1x0,Bijak bermedia sosial.,2 days ago,@TukiminRaharjo,UCMK9xdyD-7Yp8CkjsgTO0aw,0,,https://yt3.ggpht.com/ytc/AIdro_k_iHRN_l0TsKsAqRXBnKvUhZMHXsLhXvCXgVIQHJzdJTRw7Wt_G9XEs4chamQySZQzjQ=s88-c-k-c0x00ffffff-no-rj,False,True,1781497078.699001
UgwYqHkT3Y4lueTECwB4AaABAg.AY19-AXeE4nAY191XmJ8A9,Jangan mudah terprovokasi.,2 days ago,@TukiminRaharjo,UCMK9xdyD-7Yp8CkjsgTO0aw,0,,https://yt3.ggpht.com/ytc/AIdro_k_iHRN_l0TsKsAqRXBnKvUhZMHXsLhXvCXgVIQHJzdJTRw7Wt_G9XEs4chamQySZQzjQ=s88-c-k-c0x00ffffff-no-rj,False,True,1781497078.700526
UgwYqHkT3Y4lueTECwB4AaABAg.AY19-AXeE4nAY192PYOJYU,Utamakan persatuan.,2 days ago,@TukiminRaharjo,UCMK9xdyD-7Yp8CkjsgTO0aw,0,,https://yt3.ggpht.com/ytc/AIdro_k_iHRN_l0TsKsAqRXBnKvUhZMHXsLhXvCXgVIQHJzdJTRw7Wt_G9XEs4chamQySZQzjQ=s88-c-k-c0x00ffffff-no-rj,False,True,1781497078.701956
UgzACdRo2CaiBTZmtSx4AaABAg,Tunggu konfirmasi resmi sebelum mempercayai kabar yang beredar cepat di media sosial.,2 days ago,@krisnoputra,UCPpp2s1B5EV4z70-mepUbpg,0,,https://yt3.ggpht.com/9iF2gj4BidVgYjOSZ25hCy5DpHBqzKYjHzN1gFNCFTu6JXmZ4BJSAkfTkdDsA8XMvXS4tT-v4g=s88-c-k-c0x00ffffff-no-rj,False,False,1781497078.907398
UgxYJpUjGMMRkX09Pq14AaABAg,"Cerna informasi secara menyeluruh, bukan hanya dari judul yang mungkin sensasional.",2 days ago,@rakyatsejahtera9667,UCHQnW0-34qRWehEg4ZnWqFQ,0,,https://yt3.ggpht.com/VyipJkjihAy0-rHk0rXKOX54NdA_7A7Qz3pdbdPeALEEfRXQnauF4HgVXmOL0PQ4HU8GuuBr=s88-c-k-c0x00ffffff-no-rj,False,False,1781497078.90903
UgzZBuz2DElzr7Jv30h4AaABAg,Semoga niat baik pemerintah terlaksana,2 days ago,@KarinaIna-x3q,UC9grtAG_2s_uAf5y5cVWhng,0,,https://yt3.ggpht.com/ytc/AIdro_n7T2HLU7JQUvDRxPv3L4O8Bt6iJvjdFI3DbJCb2haaET6FyolDnJdpfFCiEZLMcXsZpw=s88-c-k-c0x00ffffff-no-rj,False,False,1781497078.910546
UgyAbUJX0KNg4mYkCMF4AaABAg,Mari biasakan mencari kebenaran fakta sebelum merespons suatu isu.,2 days ago,@krisnoputra,UCPpp2s1B5EV4z70-mepUbpg,0,,https://yt3.ggpht.com/9iF2gj4BidVgYjOSZ25hCy5DpHBqzKYjHzN1gFNCFTu6JXmZ4BJSAkfTkdDsA8XMvXS4tT-v4g=s88-c-k-c0x00ffffff-no-rj,False,False,1781497078.911973
UgwiGA9fvvvhkobV8Tp4AaABAg,"salah kaprah, ada oknum nakal, korupsi,  bukannya menyalahkan oknum itu tp kok yang disalahkan program yang jelas2 menciptakan lapangan kerja, memberinak anak bangsa asupan gizi bahkan menggerakkan ekonomi rakyat.",2 days ago,@faisalkurnia-ll7zz,UCbQcEY8p45ouve5k5QiwYiA,0,,https://yt3.ggpht.com/ytc/AIdro_ls0vhWs4kqy-095ZwSEOKuRHtVtFFeSy6EKZThk5nR5Rjjb1uecFchqRpuGMVIzmHYcw=s88-c-k-c0x00ffffff-no-rj,False,False,1781497078.913421
UgxLU3m_pmDxGu4qZ4t4AaABAg,"Banyakan barisan sakit hati duh, padahal Indonesia sudah mulai bangkit",2 days ago,@RadenAnggawijaya-d9p,UCT-faMErbEbfwqrdTFnSCAQ,0,,https://yt3.ggpht.com/ytc/AIdro_kVt-2KnstlTCEKQNERtFu1r0nkoGfCbDaBeHqzzAeOW6FjInY1ji4XDCDXS_eKGhY0Pw=s88-c-k-c0x00ffffff-no-rj,False,False,1781497078.915036
UgwlLj2iqBI0D3FHU0B4AaABAg,MBG utk rakyat kecil.,2 days ago,@BeritahuMereka,UCnNK4ltOf6q6PhyuIT3gkJA,0,,https://yt3.ggpht.com/MSiP3X7jjUm0madHSEJ6GwZfYfWZi2KS7KMoZFedsjWSxT_N_RXlPIGnZ0MiF7exQ0Auk69k=s88-c-k-c0x00ffffff-no-rj,False,False,1781497078.91654
Ugw9uNd-snL2a6J1jg94AaABAg,Program MBG program baik hanya saja pelaksanaannya masih perlu pengawasan dan pendampingan sehingga kedepan lebih baik lagi,2 days ago,@BangunBanua1,UCsw5BKHppjBBH7AqwYL3Lmw,0,,https://yt3.ggpht.com/WMDC4lR7o552RToevFbPK1fVyyEnbJFoSY7Y6jAC9w0_HrTGnPjJxt22afuBwOUGcl7NWPhxGg=s88-c-k-c0x00ffffff-no-rj,False,False,1781497078.917971
UgxjSpNmT9BAHYTC5n94AaABAg,yang ngamuk yg gadapet mbg danga tau seberapa bermanfaatnya program itu kah?,2 days ago,@starpatrick-j7l,UCTCMffuQJkoKi6Ey2ldYDHg,0,,https://yt3.ggpht.com/j8NpFQaW36dclzsmmOrTdfLXapt_1jbP44dcr4pMinx91qGH1hXUdc1xqO5AkzjlPaVF8Y1Tpw=s88-c-k-c0x00ffffff-no-rj,False,False,1781497078.919386
Ugzkspvt3fOrN2mnjFJ4AaABAg,jangan mudah terprovokasi,2 days ago,@saliha-f8e,UCHJa6nCj_Z51R_R8XHm-czQ,0,,https://yt3.ggpht.com/ytc/AIdro_lCRXNeKiz9AFIaW5BsxEsnOxDqGipjZUV7gL1AjUVHoD6z0SvKCjTFUGPKCbcymbELIQ=s88-c-k-c0x00ffffff-no-rj,False,False,1781497078.92078
UgzIusgeMGst-8Xi6Xp4AaABAg,Program MBG program baik hanya saja pelaksanaannya masih perlu pengawasan dan pendampingan sehingga kedepan lebih baik lagi,2 days ago,@cahayainformasi8318,UC0J8YYOpgLnEQLd09pVNPhQ,0,,https://yt3.ggpht.com/ytc/AIdro_njv5bj96nXZPdVSGWFsAya7ecRhM4u_78FX5cOyq1Aefxs0LYhy-CVDYRCpSNnYeaQwA=s88-c-k-c0x00ffffff-no-rj,False,False,1781497078.922233
Ugw3ie71zhmNuehKl554AaABAg,Jangan mudah Terprovokasi,2 days ago,@DonTolman-c5p,UCgIjBCXD1rKVK5FObHMC77w,0,,https://yt3.ggpht.com/ytc/AIdro_n6uXwQUZQrJSqgJ6ZF2m7yPyU86vA2cV06lZe_vIJ30N0POsPL-swpaX5qoZBX-P1M2A=s88-c-k-c0x00ffffff-no-rj,False,False,1781497078.923665
UgwRQ1BYrmD3KZohjXx4AaABAg,stop provokasi dan bikin rusuh,2 days ago,@nasikuningharuan,UC0U9-J5qKGaDd6QRkG7pRWQ,0,,https://yt3.ggpht.com/U30y_qISPKa-79G8HkC-tIN7Khybyp7pKQ3k9U8gcLSiDs5TabGxWao3xaJIBuOwo3lcvdP7BA=s88-c-k-c0x00ffffff-no-rj,False,False,1781497078.925058
Ugw7hJZwX9jdYgTRstN4AaABAg,Jaga konduktivitas,2 days ago,@keliling7197,UCR_P5dFzhug_A2JL2PwTC7A,0,,https://yt3.ggpht.com/ytc/AIdro_naO-4sl0iNRVIYMFKE_1w3KRZjdoujRE8fqBUpRMF4hqBpAhmO9ovoOzKerN1x_oFJ6Q=s88-c-k-c0x00ffffff-no-rj,False,False,1781497078.926637
UgwxN3YEw4hXuj7mbCJ4AaABAg,Kalo DPR TDK tau anggaran dilaksanakan berarti bubar dpr ajaa.,2 days ago,@angelinataniawati4569,UC7XH5rpvdGp-4Eq9WoTVgLw,0,,https://yt3.ggpht.com/ytc/AIdro_mo8_UzHjgoSdPRpiCqK4VAppDoCmQ0kPWlCQoAT_Y=s88-c-k-c0x00ffffff-no-rj,False,False,1781497078.928088
Ugww4U0VwKIyi9j4MJB4AaABAg,Waspada provokasi,2 days ago,@keliling7197,UCR_P5dFzhug_A2JL2PwTC7A,0,,https://yt3.ggpht.com/ytc/AIdro_naO-4sl0iNRVIYMFKE_1w3KRZjdoujRE8fqBUpRMF4hqBpAhmO9ovoOzKerN1x_oFJ6Q=s88-c-k-c0x00ffffff-no-rj,False,False,1781497078.929554
UgyYblWIrGq6CiBn-TF4AaABAg,"Jangan biarkan narasi liar memecah kita. Tetap solid, tetap cerdas",2 days ago,@Dehes2001,UC0dRBvJsG_8WliAfXEvSjNg,0,,https://yt3.ggpht.com/ytc/AIdro_k_QNIbHileIvKqR4gskCl20HIQ9fbv-3_dFVp-vWmam75VFD69o7xWdiXX4FHY2gUjrQ=s88-c-k-c0x00ffffff-no-rj,False,False,1781497078.930989
UgzrZVY8SG8K379acyJ4AaABAg,"Mari menilai setiap kebijakan secara objektif, karena kemajuan membutuhkan proses, kerja sama, dan dukungan dari seluruh elemen bangsa",2 days ago,@nikenulfa,UC4Vj1GmJv68PLaq0uQljOOQ,0,,https://yt3.ggpht.com/ytc/AIdro_nfsRMcdQ-VFoiGqSem9tOD6dD-rK6_7_L87-oT8m-LZ9_Zz1QPLPwPCuXy3MEW6JluRA=s88-c-k-c0x00ffffff-no-rj,False,False,1781497078.932469
UgwD3mahchYtjYvJ1q54AaABAg,"ini momen tepat evaluasi untuk memperkuat Badan Gizi Nasional dan Program Makan Bergizi Gratis, bukan menghentikan upaya peningkatan kualitas gizi generasi muda Indonesia",2 days ago,@zelinestory72,UCgE4qd-cfO1kJDw1sZIvPEg,0,,https://yt3.ggpht.com/XDVXV3zeZwYz4BJ49vzx08FzqWx1hp6SzGvVoQfv4rsXiHYNk9hGIKNr8Bj5uwejT32JaM6u=s88-c-k-c0x00ffffff-no-rj,False,False,1781497078.933931
UgxG0cDPXnNH5SA_oG54AaABAg,"serahkan saja semua kepada penegakan hukum yang tegas terhadap pelaku, sekaligus memperbaiki tata kelola dan pengawasan agar program berjalan lebih transparan dan akuntabel",2 days ago,@AnnisaPutriOzora,UCPkvKvLlKW1NtUUTw9BWd7Q,0,,https://yt3.ggpht.com/ytc/AIdro_meYAh6NPkc3qZ9RQbztfozX2jknUqc69hcasQTLZa7CCWY6MHmzRI1I6I59gYFhEiQXA=s88-c-k-c0x00ffffff-no-rj,False,False,1781497078.93542
UgypSBz6FOU_PKWLM014AaABAg,Bagi bagi cuan apbn gorong Bareng uang apbn,2 days ago,@chendrilandrikus2060,UC6pu-logmnRZnm1dLVzOeUg,0,,https://yt3.ggpht.com/ytc/AIdro_l-ojoMesj4O4_Qtx8qLWFu_-sSn6Uk9BcX1CEWnoS7mko=s88-c-k-c0x00ffffff-no-rj,False,False,1781497079.154263
UgxdYh0pTByYs2kduZZ4AaABAg,"Kalau ada oknum yang bermasalah ya proses hukum harus jalan, tapi program yang manfaatnya dirasakan banyak anak jangan langsung dihentikan. Lebih baik tata kelolanya diperbaiki dan pengawasannya diperketat supaya manfaat MBG tetap berjalan untuk masyarakat.",2 days ago,@NabilaAnnisa-f1t,UC67yyixduKHw52pem4a3Hvg,0,,https://yt3.ggpht.com/ytc/AIdro_nv8CUIQDdwQReKARt8EO2hJzLBVG6vYlndMtqrPLAbhErysRDW9CwEbhllNhAXVn-3gQ=s88-c-k-c0x00ffffff-no-rj,False,False,1781497079.155916
UgwcVmEcWRkVBiZwJQF4AaABAg,"mbg program yang terbuka dan evaluatif, lanjutkan",2 days ago,@waloenumbi1005,UCNnQyub9z0P7cOQWYQrFnug,0,,https://yt3.ggpht.com/ytc/AIdro_kRdiwgGASa43GPYT-c3Z6MApteJOGOBXuLd7u6TpOt2CJm9iQ6p6u16RMmQYwe-Tke3g=s88-c-k-c0x00ffffff-no-rj,False,False,1781497079.15741
UgwRZn01hPc_WbLui2R4AaABAg,"MBG sangat membantu anak yang kekurangan makan dan gizi, serta membantu meningkatkan perekonomian bangsa",2 days ago,@indonesiajayaku8541,UCJVLnMg-HyzbKSPFXQjROSA,0,,https://yt3.ggpht.com/ytc/AIdro_knoytsjlqWfigwQZKNYNC_MqyXi_u480tvigL9EMA=s88-c-k-c0x00ffffff-no-rj,False,False,1781497079.159242
UgwLVwY7Z2OzbO-2Oc54AaABAg,Program MBG itu program yg sangat baik. Menghentikan MBG bukan solusi. Justru harusnya kita dukung langkah tegas pemerintah yg uda mmperketat pengawasan dan evaluasi thdp MBG. Optimis pemerintah bs mnjalankan program MBG dg baik utk kesejahteraan masyarakat 👍,2 days ago,@Oposisi.Garis.Keras.123,UCQ95r1aEnmUAAutHEBDefnw,1,,https://yt3.ggpht.com/m-nfM7P9U6SwMyKe8GT3lxlJbWvP7CB8CHQhQ7bq8cbx4uebLZ2apoAdHUUuf7tNDI6xJf81Sw=s88-c-k-c0x00ffffff-no-rj,False,False,1781497079.161003
Ugz9UAQueLONVUYp6Ud4AaABAg,"Ketahuan yg pengen mbg bubar PDI-P kayanya,karyawan mbg siapa yang nanggung lw di PHK, apa ada solusinya",2 days ago,@NoviYanti-on2ry,UCYdkLjhXnxoA0dBe9Ylb2UA,0,,https://yt3.ggpht.com/0iIfVyUaxEDCPyrMMUC5WJZ9dvFOzDzXZVCl_ej2sSSiLIE47MI8MowUa1HwPsRqwFjiFziU=s88-c-k-c0x00ffffff-no-rj,False,False,1781497079.162544
Ugy5ihOsS_hoj5OzuLR4AaABAg,Bubarkn MBG,2 days ago,@dwileatari784,UCGgCN3YSUGDvnYQ4X6RONvw,0,,https://yt3.ggpht.com/ytc/AIdro_l-4_AY-imNYujZRvtMNYwPnDRECbxbJNR3tx0AiaM=s88-c-k-c0x00ffffff-no-rj,False,False,1781497079.164022
UgyK-94mkq8We-FMgSx4AaABAg,koar2 hentikan mbg karna uang bancakan.cuma sedikit gra2 mbg.,2 days ago,@Damasyudha99Ardiansyah,UCo08HeWQ9-6uhJ8qESczTQw,0,,https://yt3.ggpht.com/LNP1N2xNOQzd-vWRv21ivJHBliXHKG8bIF7AgiiIDTRpOJQI-PY0OiGE6M-Z8wid4JkSR6Ofag=s88-c-k-c0x00ffffff-no-rj,False,False,1781497079.165491
UgzyLmSxGV_DEsFM3qJ4AaABAg,"Seheboh itu masalah bgn, dewan tidak tahu, apa juga yang kalian kerjakan.",2 days ago,@jamilm1986,UCZWl7zEk329GbwbEKm0Shpg,0,,https://yt3.ggpht.com/yu5j61LxHugDw3lQlFiEK4OQWdZenRt_O0gbiyALYuvOBF65vetmp4Ul0IJuGZdPs_EExraU=s88-c-k-c0x00ffffff-no-rj,False,False,1781497079.166944
Ugz3vEZmiOeg5jtZ2Md4AaABAg,"Suah klu yg membuat UUD itu mental mental korupsi, bagaimana mau waras setiap kebijakan.",2 days ago,@PujiOno-v5s,UCZThTfTCJpznITqsVnfWVig,0,,https://yt3.ggpht.com/ytc/AIdro_kvbtTnSib7sZ8unyXGBaXdCu1QEHUOmM0J_vmGOMefsdIjo3XP0JRi_xplBMKba99Xow=s88-c-k-c0x00ffffff-no-rj,False,False,1781497079.168421
Ugxlo7F4y7F0opNT_v54AaABAg,"Pecat sigit, hentikan mbg, hentikan koperasi, klo tidak bisa lengserkan prabowo",2 days ago,@gurameenak8355,UCVhvqnRW-gGRMoMHnGM3a6w,0,,https://yt3.ggpht.com/ytc/AIdro_kVfxBemKTXVOvYzuHj3r_aqBBGDF_m8iUtvR9qB3klUkFKm43FfQihtLRU7-euWiffJg=s88-c-k-c0x00ffffff-no-rj,False,False,1781497079.169905
UgxVmC9W3GpXcIoLXk14AaABAg,DPR harus dibubarkan karena ngga membela rakyat,2 days ago,@henrasihotang6541,UCHJO6-GyFz_VWgV-Uwt4rRA,0,,https://yt3.ggpht.com/ytc/AIdro_lsjkFBfnT2MruCk9JHG45RowJgeLbUuKtpHwNmfdc=s88-c-k-c0x00ffffff-no-rj,False,False,1781497079.171391
UgxRcgLup-zoYr41F6R4AaABAg,"Stop mbg,karena mbg korupsi besar gaji PPPK ngga pul gaji ke 13 dan The gara2 mbg",2 days ago,@henrasihotang6541,UCHJO6-GyFz_VWgV-Uwt4rRA,0,,https://yt3.ggpht.com/ytc/AIdro_lsjkFBfnT2MruCk9JHG45RowJgeLbUuKtpHwNmfdc=s88-c-k-c0x00ffffff-no-rj,False,False,1781497079.172811
UgzzENDnCz4OsEhXaqF4AaABAg,Mbg disetop tetapi dananya tetap dikeluarkan untuk membangun industri hilirisasi di semua daerah kabupaten kotamadya diseluruh provinsi yang menghasilkan sumber daya alam hayati itu adalah kebijakan yang benar.,2 days ago,@baharodon4191,UCOUdRSGfE9bZBZAOj5B3v9g,1,,https://yt3.ggpht.com/ytc/AIdro_kN-f_2cKYAs_F64gZ_6ODm8fI5HIyT5bJhBhwx4Zg=s88-c-k-c0x00ffffff-no-rj,False,False,1781497079.17427
UgyRU7ApFGsIP23LiTF4AaABAg,Fa iya lagi berita di televisi embege  tolong dihilangkan  fafersiden dilapangan makanan tida layak dimakan,3 days ago,@0anmornamorning,UCldjjIgSUmPWz-s8tzvlg7w,0,,https://yt3.ggpht.com/VIyBvsbdgU9iTrqre5cCXA4WY3twgXhWts2Jvg8c3B58f-lEKsEVpSrbhSfGWnuXyZ37XtZAISc=s88-c-k-c0x00ffffff-no-rj,False,False,1781410679.175763
UgwYC5gpI0VJ_HnOz_x4AaABAg,"MBG dan KDMP proyek korupsi massal, yg buat miris, bakhan anggota MUI juga ikut menikmati",3 days ago,@Old_Maxi,UCgEABzh6fzI0QXyXzgh2CEQ,0,,https://yt3.ggpht.com/z89nb35TImF0Dn0MArxfLidvXUPE_is04-U6X4ayw_tQqsDz6Tc2RbLeWmKLn5nT8EEvVdUpwCM=s88-c-k-c0x00ffffff-no-rj,False,False,1781410679.177259
UgxxhMc8eWfmW4BWNr54AaABAg,Usut dana MBG jangan cuma ditutup.,3 days ago,@girikuswantoro118,UCxUsDuKlktbJO5tTNQTB48Q,0,,https://yt3.ggpht.com/B5kxPwuFiu_IsUvWlNacGxrGNKiEGQOt61U7YJADIRVXMmcu2GuLw0IzxWS40cNgaDKQyi7z0w=s88-c-k-c0x00ffffff-no-rj,False,False,1781410679.178688
UgzIWDT7Gpg0p4yTjEl4AaABAg,"Dari diskusi ini saja sudah menunjukan ketololan salah satu narsum  masih ngeyel terus 
Jadi pejabat pula gimana mau ilang korupsi hukum nya di langgar mereka sendiri ilang hati yg jujur padanya",3 days ago,@sigitpurwoadi8838,UCEi6sRKO56X10S4AkgK-Pxg,0,,https://yt3.ggpht.com/ytc/AIdro_lhpGOhXISMQ1VziWGIMlQ3ict3B0q4U8N-UwZgHCU=s88-c-k-c0x00ffffff-no-rj,False,False,1781410679.180172
UgzZZ61fUkKmMMZFCmF4AaABAg,"Dari pada untuk mbg lebih baik sekolah yg sudah ada digratiskan, karena mbg di desa 2 gak seperti yang dicontohkan di  TV,waduh amburadul,",3 days ago,@sendokemas,UCEZC9LE5AAYfPS2TAk7WXOg,0,,https://yt3.ggpht.com/0GOtkfewwmxotamb08-GVxoGF0z29Fb3z34IqSw5RupV3ab5n67ZJmsG8l_0cFbgeq04411Gkg=s88-c-k-c0x00ffffff-no-rj,False,False,1781410679.181618
Ugy-MT8YndgKEnLxIoF4AaABAg,Bersih bersih gemana,3 days ago,@dadangpenjaga3325,UCbYvGjiEXUG7dvd4TlNw1Ew,0,,https://yt3.ggpht.com/ytc/AIdro_mrjO9OGCV3s4KL5FAO-JkZCuMMdHk-I8doHCLmp6C9osfz_JqGDDAT1lwVBwdRzZ35_w=s88-c-k-c0x00ffffff-no-rj,False,False,1781410679.183024
UgwS3PL6KKMra-nOceJ4AaABAg,MBG dan koperasi merah putih lbh baik dihentikan.,3 days ago,@viviratna4656,UCElv3x3uCnUgCYBOkqPz1yA,0,,https://yt3.ggpht.com/ytc/AIdro_mtr_2iL_Wm60DTdnNGkZ8Rl7GeakDqdPCgss_lveI=s88-c-k-c0x00ffffff-no-rj,False,False,1781410679.408743
UgxYupYBlqw2PHuo3RB4AaABAg,Mengapa Anggota DPR gak ada kerjaan atau gajinya tak cukup sehingga perlu menjadi pemilik dan mengurusi dapur MBG ?,3 days ago,@brofandi63618,UCBznAxw3UJ5wSnVVamc_ENQ,0,,https://yt3.ggpht.com/ytc/AIdro_k72kUK-NdEdKfvEjJEUjhKu5jOpxP8mcXuVAfdnchHTvhLLwVeyihENTDtYpKNM5EVmA=s88-c-k-c0x00ffffff-no-rj,False,False,1781410679.410438
UgyU7Th_FyIaZ64Nm2t4AaABAg,tangkap pelaku utama periksa irma caniago rakyat minta transparansi.,3 days ago,@God-m4m,UCxxfdbC0lzkZNUsYJApODsA,0,,https://yt3.ggpht.com/rfwuOg9b96xEVDEAJhHiI8OIul0AlE6wvJeX8aAP4wSQXbX3kC6B98C5Q3pXemiYBxD74oBS=s88-c-k-c0x00ffffff-no-rj,False,False,1781410679.411961
UgyRMuuFNREiNUezzEN4AaABAg,Irma tantrum😂,3 days ago,@AdiHamdi-h1g7g,UCSpmm0lSa00sg-_yAPbJODw,0,,https://yt3.ggpht.com/ytc/AIdro_lImVEFshLCzwKPwsKil_wI44W3fLO5VgHisdM_-Jtm5ZMsPSMXFTRot9-tSU3zW38Ftw=s88-c-k-c0x00ffffff-no-rj,False,False,1781410679.413404
Ugy-VhCqgZZ1_hlG6994AaABAg,Negara rusak💩💩💩,3 days ago,@SahabatRockyGerung.76,UCUpuPx1GeMHDdbNd0O3WPag,1,,https://yt3.ggpht.com/S_qInIUKFBymf8MzCfdECmaekjRNJ5RbkTj5U7Q7QY07BxwdjW6bnYTovRoj3qb21OHWK4I7=s88-c-k-c0x00ffffff-no-rj,False,False,1781410679.414814
UgzIvSp_7d1W6PoQkot4AaABAg,MALIIIIIIIIIIIIIIING.,3 days ago,@akusudahtua1929,UCcoimbeZkKpfNMrazKk_-_w,1,,https://yt3.ggpht.com/ytc/AIdro_lE-2v4pt1Am5Vt4Pedf4xjFjaVCExlg_cJVl7OY2xcwvV1BhXRzUSHIHLwFa5dONFuTw=s88-c-k-c0x00ffffff-no-rj,False,False,1781410679.416268
UgxEXdEQaQwlL7bunwZ4AaABAg,MBG KELSEMPATAN UNTUK NGRAMPOK,3 days ago,@akusudahtua1929,UCcoimbeZkKpfNMrazKk_-_w,1,,https://yt3.ggpht.com/ytc/AIdro_lE-2v4pt1Am5Vt4Pedf4xjFjaVCExlg_cJVl7OY2xcwvV1BhXRzUSHIHLwFa5dONFuTw=s88-c-k-c0x00ffffff-no-rj,False,False,1781410679.417706
Ugx_6yh7ApOW8R00Jul4AaABAg,"IRMAA IRMA,ACIAAN DEH LO😂",3 days ago,@akusudahtua1929,UCcoimbeZkKpfNMrazKk_-_w,0,,https://yt3.ggpht.com/ytc/AIdro_lE-2v4pt1Am5Vt4Pedf4xjFjaVCExlg_cJVl7OY2xcwvV1BhXRzUSHIHLwFa5dONFuTw=s88-c-k-c0x00ffffff-no-rj,False,False,1781410679.419101
UgzBBvt5qvSFPicJ1vZ4AaABAg,"Maling kok semua,hadeeeehh",3 days ago,@akusudahtua1929,UCcoimbeZkKpfNMrazKk_-_w,0,,https://yt3.ggpht.com/ytc/AIdro_lE-2v4pt1Am5Vt4Pedf4xjFjaVCExlg_cJVl7OY2xcwvV1BhXRzUSHIHLwFa5dONFuTw=s88-c-k-c0x00ffffff-no-rj,False,False,1781410679.42056
UgxGFXz1vO-7wjcCqNN4AaABAg,Kalau udah ginii mungkir smua kan mbaakkk.,3 days ago,@akusudahtua1929,UCcoimbeZkKpfNMrazKk_-_w,1,,https://yt3.ggpht.com/ytc/AIdro_lE-2v4pt1Am5Vt4Pedf4xjFjaVCExlg_cJVl7OY2xcwvV1BhXRzUSHIHLwFa5dONFuTw=s88-c-k-c0x00ffffff-no-rj,False,False,1781410679.421965
Ugz54-rEztPF5weK1zF4AaABAg,"Kalau dihentikan gmana nasib karyawan yg kerja kan punya anak istri yg dipelihara lwt kerja di sppg,kasihan jg,mengandalkan hidup dg kerja di sppg,smga ada solusi yg bijaksana",3 days ago,@tutinyuliana4833,UCZ75KLdcdZy7aSfKsiM_tGg,0,,https://yt3.ggpht.com/ytc/AIdro_lnejnCrQlW4nvHGmh5y6XmcL8MYNLWN14STPQWmZc=s88-c-k-c0x00ffffff-no-rj,False,False,1781410679.423365
UgyvulvP8ki7BcWd7_x4AaABAg,Bukti masarakat yg sangat bodoh bisa memili DPR macam ni,3 days ago,@FaizIz-k4g,UC3QEQUZe03e9ZWjcbITYbBQ,0,,https://yt3.ggpht.com/ytc/AIdro_mMRF-rcRa9b_yXNV-hvxnhOm6TnYsgR_H4o8INMq8xI4X1RzG0FqBQ7ldbX62yXqGQeA=s88-c-k-c0x00ffffff-no-rj,False,False,1781410679.424741
UgzELEO2T4xvFvvBRKV4AaABAg,Yg baju pink anggota DPR itu terlalu banyak bicara! Ngomong kiri kanan ngelantur tapi kosong,3 days ago,@putihhitam2P,UCDi2fxOIdGhuJdphOYSOGdg,0,,https://yt3.ggpht.com/ytc/AIdro_kQvL7uGwHlaY13XiC8J5K3d1pLQeP3bo8ZEYikMAQ=s88-c-k-c0x00ffffff-no-rj,False,False,1781410679.426178
UgzXgY-3qRDr7kbtJC14AaABAg,Bodonya rakyat yg memili dpt mcmni d tanya kok bulet sangat bodoh yg memilih DPR mcm ni,3 days ago,@FaizIz-k4g,UC3QEQUZe03e9ZWjcbITYbBQ,0,,https://yt3.ggpht.com/ytc/AIdro_mMRF-rcRa9b_yXNV-hvxnhOm6TnYsgR_H4o8INMq8xI4X1RzG0FqBQ7ldbX62yXqGQeA=s88-c-k-c0x00ffffff-no-rj,False,False,1781410679.427646
UgwjBGdiv1Yyvxb_8UB4AaABAg,"Mbg itu tidak terlalu penting,kenapa di jadikan program unggulan,pendidikan gratis itu yg penting.",3 days ago,@TitenSulistiyo,UCSZ1TxpWvqFHC8jvwSWsMDg,0,,https://yt3.ggpht.com/9asb2z72LF7YxZyrfjOFJ-CBIxqrVVXdOHqr3MuiHy52Ih2c3ov8WCdCmbK7KCzZuurUlBHQuZY=s88-c-k-c0x00ffffff-no-rj,False,False,1781410679.429051
UgwCC02IbYM9hlL93N54AaABAg,Pejabat nya aja udah bodo lihat yg d jksa siapa yg oknum nya kelihatan masrakat juga udah pinter pa,3 days ago,@ElinNile-b4m,UC5fcT2burzCSjkLDK9cqLCA,0,,https://yt3.ggpht.com/ytc/AIdro_n_lui30_R4aFboFtgT_VxYjD4iTGYWon2fteKOKgKDhtSlE3mEcaX1nF_zJZGiJY87Og=s88-c-k-c0x00ffffff-no-rj,False,False,1781410679.430517
UgyUk330qfcoJXSTTfN4AaABAg,Fungsi pengawasan dari DPR lemah,3 days ago,@iyuskadarrusman4489,UCCfzqxMpddLFVgX1tEzb0mQ,0,,https://yt3.ggpht.com/ytc/AIdro_mMBPCpbZGpNg8-GSG_1nJ-x2vHO9F-InnWuqf3YgY=s88-c-k-c0x00ffffff-no-rj,False,False,1781410679.432016
UgzHZeFgrSzD58LfhGZ4AaABAg,"Semoga permohonan justice colaborator Pak Soni dikabulkan saja, agar tujuan perkara korupsi di BGN ini terang benderang. Nanti keterangan dari Pak Soni tidak sesuai atau tidak bermanfaat utk mengungkap lain cerita., justice colaborator itu kan hanya utk meringankan vonis pengadilan.",3 days ago,@iyuskadarrusman4489,UCCfzqxMpddLFVgX1tEzb0mQ,0,,https://yt3.ggpht.com/ytc/AIdro_mMBPCpbZGpNg8-GSG_1nJ-x2vHO9F-InnWuqf3YgY=s88-c-k-c0x00ffffff-no-rj,False,False,1781410679.433456
Ugxd1budGBEA_oX3BSt4AaABAg,Korupsi berjamaah,3 days ago,@Aghniya-jz4nc,UCxV7iNMgTI4nt0_TfDq9YnQ,0,,https://yt3.ggpht.com/ytc/AIdro_nmtsXDHjV3vsi3WJxNLeR6_m62bNa4V324lnRtnFy0u-rpS5RDcRIx863T-hajBZ4JOA=s88-c-k-c0x00ffffff-no-rj,False,False,1781410679.434851
UgyMwV-gp6OeoMYaNX94AaABAg,DPR MALING SEMUA ISI NYA. GMNA GK MEREKA ITU UDH BUKAN BELA RAKYAT MEREKA BELA PARTAI MEREKA. APA LAGI SKRNG INI 90% KOLISI PENGUASA. JADI SECARA OTOMATIS DPR BELA PEMERINTAH TERUS SELAMA REZIM INI BERLANGSUNG,3 days ago,@starlord5615,UCOtTIXL4P42aHpAvSb_5S1g,0,,https://yt3.ggpht.com/O4bADRT04xW_KW5ZQx7Bj9HFHPb0J_31pvoqPG4tpzYn4k05clnFO_9dfi1CGRFHYHL5fQSynQ=s88-c-k-c0x00ffffff-no-rj,False,False,1781410679.436301
UgxqlYq-bvZZI6RW9zN4AaABAg,DPR BUKAN LAGI WAKIL RAKYAT .MELAINKAN DPR SEKARANG MENJADI PELINDUNG PEMERINTAH,3 days ago,@TOMO-b7f9t,UCytC3jQLxKL8w6Zz37f1Ddg,0,,https://yt3.ggpht.com/ytc/AIdro_lCz-5s9xX2KhaXt-SgRQrSh7xSIu9Mi5iKddZZLTjvY5aH0-HZod53kfuRV4K-zm-cvg=s88-c-k-c0x00ffffff-no-rj,False,False,1781410679.633409
Ugzz1ZY10FUMTHicEAR4AaABAg,"Stop mbg,pemborosan duitt",3 days ago,@sukro7177,UCG0x0rB_sKNt2Tz6WS9CDLQ,2,,https://yt3.ggpht.com/DsnULvmNUmXSU0E_YYfMhEfrEOJQjDgB9We1mMmlpdvjLl29xG-ASXiMFF7QjmgaYtwpwbix5xI=s88-c-k-c0x00ffffff-no-rj,False,False,1781410679.635023
UgyuNUg3wnVfAccVNql4AaABAg,"Anak"" Itu sampai bawa taperwer bkn krn MBG bermanfaat buat ank"" Itu bu Irma,tp krn mereka gak mau mkn akhirnya dibawa plg bu Irma itu sepengetahuan sy,betul ank sy sendiri bawa taperwer krn ank sy gak mau mkn MBG nya akhirnya di bawa plg dan gak dimakan ditaruh begitu aja dirumah dan terkadang di mkn sm ibunya,klo enk dan bergizi ya pasti di mkn gitu loh ibu Irma canyago",3 days ago,@marulisitorus1490,UCGZYJdOHhRwV5Bg3eAOCxLA,0,,https://yt3.ggpht.com/sckbj6eV7x1EdRT7lt6wLtGMzo_F8GVx7a4KEgY6gGcT18EoRAWwo_Zy8zVacyVjhjcr1sUwUmo=s88-c-k-c0x00ffffff-no-rj,False,False,1781410679.636491
Ugw5IcUb-lWGc5Rm1gh4AaABAg,"Mangkanya Jagan mengambirkan2 uang seenaknya saja,di posisi di daerah juga belum merata juga sudah pada koropsi dasar pejabat ga pernah kenyang !!! 🤫🐈",3 days ago,@MasSudarman-t6c,UCHhg9_sUvnNcik9xPcIzN2Q,0,,https://yt3.ggpht.com/ytc/AIdro_mNEAv5MPjwUYT_oMN-I_oKxZXRDcwTzQ5m2dLC8BLZIN_r2XL_arB8rM0NkGGWBLQJXQ=s88-c-k-c0x00ffffff-no-rj,False,False,1781410679.63793
UgxiE3Z-gcAPQIGpX2V4AaABAg,MAKIN KESINI YANG BIKIN HANCUR INDONESIA INI PUSAT DAN SARANGNYA PENJAHAT ADA DI DPR,3 days ago,@Ronisanjaya-y9b,UCsGEAMMReGvNC7E4EGvYQow,0,,https://yt3.ggpht.com/ytc/AIdro_lTsn_SEf4XL2vXIaaoqLUud5NQ9oq-8qVva6nli6qHfYKIw450e_k2BCXQMQ4EGZfOvw=s88-c-k-c0x00ffffff-no-rj,False,False,1781410679.639343
UgxolugNK8s0U5dNEcN4AaABAg,APA GUNANYA DARI MBG INI,3 days ago,@Ronisanjaya-y9b,UCsGEAMMReGvNC7E4EGvYQow,0,,https://yt3.ggpht.com/ytc/AIdro_lTsn_SEf4XL2vXIaaoqLUud5NQ9oq-8qVva6nli6qHfYKIw450e_k2BCXQMQ4EGZfOvw=s88-c-k-c0x00ffffff-no-rj,False,False,1781410679.640793
Ugy9F56N9fgni_rz1C94AaABAg,Betul MBG Harus D Hentikan Secepatnya.,3 days ago,@M.juhariZamzam,UCY1rDdXV6BhCQJh4BnYNESQ,0,,https://yt3.ggpht.com/ytc/AIdro_kIB5IA6ctvzva_sdiR-wLzAe7GYZepYXonq7FFVmg1fN0SLFqcdgNA01BzkaRlSJ-oHg=s88-c-k-c0x00ffffff-no-rj,False,False,1781410679.642237
Ugxtuq8Rj86uNOiUYRB4AaABAg,"MBG itu baik untuk kesehatan tubuh anak-anak kita yang masih proses pertumbuhan
Perbaiki bukan stop MBG ya
Diawasi betul jika ketahuan penyalahgunaan wewenang penjarakan dan rampas aset koruptor",3 days ago,@MiftahulHudaSlametRiady,UCpRgsysH8NkEgWkO1XnnB8A,0,,https://yt3.ggpht.com/ytc/AIdro_kIQd925lZn3kNvSQBuSIvxotU3QPyWJUGr6nl8J4Bbkl1bcFpzgHabStJf-LedxUFwQA=s88-c-k-c0x00ffffff-no-rj,False,False,1781410679.643635
Ugy-X__oJy4vE2DMC9N4AaABAg,WDuh ada di negri ini?!,3 days ago,@TaufiqHidayat-z1r,UCI5OMPvD5iM8W-9UYTvs8rg,0,,https://yt3.ggpht.com/ytc/AIdro_lCz-5s9xX2KhaXt-SgRQrSh7xSIu9Mi5iKddZZLTjvY5aH0-HZod53kfuRV4K-zm-cvg=s88-c-k-c0x00ffffff-no-rj,False,False,1781410679.645074
Ugz6mRecOZC0AsN94s94AaABAg,"Tidak akan bisa negara kita baik² saja selama hukuman mati di sah kan untuk koruptor.korupsi di kalangan pejabat sudah membudaya,sampai kpn pun tidak akan baik² saja negara kita.
Syarat nya cuma 1 kok Indonesia bisa sejahtera..hukum mati untuk koruptor.",3 days ago,@LuthfyAlkiromi,UC6xEldE1IGe-odJc6JxPQqg,0,,https://yt3.ggpht.com/4NG-hLYBa63eimeS7zndhdnHsslNUOu1dA44QnNWz-mRVHo6dv4iXaxd3XEgP5KTcfDQYUJRew=s88-c-k-c0x00ffffff-no-rj,False,False,1781410679.646495
UgydP8LAOVmM7DU0r_Z4AaABAg,Pdi gak solusibisanya menyakal tok,3 days ago,@EnjoyAman-c5u,UCBU0MSyBIpfnPmv7Y1osNMw,0,,https://yt3.ggpht.com/ytc/AIdro_kIlEeQ4OACNIy4MLudGsL9DTagn5RKE7hatI9E0_FFdCTBbMQSp-RsS-u8gOIa7AM2aQ=s88-c-k-c0x00ffffff-no-rj,False,False,1781410679.647901
UgyjDclI5AQOaka-dit4AaABAg,Hanya Prabowo yg gak tau ada maling di sampingnya,3 days ago,@SaturnusNahak,UCmTWKB0QuDSSie8vYZdtR8Q,0,,https://yt3.ggpht.com/ytc/AIdro_mhpdt52gf-ewuMICMSpf58jqqKXetktX-rAgmJkXZktJrVu4vDkBYngfAtIfmb6uJy3w=s88-c-k-c0x00ffffff-no-rj,False,False,1781410679.649304
Ugz10Pq8qgGx1NtuVfp4AaABAg,"Kamru dan Irma plogokplogo aja, saat dibilang legislatif kehilangan otoritas,megawasi eksekutif,,
😂😂😂😂
Kan itu bos mereka mba,,
Bos mereka sdh tidak anggap mereka ada,kan satu tim
😂😂😂",3 days ago,@riw2870,UC-ionaZBNN978-0rj8RbRGg,0,,https://yt3.ggpht.com/ytc/AIdro_mFJtBwqtipbI8n9jD6eUj1kgb61C1LOvDNnMEGQK1tJkGVm5JMsves7uYeZFZLGyYHbg=s88-c-k-c0x00ffffff-no-rj,False,False,1781410679.650747
Ugyl1B6sknL-mbvYGFB4AaABAg,"Ray kluster pemerintah, kementrian dan lembaga itu melalui yayasan",3 days ago,@IwanSyukri-c5u,UCNq3bYVulMnwXXjH1V-yvoQ,0,,https://yt3.ggpht.com/A5Va4B2DiGsPePM07zqI69IQsM6QOsxj0Ebgssg7-Z2F0RN117O4ihtfHpTYKANwGqeMjblA0w=s88-c-k-c0x00ffffff-no-rj,False,False,1781410679.652231
UgwjNkjmIzVHObiBj8R4AaABAg,"Jangan heran wahai umat manusia apapun yg terjadi di dunia ini tentang ekonomi tentang bencana tentang korupsi  tentang peperangan semua problem yg sekarang kita alami itu semua sudah ada dalam kitab para nabi ( kitab kuno Injil ) karena problem ini menimpa seluruh dunia ( global ) ini di tulis dalam kitab Matius 24 : 6 sampai 7 , 21,22 , nah tentang korupsi di tulis dalam kitab 2 Timotius 3 : 1- 5 , tentang bencana alam kitab Lukas 21 : 11 jadi  GK penting KLO kalian menyalahkan pemimpin kalian , karena sekarang lah waktunya Allah memilih umat yg bisa bertekun sampai akhir asal jangan sampai ikut demo demo karena itu menunjukkan kalian tidak memiliki iman terhadap Allah dan tidak dapat mengetahui maksud tujuan Allah ,",3 days ago,@Kingflass,UCFNAhdhvvAnjKSxc2MTIvfA,0,,https://yt3.ggpht.com/ytc/AIdro_ksQQl2B9h3YStUGVnbkEBwQ17nquLWhFzYP0HbtW3Fg4xF0T91e_MyLGpXuaKOx1LlOQ=s88-c-k-c0x00ffffff-no-rj,False,False,1781410679.653771
UgzSyA7zt9aDRhj7agB4AaABAg,"Siirma,Ngabalin,pakri ambyah tiga serangkai 11-12-13 Podo nggedabrussz gak ada etika",3 days ago,@Masrukin-g4b,UC2ZxPPxOEXJX3WJVteWB8yA,0,,https://yt3.ggpht.com/ytc/AIdro_nZa2L5tvX7AvSd4Ge5CNES4grhI0iSwAR0FOEKVgy-ONyNf84-qq6U12ADeVbgPcot_Q=s88-c-k-c0x00ffffff-no-rj,False,False,1781410679.65526
UgwE6YxqtQEZYEk8CrR4AaABAg,DPR tempat service center dewan pembohong,3 days ago,@TrsSugara,UC-3Mn1cxXAgyPg_WijPiITg,0,,https://yt3.ggpht.com/ytc/AIdro_ntIewhqHLJ0jb4i8htlVqSetwgNKRcHmRn-O7k5fEhFy5geBaAVhx4v3nsZfmDVAxzbw=s88-c-k-c0x00ffffff-no-rj,False,False,1781410679.656682
Ugyo3wsp5_RQYabVkxJ4AaABAg,sarang koroptor itu Rakjat sudah tida budo akal akalan pejabat mbg,3 days ago,@fahroji5376,UCIKu_9qFDoBrKLPRjhyUVOg,0,,https://yt3.ggpht.com/ytc/AIdro_mBIcRF7KJgZtH1sF9zpZLyP7dSzGRgl9uQCveLZwMNt8fOfoKZxIn1FLNP303YunpsIQ=s88-c-k-c0x00ffffff-no-rj,False,False,1781410679.658074
UgzKkKDqETlR4BcDJIx4AaABAg,"Hentikan dl MBG,audit total dl paling simpel yg bikin ruet ya birokrasi ca ci cu ke banyakan",3 days ago,@yuliananana-b8v,UCMu_32gUTYvEISUxp-k1y2Q,0,,https://yt3.ggpht.com/ytc/AIdro_mLNB9AiNGF0XOgZBRbEMk-Bf-m6gI8G5HSINWfjDYFVoHAQqWCnZvIt1J_lYcFsYJzsg=s88-c-k-c0x00ffffff-no-rj,False,False,1781410679.659531
Ugy6dK3Kg4GkLK1zGOZ4AaABAg,"yg ingin menghentikan mbg pasti kalangan menengah atas, karna kalangan itu menu mbg tak berarti bagi mereka, tapi bagi kami rakyat miskin itu berarti bagi kami.
apakah kalian tidak memikirkan kami yg sulit cari makan kah?",3 days ago,@nisalgiandarma8137,UCiuCJtctXLjtCFvqfADQWGQ,0,,https://yt3.ggpht.com/ytc/AIdro_kjOtKhc8SFrnXPT5I3e2LzlSkUPbzV2-TNn3JJcGUDhbo=s88-c-k-c0x00ffffff-no-rj,False,False,1781410679.660934
UgwtpvJcfWozMl2IezV4AaABAg,hukum Jang berlaku untuk siapa,3 days ago,@fahroji5376,UCIKu_9qFDoBrKLPRjhyUVOg,0,,https://yt3.ggpht.com/ytc/AIdro_mBIcRF7KJgZtH1sF9zpZLyP7dSzGRgl9uQCveLZwMNt8fOfoKZxIn1FLNP303YunpsIQ=s88-c-k-c0x00ffffff-no-rj,False,False,1781410679.891521
Ugyb2lFDiPwDN1OuZM94AaABAg,"Buk irma anak anak sekarang sudah mulai bosan dengan mbg, krna banyak oknum dapur yg nakal yg sering mengurangi porsi😢",3 days ago,@RifkySanjaya-p8f,UCZ3sqmqYMWKmlSD9ezTm1bQ,0,,https://yt3.ggpht.com/0dii9oKhKrClEtxATbJ7qAeZ_qEx9R8P_ookGtLtZ3jLmCOlvQs5fe87gs1A-3vkBdEHjX7S95o=s88-c-k-c0x00ffffff-no-rj,False,False,1781410679.893107
UgwbVXgeuGgFfpAUheV4AaABAg,"MBG di hentikan.
Setuju",3 days ago,@ceria6149,UCw1cVHCuq4CjDMNdVbsRpRQ,0,,https://yt3.ggpht.com/_pCcYfvr4oIEKUciiMQF3tKD7aIKcUdTUw2Q76FGaaeqCSh2cnMRRVmIpRX3_zaKYP4pVHQ2=s88-c-k-c0x00ffffff-no-rj,False,False,1781410679.894626
Ugxi4nA2SdWOzNp1vNp4AaABAg,"Sangat tepat program MBG dihentikan dulu bos, jika di teruskan hanya ganti baju saja, akan tetap jadi lahan korupsi masal itu bos",3 days ago,@celepukkuning8206,UCOfjIrXzrEpzE1xoFe3mZ2w,2,,https://yt3.ggpht.com/ytc/AIdro_n_KibbRu8CIp8RQ4gUS0u5H7XKcHU1B-_7g7GFEtg=s88-c-k-c0x00ffffff-no-rj,False,False,1781410679.896049
UgxJEM64zBwk6c-XPfx4AaABAg,Yang salah Dadan,3 days ago,@darsonoono8538,UCVu3peik_SNJKG0HnrIIuUg,0,,https://yt3.ggpht.com/ytc/AIdro_nZAu6CNvgm-JpBK4Fvb4J43W9ahyyxv8UD5UBhmyUbeRMORs1BrrOoUhSF1HHip9sZUg=s88-c-k-c0x00ffffff-no-rj,False,False,1781410679.897457
UgzbmqmTlWGSSKT1NTZ4AaABAg,"Pada cuci tangan,😂😂😂😂😂",3 days ago,@Yukimura99,UCpPbv1YsOmLEZvSPpgzZOUg,1,,https://yt3.ggpht.com/bPh_Xpjr8HmO037ECLnGQsAAm30Y83jJS55LYiNnSV6BK12uZxX1xJJS8zsCKrcz_O-c70dvYsY=s88-c-k-c0x00ffffff-no-rj,False,False,1781410679.898897
Ugw9jIfP7Q_fsSwWcy94AaABAg,Rakuti ini Jember kita mh ykn,3 days ago,@darsonoono8538,UCVu3peik_SNJKG0HnrIIuUg,0,,https://yt3.ggpht.com/ytc/AIdro_nZAu6CNvgm-JpBK4Fvb4J43W9ahyyxv8UD5UBhmyUbeRMORs1BrrOoUhSF1HHip9sZUg=s88-c-k-c0x00ffffff-no-rj,False,False,1781410679.900295
UgzDd2c_Jzh2KVN98WZ4AaABAg,Kebijakan PDIP banyak yang ngacau,3 days ago,@AhmadYani71-e2b,UChANspQoC9IEMPZEL4-xhRQ,0,,https://yt3.ggpht.com/ytc/AIdro_l5LLkTg-D-orAjIv3QnONs9TM45y_AotBXm2mRPRn4eltxYktPs1EaE6EeEfGMXSfLHQ=s88-c-k-c0x00ffffff-no-rj,False,False,1781410679.901675
Ugwx8p5NtPHiG8iYeKd4AaABAg,Apakah ibu Irma yg ini disebut oleh Sony? Apa ibu Irma yg lain? Nanya serius,3 days ago,@adventuresbyarietv,UCnZTs7HgSlxIWtU92AO5gjw,0,,https://yt3.ggpht.com/SPN5KCPzLF98oIpHdZTKhptIAZcagxESf6-VeqIOLXJtOX6zv9Ef3o3vP0aoc329ksCbrGzZHg=s88-c-k-c0x00ffffff-no-rj,False,False,1781410679.903032
UgxRbs4d8kmLM8_KMhZ4AaABAg,Kebobrokan dan KKN dibungkus dng tutur kata yg halus dn tertata rapih berbanding terbalik dng hati nurani,3 days ago,@DariefAhmad-t8x2x,UCbOOoi7sM5ARF4MSndoDRpw,0,,https://yt3.ggpht.com/ytc/AIdro_mMna0eqTxI40bTYxEwnQ3fotkoOzfA5jyFEak676LLhHAOgKlANhBVH3zso3FiQTxzlQ=s88-c-k-c0x00ffffff-no-rj,False,False,1781410679.904446
UgwitDFHcGMzypxiI0t4AaABAg,"Yg cocok dibahas kira"" Hukum apa yg cocok diberikan para koruptor supaya kapok/jera🙏",3 days ago,@MohamadAmir-z7r,UCUU36UKVXjo2wHXnmOtT7_w,0,,https://yt3.ggpht.com/ytc/AIdro_k0PVo4Ayjzf9FlRcdjZAQYBwK430_hLvWlP9jgikQjC65W-ONDWjkk4dykteuHJ96HgQ=s88-c-k-c0x00ffffff-no-rj,False,False,1781410679.905842
UgwcJXo_9Q9n7cETWGZ4AaABAg,Irma itu hrs di periksa,3 days ago,@numansabit6483,UC7Ym2amsi8P10H8sGOLTyBg,0,,https://yt3.ggpht.com/ytc/AIdro_nnsFwgHNG76D5ctSrDPjooUxDp1G23RTYC_zV7kGg=s88-c-k-c0x00ffffff-no-rj,False,False,1781410679.907224
UgybT5QAI_Mm9mK-xsF4AaABAg,Sy yakin klau MBG dan KOPDES tdk dihentikan ekonomi kita tetap amburadul,3 days ago,@hartono3024,UCIpWhTLIDIwAzRQ6GZtVPkQ,2,,https://yt3.ggpht.com/ytc/AIdro_masFs4Sic074JYXuTKa3HxuoE1DE62pzdETET_PF0=s88-c-k-c0x00ffffff-no-rj,False,False,1781410679.908689
UgypfmsAhALMrc-myb94AaABAg,Terlalu banyk penghianat di negri ini!!!,3 days ago,@kaissidqiiki5122,UCdFmCrWe1bJLdQy2hb8kgkA,0,,https://yt3.ggpht.com/0o0fQeA-4w8taCGEWtmR_zHB2aGl4ozIC8Ffb2fFz4PDOwpljJueAgC-xiELuJCIB8ScLmQU=s88-c-k-c0x00ffffff-no-rj,False,False,1781410679.910121
UgySs9oEoaaQ80TuoEx4AaABAg,Ah org gerindra ini ngomong normatif dan tdk ada solusi buat rakyat,3 days ago,@hartono3024,UCIpWhTLIDIwAzRQ6GZtVPkQ,1,,https://yt3.ggpht.com/ytc/AIdro_masFs4Sic074JYXuTKa3HxuoE1DE62pzdETET_PF0=s88-c-k-c0x00ffffff-no-rj,False,False,1781410679.911561
Ugw9r_ekaBBbCUxOM1R4AaABAg,Politisi PDI ini kita curigai ada di belakang demo mahasiswa,3 days ago,@HatoranganHutagalung,UCe1v0ZTuA1EFKexZV1EL-lg,0,,https://yt3.ggpht.com/ytc/AIdro_n17eVS6yOwSEgbNTgXc4n9JeOKRE9MMEESD8Bfcg_tgLUU3ZPzBmNs64A-tbv0zyDUoA=s88-c-k-c0x00ffffff-no-rj,False,False,1781410679.913014
UgyhCiH8W8KC9w_po4t4AaABAg,"Guntur itu cuma pinter ngomong doang , apa sih yg sudah diperbuat oleh guntur untuk bangsa ini",3 days ago,@R.Purwanto,UC62Dg9ZUm2Zmu6FBDRgLUbg,0,,https://yt3.ggpht.com/ytc/AIdro_lawf9yWTQpDKE0MLo3587nhlwH_ppxDQse0Bw_-WWV25kHUsQnoRSTBnBBFdxj69wZBg=s88-c-k-c0x00ffffff-no-rj,False,False,1781410679.914538
Ugwf8oZYkE0E0FV-kpN4AaABAg,Gua bilang juga apa udah miskin ga dikasih kasih bau busuk bagi bagi tanah kasian angkut angkutin 😂,3 days ago,@CobaDulu-s6y,UCa3fd3kTj6U1lbF04lwukjg,0,,https://yt3.ggpht.com/ytc/AIdro_l8L0TJqZB5vy_wSoWnPUp41hZqjFKi2vrB8iGXThNWdbedSaomLTqHOwXLKh-b_8ECSQ=s88-c-k-c0x00ffffff-no-rj,False,False,1781410679.91598
UgzWInyzVlAXpJ5RGDt4AaABAg,Gara2 program MBG dan KOPDES ekonomi kita jd amburadul IHSG dan rupiah anjlok tdk terkendali.apa gunanya efisiensi 350 trilyun tapi dana efisiensi tsbut utk kedua program tsbut justru hbs 750 trilyun kan konyol.otaknya kebolak balik,3 days ago,@hartono3024,UCIpWhTLIDIwAzRQ6GZtVPkQ,1,,https://yt3.ggpht.com/ytc/AIdro_masFs4Sic074JYXuTKa3HxuoE1DE62pzdETET_PF0=s88-c-k-c0x00ffffff-no-rj,False,False,1781410679.917392
UgzC-UFsbXNH1-jKgZh4AaABAg,"DPR Katanya kagak bisa ngapa2in ? Lalu ngapain aja Boabo , apakah fungsi kontrol DPR kolektif dungu.katanya MBg bagus, tinggal tidur aja, makan gaji buta?",3 days ago,@AgusSunarno-d9e,UCWmqCsP47n8jGzcwQHOmCuw,0,,https://yt3.ggpht.com/ytc/AIdro_lN1r14JyVE1HV827fOA4jwcUpML9JATe2vub3wBZwgdO1_u1mEpcWHSejRd9oj5lcaaA=s88-c-k-c0x00ffffff-no-rj,False,False,1781410679.918785
Ugxjd86ESORpiQcOXqF4AaABAg,MBG Stop saja tdk usah bertele tele😅,3 days ago,@tariku6382,UCqa80PvuQUjioWmE_PrQpzQ,0,,https://yt3.ggpht.com/ytc/AIdro_m0ftrs_xORpUbfm6NbJESAWw9nEQGxNJPOjqPlzA=s88-c-k-c0x00ffffff-no-rj,False,False,1781410680.142163
Ugw0UNrNoyptNRQZkOp4AaABAg,SETUJU BERI KESEMPATAN DULU KPL BGN YG BARU TUK BERPOYA2KORUPSI RAME2BETUL BRO,3 days ago,@AhliAmanAman,UCgGaYsAfkYp5hBNVajjzXrg,0,,https://yt3.ggpht.com/ytc/AIdro_mIq3VHfPUrGhS9seKsJqeGzc2vC6doz0-nM2OENLkRxafGhMnaFzOjB0stCwcIPBngbw=s88-c-k-c0x00ffffff-no-rj,False,False,1781410680.143756
UgxPJwUJjo9jrSC4nMZ4AaABAg,Guntur PDI Banteng nyuruh hentikan MBG artinya nanyeng tdk berpihak pada orang kecil. Orang kecil dikasih makan bergisi gratis gk boleh. Nanteng 29 harus ditenggelamkan titik,3 days ago,@YudhiSanyoto-b5w,UCleoyNHabrBJLm3OqqmTuig,0,,https://yt3.ggpht.com/ytc/AIdro_kXPpC91hWBfq9kR4J1VteYD5pZC7CaWzeH_gaYjVNe4rdWPt3VI-qtFVO3abjvzqNChQ=s88-c-k-c0x00ffffff-no-rj,False,False,1781410680.145226
Ugy56wb2DlFTUzpFdgB4AaABAg,Mantap Ibu Irma kasih pencerahan pd orang2 sok tau ini❤❤❤❤❤❤❤❤❤❤❤❤❤❤❤❤❤❤😊😊😊😊😊😊😊😊😊😊😊😊😊,3 days ago,@BokaBoka-q4y,UCIbm5e_7UzDdaECsonGOkHQ,0,,https://yt3.ggpht.com/ytc/AIdro_lv0OFps6rQfOJXt8we0yI9P8dnXzZOfyhHIqURAjzP3hPbyhf73dY6hsoaN2U8skzHMQ=s88-c-k-c0x00ffffff-no-rj,False,False,1781410680.146647
Ugz9le2oFcASP-FfhTx4AaABAg,Hai banteng apa SDH lupa kalau MBG itu memberi makan anak 2 rakyat spa. SDH lupa simbol perjuanganmu untuk membela rakyat?😮😮,3 days ago,@handokobuntaram1641,UCxBuTzF1M0sjYqioHeh6QWg,0,,https://yt3.ggpht.com/ytc/AIdro_lvvFrrSUnLjRJoqYlH6bmzwx0CUG1JKHY2tKLqg-I=s88-c-k-c0x00ffffff-no-rj,False,False,1781410680.148093
Ugx0nnsPzGUVWtidwAZ4AaABAg,"Kenaikan BBM terkait langsung dengan kurs dollar, krn Crude oil masih impor di Timur tengah dan disebabkan oleh perang Amerika dg Iran  , hal ini sebabkan kenaikan BBM",3 days ago,@TRAVELLERGEMBEL,UCuCJRmjsMGo52RHu2cEUwdw,0,,https://yt3.ggpht.com/oAPjkxe9kLBz4HhWlEgMV7_u4kfr6DUZjt-OIXkVi0uAENhlK94f9Oba0E_CHrKUw019lbBkywU=s88-c-k-c0x00ffffff-no-rj,False,False,1781410680.149525
UgyOqFGFIJTueBedCG94AaABAg,"Jangan kita keburu memfonis orang itu,orang ini bersalah biarkan pengadilan yang akan memfonis mereka.",3 days ago,@PakKolo-s4m,UCp-IWlEdOc65oWHGagoSm3A,0,,https://yt3.ggpht.com/ytc/AIdro_lRyZkwPw0x7IAtIsr3h8RD7OLQiMj64AT9z9wg5IdKOvALoEa8EA9SKI35G023QyLAFA=s88-c-k-c0x00ffffff-no-rj,False,False,1781410680.15094
UgxT-wR4hZtJmQyJXfh4AaABAg,Ke we beak anggaran bangkrut lur,3 days ago,@EuisHolisoh-x2v8m,UCtuKgcZ3WXnO3b4Pv4BbRcw,0,,https://yt3.ggpht.com/ytc/AIdro_m2gSlRZ8pnKJyCcGdJLGFQ9gRQp0EvqSYZSulf8MYqwOgLgQf6khYraMqkL0JYWSFS6w=s88-c-k-c0x00ffffff-no-rj,False,False,1781410680.15235
Ugw66u7KcF0K_4BKzu14AaABAg,Tenggelamkan Pedeipeh,3 days ago,@FritzMohim,UClZMmDtn5akVR8jurDGVfUA,0,,https://yt3.ggpht.com/ytc/AIdro_nwfT50htsthWKbQG8XZyTVXCJKIY_cr3d_ec0f87HyoTEKTHQKJHAeBtG6dhmYybmTcg=s88-c-k-c0x00ffffff-no-rj,False,False,1781410680.153776
Ugyut5NU82Jv7hqBflx4AaABAg,Busitlah di rmh jg mkn ank ku lbh dari mbg itu,3 days ago,@BurhanNudin-t6r1v,UC1tygCil6FVT8fu1GqYJUfw,0,,https://yt3.ggpht.com/ytc/AIdro_mN1c1vzIft5ypy_rAQYCalK0QVpe02f37xaOHq7l5Pqc43B_9OZn0V4qqeYf-bVp7yIQ=s88-c-k-c0x00ffffff-no-rj,False,False,1781410680.155202
UgycKU44Q-rHKAt5nU94AaABAg,"MBG stop dah amburadul jadi ajang korupsi,mending buat skolah gratis sampai S1",3 days ago,@SugandiSugandi-u7h,UCWUHW1bK3d3b4n-QAuxxz_w,0,,https://yt3.ggpht.com/ytc/AIdro_mA5iYFWQWr-erQfOrpRSPi7uAL1ykOBKRSbPBDp88Z1xyBT7Je5IKp6_AckwgwsDEc-Q=s88-c-k-c0x00ffffff-no-rj,False,False,1781410680.156628
Ugz-lHNAM20uxvJ-eiB4AaABAg,"DPR bkn memikirkn rkyat, wong buat undang"" Lama bgt baru kelar, aku gk prcaya m mrka",3 days ago,@BurhanNudin-t6r1v,UC1tygCil6FVT8fu1GqYJUfw,0,,https://yt3.ggpht.com/ytc/AIdro_mN1c1vzIft5ypy_rAQYCalK0QVpe02f37xaOHq7l5Pqc43B_9OZn0V4qqeYf-bVp7yIQ=s88-c-k-c0x00ffffff-no-rj,False,False,1781410680.158101
UgxDK6q6GyOL_ffVaA94AaABAg,"KLO URUSAN MBG, BANYAK MINTA MBG DIHENTIKAN.
SEMAKIN RAKYAT TERIAK, HEAAALAAAAH!!! POLITISI DAN ORG2 YG MERASA PINTER MALAH IKUT2AN TERIAK. KEMANA AJAAA!",3 days ago,@mulyo-no7393,UCGMwKkyyzZg6vlyIy_9UDYg,0,,https://yt3.ggpht.com/ytc/AIdro_kAvXwKhF9W-758960a9XjLrXxvSdrZkX4XZl0vZ0CotMcCwuJe0HKveyMX8NMWQ9UFfw=s88-c-k-c0x00ffffff-no-rj,False,False,1781410680.159532
UgzvU4tKHHGGclH8vVt4AaABAg,BODOH KLU BUBARKN MBG. MBG DI BUTUHKAN RAKYAT,3 days ago,@Zulkiefli777,UCvZzx_zX9eGwh7iXxBpFN8Q,0,,https://yt3.ggpht.com/ytc/AIdro_nFYiPyeN9vQtmeZOV_BZxRckV4iAJkdNQU3mfdGbPUIopwy0IaDsVvOn9uYAGI4OAHew=s88-c-k-c0x00ffffff-no-rj,False,False,1781410680.160963
UgyIHZAFUJ1hyznJ8L94AaABAg,Nyesel banget pilih si woWo 🖕😭😭😭,3 days ago,@NurulAbadi-u3r,UCNPBYEz2qBHmOloQSIsIigQ,0,,https://yt3.ggpht.com/ytc/AIdro_l3w5pHbAbv1UvTOPK0opzB0B7dPW0ZNUdarnydvhKgG4l6j3Av59TtPzgAeNOLj7pxDQ=s88-c-k-c0x00ffffff-no-rj,False,False,1781410680.162446
Ugz-ebTHfWOegtWTWuZ4AaABAg,INTI NYA BGN BISNIS POLITIK 😠😠😠,3 days ago,@AntonKristian-g7b,UCdSnfh-_E9RIzlCwOfaJ2Pw,0,,https://yt3.ggpht.com/ytc/AIdro_lO1bg78qyz0HR_ZIH8s5qeSfzYr9fVSd1DukOaqgMnQ42rwYpPYWufcdbL9Z9Zby0O7g=s88-c-k-c0x00ffffff-no-rj,False,False,1781410680.163861
UgyMzIRLec5sP8z8X3J4AaABAg,"""clean governance"" 😂😂

big bulsyit yow",3 days ago,@kirno9444,UC9-LhvrA-oA3Bku9SHtZ7MA,0,,https://yt3.ggpht.com/ytc/AIdro_m8zR7HXBlyG2UE35idkbGLIAnggX7QFOYSMqivYbrCJg=s88-c-k-c0x00ffffff-no-rj,False,False,1781410680.165262
UgyB0FgeSwBh3wlkifF4AaABAg,paling kalau mau normal ekonomi mbg  kmp dihentikan.,3 days ago,@MIKAELSADA,UCehaKdTHb-9Hv21DcQ6UkAA,0,,https://yt3.ggpht.com/ytc/AIdro_k0PVo4Ayjzf9FlRcdjZAQYBwK430_hLvWlP9jgikQjC65W-ONDWjkk4dykteuHJ96HgQ=s88-c-k-c0x00ffffff-no-rj,False,False,1781410680.166639
UgwpdpDL9s8pJFDE39h4AaABAg,"😂😂😂 koruptor sat ini makan tidur nyeyak sementara partai lain & mahasiswa sibuk membahas MBG serta BBM hancurlah bangsa ini bro, program yg sudah berjalan baru di gubris knp g dari awal sebelom berjalan 😅 mo sampe kapan Indonesia tenang, nyaman, Damai.dan banyak orang pintar  berargumen pintar² sampe mahasiswa ikut² berargumen mungkin ikut belajar bwt skripsi nanti ataw sudah merasa paling pintar sehingga ikut terjun ataw mengamati pendahulunya yg lgi ribut berargumen tuk suatu kedudukan di pemerintahan. Teruskan tradisi repormasi ini sampe ke anak cucu kalian. Ingat bangsa ini tdk akan maju sampe kapanpun klo kalian bertahan seperti ini & siap² negara tetangga kalian akan mempertawakan krna  ketertinggalan akibat kebodohannya, kita bangsa yg kaya sumber alam, sampai hasil tambang yg sangat berlimpah knp mahasiswa Diam & tdk bertindak sat kekayaan Indonesia dijarah oleh pejabat-pejabat yg bermain diikuti penambang liar & hasil petani dirampas oleh pasar tengkulak knp anda tdk bergerak ke situ. Anda sebagai generasi penerus yg akan menyelamatkan bangsa ini. Bertindaklah tuk rakyat banyak bukan tuk golongan orang-orang yg mempengharuimu. Klo anda berpikir cerdas 👍",3 days ago,@VaniaRahma-k5k,UC3OpZ7Uymsknw7rkGEpLXpQ,0,,https://yt3.ggpht.com/ytc/AIdro_m1Hu3ivWIhB3HqWynDMzioSOdFj59b3480j10aEP_9I8f9s2Sbqh3WxiwdOVFdJfLD-g=s88-c-k-c0x00ffffff-no-rj,False,False,1781410680.168065
UgwytFLAdGl0fn8LreF4AaABAg,"Koropsi dinegri kita tetap akan berlanjut, sebelum perubahan undang undang dirubah besar besaran. Karena kebijakan pemerintah selalu memberi peluang dan celah untuk dikurupsi.",3 days ago,@SlametSurip-q2p,UCa2qNWG1Gzkb9K88rVmdbEg,0,,https://yt3.ggpht.com/ytc/AIdro_kSGfJDEc-ehaGCvwnyuNBr8kfhML-Yew76Nj8hUUSrrke4-fZIU5cLYjQMy1xZcxRHzA=s88-c-k-c0x00ffffff-no-rj,False,False,1781410680.169552
Ugw4CSDgmwEL0S0zYWl4AaABAg,𝘽𝙪𝙗𝙖𝙧𝙞𝙣 𝙖𝙟𝙖 𝙗𝙜 𝙜𝙖𝙠 𝙟𝙚𝙡𝙖𝙨 𝙙𝙖𝙧𝙞 𝙥𝙖𝙙𝙖 𝙢𝙖𝙡𝙞𝙣𝙜 𝙗𝙚𝙧𝙠𝙚𝙙𝙤𝙠 𝙜𝙞𝙯𝙞,3 days ago,@sutiknoxerox6806,UCYGPxNA0niQUN8VzIug__Og,1,,https://yt3.ggpht.com/ytc/AIdro_nWlo-koWsoHp-QCrndySpg0AQQQllgVvxHpPf60-0=s88-c-k-c0x00ffffff-no-rj,False,False,1781410680.372461
UgwckBbFtF8HF2Q_2k54AaABAg,Udah ke baca politikus PDIP mau nyetop mbg biar ada peluru buat nyerang prabowo,3 days ago,@YogiSenget,UCJ97KPX0ziUk65ldhSVeuTw,0,,https://yt3.ggpht.com/ytc/AIdro_mcs__G4H9RxC8KlIb9zOmDFpOfY98OOHgbxjIKe3oyGvIH2hZmefgkOtHLuLWIC4IWQw=s88-c-k-c0x00ffffff-no-rj,False,False,1781410680.375294
UgyobbFrTBwLhXTbFbp4AaABAg,𝘿𝙥𝙧 𝙢𝙡𝙚𝙢𝙥𝙚𝙢 𝙠𝙖𝙮𝙖𝙠 𝙠𝙧𝙪𝙥𝙪𝙠 𝙗𝙤𝙧𝙩𝙤# 𝙢𝙚𝙬𝙖𝙠𝙞𝙡𝙞 𝙧𝙖𝙠𝙮𝙖𝙩,3 days ago,@sutiknoxerox6806,UCYGPxNA0niQUN8VzIug__Og,1,,https://yt3.ggpht.com/ytc/AIdro_nWlo-koWsoHp-QCrndySpg0AQQQllgVvxHpPf60-0=s88-c-k-c0x00ffffff-no-rj,False,False,1781410680.378105
UgznBjKZTeRrdWYwWsV4AaABAg,"DPR Mulai ketar ketir, tak mungkin bikin panja.
Mosok jeruk makan jeruk.",3 days ago,@tumijopokemon147,UCwgIqVyszekGlkACO2ypufw,0,,https://yt3.ggpht.com/ytc/AIdro_nLPsde4imI1JbpShyV5zcvm4hKwL4_SzVVApfC0Ro=s88-c-k-c0x00ffffff-no-rj,False,False,1781410680.380795
Ugy9_ayJ2O4FZgcSv314AaABAg,EFISIENSI HANYA UNTUK MBG BUKAN UNTUK KEPENTINGAN RAKYAT.,3 days ago,@CahyojenggotMaryanto,UC0rIHfBIIZw3qds0jqn_NRg,0,,https://yt3.ggpht.com/ytc/AIdro_l54JuFkfz_MPuEzHjXdxfvxURY00Junn3arhXrUYET02NzrFzJeqJsa24OyzDDUvdakg=s88-c-k-c0x00ffffff-no-rj,False,False,1781410680.383477
UgwcPIH6vYPz6iJm4ht4AaABAg,"jjr kami orng kampung, yg jarang mkn daging ayam dn telur, sangat mendukung mbg.ttp semangat pak Prabowo💪",3 days ago,@contact28,UCxoju2kEw0SggwesRvrCIrA,0,,https://yt3.ggpht.com/gELKsFIyazk6ox2xsTlJUov7xP6rFBv1m338WVsSuYhUD8KKOkRo9WAwV0d3S3pY5M4_md4WBQ=s88-c-k-c0x00ffffff-no-rj,False,False,1781410680.385775
UgyyEmyI4M_jr20IdNZ4AaABAg,"jjr kami orng kampung, yg jarang mkn daging ayam dn telur, sangat mendukung mbg.ttp semangat pak Prabowo💪",3 days ago,@contact28,UCxoju2kEw0SggwesRvrCIrA,0,,https://yt3.ggpht.com/gELKsFIyazk6ox2xsTlJUov7xP6rFBv1m338WVsSuYhUD8KKOkRo9WAwV0d3S3pY5M4_md4WBQ=s88-c-k-c0x00ffffff-no-rj,False,False,1781410680.388439
Ugw8mhwrZkWQOazhJPF4AaABAg,Betul sekali MBG dan BGN harus di hentikan atau dibubarkan,3 days ago,@MayaNiaS-q3v,UC9R9SQlfPYjP8LLUuVdAowA,0,,https://yt3.ggpht.com/ytc/AIdro_nWBkhs3XZcENi1MSPCdcXzpUjnMm2sZJbVobSifX-nvmmNb8bXfpOmj_RTnLGbL03qbA=s88-c-k-c0x00ffffff-no-rj,False,False,1781410680.391201
Ugy-pBVq-bv_4JI64HJ4AaABAg,26nama itu hanya gertaan saja alias pepesan kosong,3 days ago,@Sholeh-z8v,UCVoKWaEUholNSLzEglwVdVQ,0,,https://yt3.ggpht.com/ytc/AIdro_kN0vHjIDhTA7B0t2l-8jw4du0Fp3Q4NWDxREtZ0wG6prM4O5dykKEJAxt14lhBl9HMMQ=s88-c-k-c0x00ffffff-no-rj,False,False,1781410680.393731
UgwF_tXMHUjo88jqAbF4AaABAg,Kali ini gw SETUJU DENGAM PDIP,3 days ago,@SARDOT.BERSHOLAWAT2347,UCRxPGKhJ8U5HHIiAzPey3yQ,0,,https://yt3.ggpht.com/yXDtyifMfuA5PWBCg10Kn5pBOMOhmCBjf448O8I4hwvGuxjibE5MAbs865B9J5g4tI4Es8GS=s88-c-k-c0x00ffffff-no-rj,False,False,1781410680.396331
Ugzea2_DQHSZmgzXEdh4AaABAg,Semua blum ada kesempatan dulu Yuliari batu bara Hasto y korupsi,3 days ago,@PakSis-f1l,UCxyVicxraaJUBsA7Bgb3OHQ,1,,https://yt3.ggpht.com/ytc/AIdro_nusKmZATTFepe_OlKa8JyO-6iYOa1X47MpI9Y2RzmxHnb3yNgJRjgNAhXoZlMjqL8eQA=s88-c-k-c0x00ffffff-no-rj,False,False,1781410680.398993
UgwbMFL1g18OqhKLJpV4AaABAg,Cb itu yg baju merah.kaki mohon di turunkan.adab harus di jaga bro.kaki mohon di turunkan.,3 days ago,@ArifinArifin-v1i,UCdzmVaR4xpVV_F4-NkG4fPA,0,,https://yt3.ggpht.com/ytc/AIdro_n6ZBBa_3wssvZ-3uYejR-pYif7bZ3F-sJr33JSyktwwYCCLRkkFCHIjZW7Up1yAzVU4w=s88-c-k-c0x00ffffff-no-rj,False,False,1781410680.401674
UgxrgUxy4vMuiWGrAMN4AaABAg,Ini dia kalau udh mau pemilu di ambang pintu subuh lh semua mau calon balon diri jadi legislatif  kan ini jadi nya  Ini cuman buat mengabur kan Rakyat sekarang para dewan jadi nya momo2meme2dewan3!!,3 days ago,@FirmatusUdin-o6x,UCrxMYxeKQB-a3t6apAhU1Uw,0,,https://yt3.ggpht.com/ytc/AIdro_mYTYoKF1B7tFs9gD1sl44yurR_Y02Iy7QE6tkZv623fEgSNVDLr4xTAKTESIRb6ryFFg=s88-c-k-c0x00ffffff-no-rj,False,False,1781410680.404318
UgzfismusbnEwSGD3HN4AaABAg,C,3 days ago,@suewarnosuewarno8569,UCBRBAqrE0_ogpynizmWgC4w,0,,https://yt3.ggpht.com/ytc/AIdro_n-ipYGNyWfz12ONyTS5rSab8KjOyO2zchxWqeHFrPUeLIIa2HS4OmlreGaAFKDd_6j1g=s88-c-k-c0x00ffffff-no-rj,False,False,1781410680.406817
Ugyp7iddTy0Wi8W1JFZ4AaABAg,Hukum mati saja yg koriupsi nya puluhan ratusan triliunan itu maling ayam kendaraan yg harga jjutaan ada yg mati  kalau keciduk masyarakat 🤔,3 days ago,@AaSutisna-i8s,UCpH0F6WXP8mIr2-tUCE81cg,0,,https://yt3.ggpht.com/ytc/AIdro_n2udBzeYBteVO94AOvACDKqyHN4sBTqV2YenVzO3Y2Ic5h7sd9c1UhQi-g7V9kvb_L3A=s88-c-k-c0x00ffffff-no-rj,False,False,1781410680.40849
UgyQiPC3MTpCTpPEtWJ4AaABAg,"Rakyat waras tidak setuju hentikan program MBG, yg di hentikan itu orang2 yg korupsi di MBG, agar supaya kapok tidak korupsi lagi  tolong syahkan UU perampasan aset. Biar tidak bertambah semakin banyak yg korupsi. Semua program kerja dimungkinkan besar ada celah akan terjadi penyelewengan dana. Manusianya yg dihentikan tapi bukan programnya.",3 days ago,@StopFitnahBenciDendam-xe7jy,UCSSyNK9m1-sc2mR34DNbaOg,0,,https://yt3.ggpht.com/6tX5OEUmJRq6vxQcmRD0hE_h8lbvrK5RbHByOsn7T2cbHtVeLhPundegRTGRPDDb9FJxXTUgkjg=s88-c-k-c0x00ffffff-no-rj,False,False,1781410680.410018
Ugwjj7aqhBPiatnkbt14AaABAg,Ga usah dibubarkan biar saja korupsi meraja Lela di Indonesia. Kalau ga ada yg korupsi itu bukan Indonesia namanya,3 days ago,@imongalilham7811,UCf5ayu4LdPRxYr921c3aGdg,0,,https://yt3.ggpht.com/ud58Zi-qTWAqPKd4FKFVntD3BLmxDs2_74IRef23gxbs-ilp4OEDASxE2hKh_EoqgC0zs32tvQ=s88-c-k-c0x00ffffff-no-rj,False,False,1781410680.411567
UgzXLBmfrdyVSuo79fh4AaABAg,"Wahai para anggota DPR, bagaimana kalian semua bisa hidup tenang sementara amanah rakyat kalian khiananti?",3 days ago,@Banana18999,UCzRg_NEskjXARgpSnuIZP2A,0,,https://yt3.ggpht.com/5NuxO-fwen-oOrsVOy5CFo9VP27P5LeLwGOc6WWENk-xMR6bnLTK52tus39cYwS92q1jxX8Oig=s88-c-k-c0x00ffffff-no-rj,False,False,1781410680.413039
UgwaCCp3Z4LwYCrg0Px4AaABAg,Stop mbg,3 days ago,@fajarkurniawan249,UCMdHLdmZC8E94SpE4dKk6OQ,0,,https://yt3.ggpht.com/ytc/AIdro_knNF1VDdvnyjoQLXDawGbgaB0PD56rbo6Ne7UAaagVKLc=s88-c-k-c0x00ffffff-no-rj,False,False,1781410680.414521
UgxEuii_ZOZ0FZbDFHJ4AaABAg,Percuma ada DPR. Mereka hanya wakil dari nafsunya sendiri.,3 days ago,@Banana18999,UCzRg_NEskjXARgpSnuIZP2A,0,,https://yt3.ggpht.com/5NuxO-fwen-oOrsVOy5CFo9VP27P5LeLwGOc6WWENk-xMR6bnLTK52tus39cYwS92q1jxX8Oig=s88-c-k-c0x00ffffff-no-rj,False,False,1781410680.415977
UgzU4moz_Lm7DQgCfCt4AaABAg,Tatatertib cara koropsi mereka punya semua.,3 days ago,@MAbuMALIK-q7f6w,UCrq2DncIiGBKteent-b61jA,0,,https://yt3.ggpht.com/ytc/AIdro_kIB5IA6ctvzva_sdiR-wLzAe7GYZepYXonq7FFVmg1fN0SLFqcdgNA01BzkaRlSJ-oHg=s88-c-k-c0x00ffffff-no-rj,False,False,1781410680.661289
UgwJNwjyprf_YDOcQRV4AaABAg,MBG hentikan saja karena tidak dimakan cuman dibawa pulang untuk makanan ayam sedangkan untuk dana MBG menyedot dana Desa yang biasanya untuk pembangunan di pedukuhan pedukuhan,3 days ago,@wiyonosukoponco6126,UCUXZopOr1OPS0Je1nNzgGAQ,0,,https://yt3.ggpht.com/ytc/AIdro_kIf0PlGxS9LwKxppQVov5u0hFtgPeNCW-rOh6gNvvnKpT4SStrhyfLIw9gMGgjS8B-Hw=s88-c-k-c0x00ffffff-no-rj,False,False,1781410680.66289
Ugxb3zl5I7iNNI83sOt4AaABAg,Sekara stiap ganti.pesiden kayak.ya membela rayat tapi mrebut peluwang koropsi.mbg indonisia.merdeka bukan buwat.mainan.pejabat.pmereta😂😂,3 days ago,@VariaMapan-r7s,UCWZqFw2rviipOmgsCd54sIg,0,,https://yt3.ggpht.com/ytc/AIdro_kB-e-3d1p4ytuTR5x3YUZFIAHkxxFZy_2KHFYn2rte76VkJIG-rjHEojN9o8dDu9ogOA=s88-c-k-c0x00ffffff-no-rj,False,False,1781410680.664391
Ugw-rPnMj1hq-AwbrfN4AaABAg,Semoga keturunanku tak jadi DPR😂,3 days ago,@SantriNecis,UCylcy_Oe6L5iFPaVr81ktGA,0,,https://yt3.ggpht.com/mGq3FR4qwmHXXXLtemZfkXNfRKOalt-U8LOPceNNWB4qyMntWsAEEryyfGuyMxZTlr1zhz8DOw=s88-c-k-c0x00ffffff-no-rj,False,False,1781410680.66583
Ugw9DX-eXELxQiE_3E54AaABAg,"menghentikan itu politik, pemerintah lagi pembenahan karena salah pilih pejabat.",3 days ago,@suryapalilati1671,UCHIQKT-u6ydecU8qvdv8TdQ,0,,https://yt3.ggpht.com/ytc/AIdro_kxfEU0zLu2MgBhOgq8IEl84czIq2J5IHnDgOJgZ-A=s88-c-k-c0x00ffffff-no-rj,False,False,1781410680.667272
UgyhN9W3_KMmnxBfirl4AaABAg,DPR ngak penting,3 days ago,@MuhammadYusuf-mt2rz,UC1WukUpSYu1WmHfE7XhRyAA,0,,https://yt3.ggpht.com/ytc/AIdro_m-wvAwKyNneCMdoErnw329VPrjfATdBmyawkiFTmB0Tmcb0mbPWFH98RzurWL1m0u29A=s88-c-k-c0x00ffffff-no-rj,False,False,1781410680.668695
UgxwWBoELn-EpAGu7XV4AaABAg,Banteng ni katanya bela wong cilik mbg ni kan program buat wong cilik masak di suruh hentikan dasar partai busuk bearti mahasewa yg demo ada hubunganya sama banteng ni,3 days ago,@gobisdriver7911,UCvGPFnjkZxhcI1AgVoAePCw,0,,https://yt3.ggpht.com/ytc/AIdro_kAmBTzU2-qSCABIkgPx6vSMem0ruXQiY-be_L97Hw=s88-c-k-c0x00ffffff-no-rj,False,False,1781410680.670252
Ugzl6FZeqEaNvESg-tF4AaABAg,Yang ga kebagian proyek MBG pada protes 😂,3 days ago,@gusmanhiburan,UCLQFkFZh-jSH-TqvR6tvYBw,0,,https://yt3.ggpht.com/nlAxcQL_tnpSQxazPLzhcaJkiY6BfO-cN8N2LoJUOjN3TwitD505lNEHbX-NaWzgBdJlX7JUIz0=s88-c-k-c0x00ffffff-no-rj,False,False,1781410680.671686
UgydjPZrD0zhmAWf02t4AaABAg,sdh jelas program potensi korupsi msh di jalankan.menambh mslh negara saja.menghbiskan energi,3 days ago,@OFOOmahFiberOptik,UCBzy9gzlruBIPZc76pnoiRg,0,,https://yt3.ggpht.com/iftqcN1tbddO2NUQGlRlHfPsFkCHpb8LDmG7XozWcllULDBP7P32XDJKDcp8DKBx1ScgfcNb2A=s88-c-k-c0x00ffffff-no-rj,False,False,1781410680.673107
UgxulhQQIYQ3iaeHqwx4AaABAg,Dah ribet angkat angket,3 days ago,@MuhammadYusuf-mt2rz,UC1WukUpSYu1WmHfE7XhRyAA,0,,https://yt3.ggpht.com/ytc/AIdro_m-wvAwKyNneCMdoErnw329VPrjfATdBmyawkiFTmB0Tmcb0mbPWFH98RzurWL1m0u29A=s88-c-k-c0x00ffffff-no-rj,False,False,1781410680.674503
UgwURvHdxOMTEEl5uAZ4AaABAg,Mpok Irma..kapan diborgol pak jaksa.?,3 days ago,@DidinWaridin-g5f1g,UC3Cyi_THEgQpfSKgtagRMLA,0,,https://yt3.ggpht.com/ytc/AIdro_lq_ys0z-F8TY71iMY238mtSI7xHTtIfK5xpj_ArOwQ_Y1a86jQgSV_wej4oKrByN5fYQ=s88-c-k-c0x00ffffff-no-rj,False,False,1781410680.675881
UgyEAcL4QmtMCDY8iCh4AaABAg,Efisien matamu picek,3 days ago,@mastuki3751,UCkdB7_GQvVqJkNS9ZhZcNtw,0,,https://yt3.ggpht.com/ytc/AIdro_mbSHlj2ALnz3UYPYsrC_Nz_nLZrYLC0Jw0JLISl9SJLxM=s88-c-k-c0x00ffffff-no-rj,False,False,1781410680.677317
UgyNLeKazSy_imyKUD14AaABAg,"Pada hal sama dengan yang pernah mereka lakukan , bubar kan b g n , m b g  dan sah kan R u u perampasan  aset",3 days ago,@suyetnoantonius7063,UC7sHT-DORtw0Pg8jdn-Bgow,0,,https://yt3.ggpht.com/ytc/AIdro_kHZds-OC1KdMDP7C_-ncAcFPjmdOz_SXo6TLSUPtI=s88-c-k-c0x00ffffff-no-rj,False,False,1781410680.678708
Ugy9s-kQ4Y5X7p7rvQF4AaABAg,Udah lah jgn omon2 hentikan MBG yg sangat tidak berguna,3 days ago,@BelaSucisalsabila,UC7xYXIwRRMv4hSNg_RZPCuA,0,,https://yt3.ggpht.com/Dg3SFgMc9PSVx5bS6MJ36EeD_DomWgWUeTN4pAKSUMTsAZrliCsn6h0i5ByPtB_WOJudF89iPQ=s88-c-k-c0x00ffffff-no-rj,False,False,1781410680.680107
UgyQdYHfbeEzXz9Pdcd4AaABAg,Badan Garong Nasional,3 days ago,@jongkokpojok9709,UCxL9KDxSoKD6Wz0n4xyn_9w,0,,https://yt3.ggpht.com/ytc/AIdro_kk_-RZFV1UO0upbP1ovdkkfW_XN555gtq_jJVAjyRWBPU=s88-c-k-c0x00ffffff-no-rj,False,False,1781410680.681527
UgyIb4lXjsqqeEJHfsR4AaABAg,Sppg di daerah saya justru di kuasai kader pdip yg tervilisai dpr pdip pusat,3 days ago,@SujarwadiSujarwadi-g9i,UCHOZa12i5LMHaDWxDrKD-aw,0,,https://yt3.ggpht.com/ytc/AIdro_kRdiwgGASa43GPYT-c3Z6MApteJOGOBXuLd7u6TpOt2CJm9iQ6p6u16RMmQYwe-Tke3g=s88-c-k-c0x00ffffff-no-rj,False,False,1781410680.682962
Ugwmf5_56Xp4yl4A5854AaABAg,Musuh Prabowo bukan rakyat  trik taktik pltik jkwi klau wi2d bngkol wo2aman wo2 lengser wi2pltiknya sukses cerdas,3 days ago,@AbahCitra-d2i,UC6r7V7u7YpLNDbASk-w-pcA,0,,https://yt3.ggpht.com/ytc/AIdro_lqybv1ymmQZzV-g7nROuYqYvRtqWJrzgIBL02smStPjjYqrzc547dVBcr4Ak5lP7MDAg=s88-c-k-c0x00ffffff-no-rj,False,False,1781410680.68465
Ugwv6ycClBkLP0h1nQt4AaABAg,Uang negara buat bncakan rame2,3 days ago,@MohmmadAtim,UCONuyC0-aM0zFAfOuNGEJlA,0,,https://yt3.ggpht.com/ytc/AIdro_kIB5IA6ctvzva_sdiR-wLzAe7GYZepYXonq7FFVmg1fN0SLFqcdgNA01BzkaRlSJ-oHg=s88-c-k-c0x00ffffff-no-rj,False,False,1781410680.686184
UgyesHa-Cqi0K9wLZN94AaABAg,"Masyarakat harus benar² mencatat rapi pada memori kita masing², agar 2029 kita tidak salah memilig warna dan anggota mereka",3 days ago,@dancelenggu8963,UCjLhmcmUwp338CfUMQ3vtTw,0,,https://yt3.ggpht.com/ytc/AIdro_mMna0eqTxI40bTYxEwnQ3fotkoOzfA5jyFEak676LLhHAOgKlANhBVH3zso3FiQTxzlQ=s88-c-k-c0x00ffffff-no-rj,False,False,1781410680.687637
Ugyq9BBYzpi_bL4B-MZ4AaABAg,Knp rang Kuti GK punya sppg😂,3 days ago,@zhelfidwisyahputri6290,UCd471O2QAGemuBIKhxrfH_w,0,,https://yt3.ggpht.com/rOh24KEMOPabjkV2zBDDjzMrh4jpB4qRmUlFTMdh7YzqKPzB8j26HLsUlueYmvU4x4FKsqzymQ=s88-c-k-c0x00ffffff-no-rj,False,False,1781410680.689057
UgyEEerRyxSwHYYdE5Z4AaABAg,Bubar kan aja mbg ini udah diran Cang untuk koropsi berjamaah ngak masuk akal kalok wakil rakyat ngak tau maling ayam di cacacimaki maling uwang rakyat di lindungi bareng bareng apa sebejat itu pejabat kita,3 days ago,@RamaSinta-k8u2v,UCmYMtiCz9mdoc7sxlSGROvA,0,,https://yt3.ggpht.com/ytc/AIdro_l3eSdJrs9xkcAFM7kExUd2KzasO2x_y1BOcwBOQFRsO4jhq02GQpbHzLNdWF64M9fNlQ=s88-c-k-c0x00ffffff-no-rj,False,False,1781410680.961188
UgzSuPNx3-1AJSYiqpR4AaABAg,Irma  mulutmu bilang sangat bermampaat kepala kau,3 days ago,@KasanuddinHasibuan,UCQ1vCAsjhyB7yn-UUw4O8BQ,0,,https://yt3.ggpht.com/ytc/AIdro_kedlxAby9tBfPJkXZ8EQhn6bmlgHTDhb0RGpWJWrn_Xk7rZowkOmPXdaOCOCTpsF7fXg=s88-c-k-c0x00ffffff-no-rj,False,False,1781410680.962798
UgzNro1qDYaw-y0Qx7t4AaABAg,Partai omon omon pemilu kedepannya kalian rasain,3 days ago,@KasanuddinHasibuan,UCQ1vCAsjhyB7yn-UUw4O8BQ,0,,https://yt3.ggpht.com/ytc/AIdro_kedlxAby9tBfPJkXZ8EQhn6bmlgHTDhb0RGpWJWrn_Xk7rZowkOmPXdaOCOCTpsF7fXg=s88-c-k-c0x00ffffff-no-rj,False,False,1781410680.964276
Ugxvcao0d33-lefmEnF4AaABAg,Kenapa pada iri ada MBG,3 days ago,@opaahmadfaozi,UC0mUEbIB3k5V611XMui2rmQ,0,,https://yt3.ggpht.com/ytc/AIdro_mOE3dnrh7PnvmfN-ftT9DVoWbBJ6V4_ESuCTM1u50Y-NPJZKi4fWd0yte718f4A1ZmVA=s88-c-k-c0x00ffffff-no-rj,False,False,1781410680.965694
Ugy_fULGQ6A8MYn4ge54AaABAg,Tdk percaya dgn omongan DPR,3 days ago,@HudariAb,UC1sX7VtcEdGUig6iCOHyV5w,0,,https://yt3.ggpht.com/ytc/AIdro_lIVZruWSvlKaxkn57-rQU_C05R3t9jAWHU60AtJYLV6jMdWWwFgedf-dP7oDI9GjrVqw=s88-c-k-c0x00ffffff-no-rj,False,False,1781410680.967222
UgxI-OQBWufd6g5l9Zl4AaABAg,Teruskan MBG untuk anak sekolah di pedesaan seluruh indonesia samgat bermanfaat,3 days ago,@opaahmadfaozi,UC0mUEbIB3k5V611XMui2rmQ,0,,https://yt3.ggpht.com/ytc/AIdro_mOE3dnrh7PnvmfN-ftT9DVoWbBJ6V4_ESuCTM1u50Y-NPJZKi4fWd0yte718f4A1ZmVA=s88-c-k-c0x00ffffff-no-rj,False,False,1781410680.968648
Ugy1TwqoswokkJO_M294AaABAg,Lah kebanyakan korupsi jadinya saling bela,3 days ago,@PringKar,UCOavDUCXonTK2MeEjb7huFg,0,,https://yt3.ggpht.com/ytc/AIdro_kPnWgPdaEneGRS_lHThnRi4WowEiydFJHvz_TIJ-uZt0uKxLt_qjIlJRs-UBamd5r2HA=s88-c-k-c0x00ffffff-no-rj,False,False,1781410680.970148
UgykXti_M7V9FKubi5t4AaABAg,Woiiii kepala peang banyak omon omon loe  sdh dibilang landasan hukumnya ngk tepat omon omon juga loe,3 days ago,@KasanuddinHasibuan,UCQ1vCAsjhyB7yn-UUw4O8BQ,0,,https://yt3.ggpht.com/ytc/AIdro_kedlxAby9tBfPJkXZ8EQhn6bmlgHTDhb0RGpWJWrn_Xk7rZowkOmPXdaOCOCTpsF7fXg=s88-c-k-c0x00ffffff-no-rj,False,False,1781410680.971545
UgxybBS_AkwIajxmzTJ4AaABAg,STOP MBG,3 days ago,@jpgamers5085,UC7G3C2YibkYA0IBeSFGE5Zw,0,,https://yt3.ggpht.com/UXSZXembuUzCKfbHAbgLjbiCRvmLzQOMoofaOStRmiWu-fLR1GGsrd2UyiNlUHRHCUDdp3qrFw=s88-c-k-c0x00ffffff-no-rj,False,False,1781410680.972968
UgxvR9vMwZWpzzmAk7h4AaABAg,"MINTA HENTIKAN MBG KARENA KHAWATIR PILPRES 2029.
FAKTANYA MBG SANGAT BERMANFAAT BAGI RAKYAT KECIL",3 days ago,@apokattoni,UCPC8dFJD0jP-eBzyLMqOLCg,0,,https://yt3.ggpht.com/vMcOwE6e7UMN6mfHE2Heu3QTryoBLpVGx55GbIG_XZzS_KHYqDT-D-w1eEiXwbeehIoP7aNmPg=s88-c-k-c0x00ffffff-no-rj,False,False,1781410680.974414
Ugw6aD_Fj5hmK3DCavB4AaABAg,Komitmen pemerintahan rezim wowo sama2 saling melindungi korupsi berjamaah dengan pembohongan2 melalui buzzer inluender,3 days ago,@oming17,UCrEQgII6KCsbvhcmEtxEAqw,0,,https://yt3.ggpht.com/ytc/AIdro_nt2oyYde-6nosceh6Bz_Di8W-sNOH6A4R-u83qg__sFIaHYw-rP5YpNX8o79X1We3LHg=s88-c-k-c0x00ffffff-no-rj,False,False,1781410680.975805
UgyQsTx9edNPte_viAF4AaABAg,Dulu respeck sm Irma Caniago kini jadi corong pemerintah munafik cari kekayaan duduk di DPR.,3 days ago,@izzatims1857,UCbdWEvLacySCLDGmoHfgutA,0,,https://yt3.ggpht.com/ytc/AIdro_mWyJdGPu5-XuUsVpvYmCnKTwgIG3RngKFd3PeIfhI=s88-c-k-c0x00ffffff-no-rj,False,False,1781410680.977196
UgxRUXk-RvM5qrPEZNd4AaABAg,bagaimanapun.terus.jalan.mbg.dan.kdmp.gak.usahmikir.sama.pdip.,3 days ago,@PakSarju-x7n,UCERFngsUwk_iPDQk6EB45jA,0,,https://yt3.ggpht.com/ytc/AIdro_mKEeldXvpYgicQFa_VZcNUyF6D7hPDYLV6bQbURPIy6GTgR-pO0LP4-SWsslLqDl2g0A=s88-c-k-c0x00ffffff-no-rj,False,False,1781410680.978619
UgyZqtQ4uxFoPVJPrQt4AaABAg,Kalau menurut saya dari dulu ibu Irma itu kalau bicara nampak sekali aura munafik nya,3 days ago,@ElsaUlfa-l2u,UCh1MKCJEpR14hNoff3-2KpQ,0,,https://yt3.ggpht.com/OEQfL68342Xs6YLwCPMFbl6x5LzdLGnrMOeetB-GR-7-bkzCsT62PGw4LTLQfiY18S5_vkSg2q8=s88-c-k-c0x00ffffff-no-rj,False,False,1781410680.980063
UgxDa9rGyNQ29MriCKV4AaABAg,Kenapa pdi ngotot amat membubarkan mbg.Karena takut prabowo sukses dan tidak suka masyarakat miskin dibantu langsung.pada hal zaman berkuasa beternak koruptor,3 days ago,@djakirmansyamtana5587,UCNOanLIZeIp0r4vOngjLWKQ,0,,https://yt3.ggpht.com/ytc/AIdro_n7Dkhey9WAcx1FDE5hkJ_vLYCQGvnEJ-_RiMTBY68=s88-c-k-c0x00ffffff-no-rj,False,False,1781410680.981558
UgyhgaePJBmPS5WxmMx4AaABAg,Saya masyarakat miskin anak saya 5 semuanya sekolahan 3 diantaranya dapat mbg tapi saya minta mbg dihentikan karena itu bukan masa depan negeri tapi cuma jadi tahi,3 days ago,@ElsaUlfa-l2u,UCh1MKCJEpR14hNoff3-2KpQ,1,,https://yt3.ggpht.com/OEQfL68342Xs6YLwCPMFbl6x5LzdLGnrMOeetB-GR-7-bkzCsT62PGw4LTLQfiY18S5_vkSg2q8=s88-c-k-c0x00ffffff-no-rj,False,False,1781410680.983016
Ugx7KG-_RUl1eBUiPeh4AaABAg,"Irma anggota DPR kok GK tau apa fungsinya anda JD DPR bu.apa sdh di buang,ato jgn"" ada punya bisnis dapur MBG ya Irma ini",3 days ago,@kedirilagi5763,UCNK7E53VbcAzXgVZFVh9NeQ,1,,https://yt3.ggpht.com/ytc/AIdro_l0Wf4e8BpRQfxFOF5YcyTs4b3aSffmzheMfpOhbySuqiM5LbSQvJJUievluI4_IxCyOg=s88-c-k-c0x00ffffff-no-rj,False,False,1781410680.984432
UgyL1FJ1kGWikZU0IMB4AaABAg,DPR membela pemerintah karena punya kepentingan,3 days ago,@salimlimishak2464,UCfzFPofNCk-CJ_6YO0oJW-Q,0,,https://yt3.ggpht.com/ytc/AIdro_mfFkVXbe9KOMLvb-ETFvO6Ioz9TuALrrgQ_2jA5-4=s88-c-k-c0x00ffffff-no-rj,False,False,1781410680.985818
Ugw_TxvdWe0yAvQ_pZx4AaABAg,😂😂😂😂😂 program partai Gerindra MBG ini.,3 days ago,@Zikry0011,UCExWSzeq5j6CrBcT21iWLZQ,0,,https://yt3.ggpht.com/ytc/AIdro_kT6LSQl0gkhLGKsnzmh6nCQN_Lse-eHutSqdjFtLQ0DU5jze6nPxZmgeH2QcOJT67YvA=s88-c-k-c0x00ffffff-no-rj,False,False,1781410680.987259
UgwyqnGR8NlEinsM7BR4AaABAg,Mbg bikin ibu2 pada stresss semua naik bahan pokok terlebih kami yg miskin manalah di rasakan para pejabat mengurangi makanannya,3 days ago,@opungsarah745,UC8YcPz4Ca-y46o3WrDQfKbQ,0,,https://yt3.ggpht.com/ytc/AIdro_kqvs0wnD9prPfoaoRUeHKbie4lMX63XTltEqv1KCY=s88-c-k-c0x00ffffff-no-rj,False,False,1781410680.988665
UgyKs3eqJTw_IisV0I54AaABAg,Ini anggota DPR dari GERINDRA paling pandai membela presidennya,3 days ago,@VinsenBky-ux4my,UC7Mh28ppJFWsSrzHx90ByXg,0,,https://yt3.ggpht.com/ytc/AIdro_nIdFEF768caFO6uGO_7sHylbcu1LASbdq3k55MltwBzAcqqxgGI7M1stx6ZHD97mnpRQ=s88-c-k-c0x00ffffff-no-rj,False,False,1781410681.228888
UgxbOgQJAuNdkAje0W54AaABAg,"Kemarau 5 tahun hilang dengan hujan sehari, begitulah, sejelek2 nya pemerintah setelah 5 tahun akan terlupakan hanya dengan uang 100k:face-blue-smiling::face-blue-smiling::face-blue-smiling:",3 days ago,@marshafauzia,UCNZ9PCvt5BJ1xw00tAFPxRw,0,,https://yt3.ggpht.com/ytc/AIdro_lWMa1JV81GsvEPLQdRxOlIiTspkdV2H8TR4zXxj7u-ImI=s88-c-k-c0x00ffffff-no-rj,False,False,1781410681.230538
UgxVsd-eoYK3hG_Z0dx4AaABAg,"Wahai MPR-RI/DPR-RI
Yg kata nya pembela rakyat dan yg menyampaikan aspirasi rakyat
Yg minta minta dipilih rakyat
Berani ngak menghentikan MBG ini",3 days ago,@MyBisnisJobstreet,UC3Jz-dnDDOywlk39pmBQEmg,0,,https://yt3.ggpht.com/ytc/AIdro_mNkj4pW6jUvChG4gBzsrYlBtzdpsU-SuNMu6MPKVmDoCxY2_D05vAOfPJE2IATJUm0Sw=s88-c-k-c0x00ffffff-no-rj,False,False,1781410681.232054
UgwSgwOciLH-pZvhjPh4AaABAg,"Klu pemerintah keukeuh MBG mau dipertahankan oke tp jgn sistem proyek, saya lebih setuju klu n uang MBG di kasihkan langsung kpd orang tu az muridnya, agar makanan yg di kasih kpd anaknya tdk asal2an",3 days ago,@Sotoedo224,UC6EO17NwQ5V3l38EZPSorGA,0,,https://yt3.ggpht.com/ytc/AIdro_mA5iYFWQWr-erQfOrpRSPi7uAL1ykOBKRSbPBDp88Z1xyBT7Je5IKp6_AckwgwsDEc-Q=s88-c-k-c0x00ffffff-no-rj,False,False,1781410681.23353
UgxIRnyz7ZTchj6GsAt4AaABAg,"Bubarlan dpr ,gk jlas",3 days ago,@NurHidayat-um6gw,UC8Vzz9JJEsiglPAXtp437_w,0,,https://yt3.ggpht.com/ytc/AIdro_n4EABOy6Ijor53Y9vON11pv7lnVa4DCZbpGTyhfVHnh3Pxiux6cQbieChI2FN94xMBGA=s88-c-k-c0x00ffffff-no-rj,False,False,1781410681.234974
UgwcvjmuWzxV8-rzIWl4AaABAg,Saya ga se7 klo mbg d hentikan jgn dengerin org nyinyir,3 days ago,@harsowidodo536,UCtpu40fJ-Zy8NwE34BJExNw,0,,https://yt3.ggpht.com/ytc/AIdro_mCdjRNa96rhJZZn34jtL7QVVEI5mFwdkNO-n70acU=s88-c-k-c0x00ffffff-no-rj,False,False,1781410681.236431
UgwqVFluequ6KIrnlWl4AaABAg,"Masa DPR gak tahu, harusnya panggil dong kalau ada anggaran gede, minta rincian program dan realisasi",3 days ago,@sahabatinvestor3622,UCTx14zgV6iK2nGd0uYaz1lA,0,,https://yt3.ggpht.com/n17hNx9UOxwPi6ldc6tedE4dUEXkVgVR2-hMDW2F7OnfD6AihuTxm4SUcwKvR74lki_VUgyR=s88-c-k-c0x00ffffff-no-rj,False,False,1781410681.237878
UgyKeh6PDkrXjolTT2t4AaABAg,Yg leracunan  msh banyak gara2 BGN,3 days ago,@MaryonoYono-e1g,UCCt5n-gamBQGHdSh8Y5BaaQ,0,,https://yt3.ggpht.com/ytc/AIdro_nQnix-VeJ6EdB4XIG9FFgrkb8_vpSDP2Ft1Cp8cNbPAPogyXsBLaYw96po1fV2IWNUFw=s88-c-k-c0x00ffffff-no-rj,False,False,1781410681.239395
UgyN6xNpdIKnRUUBknF4AaABAg,Di daerah  dprd punya dapur,3 days ago,@aepsa6367,UC4-YJX2MwLhHW9-ejXdP70g,0,,https://yt3.ggpht.com/ytc/AIdro_mUX2tPIA_7C5fT4G2TY2P2KlOdWX0XquG9Sszte94=s88-c-k-c0x00ffffff-no-rj,False,False,1781410681.240857
Ugynzi4itn8TV6Feivp4AaABAg,karena anggota dewan juga punya usaha dapur mbg,3 days ago,@soniwar5140,UC90_MrSt0nifdHzzKqriBVA,0,,https://yt3.ggpht.com/ytc/AIdro_naVtQgGqLR2mEJBYsUptJWeahbG_5vnBCPaDOqBcwUdRBL6bJjSCLq-kGRbS6uIBwmZQ=s88-c-k-c0x00ffffff-no-rj,False,False,1781410681.242286
UgxeedVFShIY4VXHwUF4AaABAg,"DPR ngabisin anggaran, tdk ada manfaat",3 days ago,@bayujuliansyah731,UCPdwsnNWrUyBrQO4pCPJJmA,0,,https://yt3.ggpht.com/ytc/AIdro_kW-8VO-Zay0pCx8k4DTUpVZabTnb-QoA6dRMmEmT0=s88-c-k-c0x00ffffff-no-rj,False,False,1781410681.243692
UgxHz0_vkxOQcHoTbMp4AaABAg,kpn UUD ramapasan aset korupsi gk di bahasss,3 days ago,@SlametUlir,UCimduIeCpcTrfVygZ5H7FEQ,0,,https://yt3.ggpht.com/ytc/AIdro_ln-9HYXgytSDFQbDRDb_rgH6bzytH6hE2dknWeVZrk6K8go1x19Eeds3jB779sjKtoDw=s88-c-k-c0x00ffffff-no-rj,False,False,1781410681.245152
UgwVGab7-aNOkAkv2gt4AaABAg,Pejabat Indonesia mental kotor otak korupsi,3 days ago,@sahrulihsan1191,UCrIlO8Uu27LBw6L3gre_KIQ,1,,https://yt3.ggpht.com/ytc/AIdro_mVT_ztSWy0k_gDFcFRt0WP7cVJjUOW_WguGYY-bP4Igi_b=s88-c-k-c0x00ffffff-no-rj,False,False,1781410681.24658
UgzzB9RSLBiWOGCOP6d4AaABAg,Tangkap irma ikutan main 🤣🤣🤣,3 days ago,@PanjiTengkorak-vw7px,UCGeGtgkDakcyncXwuHk3OfA,0,,https://yt3.ggpht.com/ytc/AIdro_nOWe4S6b29fbPkg93PDibrKRQTYWczUyLo_mKEpzpASZp98SZsf1etvnv92v_B6OhtLA=s88-c-k-c0x00ffffff-no-rj,False,False,1781410681.247979
UgzM19VJyxBujnDmsXZ4AaABAg,"Pantas DPR rakyat minta dibubarkan,ternyata memang ga ada manfaatnya biaya buat DPR",3 days ago,@MaryonoYono-e1g,UCCt5n-gamBQGHdSh8Y5BaaQ,9,1,https://yt3.ggpht.com/ytc/AIdro_nQnix-VeJ6EdB4XIG9FFgrkb8_vpSDP2Ft1Cp8cNbPAPogyXsBLaYw96po1fV2IWNUFw=s88-c-k-c0x00ffffff-no-rj,False,False,1781410681.250504
UgwTwliZDn4HBn0T2qp4AaABAg,"Dari survei DEN menyebutkan, program MBG merupakan penyumbang terbesar pertumbuhan 5, 61 % ekonomi Indonesia.
Oooo makanya diserang terus, agar dihentikan.
Maka sadarlah. Pengkhianat bangsa sangat benci. 
Mereka lebih suka, Indonesia menjadi kacung asing di negaranya sendiri !!!",3 days ago,@WahyuHidayat-d5o,UC3NKTARmBJHifWeTu4_Y3nQ,0,,https://yt3.ggpht.com/ytc/AIdro_mSNCewYuvZ4m9_UB72NZFUF4Ge2_7Va3TDJyun7tD7Bn7Pel_CGJwrYXZHQT8cGIRc6Q=s88-c-k-c0x00ffffff-no-rj,False,False,1781410681.253025
UgwvtnJqRloNctLZjsp4AaABAg,"KONOHA is really B A D now
  B GN (MBG)
  A grinas (KDMP)
  D anantara (DSI)",3 days ago,@GN-rp8xv,UChbpoy5HhQTTqwH1xvpGeYw,0,,https://yt3.ggpht.com/UyQsWFgnZxchylzKfoQKe7nPQ4yGXCiipgfIFbjmPsoW26OF1chQ8TbHLh3sTwSFQPqIqmAU=s88-c-k-c0x00ffffff-no-rj,False,False,1781410681.254624
UgynMJX1Xk5lRdIAztR4AaABAg,Ada orang sakti berarti si erma kalah sakti kalau begitu bubatkan saja dpr.Cari kan mahluk dedemit yang mengawsi.,3 days ago,@emmarahmadania1407,UCcSjPB7nKB_G3kA9dwBx62w,0,,https://yt3.ggpht.com/ytc/AIdro_n_lui30_R4aFboFtgT_VxYjD4iTGYWon2fteKOKgKDhtSlE3mEcaX1nF_zJZGiJY87Og=s88-c-k-c0x00ffffff-no-rj,False,False,1781410681.256139
Ugx5A4wXYkJA4ZL2NVZ4AaABAg,Udah pokoknya  SPPG dan MBG tidak membawa kebanggaan bagi rakyat  bahkan bisa menghancurkan rakyat  Indonesia  cepaaat bubarr  bikin kacau aja,3 days ago,@JahriJahri-h2h,UCKxNhP1tohGhkMx3oPeV0Wg,0,,https://yt3.ggpht.com/ytc/AIdro_lT8Qu4LCD_pf9EwiAYpLW0gk_IeN8X9SN8VrwEe_FldWB8_Tdy3pM5DhTGCs4a8PJ_Cg=s88-c-k-c0x00ffffff-no-rj,False,False,1781410681.257622
UgxGlZ_qOAvxKwszkd94AaABAg,MALING MALING MENCARI AMAN,3 days ago,@salmanalfarisi7706,UCoWe0Aq6u-QtK9_b3AutRKw,0,,https://yt3.ggpht.com/ytc/AIdro_l54yF6Qfk88iJhqcF59Y69jL1iCwsnKeDDKcgsPjovdXsdKF5xjsL5V9UGw6g2NBarNw=s88-c-k-c0x00ffffff-no-rj,False,False,1781410681.259183
UgzM19VJyxBujnDmsXZ4AaABAg.AY-E9EIsY38AY6rt5fdyGP,Kan lu yang pilih blok,16 hours ago,@BudiKismanto,UC4aXSkmJCRuQVaUbTN1ZbGw,0,,https://yt3.ggpht.com/ytc/AIdro_k6E7UTsF655DeERRis1BYvl8uSsF973x_Fdovm3dYObcg6BnyGOi5TiYl_QS1VWQCHTQ=s88-c-k-c0x00ffffff-no-rj,False,True,1781612281.41928
Ugxw9O8Tk6XJIt8Zr3F4AaABAg,Korupsi MBG pelaku utama ya punya programnya lah,3 days ago,@VinsenBky-ux4my,UC7Mh28ppJFWsSrzHx90ByXg,0,,https://yt3.ggpht.com/ytc/AIdro_nIdFEF768caFO6uGO_7sHylbcu1LASbdq3k55MltwBzAcqqxgGI7M1stx6ZHD97mnpRQ=s88-c-k-c0x00ffffff-no-rj,False,False,1781410681.628301
Ugx19ofY902V7pPlMDN4AaABAg,"Dari sabang sampai merauke; dari hulu sampai hilir , KORUPSI !!!!",3 days ago,@nanirusmanah4257,UCOGjYOUNLAy_G0jYN_BNx_w,11,,https://yt3.ggpht.com/ytc/AIdro_kXqY1r7GyLdo6Oxgo4hZd5rwepf6yExA4qrh8Ignc=s88-c-k-c0x00ffffff-no-rj,False,False,1781410681.629911
Ugw0H7GGNXxOskio-PR4AaABAg,Irma kebagian duwit mbg,3 days ago,@AbahErwin-u7r,UCMmPLqjtK44SCj4HIBvmmcQ,1,1,https://yt3.ggpht.com/ytc/AIdro_n6ZBBa_3wssvZ-3uYejR-pYif7bZ3F-sJr33JSyktwwYCCLRkkFCHIjZW7Up1yAzVU4w=s88-c-k-c0x00ffffff-no-rj,False,False,1781410681.631451
UgyCvHuGZ_QjAemEDcB4AaABAg,Nggak salah pasti mereka salah satu penyokong demo😅,3 days ago,@FianIan-yk6wz,UCDfWlaPe_0twRaPJw_NoDdw,0,,https://yt3.ggpht.com/ytc/AIdro_n1YRi8i8TpTnKtMIARSi9xPLn2rKU-ONxy_O_TrQ3cSvg7zMr2VhNJEvOs1oIoKW7QLA=s88-c-k-c0x00ffffff-no-rj,False,False,1781410681.632892
UgyM8lcjfNcR9Ijnt0d4AaABAg,Teruskan mbg aja benahi yg salah hukum para koruptor dengan makan 1kali aja biar merasakan kesusahan rakyat,3 days ago,@YohanBastian-p9z,UCh24MlskvPSl9uiv67qiTiA,0,,https://yt3.ggpht.com/ytc/AIdro_m0Yi7-vyURcGAxPicEiSWGLFC6UazgACLpozeJznjF1k478w3Fya_GSqA6Xgbgmz_VPg=s88-c-k-c0x00ffffff-no-rj,False,False,1781410681.634318
UgydAm7Xc-gp0Q-F41B4AaABAg,Gak enak nonton irma,3 days ago,@mdapanjaitan7161,UChqt0nDdq1vmrgjnXr7R9Rg,0,,https://yt3.ggpht.com/ytc/AIdro_kyM6Jk8WAQ7dmLfowQ1Eu-YEdzWLhb8_bUmabbwrkn82E=s88-c-k-c0x00ffffff-no-rj,False,False,1781410681.635734
UgzQy7DRn6J3QksTb4l4AaABAg,jadi apa sih gunanya DPR itu??,3 days ago,@duniaspora9914,UCYJDYwiM4-byfUSdpVSIViw,0,,https://yt3.ggpht.com/ytc/AIdro_lPuBQDGouQeNOqqtfTod9-grjp-afHpVnSm1hwZv14oL4=s88-c-k-c0x00ffffff-no-rj,False,False,1781410681.637189
Ugzsun7zLSvC8q3G4PZ4AaABAg,Bukan anggaran belanja negara tapi untuk belajar  para keluarga  jadi  untuk kehancuran negara,3 days ago,@JahriJahri-h2h,UCKxNhP1tohGhkMx3oPeV0Wg,0,,https://yt3.ggpht.com/ytc/AIdro_lT8Qu4LCD_pf9EwiAYpLW0gk_IeN8X9SN8VrwEe_FldWB8_Tdy3pM5DhTGCs4a8PJ_Cg=s88-c-k-c0x00ffffff-no-rj,False,False,1781410681.638633
UgxtM7By9cwJ_YZogkN4AaABAg,Dpr kebanyakan sidang kapan selesaikan masalahnya😅,3 days ago,@netralisme-23,UCduK7d7t-owlb23HeAfOmgQ,0,,https://yt3.ggpht.com/ytc/AIdro_kLXzgCjvKKrpab90SvDERumCOuE4LiSG7CNPgbIynw4xBmOh9JymCnwXWaJPuxcH3Fow=s88-c-k-c0x00ffffff-no-rj,False,False,1781410681.640089
UgxPwJoiwvyDu-zqEfl4AaABAg,Suara orang kalah dan menang memang beda,3 days ago,@WahyuPurnomo-q1k,UCwbxMG6a1jRwdjDP2JRs6pg,0,,https://yt3.ggpht.com/aZdz6rV_-omoEifTxiA7wZ7e_7ZUPhjEaQ_pg3ohE3oWdEw_9Ozll13F-n7uNEL5CLbZXnNvDw=s88-c-k-c0x00ffffff-no-rj,False,False,1781410681.641526
Ugy5LAKkrdn6Mw3X8JN4AaABAg,DPR juga termasuk korupsi bicara sj gementar,3 days ago,@Agus-j4l,UCfESJHND5baV8-PjCJoWXqQ,0,,https://yt3.ggpht.com/ytc/AIdro_lqULl_zl4kd2Kqu-NGfQAeRgktPwzB-Z0A1Snc5T96-MRs7PMnyyGHCmsAyOOuHNpt5Q=s88-c-k-c0x00ffffff-no-rj,False,False,1781410681.64297
Ugy02qjfEjuA-zLJEKB4AaABAg,"Klu rakyat bisa adil dan makmur harga sembako murah dan pendidikan murah ,,,otomatis  semua orang tua mampu memberi makan bergizi utk anak2 nya",3 days ago,@susihidayati867,UCjmWlgYDJOcY7aNvtlmpQVg,0,,https://yt3.ggpht.com/ytc/AIdro_nFPzLVqUQgDlkGv2fsBubK9bqDXY9zAFwuPtv2H0BfJZc=s88-c-k-c0x00ffffff-no-rj,False,False,1781410681.644397
UgxZyPR5ByEWOqS8hdV4AaABAg,😂😂MBG itu gak merata. Hanya daerah tertentu yang menikmati. Contih daerah kami gak ada tu. Menurut saya gak begitu bermanfaat itu program.,3 days ago,@kelinSbg-v2t,UChAbdAI2pCZ98J2MZQgK74g,0,,https://yt3.ggpht.com/ytc/AIdro_mNNYoK3VSbV9FkONe2jk_GzncsIqcj--TUMbuZx20okOs19OYVDRFrL_X17UYVd4OgdA=s88-c-k-c0x00ffffff-no-rj,False,False,1781410681.645782
UgwMZRFwj0Xsa_oH1RV4AaABAg,Aman irma tinggal dtg aja ke solo,3 days ago,@CueengHanun,UCzf-Gave7_sNCYGFK4HelMQ,0,,https://yt3.ggpht.com/ytc/AIdro_ldQNCJoqb2ACiWS5tI0fa5OHsUN-DbrYZMr0kII7wBc0yO3d9TcCxQjkS5SREDdYZ3kA=s88-c-k-c0x00ffffff-no-rj,False,False,1781410681.647279
UgyTpTctNlby0_7Fy2Z4AaABAg,"Korupsi MBG dari pusat sampai daerah 2 melibatkan pejabat, partai  anggota DPRD,dan. kroninya.MBG tidak layak dilanjutkan.batalkan juga  KDMP yang bangun gedungnya dibangun di atas tanah perorangan/pribadi tanpa ada kesepakatan",3 days ago,@nganasyohanes2565,UC7LAzZPDv00N5w3qyiWRG4g,0,,https://yt3.ggpht.com/ytc/AIdro_l8L0TJqZB5vy_wSoWnPUp41hZqjFKi2vrB8iGXThNWdbedSaomLTqHOwXLKh-b_8ECSQ=s88-c-k-c0x00ffffff-no-rj,False,False,1781410681.648716
Ugwu5i62c4l-5k1mcIV4AaABAg,"Tolong pa Prabowo MBG ini trllu byak rampogyh, tolong di setop, rampoyh di MBG BNR luaar biasa kbykn rampoyh di MBG ini,dari harga 15 di seluruh Indonesia yg yampe 9000,8000,mna pda busuk buah2an yh,nasi pda basi,x lagi tolong di setop pa Prabowo.",3 days ago,@ridwanjoman6278,UC0aWrEnAiz62B_9d6wKz3DQ,0,,https://yt3.ggpht.com/ytc/AIdro_n21tdCYMhoWviaYoOS8F217Oih4CIYAYNFcbWAKhg=s88-c-k-c0x00ffffff-no-rj,False,False,1781410681.650148
UgwT3XrMsaNocDG0ixx4AaABAg,Indonesia menunggu keputusan Allah yg maha Adil dan bijaksana semua orang besar bohong demi koropsi berani Ama Allah,3 days ago,@HadiSuprijanto-n9c,UCI9dR-scmGpo9JiOXe7D7Zw,0,,https://yt3.ggpht.com/ytc/AIdro_nAt6g6WaKLnrN3laVMdZGBKMMxqX-BzkMoyE5xwPrSmvVSfviAg4AXAEXzSqB9NDNuyg=s88-c-k-c0x00ffffff-no-rj,False,False,1781410681.651577
UgyNY36xI6GJ2QhUmeh4AaABAg,"Serakah tetap serakah,DPR tugasnya cuma 3, itu baru Negarawan megurus Negara bukan nambah penghasilan.",3 days ago,@budimansamosir-mi5fh,UCvyllcTrcUuRZq9wgakWc0Q,0,,https://yt3.ggpht.com/ytc/AIdro_l1RpLbLbSVwu1alDrVwZ7C-t7eMgV0jxQMiFiQ15zSY4F7tOew77XMLaS33t8G8tXbKQ=s88-c-k-c0x00ffffff-no-rj,False,False,1781410681.652985
Ugx7uXPbok-cBPd0zON4AaABAg,"Klo lg bingung, lakukan kebalikan PDIP, itu kunci",3 days ago,@argiasrimustika6867,UCQnYDDk9oEbnfVOycJmmXOA,0,,https://yt3.ggpht.com/LCsUicmjWAZ4Zeuk8ypqm8czXkolIfpZEKXLYsuVG7xmpdaubU4VDFTPG_v5uG75WwC-X51iSOE=s88-c-k-c0x00ffffff-no-rj,False,False,1781410681.654405
UgxVCItwIlFnwmO1gwh4AaABAg,Kemana tuh KPK kok nggak nongol ada apa ya,3 days ago,@HadiSuprijanto-n9c,UCI9dR-scmGpo9JiOXe7D7Zw,0,,https://yt3.ggpht.com/ytc/AIdro_nAt6g6WaKLnrN3laVMdZGBKMMxqX-BzkMoyE5xwPrSmvVSfviAg4AXAEXzSqB9NDNuyg=s88-c-k-c0x00ffffff-no-rj,False,False,1781410681.655826
Ugw0H7GGNXxOskio-PR4AaABAg.AY-CqBIob_sAY0Y7cmD7rI,MALIIIIIIIIIIIIIIIIIIIIING,3 days ago,@akusudahtua1929,UCcoimbeZkKpfNMrazKk_-_w,1,,https://yt3.ggpht.com/ytc/AIdro_lE-2v4pt1Am5Vt4Pedf4xjFjaVCExlg_cJVl7OY2xcwvV1BhXRzUSHIHLwFa5dONFuTw=s88-c-k-c0x00ffffff-no-rj,False,True,1781410681.803406
Ugwqp8Ks5JBgF6b5Yjd4AaABAg,Ya karena dpr dpt cuan,3 days ago,@yuzarsif4457,UCChBgxJJIiWPB6kN0oPcttQ,0,,https://yt3.ggpht.com/ytc/AIdro_khI__jSWMpIF7Bjx96atY8DYlol3aQvV8w-iX5FFYEB7vRhG2u36tx40rADKGEQHqJEA=s88-c-k-c0x00ffffff-no-rj,False,False,1781410682.004103
UgyMQuBlssXR3XJ6_q14AaABAg,"Hentikan semuanya dapur"" mbg krn ada masuk kasus besar",3 days ago,@kasmawati7186,UCDiOJPzxr2ZJU9T8pavqimg,0,,https://yt3.ggpht.com/ytc/AIdro_khLII4sNo62rHXN4PlSU8miA-1qobgwPKgkaOsYuNpSkw=s88-c-k-c0x00ffffff-no-rj,False,False,1781410682.005723
UgyQ-8SQNr2YAXznE9R4AaABAg,"Sa ae fraksi Gerindra ini, kalian kan punya dapur terbanyak di proyek ini. Omongan kalian gak ada isinya",3 days ago (edited),@maulida8751,UCWmdF-XtPHJ5ZHmpeTJQzcg,0,,https://yt3.ggpht.com/ytc/AIdro_nO5_AnrR5wC3yikrkeRVMEqqK2JYLnvMQub5cKxd-mCQNDacSpJv5wGRkTMh4pgO6TqQ=s88-c-k-c0x00ffffff-no-rj,False,False,1781410682.007258
Ugxaaqv6JHSZsXCGtyB4AaABAg,"Infonya Irma ad didalam 26 nama itu, saya kira orang bersih,",3 days ago,@Dafit-p9h,UCLxdOW9li9gHibbNCArP9QQ,0,,https://yt3.ggpht.com/ytc/AIdro_kjND8U1TiPEw_nk7wHVRzjEfaU_vW2mZ6uU0PTBL6yiuvUWRvQQNsfIOn_RS_2JkLdcA=s88-c-k-c0x00ffffff-no-rj,False,False,1781410682.008718
UgxW54_hSHwv0JhFmwN4AaABAg,Inti nya maling semua pejabat,3 days ago,@doni072,UCGy1H1VJeR7CiqNHO0g6bwQ,0,,https://yt3.ggpht.com/ytc/AIdro_nlAU6zND80PPTSaBZCPesJA0e5O9QCPg4mLxzSdAY=s88-c-k-c0x00ffffff-no-rj,False,False,1781410682.010164
UgySs-QhthECyEzh4SN4AaABAg,Uu aja yg d bhs tpi g ada manfaatnya buat rakyat,3 days ago,@AsepAsep-e3i,UCE7yukUwp9mZl4xvt1hFPtQ,0,,https://yt3.ggpht.com/ytc/AIdro_lqULl_zl4kd2Kqu-NGfQAeRgktPwzB-Z0A1Snc5T96-MRs7PMnyyGHCmsAyOOuHNpt5Q=s88-c-k-c0x00ffffff-no-rj,False,False,1781410682.011749
Ugx-ntlwZbKCZBPPN9N4AaABAg,DPR gaji besar tapi kerja tidur tidak bisa ngesahkan UUD perampasan para koroptor,3 days ago,@Risusu1,UCohxefMWaS7Br9tdKc5Ly9g,0,,https://yt3.ggpht.com/869yqwBFWH3u9XakRBd8iLqyvS6L6Z423cWVmMRLvXJnX1pi_hoL82tgVKOfDqTDNIh-3-zCFw=s88-c-k-c0x00ffffff-no-rj,False,False,1781410682.013368
Ugx1KTQPd-LOghM9M7N4AaABAg,"Gmn DPR mau kritis, mayoritas lulusan SMA",3 days ago,@muchtarhabib6385,UCyj4Tmcb5V07MEtzmgOwcEw,0,,https://yt3.ggpht.com/ytc/AIdro_mxkiX3MwtdUKK3fjSCHOGRRXu7dPfSAD4MUZFrnmyGyA=s88-c-k-c0x00ffffff-no-rj,False,False,1781410682.014842
Ugxnfsma2wxQICZuDA94AaABAg,"Pasca banjir bandang di Aceh, gimana ya kehidupan rakyat disana",3 days ago,@amienbrrnthrhswirawan7776,UCcmynk6xa4RYYOhAcdct-Og,0,,https://yt3.ggpht.com/ytc/AIdro_mqNkwtPqZ6FBf2fZTGuPR3ObQY0x8OxH_zUz-uCn0=s88-c-k-c0x00ffffff-no-rj,False,False,1781410682.016335
Ugxhoi8LJqnttbnfaZh4AaABAg,"Terserah, koruptor nya merajalela biar hancur sekalian jadi negara masing masing",3 days ago (edited),@MohammadAthoillahdzulqarnain,UC7sP9NVVbze9sPxw_EWGmDw,2,,https://yt3.ggpht.com/ytc/AIdro_nO5_AnrR5wC3yikrkeRVMEqqK2JYLnvMQub5cKxd-mCQNDacSpJv5wGRkTMh4pgO6TqQ=s88-c-k-c0x00ffffff-no-rj,False,False,1781410682.017772
UgwOXo499xrImuyMBjV4AaABAg,Termasuk IRAMA PUNYA DAPUR MBG 😂🤪🤭🤣,3 days ago,@ismailmohamad4284,UCWFlNTviUemit2OxV7MVYeA,0,,https://yt3.ggpht.com/TvxKeY1qVVV-2RDShzOSrgAJem7mCOZfjmPZ4jx3KifvHu1tadrTYT9UXj39RZ2Et9Bhatkwdg=s88-c-k-c0x00ffffff-no-rj,False,False,1781410682.019174
Ugy1JDBFqgMJ2B2juKp4AaABAg,"Proyek hambur"" kan anggaran negara",3 days ago,@rantauafrica9312,UCoVQmo6FKzRpbNIdJdOCI6A,0,,https://yt3.ggpht.com/j77SMdPWd4W33dA24hipOz16fuOYOnF0UvdBqmB1Q5hqqDu6vyLhMhjXnG9Hsm1X8L-blOhk=s88-c-k-c0x00ffffff-no-rj,False,False,1781410682.020627
Ugy1aK6lI-Nf459IqK54AaABAg,Bgn babingepet nonghol,3 days ago,@Dalil-i2r,UCKExBGjUwzKjATPGOLQEbEQ,0,,https://yt3.ggpht.com/ytc/AIdro_lq_ys0z-F8TY71iMY238mtSI7xHTtIfK5xpj_ArOwQ_Y1a86jQgSV_wej4oKrByN5fYQ=s88-c-k-c0x00ffffff-no-rj,False,False,1781410682.022095
Ugy4mYJbybIOJLVc3xR4AaABAg,mbg hny buat para pejabat makin gemuk di ats penderitaan rakyat,3 days ago,@yudiwijaya7174,UCObH4TfWzLE-WiR4zGlrWEg,0,,https://yt3.ggpht.com/ytc/AIdro_l7eU0jacGzX7VoJfaJQO8ig1JOA7aCWyplBKHvdxdmJg=s88-c-k-c0x00ffffff-no-rj,False,False,1781410682.023529
UgzUj8PwwoB8079BTMV4AaABAg,BGN ngga mau datang ke DPR?? ya tentu saja bisa yang bermain mereka juga seperti kata Sony dalam JC,3 days ago,@belajarekonomimudah,UC1e_iyYGqeMwaD3Fs0sOHeA,0,,https://yt3.ggpht.com/Kn1Czal39N_HiQ31xnmp8KI-cKXgEXKSFP5cKklWyL6bxCVHA8L-4PEu3IlGdpDONFC7vjhC=s88-c-k-c0x00ffffff-no-rj,False,False,1781410682.024911
UgzDrdWShtDmCfuQ3mp4AaABAg,"jgn pilih gerindra lg liat aja kadernya membabi buta membela mbg ini ada apa emang nya itu uang, uang gerindra itukan jelas uang rakyat di hambur2 smp ratusan triliun",3 days ago,@yudiwijaya7174,UCObH4TfWzLE-WiR4zGlrWEg,0,,https://yt3.ggpht.com/ytc/AIdro_l7eU0jacGzX7VoJfaJQO8ig1JOA7aCWyplBKHvdxdmJg=s88-c-k-c0x00ffffff-no-rj,False,False,1781410682.026407
UgwfhI7I4jz-6RHiENl4AaABAg,PDIP hati2 pil umum 2029 masanya. Akan bubaran,3 days ago,@Basuki-yv7zt,UCdsQzJjA_MixHxcpZld80Ig,0,,https://yt3.ggpht.com/ytc/AIdro_ndluMoBoeMVZqVb4tKzdnwtOiz7s4SN0iXFkAV3bY=s88-c-k-c0x00ffffff-no-rj,False,False,1781410682.02785
Ugz5xI_EAYGAa0sMnwl4AaABAg,Meleiih,3 days ago,@RaminahMinah-e4u,UCHetRPfR6iROg0veP3oxTIg,0,,https://yt3.ggpht.com/ytc/AIdro_lp9OQ-_ykMGuXZ9KrcKyPSm9kA9vB9cMF5T5UXie-0OmMMmgygTjG1BuATiGxiSrkuCQ=s88-c-k-c0x00ffffff-no-rj,False,False,1781410682.029254
Ugwq4PDdHnAfBdpcokN4AaABAg,Sekali MALING TETAP MALING!!! APAPUN ALASANNYA!!! KAMI TITIPKAN NEGARA INI PADA KALIAN BUKAN UNTUK BIKIN RUSAK REPUBLIK INDONESIA!!!,3 days ago,@baharsangadji9907,UCeOe5imBScC0qrO5b_p7zVw,0,,https://yt3.ggpht.com/ytc/AIdro_lSx9WT9ozn5erze1JWSjnRGqKiO4SuOm1Wf-9PYQq0cds=s88-c-k-c0x00ffffff-no-rj,False,False,1781410682.030797
UgxyBvznmnu8NN3RhUN4AaABAg,Di mana peran KPK mengenai koropsi besar yg bejamaah ini jangan yg teri 2 saja beraninya kerja yg benar KPK yg konsekwen lah secara jantan,3 days ago,@HadiSuprijanto-n9c,UCI9dR-scmGpo9JiOXe7D7Zw,1,,https://yt3.ggpht.com/ytc/AIdro_nAt6g6WaKLnrN3laVMdZGBKMMxqX-BzkMoyE5xwPrSmvVSfviAg4AXAEXzSqB9NDNuyg=s88-c-k-c0x00ffffff-no-rj,False,False,1781410682.032253
UgxsD176iTPT7_szcop4AaABAg,"Irma irmaa,,,,,kalo dapet bagian maa kiceppp,,,",3 days ago,@ENGOceaniq,UCn4XVPEMt8o83QGb1kXMgzA,0,,https://yt3.ggpht.com/ytc/AIdro_lXCpv9R4B07OCtxS5nKbqTd2dOphEMw5_JbLklUmIjhy4uMx4EL0dgbCbWmLeygOLbOQ=s88-c-k-c0x00ffffff-no-rj,False,False,1781410682.254986
Ugw6BROzOGhXBy9O2-p4AaABAg,Negara.kalau.pemimpinnya.rakus.semua.negara.tidak.akan.aman.karna.semuadislimuti.oleh.iblis.bukan.hatinurani,3 days ago,@Anisa-y7e2q,UCjfnqzg9tAvVVb4pAb29xjg,0,,https://yt3.ggpht.com/ytc/AIdro_meYAh6NPkc3qZ9RQbztfozX2jknUqc69hcasQTLZa7CCWY6MHmzRI1I6I59gYFhEiQXA=s88-c-k-c0x00ffffff-no-rj,False,False,1781410682.257747
UgzJ2yY18gj4FpJ8uKx4AaABAg,"Siapa lg yg percaya DPR , wakil rakyat bkn ya, kok gk fungsi",3 days ago,@Lukmanhakim-e3v6g,UCqLag-GpJxxShQLI-rc8WPQ,1,,https://yt3.ggpht.com/ytc/AIdro_k1vatECjn4cts9rDeNTox28UvSU7BwiL_gMQA1ZTVkSgu_nya9eYVA0pYXPlx709edZA=s88-c-k-c0x00ffffff-no-rj,False,False,1781410682.259436
Ugz64j9ad3gm09nHBr94AaABAg,dpr  juga maling,3 days ago,@samsurimeduro9489,UCv6cQc9QvRLcNB6fiioI4UA,0,,https://yt3.ggpht.com/ytc/AIdro_meLtS1C8gl1i7ctdw977aqXq65ZlRYz3nJcpNHxhajLNpRpb2AVHlBghoDuIef2xu6gQ=s88-c-k-c0x00ffffff-no-rj,False,False,1781410682.26098
UgxzKUJS9vu6XcmP20l4AaABAg,"MBG TIDAK PERLU DIBUBARKAN, KOK DEDEL AMAT PIKIRANYA. YG DIBUBARKAN YG KORUPSI. DPR MANA SUARANYA CARI DONG YG MAIN MAIN DI MBG. PEMERINTAH SUDAH BAGUS NGASIH GIZI ANAK SEKOLAH.",3 days ago,@gatotsudarto7332,UCF8QQsVcLTnazN2miuA_f7g,1,,https://yt3.ggpht.com/ytc/AIdro_kxKcpAmpqAzVRKeqXCsdk805Gr1kk3WYIoMGQ2-1v8z1r3YeMOa9PsH8iPqbDD5joqcA=s88-c-k-c0x00ffffff-no-rj,False,False,1781410682.262498
Ugx9Y4tSpmINxrWqGrV4AaABAg,Saya sudah gak percaya sama midia nya yg ini,3 days ago,@BapakWardi-e1l,UCPzGUPUA-kF3xuLo4u3z0Aw,0,,https://yt3.ggpht.com/ytc/AIdro_m2g__-AwGH6u1SreUmeLJsbDUdg8YZ10Q5tzJdqWSe_Y4L-l6LGvHa66Ro1s_bmfGeFw=s88-c-k-c0x00ffffff-no-rj,False,False,1781410682.263947
UgxlZa1iSYByGZlVIA54AaABAg,"MBG ganti saja dengan Pemberian makan bergizi ( PMB,) karena MBG menjadi Makanan Bikin Gaduh",3 days ago,@ciptadicecep3119,UCFEDzcHKT6PXDj0UiaZ2PhQ,0,,https://yt3.ggpht.com/OzZsKEfEDtFRL0YI3oeu8ifiCuQprCN07dbPbiXJCGKnY0Ta1YYyc_Mx3MAwqza7uKNfIpT_Gg=s88-c-k-c0x00ffffff-no-rj,False,False,1781410682.265461
UgzggCcb9R5CCGizuY14AaABAg,Guntur Romli sok cari muka,3 days ago,@AwinkCayder,UC93arBhDdV38AFJ2f54Rdcw,0,,https://yt3.ggpht.com/ytc/AIdro_li0yM6cYLIOWjD11MRFrJBTyO1UpGuxl0HXyI_Shaix_AohWC1X6iVYA2plRVEmtsyaw=s88-c-k-c0x00ffffff-no-rj,False,False,1781410682.266918
UgxTNKoP5ax3l8gcInV4AaABAg,"Memang pdi orngy pada stres, brp duit itu yg sdh di kucurkan pengusaha, apa mrk sdh untung",3 days ago,@Agussapari-d8w,UC4HHGBNUnhvDz0xqLwv4LLQ,1,,https://yt3.ggpht.com/ytc/AIdro_l5LLkTg-D-orAjIv3QnONs9TM45y_AotBXm2mRPRn4eltxYktPs1EaE6EeEfGMXSfLHQ=s88-c-k-c0x00ffffff-no-rj,False,False,1781410682.268365
Ugw-XKg4vGN0S0SAmEJ4AaABAg,"Balikin tuh duit rakyat yg buat gaji DPR yg gk bisa kerja, haram. Mkn gaji dari duit rakyat kalo kalian gk peduli dan gk bisa kerja  buat rakyat",3 days ago,@BangBen-u9y,UC39Q5whqBwxBiayyfK2T5_w,2,,https://yt3.ggpht.com/ytc/AIdro_m2g__-AwGH6u1SreUmeLJsbDUdg8YZ10Q5tzJdqWSe_Y4L-l6LGvHa66Ro1s_bmfGeFw=s88-c-k-c0x00ffffff-no-rj,False,False,1781410682.269773
Ugy86Rwlkrs0VDeqjeV4AaABAg,"Wajib disiarkan langsung, pengakuan mereka.",3 days ago,@joniwelius1452,UCLj0qFevewX-sq4HseAED3w,0,,https://yt3.ggpht.com/xL_ZCrMg7Bkwv1bBnGEn6u7yYJNykL5hnvhQ3l-ZMVV7k9ZffNN0cCzj2Wul6Kc6THq-k52Bvw=s88-c-k-c0x00ffffff-no-rj,False,False,1781410682.271252
Ugz27xM86RL1oAhz7Zh4AaABAg,Debat pepesan kosong,3 days ago,@TonoDjumartono-po8rd,UC5mBMV9FfEUJNFXvRwn7Zjw,0,,https://yt3.ggpht.com/ytc/AIdro_mB0AEzuPBnHUnbJ05Kn6OFC0GWil99rk2mq0C8tMcOp8jSTPBxtIYFzdnOER1R9KYpvA=s88-c-k-c0x00ffffff-no-rj,False,False,1781410682.272694
Ugx1uyV3VY6ZPweBRmh4AaABAg,Kalau saya sebagai petani ingin mbg lanjut,3 days ago,@SuyonoOke-y5p,UC9Pv1GRhyrn-wn2yU3-_jsA,1,5,https://yt3.ggpht.com/ytc/AIdro_nlK0XZCHPihWVQ4ZXtf5b8YpsaViKGdlcNQOujPdbuOV75OJmCMvjy0UMhDlldDDfeTw=s88-c-k-c0x00ffffff-no-rj,False,False,1781410682.274089
UgxR3lpVyilb6JcD0eR4AaABAg,𝙼𝙱𝙶 𝙸𝚗𝚟𝚎𝚜𝚝𝚊𝚜𝚒 𝚓𝚊𝚍𝚒 𝚝𝚊𝚑𝚒 𝚖𝚎𝚗𝚍𝚒𝚗𝚐 𝚋𝚊𝚗𝚐𝚞𝚗 𝚙𝚊𝚋𝚛𝚒𝚔 𝚞𝚝𝚔 𝚕𝚘𝚠𝚘𝚗𝚐𝚊𝚗 𝚔𝚎𝚛𝚓𝚊 𝚛𝚊𝚔𝚢𝚊𝚝,3 days ago,@jambisumatera3643,UCZF4ae4-9OpgmenvvUV72ew,0,,https://yt3.ggpht.com/84DNz5JfIXbOnLilpKhalhhvTHUTbk4N4BFJpF_WOsbSw3eL6xjyjYIfRma32B6bWCbN_ueqioA=s88-c-k-c0x00ffffff-no-rj,False,False,1781410682.275514
UgzYTCiI4ii5bJ_0VT54AaABAg,JANGAN PERCAYA SAMA POLITISI  YANG TDK TERJUN DI LAPANGAN LANGSUNG  / fakta di lapangan anak sekolah senang dengan MBG,3 days ago,@iksanqc-vy3bn,UCOEw6bH4rWVVon3tQQjiWNQ,1,,https://yt3.ggpht.com/ytc/AIdro_mIMODki_brDA6OUl8VtwDwX2Snro7nqMOQh4Fz1h_Am6V3Hzi45MmxNUuaFI4TaLPuVQ=s88-c-k-c0x00ffffff-no-rj,False,False,1781410682.277791
UgwiHwvYM3EXDFplUKV4AaABAg,Bubar kan saja mbg dan kopdes krn ngasih peluang korupsi,3 days ago,@DarmanBae-p3s,UCGPT1qEyOH6LJ2BR0AL25hQ,0,,https://yt3.ggpht.com/ytc/AIdro_mmsD-lV1KwwETxT6mmremZdbV8RUlIGafNT-jYKHLRNAtUV3Th-FV9QR6jqDcCNsX9gA=s88-c-k-c0x00ffffff-no-rj,False,False,1781410682.279809
UgyMMIez4a-BZcojVe94AaABAg,Jangan2 banyak dari anggota DPR komisi IX yg  terlibat dalam kasus korupsi MBG ini,3 days ago,@trimanto4573,UCeZKG8eEzQWAo0vNMAT_qbg,0,,https://yt3.ggpht.com/ytc/AIdro_mwYmkwPSYrO0EY39050dNWTlxuXEubalG3DYZ7pdzVV1w=s88-c-k-c0x00ffffff-no-rj,False,False,1781410682.281401
UgyC1vc4dY6nYrBkhbx4AaABAg,Orang yg nyuru mbg berenti itu orang yg tida punya belas kasian sama kita yg miskin,3 days ago,@RAPARapzz-q9d,UC7HHw5m884ZyjUu8cONQmpA,0,,https://yt3.ggpht.com/ytc/AIdro_lkDhfR4IQoQOti0IosPsSAEqhLLgtyGqmMmRGIpKBIdhtOTK_iy1Z_GU0MKBc9sh8dlA=s88-c-k-c0x00ffffff-no-rj,False,False,1781410682.282885
UgwD-u88213C-rkAB8t4AaABAg,"Bu Irma udah dag dog dog, karena banya masuk dlm daftar.,🤭",3 days ago,@agusriyanto5839,UCwHZfNbnCSSUvWKOjpNP8gg,0,,https://yt3.ggpht.com/ytc/AIdro_kH86usdhSjTpi8Mwwrd-BUh9hZn4SsjDtkyTAYQZI=s88-c-k-c0x00ffffff-no-rj,False,False,1781410682.284372
UgzEixgIctI9Fj_tEFZ4AaABAg,Mbg harus jalan karena sangat membantu kita orang miskin,3 days ago,@RAPARapzz-q9d,UC7HHw5m884ZyjUu8cONQmpA,1,1,https://yt3.ggpht.com/ytc/AIdro_lkDhfR4IQoQOti0IosPsSAEqhLLgtyGqmMmRGIpKBIdhtOTK_iy1Z_GU0MKBc9sh8dlA=s88-c-k-c0x00ffffff-no-rj,False,False,1781410682.28586
Ugx1uyV3VY6ZPweBRmh4AaABAg.AY-5hZRsZ7mAY-KZr2q-sm,"Sy juga petani,tp g butuh MBG,cm mau BBM murah😮",3 days ago,@AkhmadJunaidi-p4m,UCsmYfD5BUxLP5Ukyd3GQX2A,1,,https://yt3.ggpht.com/ytc/AIdro_n0P3r2dt_xOW7IMpld2RrxGBWw0u14CCrewTD_k6rGgh-rAJJjEjQc9tcAQhDqX28vZA=s88-c-k-c0x00ffffff-no-rj,False,True,1781410682.458503
Ugx1uyV3VY6ZPweBRmh4AaABAg.AY-5hZRsZ7mAY-MM4xR8q6,​ @AkhmadJunaidi-p4m punya anak sekolah pak?,3 days ago,@bornsevenam,UCmxmdVK4-7C3ScblcI7efmg,0,,https://yt3.ggpht.com/8NHtS34ZMbA9Xd5W8Je-vI-4k7yFXhMjcebK6s7B24p0Z2qU1xEbpd8QxlHIEh7clAhTaJAT=s88-c-k-c0x00ffffff-no-rj,False,True,1781410682.460757
Ugx1uyV3VY6ZPweBRmh4AaABAg.AY-5hZRsZ7mAY-MPX5dfdu,​ @AkhmadJunaidi-p4m pertalite murah,3 days ago,@SuyonoOke-y5p,UC9Pv1GRhyrn-wn2yU3-_jsA,0,,https://yt3.ggpht.com/ytc/AIdro_nlK0XZCHPihWVQ4ZXtf5b8YpsaViKGdlcNQOujPdbuOV75OJmCMvjy0UMhDlldDDfeTw=s88-c-k-c0x00ffffff-no-rj,False,True,1781410682.462425
Ugx1uyV3VY6ZPweBRmh4AaABAg.AY-5hZRsZ7mAY-Mfpr0ENA,​ @AkhmadJunaidi-p4m kamu memang tidak butuh mbg tapi anak sekolah banyak yg mengharap,3 days ago,@SuyonoOke-y5p,UC9Pv1GRhyrn-wn2yU3-_jsA,0,,https://yt3.ggpht.com/ytc/AIdro_nlK0XZCHPihWVQ4ZXtf5b8YpsaViKGdlcNQOujPdbuOV75OJmCMvjy0UMhDlldDDfeTw=s88-c-k-c0x00ffffff-no-rj,False,True,1781410682.463949
Ugx1uyV3VY6ZPweBRmh4AaABAg.AY-5hZRsZ7mAY-7XfE2TSV,joss,3 days ago,@bornsevenam,UCmxmdVK4-7C3ScblcI7efmg,0,,https://yt3.ggpht.com/8NHtS34ZMbA9Xd5W8Je-vI-4k7yFXhMjcebK6s7B24p0Z2qU1xEbpd8QxlHIEh7clAhTaJAT=s88-c-k-c0x00ffffff-no-rj,False,True,1781410682.465648
UgzEixgIctI9Fj_tEFZ4AaABAg.AY-44vJBkyrAY-7bYIcWF4,mantap,3 days ago,@bornsevenam,UCmxmdVK4-7C3ScblcI7efmg,0,,https://yt3.ggpht.com/8NHtS34ZMbA9Xd5W8Je-vI-4k7yFXhMjcebK6s7B24p0Z2qU1xEbpd8QxlHIEh7clAhTaJAT=s88-c-k-c0x00ffffff-no-rj,False,True,1781410682.610005
UgweR5mhKCdJT8BnlVV4AaABAg,Siapa yang mau menghormati bajingan kaleng uang rakyat kok hormati,3 days ago,@Mardiono11-v7e,UCuSc5pFjw8Kt_lhe-YkM_Tw,0,,https://yt3.ggpht.com/ytc/AIdro_m5DHdJOQs40hzoitGNZg5x-fmV6OYmJoszNAslGR0idT_rVnRjRUDprHsTC8XFm7CrIA=s88-c-k-c0x00ffffff-no-rj,False,False,1781410682.81227
Ugxxrmqu3StAuNIwC_V4AaABAg,Kok ada Mak Lampirr😂,3 days ago,@MochSyachroni-f1p,UCOyBNw_K3uBIXwhjlyzquNQ,0,,https://yt3.ggpht.com/vr3v7KJ1oa5T3af6UIR9qfSpDJgrMzOPcRYQWFARw7HpHSWOyNy1vifC7wYeZ46DFZIQ-KNlNg=s88-c-k-c0x00ffffff-no-rj,False,False,1781410682.813931
UgyzyKanHQ6uLZrn2GJ4AaABAg,Dpr cari aman 😅😅,3 days ago,@oray7213,UCC4pmAwl9IIJ_Q6pcjwssYw,0,,https://yt3.ggpht.com/lJ-Gk2bASKFyZjU-SXD69U5dhVESqv7YHLXoHAUbgqgJLKigc88bNPr8xJPAb4dR4s_oz9FjZ6I=s88-c-k-c0x00ffffff-no-rj,False,False,1781410682.815415
UgzO80VQFTmDUx6j0tJ4AaABAg,Irma irma mana suara lantang mu,3 days ago,@sarjonozidan1257,UCG8PGoRfd1LebcniS-jvlyA,0,,https://yt3.ggpht.com/ytc/AIdro_lkWfFfpWKLNPVA-ji69oIaGqrWQ6BnJFKlfT386wU=s88-c-k-c0x00ffffff-no-rj,False,False,1781410682.816865
UgyrlXqiFaSJmr_VUv94AaABAg,"mbg itu proyek siluman lho ms anggaran smp ratusan triliun da msk di banggar dpr utk di setujui atau tdknya proyek miliaran aja msk ke banggar dpr kok, emang dr awal mbg itu sdh di setting bgt agar para pejabat gampang korupsinya di mbg",3 days ago,@yudiwijaya7174,UCObH4TfWzLE-WiR4zGlrWEg,0,,https://yt3.ggpht.com/ytc/AIdro_l7eU0jacGzX7VoJfaJQO8ig1JOA7aCWyplBKHvdxdmJg=s88-c-k-c0x00ffffff-no-rj,False,False,1781410682.81831
UgyU1pQtAmwFuqZN6KJ4AaABAg,sudahlah mbg itu dah banyak yg tau  kalau itu lahan basah bagi mitra nya,3 days ago,@Sawinah-k9z,UCKpxuOUS5sIcBRj5hcluxsw,0,,https://yt3.ggpht.com/ytc/AIdro_mbdw79JGc5mlEFb4L_fDS_eNfnZ3cB5TODqlDQLt_5YWQ-7_FLklstw7UB2tMe0YfK6w=s88-c-k-c0x00ffffff-no-rj,False,False,1781410682.819762
UgwBnmf1_nRjpkZN3KB4AaABAg,B irma mana suaramu,3 days ago,@sarjonozidan1257,UCG8PGoRfd1LebcniS-jvlyA,0,,https://yt3.ggpht.com/ytc/AIdro_lkWfFfpWKLNPVA-ji69oIaGqrWQ6BnJFKlfT386wU=s88-c-k-c0x00ffffff-no-rj,False,False,1781410682.821206
UgzdaNJCtwTjMiykiPR4AaABAg,"Saya kok yakin kalau korupsi di BGN bukan cuma 3 orang saja, pasti lebih.",3 days ago,@hari_xo123,UC18cy4OANIEeU_pofx25u8A,0,,https://yt3.ggpht.com/ytc/AIdro_nGFFZTZtLgzymsvZFTeGCKJHpO2uQnubBR8G0pWBa50fCm3uXKtZzR9aVoKG-mhec1uA=s88-c-k-c0x00ffffff-no-rj,False,False,1781410682.82267
Ugz6_tbDTKAAbDHqCb94AaABAg,Investor puyeeeeng,3 days ago,@sarjonozidan1257,UCG8PGoRfd1LebcniS-jvlyA,0,,https://yt3.ggpht.com/ytc/AIdro_lkWfFfpWKLNPVA-ji69oIaGqrWQ6BnJFKlfT386wU=s88-c-k-c0x00ffffff-no-rj,False,False,1781410682.824101
UgwDF8shcAtJnTo6wg94AaABAg,Jangan bawa bawa malaikat dong .malaikat mah ga butuh duit,3 days ago,@AdeJuhara-y7g,UC_0X5BAlDyqd8jLBUo5NGyg,0,,https://yt3.ggpht.com/Y9b6s0E4SImjnLC0nOKoN4TGe58NzUKl64o-RLN34PmLSxOQQ8_MsSslAp5ccVp2KSFGXt1-zw=s88-c-k-c0x00ffffff-no-rj,False,False,1781410682.825539
UgzSOWve62zYM3bVnuN4AaABAg,B irma biasanya galak bgt ini kog haluus tumben,3 days ago,@sarjonozidan1257,UCG8PGoRfd1LebcniS-jvlyA,0,,https://yt3.ggpht.com/ytc/AIdro_lkWfFfpWKLNPVA-ji69oIaGqrWQ6BnJFKlfT386wU=s88-c-k-c0x00ffffff-no-rj,False,False,1781410682.826993
Ugwvn0ygTGM9QawECKB4AaABAg,"Jangan umuk, PDI Bagai mana bisa dihetikan politisi PDI juga punya termasuk bambang pajul juga punya salah satunya ada di banjarnegara, di kecamatan penawaran desa darmayasa itu milik bambang pajol",3 days ago,@AhnafRaziqhanan,UCMbOvR6r4l6d6FF1_3kdOkg,0,,https://yt3.ggpht.com/ytc/AIdro_lImVEFshLCzwKPwsKil_wI44W3fLO5VgHisdM_-Jtm5ZMsPSMXFTRot9-tSU3zW38Ftw=s88-c-k-c0x00ffffff-no-rj,False,False,1781410682.82846
UgwmRUxJSITdyaaNdSh4AaABAg,Kog tumben b irma bicaranya  agak haluuus,3 days ago,@sarjonozidan1257,UCG8PGoRfd1LebcniS-jvlyA,0,,https://yt3.ggpht.com/ytc/AIdro_lkWfFfpWKLNPVA-ji69oIaGqrWQ6BnJFKlfT386wU=s88-c-k-c0x00ffffff-no-rj,False,False,1781410682.829899
UgwVRlTrUkCYphcajVp4AaABAg,"Intinya mbg ini harus dihentikan, kalau program mengurangi stunting, lebih baik kasi uangnya langsung kepada siswa yang menang kurang mampu. Beres,",3 days ago,@madedani2243,UCgGFgCQEwvAVMB2Ezm-Y7wg,0,,https://yt3.ggpht.com/ytc/AIdro_nO5_AnrR5wC3yikrkeRVMEqqK2JYLnvMQub5cKxd-mCQNDacSpJv5wGRkTMh4pgO6TqQ=s88-c-k-c0x00ffffff-no-rj,False,False,1781410682.831478
Ugxps9lx042O7rYGoWx4AaABAg,"CUCU CUCU SAYA YG DI SD ITU3 ORANG,DI SMP 2 ORANG SEMUANYA KALAU PULANG SEKOLAH YG DI BAWA PULANG NASI DAN KULUPAN2,NASINYA URUH IKANNYA CUMA DI KRIKITI DOANG MASIH UTUH",3 days ago,@pakgatotsugiantoro6541,UCKINg8rT-rKJ-NQF1rFF-dg,0,1,https://yt3.ggpht.com/ytc/AIdro_lXZATiSU94AudKCeqOS-aak7Qi50J9-N9s4qqnF2E7CRmgta6gS959E91ZM-ms0kpswQ=s88-c-k-c0x00ffffff-no-rj,False,False,1781410682.833012
UgxEpq5gj24YBfyYnnp4AaABAg,"DPR RI adalah sarang Korupsi,itulah para bajingan "" ini tidak mau mengesahkan UU perampasan aset para koruptor",3 days ago,@Iksanudinaja,UCZBf30Yo4OtY01E0kId0QYQ,0,,https://yt3.ggpht.com/ytc/AIdro_k_YYK3DguaTmEf0OS9ni-p8B3OjUgYPwUVGcv44bnzgXOkhkPcnYEaaiqygACONf8Oaw=s88-c-k-c0x00ffffff-no-rj,False,False,1781410682.834486
UgxbLPwe4HUOZsNVZMl4AaABAg,"Ngeyel irma itu kan bagian dari oligarki termul,,coba di cek di daerah daerah tetangga saya guru entah pegawai bawahan di salah satu smp SMP NEGERI setiap hari bawa pulang nasi utuh,artinya yg di makan apanya lauknya apa minumannya saja.ternyata alih2 tempat lain sama juga,,berarti yg berarti apanya MBG ITU",3 days ago,@pakgatotsugiantoro6541,UCKINg8rT-rKJ-NQF1rFF-dg,0,,https://yt3.ggpht.com/ytc/AIdro_lXZATiSU94AudKCeqOS-aak7Qi50J9-N9s4qqnF2E7CRmgta6gS959E91ZM-ms0kpswQ=s88-c-k-c0x00ffffff-no-rj,False,False,1781410682.835953
UgxUmOMpY2fLv67_ePp4AaABAg,Nggedabrus,3 days ago,@MuhKohar3,UC54eACpl_-34il1gXN73LBA,0,,https://yt3.ggpht.com/hSYSIWM53tEku-g6GyxeWykwzdmU64WQRl6rqFTb0aOIn4HR-rBjvayRDYRwUE8a7qxO8jXt=s88-c-k-c0x00ffffff-no-rj,False,False,1781410682.837385
UgwniYvrBIZJeZ1MoMN4AaABAg,Yg punya dspur mbg ya jadi kaya mendadak pada bikin gedung betingkat mobil borong sekalian berderet roda 2 banyak beli tanah uwang banyak,3 days ago,@EnengOcah,UCKtfz_qYqpdpLeVIq9IhrSg,0,,https://yt3.ggpht.com/ytc/AIdro_kM-WAu7FWM5pmrrS2-NC8y_6-_YVvoqsqAUPMGai-iELDBMp6AMgTDLNobZjJ49rXWmQ=s88-c-k-c0x00ffffff-no-rj,False,False,1781410682.838954
Ugx8vsGMrG-FZqbSjdZ4AaABAg,STOP MBG,3 days ago,@gemahstudio,UCzTjrgv0UuT65D1WixvUaBQ,0,,https://yt3.ggpht.com/ytc/AIdro_kUSKeR9fQRtYnpDXpzRglfsj0ivm_nVbhTgZ0NHnUuMA=s88-c-k-c0x00ffffff-no-rj,False,False,1781410682.840369
Ugxps9lx042O7rYGoWx4AaABAg.AY-1Fl8tu6lAY-1TgQ-N3N,"Masalahnya dari rumah itu bawa bekal masakan ibunya,,wadahnya untuk bawa pulang MBG Katanya tidak enak",3 days ago,@pakgatotsugiantoro6541,UCKINg8rT-rKJ-NQF1rFF-dg,0,,https://yt3.ggpht.com/ytc/AIdro_lXZATiSU94AudKCeqOS-aak7Qi50J9-N9s4qqnF2E7CRmgta6gS959E91ZM-ms0kpswQ=s88-c-k-c0x00ffffff-no-rj,False,True,1781410682.989726
UgwMh8mJCscCwvPfNUd4AaABAg,"Udah lah mbg bubar kan saja uwang nya pada di korupsi di plosok "" jga udh pada  di kasi pada kaya mendadakh motor",3 days ago,@EnengOcah,UCKtfz_qYqpdpLeVIq9IhrSg,0,,https://yt3.ggpht.com/ytc/AIdro_kM-WAu7FWM5pmrrS2-NC8y_6-_YVvoqsqAUPMGai-iELDBMp6AMgTDLNobZjJ49rXWmQ=s88-c-k-c0x00ffffff-no-rj,False,False,1781410683.229975
UgwgP_cAFBZSXrZzrWR4AaABAg,Si CEBI komisi 9 mau cuci tangan padahal mrk terima cuan,3 days ago,@AdiRambat-u8z9h,UCrmLFvNvVsob5_SEj5NRrnw,0,,https://yt3.ggpht.com/ytc/AIdro_lO1bg78qyz0HR_ZIH8s5qeSfzYr9fVSd1DukOaqgMnQ42rwYpPYWufcdbL9Z9Zby0O7g=s88-c-k-c0x00ffffff-no-rj,False,False,1781410683.231642
UgzW4D0VoI3Q2LaG3JJ4AaABAg,KORUPSI MERAJALELA BELUM LAGI RUPIAH ANJILOK KEMUNGKINAN BISA SAMPAI 19.000/DOLAR KRISISSS,3 days ago,@BidPelayaran-dh5bi,UCv4_Cnd6_S9-7HBQNsY0ZPA,0,,https://yt3.ggpht.com/ytc/AIdro_n7417ek-18wzJI3ZENBm0JLEsWrCcksbQ7WKdHv1tzFUdXjGULqP2rM3Knc8d3lEC4qw=s88-c-k-c0x00ffffff-no-rj,False,False,1781410683.233191
UgzXt4mb9Vo8sfKSmml4AaABAg,"Ha ha ha ,,dpr itu komisi2nya kan oligarki pemerintahan.",3 days ago,@pakgatotsugiantoro6541,UCKINg8rT-rKJ-NQF1rFF-dg,0,,https://yt3.ggpht.com/ytc/AIdro_lXZATiSU94AudKCeqOS-aak7Qi50J9-N9s4qqnF2E7CRmgta6gS959E91ZM-ms0kpswQ=s88-c-k-c0x00ffffff-no-rj,False,False,1781410683.234655
Ugy104h6nqnnOyN3Fph4AaABAg,Dpr gk guna buat rakyat.,3 days ago,@suprakarisma5228,UC8-ihURzYv2_b3eTj_DDq4g,0,,https://yt3.ggpht.com/toNCWhVxnv7906GgQQaVIfHEBq4d71mJ-4PCRUTObKn9tXIKILiIRlxVdF6hPTH6mDsD47awEw=s88-c-k-c0x00ffffff-no-rj,False,False,1781410683.236073
Ugwcf_BQMPRF4FHRpOB4AaABAg,Guntur Romli menggebugebu😂😂😂,3 days ago,@JalanOi,UC66d33p2gTz1VCoJtMnsU-Q,0,,https://yt3.ggpht.com/YQniATLBqrn_x5HU1wwLKVz8O1CoROCclgYT8sxbyZ-QvNz8Ld50sqtBbqRZ7jjjoKD-wv0f=s88-c-k-c0x00ffffff-no-rj,False,False,1781410683.237479
Ugw1lbotWddJvI3Hw5R4AaABAg,OLIGARKI OLIGARKI PASTI MEMBELA LAWONG MEREKA KAN IKUT MAKAN UANG HARAM INI,3 days ago,@pakgatotsugiantoro6541,UCKINg8rT-rKJ-NQF1rFF-dg,0,,https://yt3.ggpht.com/ytc/AIdro_lXZATiSU94AudKCeqOS-aak7Qi50J9-N9s4qqnF2E7CRmgta6gS959E91ZM-ms0kpswQ=s88-c-k-c0x00ffffff-no-rj,False,False,1781410683.238916
Ugxb_LqWDUhQCZ-pdOR4AaABAg,"reformasi tanpa arah ala pdup hanya membawa Indonesia dalam genggaman Singapura dan as
reformasi kok jual Indosat pulau sipadan ligitan lepas
ketika PLN rugi BUMN rugi pertamina rugi pdup diam saja",3 days ago,@burhanhany804,UCQk0130703n33GMPzbMLOLg,0,,https://yt3.ggpht.com/ytc/AIdro_k3hn42XBbDhPE1TBABPWYRzPn-BQvYJpvvswbgmnY=s88-c-k-c0x00ffffff-no-rj,False,False,1781410683.240387
UgxANFxsjobzybW11GN4AaABAg,Intinya hapus program MBG dan koperasi merah putih,3 days ago,@baim1234-ku7uo,UCe3LmPw-KVhOBh4s0rzK0Ig,0,,https://yt3.ggpht.com/ytc/AIdro_mpFau04g7lpf3j1Idi_VL4kYNkmRGco0gPXutarM5aqrp-0ikLVrEKPxAWjk4ALu40mw=s88-c-k-c0x00ffffff-no-rj,False,False,1781410683.241817
UgyrmBQY_hzUcawnTRp4AaABAg,Siapa,3 days ago,@baim1234-ku7uo,UCe3LmPw-KVhOBh4s0rzK0Ig,0,,https://yt3.ggpht.com/ytc/AIdro_mpFau04g7lpf3j1Idi_VL4kYNkmRGco0gPXutarM5aqrp-0ikLVrEKPxAWjk4ALu40mw=s88-c-k-c0x00ffffff-no-rj,False,False,1781410683.243236
Ugzn6l3nzM8GHXw251x4AaABAg,Itulah bukti oknum DPR banyak yang terlibat,3 days ago,@sanduprandi,UC-dDSbuQJja1Hp5DoD2awjw,20,1,https://yt3.ggpht.com/ZyE7g-7YB2OWn_3LQg4_daYv31TIcicbqS2agc_s5Cs9GgezkJ6tsl1FFpUvs25Idpk61WAXQA=s88-c-k-c0x00ffffff-no-rj,False,False,1781410683.244626
UgzlehY2eS1J1xQF-AZ4AaABAg,Si irma chaniago termul tulen mbg harus di tutup bikin korupsi besar2an habis dong uang rakyst (apbn)indonesia makin ancur,3 days ago,@DamSix-j1q,UCrSMVuDKX3ypGCTQDol8kgA,0,,https://yt3.ggpht.com/ytc/AIdro_n4wJ1o745a8pX0WITv50Uujw4uXvzulMVIepHG4zeFQ8-oJCV9hJ7hsVaXbntXvYzOwA=s88-c-k-c0x00ffffff-no-rj,False,False,1781410683.246056
UgyvQnSS6hBZ5v-8myh4AaABAg,"lost kontrol,,  dpr/bgn ngawur",3 days ago (edited),@qurantv6280,UC4mkWQnlD1sgdDef1QZC9Bg,0,,https://yt3.ggpht.com/ytc/AIdro_lYGN7QfHOibvm7sLp0osn2pTtXBgB4mMRBowx_Lshvz78=s88-c-k-c0x00ffffff-no-rj,False,False,1781410683.247485
UgxfwKaMmIzeWsWYLP94AaABAg,Irma hanya besar mulut anda sama dg mereka,3 days ago,@mutarripTarrip,UCy32yFqkGBIBHBL2vCNfEeQ,0,,https://yt3.ggpht.com/ytc/AIdro_lbt1NidQ4VdFp9wmZ5GL_I7v8iWlfLsmTPztZ966MdCWX3HyB8AR4y_ozf4bQkMiOO-w=s88-c-k-c0x00ffffff-no-rj,False,False,1781410683.248875
UgxDcMPJ3U4PgRMUMad4AaABAg,"DPR yg sekarang dari partai Pendukung partai pemerintah ,pasti yg didukung pemerintah yg disetujui ja akan ada cek and Balance ,DpR itu bukan wakil rakyat tapi wakil partai pendukung pemerintah",3 days ago,@RWH12HWR21,UCl2jFdJqCuUH5bcKkc_6M1w,0,,https://yt3.ggpht.com/ytc/AIdro_lXNBnVor2T5FVc9Go-w378cXn6JmX-YLkW1G6mVZyFzwgLjg01XTaBOrjvCuKmfuRq9g=s88-c-k-c0x00ffffff-no-rj,False,False,1781410683.250349
UgwReoWjX0OEcZDlJdx4AaABAg,PDI emang paling pas jadi oposisi,3 days ago,@erghazy,UCysX3z4EmbGlyv6FYK3F3nw,0,,https://yt3.ggpht.com/Td48CHK3dT0P8PiPL5616Vn8y18c4OmehQMZWRtx5xxtBxcWPSGBXWBiBhGt2qhZAsl9Tkld=s88-c-k-c0x00ffffff-no-rj,False,False,1781410683.251915
UgxXAe5TgpYli-YOarJ4AaABAg,Sisa untuk membangun Sekolah SMPN dan SMAN di setiap desa angkat guru guru dan tenaga medis itu kan lebih berguna untuk semua rakyat dgn jangka panjang,3 days ago,@RWH12HWR21,UCl2jFdJqCuUH5bcKkc_6M1w,0,,https://yt3.ggpht.com/ytc/AIdro_lXNBnVor2T5FVc9Go-w378cXn6JmX-YLkW1G6mVZyFzwgLjg01XTaBOrjvCuKmfuRq9g=s88-c-k-c0x00ffffff-no-rj,False,False,1781410683.253712
UgytmEF0v_B7cFqWavN4AaABAg,"Ya betul MBG itu harus dibubarkan ,anggaran yg setahun 300T itu pakai aja untuk membangun sekolah dan puskemas di tiap Desa",3 days ago,@RWH12HWR21,UCl2jFdJqCuUH5bcKkc_6M1w,0,,https://yt3.ggpht.com/ytc/AIdro_lXNBnVor2T5FVc9Go-w378cXn6JmX-YLkW1G6mVZyFzwgLjg01XTaBOrjvCuKmfuRq9g=s88-c-k-c0x00ffffff-no-rj,False,False,1781410683.255545
UgxphwmZP51cvkv7_Hl4AaABAg,"Hentikan MBG dan alihkan ke kesehatan gratis untuk seluruh rakyat Indonesia, rakyat miskin dan para pengangguran.",3 days ago,@abusiriholih8006,UCq9qj8QPkAMSyMVfzEdqhbg,0,,https://yt3.ggpht.com/ytc/AIdro_k8PBhRFwqW27yMFsW2NEn3MgEoHrHyW5gEDFJZnKI=s88-c-k-c0x00ffffff-no-rj,False,False,1781410683.257122
Ugy0b9UX0ZJbeKMWTbN4AaABAg,Bangga- bangga dengan kau punya efisiensi. Di beberapa daerah tdk bisa memberi THR dan G13 Ke ASN PPPK karena alasan tf pusat berkurang akibat MBG. Jadi berhenti bangga2 kan MBG,3 days ago,@AbaPTang,UCZH9084Z95n6tfMdiUKe-Ig,0,,https://yt3.ggpht.com/ytc/AIdro_lN1r14JyVE1HV827fOA4jwcUpML9JATe2vub3wBZwgdO1_u1mEpcWHSejRd9oj5lcaaA=s88-c-k-c0x00ffffff-no-rj,False,False,1781410683.259219
Ugzn6l3nzM8GHXw251x4AaABAg.AXzwBMt2wibAY1Vc6qjYfS,Jangan sampai polemik politik di pusat malah mengorbankan hak gizi anak-anak yang butuh bantuan,2 days ago,@dessymega6879,UC_f8ZcKwb3urbfoEn0mN6MQ,1,,https://yt3.ggpht.com/ytc/AIdro_lDvXsKa5T55uq1vpP347NtVX9wtWP8dJXcCnvDS9Cw5g=s88-c-k-c0x00ffffff-no-rj,False,True,1781497083.414665
UgyQ8IIGZEzuhqlrsUZ4AaABAg,"Hentikan dan harus usut semuanya sampai ke daerah² bos jangan ditutup sebulan dua bulan nanti di buka lagi,tp yg jelas mmg gak ada manfaat nya sama juga dg KMP itu coba lah pikir2 dg baik",3 days ago,@doniboy8335,UCk-IDo_RwfeT82VrfLv9f_A,0,,https://yt3.ggpht.com/ytc/AIdro_lzyCO5WZeT1zORLL5RzHECTnvVjgh9iTkjTXsAxvsH5D2-=s88-c-k-c0x00ffffff-no-rj,False,False,1781410683.638679
Ugy4IvC0a5_g31UWCll4AaABAg,"Ini negara hampir semua pejabat rakus, serakah, tamat dan moralnya rusak",3 days ago,@AbaPTang,UCZH9084Z95n6tfMdiUKe-Ig,0,,https://yt3.ggpht.com/ytc/AIdro_lN1r14JyVE1HV827fOA4jwcUpML9JATe2vub3wBZwgdO1_u1mEpcWHSejRd9oj5lcaaA=s88-c-k-c0x00ffffff-no-rj,False,False,1781410683.64028
UgxNEB4SRuuPwj0B8YR4AaABAg,Sangat sangat setuju mbg di henti kan,3 days ago,@putrianingita-t1t,UCuA9zxu8lqNkBOomO6CW_mw,2,,https://yt3.ggpht.com/ytc/AIdro_kA_6HdENDjw6fe_r9pdpnYaIg22ZpzrM2F_T9lQCkQZoJyK-2CU7RnxSy91qymNidZjQ=s88-c-k-c0x00ffffff-no-rj,False,False,1781410683.641772
Ugwk4sO310kQbHW9rch4AaABAg,TANGKAP BU IRMA,3 days ago,@suparman-gs2mi,UCKm8m2rtMt6OClqh1l04iZw,0,,https://yt3.ggpht.com/ytc/AIdro_lu2GvO15oLoFqtmkrWoInS2HA3EvUIuYaSEl5ezEb8Gvc30M1jhmQ3R_ZkJAHMGki_Pw=s88-c-k-c0x00ffffff-no-rj,False,False,1781410683.643226
UgwMHhSNY5KjRDeT1G94AaABAg,Pada akhir nya jual titik kan,3 days ago,@JuanahNurhayati,UC-J6r_gNMgQXWMxYhB5LGKg,0,,https://yt3.ggpht.com/ytc/AIdro_mhsmnYE8s43yKvrOUEuO15ubUhsinTg2sCvnzOqI9_bv10vBFKsBHnJGDP5ESWQFEWmg=s88-c-k-c0x00ffffff-no-rj,False,False,1781410683.64465
UgxwmTFzVGmMnhQiy4x4AaABAg,Wajah Irma pucat klau jawab pertanyaan,3 days ago,@MelkiWayega-f2u,UCfn-hpSQ1uvrGjaLZh6sIUQ,0,,https://yt3.ggpht.com/ytc/AIdro_m5evfCF_YxC_lDCZai6PdDPi8RLB_PVhrL3a1ARTLFBM2x9-KClsWFWW2FfUzwIrVBkQ=s88-c-k-c0x00ffffff-no-rj,False,False,1781410683.646034
Ugy9XDZDUu8E_jGoAPl4AaABAg,Betul pk,3 days ago,@JuanahNurhayati,UC-J6r_gNMgQXWMxYhB5LGKg,1,,https://yt3.ggpht.com/ytc/AIdro_mhsmnYE8s43yKvrOUEuO15ubUhsinTg2sCvnzOqI9_bv10vBFKsBHnJGDP5ESWQFEWmg=s88-c-k-c0x00ffffff-no-rj,False,False,1781410683.647495
UgyTo0wVEq9_scKhN394AaABAg,Bubarkb mbg bubarkb mbg tidak bermanpaat mubadir apa manpaat mbg  tidak ada   yang ada ingin membunuh anak bangsa,3 days ago,@JuanahNurhayati,UC-J6r_gNMgQXWMxYhB5LGKg,0,,https://yt3.ggpht.com/ytc/AIdro_mhsmnYE8s43yKvrOUEuO15ubUhsinTg2sCvnzOqI9_bv10vBFKsBHnJGDP5ESWQFEWmg=s88-c-k-c0x00ffffff-no-rj,False,False,1781410683.648908
Ugx9hkOzu6TZORJQCp14AaABAg,KAMRUSSAMAD KAU JUGA KELIHATANNYA IKUT MBG,3 days ago,@suparman-gs2mi,UCKm8m2rtMt6OClqh1l04iZw,0,,https://yt3.ggpht.com/ytc/AIdro_lu2GvO15oLoFqtmkrWoInS2HA3EvUIuYaSEl5ezEb8Gvc30M1jhmQ3R_ZkJAHMGki_Pw=s88-c-k-c0x00ffffff-no-rj,False,False,1781410683.65034
UgwIxYn4GoNTRVC4-C54AaABAg,Dpr juga tidak guna ngapain ada dpr,3 days ago,@JuanahNurhayati,UC-J6r_gNMgQXWMxYhB5LGKg,0,,https://yt3.ggpht.com/ytc/AIdro_mhsmnYE8s43yKvrOUEuO15ubUhsinTg2sCvnzOqI9_bv10vBFKsBHnJGDP5ESWQFEWmg=s88-c-k-c0x00ffffff-no-rj,False,False,1781410683.651732
UgxSdnZJwi3zwtBz6ih4AaABAg,Turunkan prabowo gibran tidak berkwalitas,3 days ago,@NasibSiregar-j6u,UC5bynxzpZTonVx2Y5884YRA,3,,https://yt3.ggpht.com/ytc/AIdro_mLKPfQfsYtfUyqqe6FpMayQRafZoRgOUnqIFjEi-enSreCJmiWcdakwZy3g21qd24UHw=s88-c-k-c0x00ffffff-no-rj,False,False,1781410683.653181
UgyU0eUIapcwqZNysxF4AaABAg,Irma kau bohong terus,3 days ago,@suparman-gs2mi,UCKm8m2rtMt6OClqh1l04iZw,0,,https://yt3.ggpht.com/ytc/AIdro_lu2GvO15oLoFqtmkrWoInS2HA3EvUIuYaSEl5ezEb8Gvc30M1jhmQ3R_ZkJAHMGki_Pw=s88-c-k-c0x00ffffff-no-rj,False,False,1781410683.65468
UgyAGV8XGm1gHUDBMdt4AaABAg,Satu ke saku baju dua ke saku celana gitu pk,3 days ago,@JuanahNurhayati,UC-J6r_gNMgQXWMxYhB5LGKg,0,,https://yt3.ggpht.com/ytc/AIdro_mhsmnYE8s43yKvrOUEuO15ubUhsinTg2sCvnzOqI9_bv10vBFKsBHnJGDP5ESWQFEWmg=s88-c-k-c0x00ffffff-no-rj,False,False,1781410683.65619
UgzqbTz1tX4MqC6bDLJ4AaABAg,IRMA SI DPR YG SOK HEBAT KENAKLAH KAU MAK LAMPIR,3 days ago,@suparman-gs2mi,UCKm8m2rtMt6OClqh1l04iZw,0,,https://yt3.ggpht.com/ytc/AIdro_lu2GvO15oLoFqtmkrWoInS2HA3EvUIuYaSEl5ezEb8Gvc30M1jhmQ3R_ZkJAHMGki_Pw=s88-c-k-c0x00ffffff-no-rj,False,False,1781410683.657717
UgxfPSA4g8wAVsuQHgt4AaABAg,Tata kelola edan tata kelola untuk pejabat🤛🤛🤛,3 days ago,@JuanahNurhayati,UC-J6r_gNMgQXWMxYhB5LGKg,15,,https://yt3.ggpht.com/ytc/AIdro_mhsmnYE8s43yKvrOUEuO15ubUhsinTg2sCvnzOqI9_bv10vBFKsBHnJGDP5ESWQFEWmg=s88-c-k-c0x00ffffff-no-rj,False,False,1781410683.659174
Ugyz0h44XSwHwmTsPIp4AaABAg,Ya pasti semngt karena bnyak duit nya,3 days ago,@JuanahNurhayati,UC-J6r_gNMgQXWMxYhB5LGKg,0,,https://yt3.ggpht.com/ytc/AIdro_mhsmnYE8s43yKvrOUEuO15ubUhsinTg2sCvnzOqI9_bv10vBFKsBHnJGDP5ESWQFEWmg=s88-c-k-c0x00ffffff-no-rj,False,False,1781410683.660639
UgwSy-iSGPJuEYaeLf14AaABAg,Rakyat tidak butuh mbg u sblm ada mbg anak2sudah pada seht  🤛🤛🤛🤛,3 days ago,@JuanahNurhayati,UC-J6r_gNMgQXWMxYhB5LGKg,0,,https://yt3.ggpht.com/ytc/AIdro_mhsmnYE8s43yKvrOUEuO15ubUhsinTg2sCvnzOqI9_bv10vBFKsBHnJGDP5ESWQFEWmg=s88-c-k-c0x00ffffff-no-rj,False,False,1781410683.662145
UgwectkmE09fzYfJkxx4AaABAg,"Irma salah satunya 
Hrs di periksa",3 days ago,@MelkiWayega-f2u,UCfn-hpSQ1uvrGjaLZh6sIUQ,1,,https://yt3.ggpht.com/ytc/AIdro_m5evfCF_YxC_lDCZai6PdDPi8RLB_PVhrL3a1ARTLFBM2x9-KClsWFWW2FfUzwIrVBkQ=s88-c-k-c0x00ffffff-no-rj,False,False,1781410683.663564
UgxJmkVon2IdM98fkiV4AaABAg,Rakyt tidak butuh mbg,3 days ago,@JuanahNurhayati,UC-J6r_gNMgQXWMxYhB5LGKg,0,,https://yt3.ggpht.com/ytc/AIdro_mhsmnYE8s43yKvrOUEuO15ubUhsinTg2sCvnzOqI9_bv10vBFKsBHnJGDP5ESWQFEWmg=s88-c-k-c0x00ffffff-no-rj,False,False,1781410683.664986
Ugy7bEMVrshQdnHgT6h4AaABAg,Hentikn mbg7 rakyat ga setuju tidak mengintungkn rakyt yng d untungkn pejbt doang tikus2 liar  tikus berdasi,3 days ago,@JuanahNurhayati,UC-J6r_gNMgQXWMxYhB5LGKg,0,,https://yt3.ggpht.com/ytc/AIdro_mhsmnYE8s43yKvrOUEuO15ubUhsinTg2sCvnzOqI9_bv10vBFKsBHnJGDP5ESWQFEWmg=s88-c-k-c0x00ffffff-no-rj,False,False,1781410683.666405
UgyEGoxXDuUY3_k07WB4AaABAg,semoga Alloh turunkan Adzab Pada orng koruptor,3 days ago,@AguskomarKomar,UCNR5wPxTOb-X5CXGqDjZKvg,0,,https://yt3.ggpht.com/ytc/AIdro_njMp9P5pDrqRaj4oHRodXslSma01EB2tIA4mBbGR7rDJoi92M1smujcI3N84wSKYdkGA=s88-c-k-c0x00ffffff-no-rj,False,False,1781410683.875553
Ugz8rg4bTOOTYZvm1rB4AaABAg,memang Lucu si wowo ini. Sudah jelas program gagal masih di lanjutkan,3 days ago,@owie_20,UC0BatGURCGVv_AFAJq-7KTA,0,,https://yt3.ggpht.com/5aORiDNeEZz3JsrjRzI-1pms3TAr2c2azYRL7vt28hScUQoRpIsWzt-JqbvFMb6eYPXBdwwR=s88-c-k-c0x00ffffff-no-rj,False,False,1781410683.877189
UgyzO1wwKRxIGRH3SPR4AaABAg,"harusnya para politikus bahas perampasan aset korupsi,,,dan mahasiswa demo,,,itu baru oke oke",3 days ago,@nazwaparas1891,UCrTQWuABf_f6Sl8x0OFBpuA,0,,https://yt3.ggpht.com/ytc/AIdro_k9TrKzclO8ziR9b80S4iN_Jf3bCnDpH1teD_AK32xuzKgppN1doa9batk-W3zJpMj0SQ=s88-c-k-c0x00ffffff-no-rj,False,False,1781410683.878651
UgxP8gZRHuLOxxFkZkF4AaABAg,Anggota DPR sangat menikmati MBG.,3 days ago,@SiscaPanjaitan-m6j,UCICDSOkD-gkPfzDP-4C7X1w,0,,https://yt3.ggpht.com/ytc/AIdro_n-ipYGNyWfz12ONyTS5rSab8KjOyO2zchxWqeHFrPUeLIIa2HS4OmlreGaAFKDd_6j1g=s88-c-k-c0x00ffffff-no-rj,False,False,1781410683.880157
UgzBBbzdg-j27EjwIWx4AaABAg,"Betulkan  irma   , tangkap c secepatnya.",3 days ago,@HommilahSiti,UCC0RFb5cFzfErbxTIsqZDng,0,,https://yt3.ggpht.com/ytc/AIdro_nWYWEApFtIJntK9shwlEwV9_wRtAHtPupeYUpmVYicAgNsz9R5Ritb9w2bJZCVPccFrA=s88-c-k-c0x00ffffff-no-rj,False,False,1781410683.881571
UgxaI8ux4rnR4i7-kpx4AaABAg,"Jawaban berputar putar, gak ada kepastian, yang jelas DPR itu loss control, jadi apa fungsi DPR kalau melempem atau bahkan mungkin juga ikut bermainkah kalau loss control seperti ini???",3 days ago,@trusbiyantoroprodobyrowo-qz7ui,UCZZEx1simS91dNDvDM-SIYQ,0,,https://yt3.ggpht.com/ytc/AIdro_muKPVX99FFBZxz5IRMeOV8QIF5tm94JfQ-g1sUKqzXtckHLYQROfxBJ0buoSjDyztF2w=s88-c-k-c0x00ffffff-no-rj,False,False,1781410683.883019
UgzfiIe9MTPQm6VPH1h4AaABAg,Kalau pejabat bener mau memajukan negara  g akan buat program semrawut g melihat dana dari mana negara mampu atau g sepertinya memang sengaja bagi bagi proyek,3 days ago,@sumariumar9941,UC7eCFLHmHMSzVvlt0Ybq6wQ,0,,https://yt3.ggpht.com/ytc/AIdro_nXciR56EwVGhSmhCYvp2cju9NA5vw-3lI3c3rTqKVFcts=s88-c-k-c0x00ffffff-no-rj,False,False,1781410683.884439
Ugw7Y0XX45hYFdX--gp4AaABAg,"Bu irma ini sok suci ,sok bersih padahal ikut makan enak hemm",3 days ago,@adammalik7662,UCgRx_mQc9j_WWPBUmC4MPWw,0,,https://yt3.ggpht.com/ytc/AIdro_n6ZBBa_3wssvZ-3uYejR-pYif7bZ3F-sJr33JSyktwwYCCLRkkFCHIjZW7Up1yAzVU4w=s88-c-k-c0x00ffffff-no-rj,False,False,1781410683.885855
UgzXWnxAo6lMdLdp8sR4AaABAg,Makin banyak org pinter karupsi dengan proyek2 pemerintah,3 days ago,@tianadiansari2290,UCzW6J7n5onvH2IkBVkNCAvw,0,,https://yt3.ggpht.com/ytc/AIdro_kq6YXb49jimZm2YludLYcB7k8cNgTm_4PC3ukkjBS36lsG88gBf4yVReewSB8_5Sc-1A=s88-c-k-c0x00ffffff-no-rj,False,False,1781410683.887298
UgxE2DupVgzdzGHBTkd4AaABAg,Hentikan mbg gk guna,3 days ago,@IbnuHaris-u8w,UCerA2bfRDmShLHgmb2sAppw,0,,https://yt3.ggpht.com/ytc/AIdro_l3vzlfGh_cUsmWmfgCYfl0CgR7wJ1YTo-K1BXFd5l8VL26rm1vYx6UYO5ILEs2NcGMpw=s88-c-k-c0x00ffffff-no-rj,False,False,1781410683.888713
UgxhiUaZIaLkhul2Emt4AaABAg,"Maling ke untungan berlebihan di mbg,memperkaya sendiri2,lihat ke bawah yg punya kepentingan di mbg.",3 days ago,@parnosugiarto7571,UCKllZhtyCz_zAWeryn9IBDw,0,,https://yt3.ggpht.com/ytc/AIdro_ncvjQ9n7tV2ZeqvOLUk2Xi-_qgCp1JGL9cfsGJ0EI=s88-c-k-c0x00ffffff-no-rj,False,False,1781410683.890128
UgyGuN8eE3WD-V3kMwx4AaABAg,Kepala bgn sekarang kan ada jg didaftar 26 orang termasuk rma,3 days ago,@ahmadsetia7044,UCMQr2zwp-kVg5nN3ik7d-xA,0,,https://yt3.ggpht.com/ytc/AIdro_nLOZiVoOnOY9sRG6PEfbeJQZgNEc94Ld_-R0YhapW-QHpFlNNHtQIwpPu8VJKX5wVYKg=s88-c-k-c0x00ffffff-no-rj,False,False,1781410683.891526
UgyWwqNIANiOEP9k8e14AaABAg,Mana bisa korupsi sdh terjadi merajalela tp dpr utk buat pansus harus di diskusi kan dlu jadi apa lah tugas dpr ini apa yg diawasi,3 days ago,@BurhanNudin-fc5bf,UCs2ztZuhdcEtBVzYN9Fsf8g,0,,https://yt3.ggpht.com/ytc/AIdro_k6E7UTsF655DeERRis1BYvl8uSsF973x_Fdovm3dYObcg6BnyGOi5TiYl_QS1VWQCHTQ=s88-c-k-c0x00ffffff-no-rj,False,False,1781410683.892935
UgyafzjNHhj9q0w59s14AaABAg,DPR ditunggu oleh rakyat UU perampasan aset koruptor  hanya dibicarakan terus  tapi  ya budaya malu sudah hilang dinegeri ini 3:00,3 days ago,@MadeSutanaya-cc4gb,UCGPR35_w6TlNgvJ3XgPD-2A,0,,https://yt3.ggpht.com/ytc/AIdro_mNEAv5MPjwUYT_oMN-I_oKxZXRDcwTzQ5m2dLC8BLZIN_r2XL_arB8rM0NkGGWBLQJXQ=s88-c-k-c0x00ffffff-no-rj,False,False,1781410683.894399
UgxiUCjHrpaMXqSUl354AaABAg,"Jiaaah DPR kok dtanya
^Yaa ndak tau kok tanya sy^
Ngawasin executive sj tidak, peduli issue keracunan sj cuekin",3 days ago,@AndreasAndreas-n6q,UC1s-vFTOxTeI40bhZ8T5GTg,0,,https://yt3.ggpht.com/ytc/AIdro_njMp9P5pDrqRaj4oHRodXslSma01EB2tIA4mBbGR7rDJoi92M1smujcI3N84wSKYdkGA=s88-c-k-c0x00ffffff-no-rj,False,False,1781410683.896271
Ugy2O2zRA71ErX7wdeh4AaABAg,"Mudahan si Irma ikut terlibat, ternyata terbukti harus proses hukum, kita rakyat harus mengawasi",3 days ago,@IINSolihin-z5n,UCxCbB3ejQ8kiqqV-1gDQroA,0,,https://yt3.ggpht.com/ytc/AIdro_nhZbF6KyS20xqBOxCQssP4k_DsHpTo75iLAxJBEBVoA29uk0fv5cejdx87SOdmd9rZAw=s88-c-k-c0x00ffffff-no-rj,False,False,1781410683.897869
Ugz4WULlZLwZUmyZxOF4AaABAg,"pake skript F-gerindra ini ngomong, apa yang di tanya selalu di alihkan ke hal lain",3 days ago,@zombloeCode,UCtln5aWsAKdgck2mtO3-g5Q,0,,https://yt3.ggpht.com/XcgZTHc41lLCteQeaA0Qu1Xx8VlpOgK_caQhiEQ8rrsLEpo8qSXX6y3SeWLbOmn8tiCTDqZq=s88-c-k-c0x00ffffff-no-rj,False,False,1781410683.899473
UgyGH0lIkpVBgk_-69N4AaABAg,Biasa bu erma ngegas terus kenapa kali ini adem ya. Mungkin ada indikasi keterlibatan beliau,3 days ago,@ahmadsetia7044,UCMQr2zwp-kVg5nN3ik7d-xA,0,,https://yt3.ggpht.com/ytc/AIdro_nLOZiVoOnOY9sRG6PEfbeJQZgNEc94Ld_-R0YhapW-QHpFlNNHtQIwpPu8VJKX5wVYKg=s88-c-k-c0x00ffffff-no-rj,False,False,1781410683.900963
UgwKWumkN0YxPzpQ41J4AaABAg,Lebih baik anggaran MBG di berikan ke Ibunya setipa anak sekolah tarulah setiap anak mendapatkan 50 ribu jika anaknya 2 orang setiap ibu dapat 100 ribu jika anaknya ada 3 maka dapat 150 ribu dan wajib setiap ibu membawa masakan tsb di sekolah sebagai makan siang anaknya dan Ibu gurunya sebagai pengawas masakan setiap ibu,3 days ago,@charissapondaag1992,UCp1h9TnWj5T4yv3_BF0bM6A,0,,https://yt3.ggpht.com/4Q9K4HyJJfMQaaXd0mRfvG343CbgR-Myc9Qvs7PJ36jOOYkhz98z8Gjdd-DxKq5mcpmx74MRD3k=s88-c-k-c0x00ffffff-no-rj,False,False,1781410683.902472
UgyWtvAMKwvHS8QVy7l4AaABAg,Itu junjungan kalian yang minta naikin minyak BBM naik kenapa kalian tidak demo besar besaran sama Yusuf Kalla sama Anis karna semua ini ulah mereka yang minta BBM naik kok rakyat Indonesia dan mahasiswa tidak berani sih demo sama leluhur kalian tu Abah Anis sama Yusuf Kalla karna semua kesalahan mereka berdua minta pemerintah naikkan BBM kok yang di salah bapak Prabowo emang otak kalian di mana bisa di pakai tidak ada otak tidak punya akal dan berfikir gak yang bikin ulah semua itu Anis dan Yusuf Kalla yang saranin naikin BBM supaya rakyat harus ikuti saran mereka berdua tu Anis sama Yusuf Kalla sekarang kalian pakai kendaraan pakai kaki aja tidak usah pakai kendaraan bermotor makan tu makan jangan terlalu di percaya dan jangan mau di bodoh bodohin ka rakyat buka sedikit pemikiran dan buka otak kalian jangan terlalu dungu betul kata Rocky Gerung banyak rakyat Indonesia otak dungu suka cepat terhasut yang kotor makan tu rakyat yang dukung Jusuf Kalla dan Anis naikan harga BMM rasain kan jangan kalian teriak teriak demo salahkan bapak Prabowo tapi salah mereka berdua Anis sama Yusuf Kalla semua dalang mereka berdua mau naikan BBM jangan kalian marah donk itu kan sudah kewajiban dan junjungan kalian yang kemarin ikut ikut mendukung Anis sama Yusuf Kalla naikan BBM ya,3 days ago,@JagaDamai-xf2cw,UCFAQrHOFHKxZBeI60vyw5zw,0,,https://yt3.ggpht.com/ytc/AIdro_mXl5vEZetSFCfuG2B7_VLqc38fE5TVJMtL_CGIeMUbdXJf55quvy5KONcX81xCv66Llw=s88-c-k-c0x00ffffff-no-rj,False,False,1781410683.90395
UgwQaSfi6_HAequEVuh4AaABAg,MBG DAN KOPERASI MERAH PUTIH HANYA UTK MERAMPOK UANG RAKYAT UTK KEPENTINGAN TIM SUKSES WOWO PILPRES 29,3 days ago,@kangebengchannel2717,UCL6OUkzw5Myy9HhHQd98-IQ,0,,https://yt3.ggpht.com/bR3BDtlrn95MiRarzbgEP8WYnJUiPl3LlX1Lj75sjSRzl4TsRtpdXIQ-Xyx_k3b-L5lI4FL7=s88-c-k-c0x00ffffff-no-rj,False,False,1781410684.148156
UgwcZH49U9IZaQnaNgh4AaABAg,Bu irma biasnya ngegas. Mungkin gegara di sebut2 terduga ikut kasus mbg,3 days ago,@Masitah-p3y,UCxBKsq_TbgOa3reAVl-oaEA,0,,https://yt3.ggpht.com/ytc/AIdro_mNEAv5MPjwUYT_oMN-I_oKxZXRDcwTzQ5m2dLC8BLZIN_r2XL_arB8rM0NkGGWBLQJXQ=s88-c-k-c0x00ffffff-no-rj,False,False,1781410684.149799
UgzjPB1lukdF4AKx9W14AaABAg,Penerima manfaat mbg tetap bisa makan karena kami org tua berusaha memberikan makanan yg bergizi buat anak² kami.Sedangkan apa itu sppg dan bgn ribut perkara dana tak cair.,3 days ago,@erlindamalau8718,UC6GSinNkUNYkEfmajgT5uJg,0,,https://yt3.ggpht.com/l5fuzfcyyeP0A50n6y0tQ6C_rFizL0dVHRJjJ0Mw4jC5fqJId1HlsNGfQOUdrfgTRd_5Yc8RVg=s88-c-k-c0x00ffffff-no-rj,False,False,1781410684.15134
Ugxuw0rSHNeB9b1ez814AaABAg,Tangkap IRMA CHANIAGO!!,3 days ago,@Redmi-l5w5i,UCKzlv_8zN6z98cF5QfiHrgA,0,,https://yt3.ggpht.com/ytc/AIdro_lTsn_SEf4XL2vXIaaoqLUud5NQ9oq-8qVva6nli6qHfYKIw450e_k2BCXQMQ4EGZfOvw=s88-c-k-c0x00ffffff-no-rj,False,False,1781410684.15277
UgxRlKrN1NOhFee_sV54AaABAg,Wajah Irma Chaniago tegang. Ada apa? Apa ada?,3 days ago,@Redmi-l5w5i,UCKzlv_8zN6z98cF5QfiHrgA,0,,https://yt3.ggpht.com/ytc/AIdro_lTsn_SEf4XL2vXIaaoqLUud5NQ9oq-8qVva6nli6qHfYKIw450e_k2BCXQMQ4EGZfOvw=s88-c-k-c0x00ffffff-no-rj,False,False,1781410684.154233
Ugw3PsAk5xHK_fZrQaB4AaABAg,DPR lan Dewan perwakilan rampok😂,3 days ago,@chikachanel8402,UCOzDi7cIiaARNC0InrfuylA,0,,https://yt3.ggpht.com/ytc/AIdro_lvYLRuNaRMdrZTnvtCN0eu-nDQQbSFYF8JgJt8qjI=s88-c-k-c0x00ffffff-no-rj,False,False,1781410684.155708
UgzM4K8d2U-1wa2Jzi14AaABAg,"Klo dpr ga bisa mengawasi eksekutif utk menjalankan tugas dan kewajibannya, klo ngeles2 begitu mendingan kalian dpr membubarkan diri, makan uang rakyat saja kalian, ga tahu malu",3 days ago,@hannas2324,UCsrrpbqi_ePOocY8BFmqZQQ,1,,https://yt3.ggpht.com/ytc/AIdro_m1ljmopHF-vstjpaYKkISBiQ9B_5Ui9IjB_GUuM7Y=s88-c-k-c0x00ffffff-no-rj,False,False,1781410684.157143
Ugy2mqjPBXgSxbY0viN4AaABAg,"kpn DPR dibubarkan dan kita bisa menendang, mengikat,meludahi orang2 nya",3 days ago,@buncaifadli-s5u,UCVPYQXUheSWxDGi8iZcRzNw,0,,https://yt3.ggpht.com/ytc/AIdro_ltM5zocPqEHWtoska4ajiBdT5nDTDlsf5uBI_kw3BSV5wkWN1BR-rSAj1bErHhybPznQ=s88-c-k-c0x00ffffff-no-rj,False,False,1781410684.15854
UgxWWvNPwwYLJDbzt614AaABAg,"Siapapun boleh asal (DPR,TNI dan POLRI) gitu bukan",3 days ago,@Ayaswara,UCt6dotGcmvQVAIhyldGeUTg,0,,https://yt3.ggpht.com/x6H2m0OIWnBUPsmO4WmknQLi9AN5Hu1tJ1SeiTRB6ihaAy-cfYBsjRPYCZ_rOQpzx6zuIlPA91Y=s88-c-k-c0x00ffffff-no-rj,False,False,1781410684.159957
UgzKfyvMMrrjdCNZ5Kx4AaABAg,"DPR KOK MBULET AJA,,, NGGAK ADA GUNANYA,,,, KOMISI 9 TUGASNYA APA,,  DUIT RAKYAT AMBURADUL. KOK SAMPAI GAK TAHU,,, KIRA2 DAPET DUIT BERAPA YA,,, DARI BGN,??",3 days ago,@arispamungkasaris3484,UCfxKR8ffoRNmQRPGUypqnuQ,0,,https://yt3.ggpht.com/ytc/AIdro_n2udBzeYBteVO94AOvACDKqyHN4sBTqV2YenVzO3Y2Ic5h7sd9c1UhQi-g7V9kvb_L3A=s88-c-k-c0x00ffffff-no-rj,False,False,1781410684.161481
UgzabcJaGoJaVBFfQvt4AaABAg,"DPR KOK MBULET AJA,,, NGGAK ADA GUNANYA,,,, KOMISI 9 TUGASNYA APA,,  DUIT RAKYAT AMBURADUL. KOK SAMPAI GAK TAHU,,, KIRA2 DAPET DUIT BERAPA YA,,, DARI BGN,??",3 days ago,@arispamungkasaris3484,UCfxKR8ffoRNmQRPGUypqnuQ,0,,https://yt3.ggpht.com/ytc/AIdro_n2udBzeYBteVO94AOvACDKqyHN4sBTqV2YenVzO3Y2Ic5h7sd9c1UhQi-g7V9kvb_L3A=s88-c-k-c0x00ffffff-no-rj,False,False,1781410684.162915
UgwYzBJBTcNmEbhIgS94AaABAg,"Tinggal tutup aja kok repot,klu masalah bumil dan lansia ada jajaran dari desa yg akan membantu mereka",3 days ago,@jamjamnurjaman1661,UC-5clIN40ImQyb0N-yzu0wg,0,,https://yt3.ggpht.com/ytc/AIdro_nbnIwyYsF5KGzS2pWd-Bbv2zgtWKXIXYtKtnh9Q669BzQAGM9gxLELfbqgp3aEheu7BQ=s88-c-k-c0x00ffffff-no-rj,False,False,1781410684.164344
UgyEyIWFuTGQdHtXG-d4AaABAg,Irma caniago bterlibat bgn,3 days ago,@juandaacep9566,UCvp8iz7vVndZy_13-QPG13Q,0,,https://yt3.ggpht.com/ytc/AIdro_kvANJJ0dZwAsxQMnD5z3Ci3_t4HiN0buQuVZYp42g=s88-c-k-c0x00ffffff-no-rj,False,False,1781410684.165758
UgwDK0sCwX6DhfrqkkR4AaABAg,"Sudah mulai terbuka sendiri ibu irma mengakui ada chatan dengan Soni Sanjaya,,artinya apa yang dituduhkan kemungkinan besar benar",3 days ago,@BasriAry-y4j,UCHBbA9-u6x77YdLxIpd-jeQ,0,,https://yt3.ggpht.com/sHjqLosVfXQfxbgKFuAx0iR9tqrH0gNP3qI_qJqmGK72s0jcw-9S3M2BT8kMKZrGAy-dEJrqdQ=s88-c-k-c0x00ffffff-no-rj,False,False,1781410684.167194
UgxCY_Ylsfdi6ZvAnnB4AaABAg,"Ini DPR dari partai Gerindra kayanya punya sppg yg agak banyak karena terus membelai bgn,dia bukan anggota DPR yang semestinya,dia hanya inginkan jabatan untuk bisnis",3 days ago,@jamjamnurjaman1661,UC-5clIN40ImQyb0N-yzu0wg,0,,https://yt3.ggpht.com/ytc/AIdro_nbnIwyYsF5KGzS2pWd-Bbv2zgtWKXIXYtKtnh9Q669BzQAGM9gxLELfbqgp3aEheu7BQ=s88-c-k-c0x00ffffff-no-rj,False,False,1781410684.168883
Ugx040lMQeC4k4DZftB4AaABAg,BGN BUBARIN AUDIT BALIKIN UANG NEGAARA,3 days ago,@andiproduction30,UCU-UFTFQVqeSQvPpixR6L4A,0,,https://yt3.ggpht.com/Y7-QMvHhhjjFd62e5bKnJJdrO_BKyO7Ncta4qMyi16HO6UxemlBmOn479RBFl5tB3xU18c_H=s88-c-k-c0x00ffffff-no-rj,False,False,1781410684.170629
UgzTOj0Z1dUtur4W7Px4AaABAg,MBG di hentikan kita masyarakat bawah akan demo supaya MBG tetap berjalan,3 days ago,@SahabatBerkah-p6g,UClNkBm4Gi9UkR7PyfzIylgg,0,,https://yt3.ggpht.com/ytc/AIdro_ln-9HYXgytSDFQbDRDb_rgH6bzytH6hE2dknWeVZrk6K8go1x19Eeds3jB779sjKtoDw=s88-c-k-c0x00ffffff-no-rj,False,False,1781410684.172159
UgxAp83MNzeg9jPW2dV4AaABAg,Dari Reformasi sampai sekarang korupsi meraja lela. PDIP ja gan sok bersih,3 days ago,@tiarmanday5672,UC4hsbTeOaxCRJMMOU0KFKGg,0,,https://yt3.ggpht.com/_6eqxt0vg2JnGm1hTqlm4QKvlZDGNpAZVgNOEMhjkPVJRbXaOMhBtrBJyOwYjKmNE8DLALDb=s88-c-k-c0x00ffffff-no-rj,False,False,1781410684.173669
Ugy7rlIdmRMUJwluV854AaABAg,"Ade Irma bingung mau ngeles.  DPR ga perlu tunggu d undang pembahasan   , DPR bisa langsung sidak memantau langsung.  Udah kek gini bilang ga tau padalan berita nya bnyak pembelian motor listrik 😂😂",3 days ago,@HusainiAlhasan-q2x,UCmrCKt59AvFYEVs-cFY3rWA,0,,https://yt3.ggpht.com/ytc/AIdro_krOvw37jTzdXxKx9LLxqthA0TYsfEMIBqW17GhNiJZj6fAXWZX5VrvzLyMIgKzxEDtDw=s88-c-k-c0x00ffffff-no-rj,False,False,1781410684.17514
UgzfxDWedJvHM5cFjjZ4AaABAg,Paling mlempem🎉🎉🎉Dan pesta betlanjut🎉🎉🎉,3 days ago,@widinugroho5512,UCV5x-841edoGa_RuAVJNz9w,0,,https://yt3.ggpht.com/ytc/AIdro_lFzhw-PlTIdthbGwbOGyhsYEWXafBIqBLEZBhqFWcIqPMl=s88-c-k-c0x00ffffff-no-rj,False,False,1781410684.176554
Ugw38MzKGM8nRfpvJM54AaABAg,"Irma Termul, Irma koruptor",3 days ago,@agussalim-p7g7p,UClqKSC0q-vxPfiakiK70Myw,0,,https://yt3.ggpht.com/ytc/AIdro_nHmDnlF_0TS37Z8TwXegqXEoDMf4A8sFAPymWRRVLGQHWvuM-7yUZM4hY3pgBya46TvA=s88-c-k-c0x00ffffff-no-rj,False,False,1781410684.389686
Ugx0x9VJSKLvGehG51t4AaABAg,Lihat gestur tubuhnya,3 days ago,@SyahrilAlamsyah-m5r,UCIQMOSMHYxJikVWLOrhPBhw,1,,https://yt3.ggpht.com/ytc/AIdro_ln-9HYXgytSDFQbDRDb_rgH6bzytH6hE2dknWeVZrk6K8go1x19Eeds3jB779sjKtoDw=s88-c-k-c0x00ffffff-no-rj,False,False,1781410684.391312
UgxIfPbj4FVWdgr8M9Z4AaABAg,Emang benar nbg hentikan aja pa/Bu karena hanya untuk Bancakan orang gedean dan banyak makanan terbuang Bu Irma bukan bantu rakyat hanya cari keuntungan,3 days ago,@bambangsisworo7138,UCTIx8ojbgAQxw2WxZvXs1vw,0,,https://yt3.ggpht.com/ytc/AIdro_myvfrfGH6b6b80Pvz1XlkTxJ3xuF0XZnbg64p86t8=s88-c-k-c0x00ffffff-no-rj,False,False,1781410684.392829
UgzAjdjPziRDP4N28zx4AaABAg,Bw taperwer u bw pulang diberikan mkn ayam,3 days ago,@BieAleTyaBieAleTya,UCYIX4MiY8uMFvunrw-7FVvA,0,,https://yt3.ggpht.com/kKkwtdW9_k5IfynOKbsYk8-63auNSig1trX7Exhy3m-s_hjxfM8EDFUEavgakwDpLtE7k_VnzA=s88-c-k-c0x00ffffff-no-rj,False,False,1781410684.394289
UgyCRZMj-uGKY9veXDt4AaABAg,Drp bisanya bicara bela kejahatan fakta anak2 orang ky spti polisi. Tni  dpr. Dprd n propinsi pengusaha menteri2 wamen  bumn pengusaha dpt mbg berarti salah sasaran bgn di binasakan dulu itu lebih mulia krn dpr jdi ompong tdk digubris oleh bgn,3 days ago,@BieAleTyaBieAleTya,UCYIX4MiY8uMFvunrw-7FVvA,0,,https://yt3.ggpht.com/kKkwtdW9_k5IfynOKbsYk8-63auNSig1trX7Exhy3m-s_hjxfM8EDFUEavgakwDpLtE7k_VnzA=s88-c-k-c0x00ffffff-no-rj,False,False,1781410684.395979
Ugxyx71pgA9WKwNFMFx4AaABAg,Ada nbg bukannya membantu rakyat harga2 naek banyak makanan yg terbuang karena tidak dimakan kalo BP2/ibu2 pejabat lihatnya di kota2 lihat dong di kampung secara sudak makan dan lauk ya apa,3 days ago,@bambangsisworo7138,UCTIx8ojbgAQxw2WxZvXs1vw,0,,https://yt3.ggpht.com/ytc/AIdro_myvfrfGH6b6b80Pvz1XlkTxJ3xuF0XZnbg64p86t8=s88-c-k-c0x00ffffff-no-rj,False,False,1781410684.397571
UgzgJe3kEAsvJ3H9yhB4AaABAg,"MBG  banyak  """" GARONG """"  STOP.",3 days ago,@SuraBaya-pi5hf,UCD42PEexPqpFOQ8LuyKE5Iw,0,,https://yt3.ggpht.com/ytc/AIdro_k82QyAI4bPkllTGYW1uAh9g2F373PAH3byJC8f1I0FsxpqxMTd2Pi9ZMx0zq4opKmx6Q=s88-c-k-c0x00ffffff-no-rj,False,False,1781410684.399042
UgxvoGdHEeO782VHVaR4AaABAg,"Dari sekian banyak kasus mbg,, keracunan,, porsi tidak sesuai, porsi tidak layak makan, dapur mbg tidak mengutamakan kebersihan dan korupsi,, tapi tidak ada yg usul hak angket dari DPR untuk mbg. Benar"" kacau pantesan POLISI TNI DAN DPR bermain untuk mengambil keuntungan dari proyek mbg.",3 days ago,@frsumatra6555,UCl1aSbkwV8ZXxg2pz5g-Eqw,0,,https://yt3.ggpht.com/ytc/AIdro_lNgwF3nk9tDshqKvJJeFYwmhciK7T-eOQF8BkkdaNn3g=s88-c-k-c0x00ffffff-no-rj,False,False,1781410684.400477
Ugy4ePYObatvB-uXEi14AaABAg,hahaahah Irma!,3 days ago,@udinsayangemak495,UChuObg5y9bZxxHDyeTQ1dZg,1,,https://yt3.ggpht.com/ytc/AIdro_lJ4pNzfJu9-4YoTOBO5BNyNhzau_sHjh5aq3JygDKISg=s88-c-k-c0x00ffffff-no-rj,False,False,1781410684.401979
UgwX6g-5o7Fyp5ldHax4AaABAg,"Saya pribadi mendukung  dan yakin bahwa seluruh masyarakat Indonesia jg  akan mendukung program MBG ini bilamana dikelola dengan baik dan tepat  sasaran artinya penerima manfaat dikhususkan buat anak anak  dari keluarga   yg tdk mampu,  dgn mendapatkan mknan bergizi  mereka dapat tumbuh dengan baik seperti anak2 dari keluarga yg mampu, sehingga akan tercipta keadilan dan  keseimbangan  generasi bangsa  yg sehat dan tanggu.",3 days ago,@tawakkalingaran7822,UCrVKl3xHX0kc28_YwiwBkIQ,0,,https://yt3.ggpht.com/ytc/AIdro_mWOraxkvucxJOA4yJ31aOoouQhae6Ly3o8TwsVRrkmXjc=s88-c-k-c0x00ffffff-no-rj,False,False,1781410684.403443
UgybZAioUWanFWctcKR4AaABAg,"Jika Ingin Diangkat Kemuliaan Dan Derajat Uruslah Anak Yatim yg di Perintahkan Yg Maha Kuasa, Bukan Mengurus MBG dan Mengkorupsi jatah Anak, makanya di Hinakan, Orang Yg Pintar yg bicara tidak di Bimbing Wahyu, makanya bicara ngaco.",3 days ago,@yosepabidin8449,UCoD72jj181a-JC1LTvRVE0Q,0,,https://yt3.ggpht.com/ytc/AIdro_mI99Cm1YpunOvMYFtoh3ush67l9xHVrcLBy6YLuxY=s88-c-k-c0x00ffffff-no-rj,False,False,1781410684.404839
UgyVxFPJsnxt3-YebFh4AaABAg,"Utamakan UU perampasan aset dan hukum berat para koruptor karna program apapun akan rusak oleh para koruptor,mengapa ngotot hanya satu program ,kalau begini timbul suuzon saya apa mungkin yang benci beking nya orang kalah tender atau tender kurang memaskan",3 days ago,@MiKat-n2d,UChem8LdJnHa7T4eQI7voolg,0,,https://yt3.ggpht.com/ytc/AIdro_kAvXwKhF9W-758960a9XjLrXxvSdrZkX4XZl0vZ0CotMcCwuJe0HKveyMX8NMWQ9UFfw=s88-c-k-c0x00ffffff-no-rj,False,False,1781410684.406366
Ugy-rHXyhAPrC4pUXw54AaABAg,"si irma si muka paling benar dari dulu. kelihatannya kaku dan gelisah., ayooo ngaku lho. jngn2 anda terlibat. semogah supaya orang2 yg seperti anda rungkad dari pemerintahan",3 days ago,@fiankurniawan5045,UC9lxib9xAH5dtqoXJvQISmw,0,,https://yt3.ggpht.com/ytc/AIdro_mYTYoKF1B7tFs9gD1sl44yurR_Y02Iy7QE6tkZv623fEgSNVDLr4xTAKTESIRb6ryFFg=s88-c-k-c0x00ffffff-no-rj,False,False,1781410684.407851
UgwYFD-D0cEPHmMfHot4AaABAg,Dulu juga ada program makan untuk anak sekolah yaitu PMTAS dan dikelola oleh sekolahan hasilnya juga malah lebih istimewa dan TDK ada korupsi² segala,3 days ago,@haryonokusaja,UCLW8kD4eItPyxVPw3mBZroA,0,,https://yt3.ggpht.com/abq4QdNWAOlwgmBgtOBxmQ_AiZZIK6JJAM9HMgtydochQxsMX9ElaJ3VpFcRyJ5M0PN-MSopKA=s88-c-k-c0x00ffffff-no-rj,False,False,1781410684.409338
UgyA88oVHe2Tu0jiQap4AaABAg,Pelaku utama Prabowo,3 days ago,@OksaReza-iw8ib,UCWLqAPWiObwPnUAfIe1gZVw,0,,https://yt3.ggpht.com/RK3pPLY7S4f0tgy1PUMf-n19FJt4wIUrbcITcfsgBnufZnfuxPWoWFiY_R-8Y__V8verNCzx=s88-c-k-c0x00ffffff-no-rj,False,False,1781410684.410821
UgymFHUqeVe_S4Q6c2J4AaABAg,"Lanjutkan MBG nya, berantas korupsinya. MBG sangat bermanfaat sekali bagi wilayah2, kampung, desa2 terpencil yg tidak pernah terjangkau media. Di kampungku saja, banyak orang tua yg sangat terdampak mbg yg sebelumnya mungkin pusing mikirin uang jajan anaknya disekolah.",3 days ago,@riezamuhammad5093,UCp1BA-v93XUe9iqzTgY0T1w,0,,https://yt3.ggpht.com/ytc/AIdro_meryFphx11QJOYygjWMXCWaI08pm43Lcg42mJsSOZ1Zg=s88-c-k-c0x00ffffff-no-rj,False,False,1781410684.412248
Ugx8zlzr_mgLFqSNLqF4AaABAg,"Rakyat mendengar,melihat gimana lembaga yg berwenang menindak lanjuti,berani engak,kalo salah di bilang benar,dosa besar dunia akherat,tinggal rakyat yg bertindak entah kapan,dikit dikit jadi banyak",3 days ago,@DedeMansur-j4n6y,UCbV3no8SSls96Cvh6TQhUlQ,0,,https://yt3.ggpht.com/ytc/AIdro_kjND8U1TiPEw_nk7wHVRzjEfaU_vW2mZ6uU0PTBL6yiuvUWRvQQNsfIOn_RS_2JkLdcA=s88-c-k-c0x00ffffff-no-rj,False,False,1781410684.413817
Ugy7RwP9itxo5ZDLkFB4AaABAg,Siapa yang badut profesional,3 days ago,@adventuru3111,UCCdGUJiz4O19A5ISoi6ADOw,0,,https://yt3.ggpht.com/EXzv_tIF54NRZhyAxqqwRSi87H89tSEBg79x4XqUuTM32-EjBwqAmXwo0VyquZw7YjgPHRTyvA=s88-c-k-c0x00ffffff-no-rj,False,False,1781410684.415373
UgzrGloGpSNhEfwEBft4AaABAg,"DPR ingat rakyatnya yaitu ketika mau mencalonkan diri, mau dipilih lagi dan ketika memerlukan suara, setelah itu otaknya udah lupa lagi",3 days ago,@nafisanafisa-m9o,UCdjqxRa5Fhfh0BU8H2ArX6g,0,,https://yt3.ggpht.com/ytc/AIdro_kz059mFK3ntC2oqwaGduNNc_TnPOrQenCq5S8rh6N7uYpdjB5n42JVtM-teetQVZFhYg=s88-c-k-c0x00ffffff-no-rj,False,False,1781410684.416808
UgxHl5eh87BW5_yOKHp4AaABAg,"DPR hanyalah memperkaya diri, memperempuk kursi kekuasaan,kalo sudah duduk lupa berdiri, kalo mempertahan agar posisi duduk tetap aman itu ya. kalo mewakili  rakyat faktanya no 1000, kalo sudah terpojok baru koar2 membela diri",3 days ago,@nafisanafisa-m9o,UCdjqxRa5Fhfh0BU8H2ArX6g,1,,https://yt3.ggpht.com/ytc/AIdro_kz059mFK3ntC2oqwaGduNNc_TnPOrQenCq5S8rh6N7uYpdjB5n42JVtM-teetQVZFhYg=s88-c-k-c0x00ffffff-no-rj,False,False,1781410684.418273
UgwFiQgFJjjeKCIgeNt4AaABAg,Program permerintah itu sgt bagus tetapi maslahnya  anggarannya tdk selalu tepat. Kalo program mbg dan koperasi merah putih dan jg yg lain secara bertahp pasti pertumbuhan ekonminya pasti sgt bagus. Trmh kasih byk,3 days ago,@yosefjento7712,UC6XgaZ0JHZck37Gbaw_L2vA,1,,https://yt3.ggpht.com/4hAaNzKX-DtD4QOM8mRzGbotxnOu5aMeHnPoa8xp8ifJMh8RIFZFIeEJzLHu-l9B6ecU3DN0hk4=s88-c-k-c0x00ffffff-no-rj,False,False,1781410684.634197
Ugyv2NXFUtDsrLsNtHF4AaABAg,❤ Alhamdulillah Anieslah presidennya Muhaimin Iskandar Wklnya dlm tempo cepat secepatnya Amiin TRM Wasalam ❤,3 days ago,@ZainalMahfud-k8t,UC5hs11okTBj98vaEUlv-koQ,0,,https://yt3.ggpht.com/ytc/AIdro_nDXFRPiAuihIvWuQRBKFf5IK5R8M40AQlAZZiolggMwp8ohjxFqxs0Mrk9ANKus05UJg=s88-c-k-c0x00ffffff-no-rj,False,False,1781410684.635782
Ugx-0Vuat668GL9ZReJ4AaABAg,Teori teori tinggi praktik nol.itu terbukti ngawasin MBG tidak karuan kacaunya,3 days ago,@MadeSudesember,UC7h4RGw8bndCnzP-cW99MkQ,0,,https://yt3.ggpht.com/ytc/AIdro_k18TQOefWzLa5SvdJmEE0dDZLfk4am4CaTqv-UUpCP4ll3lucs6Ttsxlbnh6UOy4Y8dw=s88-c-k-c0x00ffffff-no-rj,False,False,1781410684.637278
UgzZt5F_Lfq-e-tmFSN4AaABAg,Memang cocok jd oposisi aja… klo gk sama aja,3 days ago,@duniaakhirat3919,UCBHFTPQrwPnKRShkAkNMpEA,0,,https://yt3.ggpht.com/ytc/AIdro_mc7DhiSqQR-aBs4PhNusrtuqUa7n4YoO_CKc9vfwA=s88-c-k-c0x00ffffff-no-rj,False,False,1781410684.638739
UgxgtUpFeZ-KmTcIA3x4AaABAg,Sudah gak guna DPR,3 days ago,@miskamhadiprasmono447,UC0W91hBzy-Id6vA2ERz3aJw,0,,https://yt3.ggpht.com/ytc/AIdro_nEOH9lq6yVoqPOv2rqu2sISd3ehfV4BYmM3qmv5S8=s88-c-k-c0x00ffffff-no-rj,False,False,1781410684.640156
UgwaGqQyKHIqqkksh6N4AaABAg,"Si irma panik, ketahuan punya dapur sppg",3 days ago,@HeriYuhendi,UCis9y6GmTosj5ef_H9wB6mQ,2,1,https://yt3.ggpht.com/ytc/AIdro_lDi0k5sA9N8V8vVc4bDq8CxvmKSWsNq7RPQmNsvTJ0WigjL7H14K80FAFwLRegWQRu5A=s88-c-k-c0x00ffffff-no-rj,False,False,1781410684.641566
UgyMveyECJTG_iuUbk94AaABAg,DPR mbulet gk ada niat kerja dg baik,3 days ago,@miskamhadiprasmono447,UC0W91hBzy-Id6vA2ERz3aJw,0,,https://yt3.ggpht.com/ytc/AIdro_nEOH9lq6yVoqPOv2rqu2sISd3ehfV4BYmM3qmv5S8=s88-c-k-c0x00ffffff-no-rj,False,False,1781410684.642959
UgzvRx0kqDBxz_HNYfl4AaABAg,Stop MBG. Kamu orang susah. tapi buat makan anak hari2 kami mampu.,3 days ago,@Chemandy-q6i,UCz_LwNdGO8k4EQZv-HhSGhA,2,,https://yt3.ggpht.com/8AEoX3ZheYnQbNS2VCv5iIe8yot6LukDUX1gci05tdcT6vO5RyDJ8uTbwYxTiOUUiOgriTvZ=s88-c-k-c0x00ffffff-no-rj,False,False,1781410684.644404
Ugyycfi1W5Q3gdwwzcR4AaABAg,"Si Irma masa ga tau , pdhl udh viral loh bilang aja ga mau tau",3 days ago,@Nerokad0374,UCtS2vpqxr4yoqohN1Js-KxQ,0,,https://yt3.ggpht.com/NWCQhvHPnkSDXUGC8du1WZahxPVh8JUSvavUNdMxQHNLKbUf86xmIo3_woI6BfPB9qOuepczHQ=s88-c-k-c0x00ffffff-no-rj,False,False,1781410684.645814
UgxjCihskxDqng3fA114AaABAg,SETUJU 1000%,3 days ago,@hansakaproject398,UCa-Xy4iTtGdyEGGLXmXfOeQ,0,,https://yt3.ggpht.com/zEas2Qlom5n2hGasac8rl6_dQFKzIMSvMr7hjBvIrqXWnv_Wvgv5pCnuIcKifIJQqS7wbp3g=s88-c-k-c0x00ffffff-no-rj,False,False,1781410684.647247
UgyDTGRDeNxVBp5Qp2l4AaABAg,Pak semua dapat jatah,3 days ago,@andydharmaleolopolisa7851,UCbUFqLqbMMibXA8NM0ZjcRw,0,,https://yt3.ggpht.com/ytc/AIdro_nA7efAWVlaMjB1ogfwBOMIC94PS8_h84ZEO6eoN8Y=s88-c-k-c0x00ffffff-no-rj,False,False,1781410684.648665
Ugx21ZXvtEr76a1z8bJ4AaABAg,"Pak Rangkuti gak usah capek,Irma dpt sppg",3 days ago,@andydharmaleolopolisa7851,UCbUFqLqbMMibXA8NM0ZjcRw,0,,https://yt3.ggpht.com/ytc/AIdro_nA7efAWVlaMjB1ogfwBOMIC94PS8_h84ZEO6eoN8Y=s88-c-k-c0x00ffffff-no-rj,False,False,1781410684.650077
UgyLtYPV495x6oF3KA14AaABAg,"MBG program pemerintah bos
utk anak"" muskin",3 days ago,@EdiYanto-i6n,UChD23oROvszQQYSPQofV5NQ,0,,https://yt3.ggpht.com/ytc/AIdro_mRLHDd8NjgcJzYOjfocI0lyyr-4xsFWa2Rk1N3X8UlnC_JG2KQE1IaoSm4cR9C7ymAZA=s88-c-k-c0x00ffffff-no-rj,False,False,1781410684.651557
UgyYRtNcMYj_xE5XJSt4AaABAg,"Setuju stop mbg stop kmp ,,,,",3 days ago,@DevelopmentVideo-y4h,UC1vULo9xdAGwJf8kJIHYfgg,0,,https://yt3.ggpht.com/ytc/AIdro_koRtQTuIwjQ4FP3RZVg1uE66PaOdUeqFgH8lWkw-1bt37GjlJuRBJ7yTL7l5mFm3VeNQ=s88-c-k-c0x00ffffff-no-rj,False,False,1781410684.653032
Ugx894r7rw6Pr5QjFSp4AaABAg,Bu irma apa pernah anda kritisi 1  orang bisa punya 20 sppg bahkan lebih,3 days ago,@NicoTung,UCC2xXK4yE6wrMq54xtxEn5w,0,,https://yt3.ggpht.com/ytc/AIdro_nqG5kNb9WDoM5cFrNSQr9fzliieK8lWbCqB52t7OKShdvcGjZ-DNkPlowQu3IE1MHYgQ=s88-c-k-c0x00ffffff-no-rj,False,False,1781410684.655267
Ugy8fdIlgBxdltnjSEF4AaABAg,Hentikan MBG  segera sblm hancur negri inih,3 days ago,@jejenaibet2260,UCSjsgsjEd2_kVHv5VTcBs1w,0,,https://yt3.ggpht.com/ytc/AIdro_khSbcYOk-ZJpJdnM0KT63okOiFU3WwtWMvAi-S5gxJah9fOAID9GlTIjWJnSHyDKWk4A=s88-c-k-c0x00ffffff-no-rj,False,False,1781410684.656968
UgyaIy0__DwWU3ysP954AaABAg,85% rakyat tidak setuju ada nya MBG dan koperasi merah putih,3 days ago,@ediazka853,UCk4KVQHe0nty4DNTfccl0Mg,0,,https://yt3.ggpht.com/ytc/AIdro_mzg0qII96YzNKy8vRQfGNoUM0RsuZQubEY5kVuRRE=s88-c-k-c0x00ffffff-no-rj,False,False,1781410684.658482
UgwWgF596X6LaM6YsPR4AaABAg,SAYA HERAN DGAN NEGARA KITA SUDAHJELAS KLO KORUPSI ITU KEJAHATAN KEMANUSIAANLUAR BIASA.DR KEJAHATAN YG LAIN KENAPA SIH KOK TTP SJ GK DI TERBITKN  UU.HUKUMAN MATI. SY SANGAT SEDIH,3 days ago,@Bambang-nf3zn,UCOqwt2-0n54uF-gpxxGWGKg,0,,https://yt3.ggpht.com/ytc/AIdro_lrHWTbFqZoDU9M3ff8W1iLLWIXHPXeSom1GjKU4xvUrnPxLAvT-ZnE0hGd6wW5uxS3EA=s88-c-k-c0x00ffffff-no-rj,False,False,1781410684.659918
UgxNMii9pG5VuQQmUkt4AaABAg,Kalau maling tu pak gak usah pakai mau di hormati lah.,3 days ago,@yadinarianto7564,UCtzJvnPVQ7eSSTGaj-4EkHw,0,,https://yt3.ggpht.com/ytc/AIdro_nGcme0aUep4oXTMEZ96rOe2QLR4MfLi_qc3FWKofrzZxyQTLkT6aO53ObuurhWH70Sgg=s88-c-k-c0x00ffffff-no-rj,False,False,1781410684.661395
Ugx5gmFsg5ufATOFHbt4AaABAg,"MANUSIA YANG PALING MENJIJIKAN ADALAH SUDAH KETAUAN BANYAK SALAHNYA MASIH AJA BERKELIT DAN MERASA BIJAKSANA BUKAN MERASA MALU, PENJILAT EMANG MUKA TEMBOK",3 days ago,@sukasabi3143,UCGoltR_uff-Gee81ETWNJDg,0,,https://yt3.ggpht.com/uc-DX-q99Qay3TAR6yzN1oFw3NqFqcMC8YPhM6YA3dywD1qf_8x64kMci6J9iEyJKbIxgTpakA=s88-c-k-c0x00ffffff-no-rj,False,False,1781410684.662803
UgwaGqQyKHIqqkksh6N4AaABAg.AXzUYBQixxkAY0vA-Eh5TN,Ibu itu jago ngomong biasanya😂,2 days ago,@ruangmuslim567,UCtOSaxoWuFkNWvCntaMBouA,0,,https://yt3.ggpht.com/5H-WLX-nvF0zhhjZWSIxPooS24_MBNWr2AQSNBWNIoPvLLsODrN_Z93oBfpvtMGErMoJyZ7Bog=s88-c-k-c0x00ffffff-no-rj,False,True,1781497084.811424
UgxkoQLawkFKzW5X6WR4AaABAg,MBG di evaluasi tapi Koprasi merah putih rakyat dukung asal benar dan tidak ada korupsi.,3 days ago,@antasena4251,UCLQp4ihoRiaEdcZlLK8pf9A,0,,https://yt3.ggpht.com/XsY-xJkvKFtuxT_5FeFnn7s22KvKdy-nP3IZgSfMaY2ZJwJoJMbjODh_ooinB2EYQ898gG5p9Q=s88-c-k-c0x00ffffff-no-rj,False,False,1781410685.038866
UgwirI7qLqHfTjfNj7d4AaABAg,Kesimpulannya maling semua😂😂😂,3 days ago,@kusnandadadang3031,UCseVLg5oSmwIgLsUGuge2Fw,0,,https://yt3.ggpht.com/ytc/AIdro_kgo5-MnM8oZR7nY16V-tDL5_A6dKIJoQqTwiqSgTbZYwwthXx2pd4s6k-o2cXayo3jJA=s88-c-k-c0x00ffffff-no-rj,False,False,1781410685.040526
Ugzc8wsSyw1L93qpu3x4AaABAg,"Acara spt ini hx membangongkan,,,",3 days ago,@andariasbutu2813,UCkZzSpDS3EkZ7KUkZgVJx6g,0,,https://yt3.ggpht.com/ytc/AIdro_mNVR4Jkv4_q2v4vZ4o8tyusVVnLF3h-ax_rgSsqA=s88-c-k-c0x00ffffff-no-rj,False,False,1781410685.042048
Ugw_IWxYhipjnzSyLkZ4AaABAg,Stop saja MBG,3 days ago,@GaflomiAle,UClGIcfx09_j-kKSAIA4XMCg,0,,https://yt3.ggpht.com/ytc/AIdro_meqQRL0zCllAnC_OULHvyioHnxQgDv5V6pOJ1FBeFlkNyG-K1JF6XOiPI9PZt3p3irAw=s88-c-k-c0x00ffffff-no-rj,False,False,1781410685.043513
Ugwp1wFCuxvpLDSVbHJ4AaABAg,Ide positif,3 days ago,@RizalOzan-z1e7t,UCc9OEh_5dM96kr8_9FdP9YA,0,,https://yt3.ggpht.com/ytc/AIdro_nG4SbiRinF1vfW-o9Rnw5llJVk7TkcI6fsy_QOXjoibee1KSsh76gul9To0U7W2NWuBQ=s88-c-k-c0x00ffffff-no-rj,False,False,1781410685.044931
Ugy15DKcoOcLqez1ta14AaABAg,"11:55 jangan digiring buk, biarin saja bergulir dan dibongkar semuanya, terutama 20an nama yg disebut juga dipanggil !!!",3 days ago,@marcoandersoon6555,UC5wAeDrSpn0gp-K5zAhu9Ow,0,,https://yt3.ggpht.com/ytc/AIdro_mCYT28h9WvXqO21vAsePevNqwwfJSdnuq2V04oW6nCLvE=s88-c-k-c0x00ffffff-no-rj,False,False,1781410685.046416
UgzRGjl5pHzmXpqbDZl4AaABAg,SUDAH STOP AJA MEMANG BOBROK KERJA KALIANM,3 days ago,@1cybertech-i9b,UCm3vH80VNsw-EUhlN74e8-w,0,,https://yt3.ggpht.com/ytc/AIdro_n3AexbIABbMKlogUR0dPQIElzbRy40MFOmAi6C0boN4j398k0=s88-c-k-c0x00ffffff-no-rj,False,False,1781410685.04784
UgxYxpSV7e_3Q_XUEEp4AaABAg,Nggak pemerintah nggak DPR semua buta hati nurani,3 days ago,@Zulkifli-m8u,UCk9v8Z7SHiAhTuQfzJc7_MA,0,,https://yt3.ggpht.com/ytc/AIdro_kYiaS4IDl3VSDv19PvD6n9ru8AQGeZ_QRCF8aWwmsQkfWdV8ch_bpu2IJzgAGbP5wnOQ=s88-c-k-c0x00ffffff-no-rj,False,False,1781410685.04926
Ugz0XlLacfzOn6PmWxV4AaABAg,"Stop mbg itu,lebih baik perhatikan jln dipedesaan yg semuanya pd rusak",3 days ago,@yustinuspatut1761,UCL4DNdzcTwKKiBRrlgseaJw,0,,https://yt3.ggpht.com/ytc/AIdro_m9uNn4yxzrwvEWwwDuNAOASxAuC62Ki5CZ41S02OQgnUdsYxo88vOi7GqQ_IKfApWF_A=s88-c-k-c0x00ffffff-no-rj,False,False,1781410685.05075
UgyWfr8Ve2hnToa79iJ4AaABAg,"Mana bagusnya Bu ? Itu bagus kalo ada sidak dan diatur/ rekayasa padahal disekolah dilarang bertanya apalagi difoto makanannya gurunya ditekan agar mau mengatakan bagus anak"" suka",3 days ago,@wayanselamet8347,UCJ71M_-9Ku3rd5DN7XCXHVw,0,,https://yt3.ggpht.com/ytc/AIdro_k2viDxKWePe7cMmdB9PI50IFbGsBQ5trHXU4NRUZ8=s88-c-k-c0x00ffffff-no-rj,False,False,1781410685.052252
UgxTcRqn7RJGoafZjZJ4AaABAg,Kl ngomong paling jago semuany,3 days ago,@Hardi-i6p,UCJeopHbJ2_i4R5ho2NVpREQ,0,,https://yt3.ggpht.com/ytc/AIdro_nKOqIVC_wjCGDpD96rhr1ZSOIcdvmYOi5pFdtljKl4eJy8AVLi8mdgjfZHrXpiFTZecw=s88-c-k-c0x00ffffff-no-rj,False,False,1781410685.053736
Ugx6ZfvudP3VxHr7oBh4AaABAg,"Mbg maling berkedok gizi. Itu proyek maling ,makanya korupsinya sistematis .yg makan uangnya orang"" pejabat .orang kecil hanya dapat makanan seharga 8000",3 days ago,@AgusSuwito-l2o,UCnTC0Vf9ypXPqHYQYP0J3Yw,0,,https://yt3.ggpht.com/ytc/AIdro_nmtsXDHjV3vsi3WJxNLeR6_m62bNa4V324lnRtnFy0u-rpS5RDcRIx863T-hajBZ4JOA=s88-c-k-c0x00ffffff-no-rj,False,False,1781410685.055236
UgyWm9MC8HGz0qqOalt4AaABAg,Di lapangan bawah pun terjadi  seperti itu,3 days ago,@WayanWijana-lh1yq,UCgFmZD-sP3qujNRtkT1IHYA,1,,https://yt3.ggpht.com/ytc/AIdro_mSNCewYuvZ4m9_UB72NZFUF4Ge2_7Va3TDJyun7tD7Bn7Pel_CGJwrYXZHQT8cGIRc6Q=s88-c-k-c0x00ffffff-no-rj,False,False,1781410685.05667
Ugzl_QX3Oo4s6GDkFCd4AaABAg,Selama ini yg terjadi pembodohan masyarakat untuk tak mengerti orang yg benar2 peduli nkri,3 days ago,@WayanWijana-lh1yq,UCgFmZD-sP3qujNRtkT1IHYA,1,,https://yt3.ggpht.com/ytc/AIdro_mSNCewYuvZ4m9_UB72NZFUF4Ge2_7Va3TDJyun7tD7Bn7Pel_CGJwrYXZHQT8cGIRc6Q=s88-c-k-c0x00ffffff-no-rj,False,False,1781410685.058151
UgxAqLubG2BiUqrGWKx4AaABAg,"Parcuma, negara ku inj kebanyakan pejabat tapi tidak bisa kerja untuk rakyat, bukti nya orang korupsi di depan mata mereka, tidak ada yang tau.",3 days ago,@julioronjas5070,UCtUB8ZB2MRii6OkmMS-193A,0,,https://yt3.ggpht.com/Kgmwv2HRAsmQHGTM7TW1VqfvJumyv3qn3J90kMeLLgCGrMV4W71VdcaV2cySdZhehiI31z5V-Q=s88-c-k-c0x00ffffff-no-rj,False,False,1781410685.059561
Ugz_EEka3-X7Mjya03x4AaABAg,Biasanya ibu Irma semangat ko loyo?,3 days ago,@AlberNgambut-u1w,UCNr0_QzqDn77hNdAq2ibDtA,0,,https://yt3.ggpht.com/ytc/AIdro_lN1r14JyVE1HV827fOA4jwcUpML9JATe2vub3wBZwgdO1_u1mEpcWHSejRd9oj5lcaaA=s88-c-k-c0x00ffffff-no-rj,False,False,1781410685.061049
UgxiMGsWB0bxKcoMch94AaABAg,Paya d p r pandai ngeles pinter ngeles,3 days ago,@anasthohir1277,UCvIaMmVHQDTg3DvRO7VgeZg,0,,https://yt3.ggpht.com/ytc/AIdro_li0yM6cYLIOWjD11MRFrJBTyO1UpGuxl0HXyI_Shaix_AohWC1X6iVYA2plRVEmtsyaw=s88-c-k-c0x00ffffff-no-rj,False,False,1781410685.062486
UgyLrV6VOKTSjhtg7rR4AaABAg,Lembaganya g salah jadi jgn dibubarin PDIP g boleh bgitu ini terkait nasib anak bgsa generasi penerus bgmana kalo Partai PDIP nya yg bubar.,3 days ago,@HeruSujoko-t4x,UCDmeZx5DZF46cWxr8rRQcMQ,0,,https://yt3.ggpht.com/ytc/AIdro_npcUR6XsdtEyWk5O0DUPbiBwaX_JeUikuODvjwubz_UpOPbxUG2HLiUrAGCHsdKbjT0g=s88-c-k-c0x00ffffff-no-rj,False,False,1781410685.064023
UgwAdkNPMfljr32Pvn14AaABAg,Irma udah makan duitnya 😅😅😅,3 days ago,@ratmoibnuhasan1407,UCDZobSSgXrCa2YMTL6S36jA,0,,https://yt3.ggpht.com/ytc/AIdro_kwNwZKwyjpxttlMZ_bS3lzzGH00V06kc62NX0RlxY=s88-c-k-c0x00ffffff-no-rj,False,False,1781410685.065505
UgyjTFbLlPR_gaftwJJ4AaABAg,"CATAT, setelah MBG jadi sarang korupsi, ABAH di CIREBON yakin KOPDES juga kedepan akan jadi sarang korup, pusing mikirin negara, bangsa ini mau dibawa kemana ?",3 days ago,@TidakThu,UCMDAeahE0IZNN0VEhKgFGrw,0,,https://yt3.ggpht.com/ytc/AIdro_ntgPrUcHyzZ9-vVtMugfOvEyfrYUXSF9CNTYHBl3ld87eoFostv-kIwHbSagae3U3GEw=s88-c-k-c0x00ffffff-no-rj,False,False,1781410685.06691
UgzQQNh9JwgO1Rb6Vpd4AaABAg,irma kardus,3 days ago,@alexalex-l2v8s,UC7_9c8TZXTGZJ59KBo3l40A,0,,https://yt3.ggpht.com/ytc/AIdro_lImTm6IlMTJaYhHDnM7oicZZ166Z81MNcmaOUeq6VI87qejGFPJ63x3dMS0eFRNb-3qw=s88-c-k-c0x00ffffff-no-rj,False,False,1781410685.276404
UgxXBmtLEt82yyweiVx4AaABAg,1qwery,3 days ago,@bundavitaleo1417,UCb1dw8T3KdlqjMdIyK8V-pw,0,,https://yt3.ggpht.com/drSj3Fagyvef6sS81Qfzxge9OlEiuyav9zC0j0LfRoHLQfj1qi8lClRad-tpbRFyXAG4fVsj0A=s88-c-k-c0x00ffffff-no-rj,False,False,1781410685.278129
UgxcmDj0Ke0ffek9zQp4AaABAg,itma di sebut ikut bermain kpk dimana,3 days ago,@alexalex-l2v8s,UC7_9c8TZXTGZJ59KBo3l40A,0,,https://yt3.ggpht.com/ytc/AIdro_lImTm6IlMTJaYhHDnM7oicZZ166Z81MNcmaOUeq6VI87qejGFPJ63x3dMS0eFRNb-3qw=s88-c-k-c0x00ffffff-no-rj,False,False,1781410685.279616
UgzK-KRSJCvCLK9yxVV4AaABAg,12qwe,3 days ago,@bundavitaleo1417,UCb1dw8T3KdlqjMdIyK8V-pw,0,,https://yt3.ggpht.com/drSj3Fagyvef6sS81Qfzxge9OlEiuyav9zC0j0LfRoHLQfj1qi8lClRad-tpbRFyXAG4fVsj0A=s88-c-k-c0x00ffffff-no-rj,False,False,1781410685.281148
Ugxw52G7HjlmHohYgvd4AaABAg,"Orang DPRD bermain juga nich ma
Kaya Irma salah satu yg di belakangnya 
Ayo soni berkicau terus.",3 days ago,@ramdhanansyari106,UCpB79AL0Rea5MYB1hB5pESg,0,,https://yt3.ggpht.com/rTVHOwyc7J9mXymB_8vIoDfEDXMahtD1QRoJDZRH_uD9GvgpeWb4MwDmTU5cyok_dXchs5X2wQ=s88-c-k-c0x00ffffff-no-rj,False,False,1781410685.282649
UgxxZkmJKdrWE6vBXdZ4AaABAg,"DPR :menyampaikan suara rakyat❌️
DPR:mengamankan partai sendiri✅️",3 days ago,@muhammadhasan6469,UCY4zR7RiHNrBRwFTogm0FuQ,0,,https://yt3.ggpht.com/ytc/AIdro_kiGFqavWwgYYEuxIWbIJIFIOkubkolQ2c7kv0BJxwqEg=s88-c-k-c0x00ffffff-no-rj,False,False,1781410685.284408
UgyOR3W2BQ-GM5MAfvh4AaABAg,"Stop MBG!!! Dana pindahkan ke jaminan kesehatan dan pendidikan,serta subsidi semua kebutuhan pokok. Jgn mikirin soal makan rakyat",3 days ago,@erlanzaelani4443,UCpnhNrMZ0rE33ICMl20sYzw,2,,https://yt3.ggpht.com/ytc/AIdro_nYqfBXF0HfJsmENuMYdZ7aJd4GhuxNh9Rclnhsp28=s88-c-k-c0x00ffffff-no-rj,False,False,1781410685.286986
UgxH6AGOTV9lN3ivYAF4AaABAg,DPR mendadak bodoh😮,3 days ago,@AhmadLamijan,UC-1S76B2040jJCugsadYMdA,1,,https://yt3.ggpht.com/ytc/AIdro_lqULl_zl4kd2Kqu-NGfQAeRgktPwzB-Z0A1Snc5T96-MRs7PMnyyGHCmsAyOOuHNpt5Q=s88-c-k-c0x00ffffff-no-rj,False,False,1781410685.288594
UgxcMi-rwMs9gsh8IbF4AaABAg,Kawal terus MALING BERKEDOK GIZI‼️✊🏽,3 days ago,@katakatanem,UCKRCaW0VWYLERYJbsgWn34w,1,,https://yt3.ggpht.com/HqtbZflPu-ZwqbwR3rl5v7t8PTQ_3NJD3VHtOmy09EeyNl8g31rTyfKyUu7K3rzu7NLbfUdEwsU=s88-c-k-c0x00ffffff-no-rj,False,False,1781410685.290254
UgwLInD8Rfthagba5g54AaABAg,"Rejim jahanan sedang menggali lobang kuburan' untuk mereka sendiri 
Tak ada yang bisa hentikan kemarahan rakyat 
Kalau rakyat sudah tidak percaya",3 days ago,@Maron-e4w,UCpgAaEjFXNSaVdKfg12Ureg,0,,https://yt3.ggpht.com/ytc/AIdro_nQnix-VeJ6EdB4XIG9FFgrkb8_vpSDP2Ft1Cp8cNbPAPogyXsBLaYw96po1fV2IWNUFw=s88-c-k-c0x00ffffff-no-rj,False,False,1781410685.292182
UgzGdIS80dHaQX28MYd4AaABAg,Besuk nggak usah milih DPR RI .dikantor cuma tidur saja.,3 days ago,@SudarYanto-q8f1m,UC43LerRRwAFo4_oeNTET8Ww,0,,https://yt3.ggpht.com/ytc/AIdro_mhpdt52gf-ewuMICMSpf58jqqKXetktX-rAgmJkXZktJrVu4vDkBYngfAtIfmb6uJy3w=s88-c-k-c0x00ffffff-no-rj,False,False,1781410685.293805
Ugz10sf0CJRcBZxiPqF4AaABAg,"Salah satunya nama Irma juga disebut,iya Kuya juga disebut? Ga kapok apa, rumahnya pernah dijarah.?",3 days ago,@PapaYuri,UCqRseJJq93810rF-HvDHF-w,0,,https://yt3.ggpht.com/WVwOT8HgamI7oHMA-1KOb3J4-b6Mh-6bhH7nsy7D9oGkl2VhU-4syMUX7quS7QF7mtIgewEE=s88-c-k-c0x00ffffff-no-rj,False,False,1781410685.295373
Ugzzt-nzUNfw3SmwX614AaABAg,prabowo dibalik peran utamanya harus di tangkap,3 days ago,@antonioant0n67,UCKu1iKmYDYtGkTJWNZK15pw,0,,https://yt3.ggpht.com/fKLf--EQFt0dkBPeGCki1pDhy347xevOSXN5smjiQO5dp18Ssp08n0EryLxhI3tsqsrSRjxI=s88-c-k-c0x00ffffff-no-rj,False,False,1781410685.296835
Ugxdrx2OFILE3rdJIjJ4AaABAg,"Halaaah MBG itu proyek para tim sukses, dasar para Politikus busuk,",3 days ago,@dadiakhdiat-ks2ej,UCzNbV-TAZ2yTnNWXbcnBg8g,0,,https://yt3.ggpht.com/ytc/AIdro_kIQd925lZn3kNvSQBuSIvxotU3QPyWJUGr6nl8J4Bbkl1bcFpzgHabStJf-LedxUFwQA=s88-c-k-c0x00ffffff-no-rj,False,False,1781410685.298341
UgxVsq1lzTnsJiMcwrN4AaABAg,"Ternyata mak lampir ikutan juga , ku kira masih di gua bertapa😂😂😂😂",3 days ago,@samsungkendari9661,UC8-KbAFDjAJDaIlH0sxgRtA,0,,https://yt3.ggpht.com/ytc/AIdro_n-ipYGNyWfz12ONyTS5rSab8KjOyO2zchxWqeHFrPUeLIIa2HS4OmlreGaAFKDd_6j1g=s88-c-k-c0x00ffffff-no-rj,False,False,1781410685.299782
Ugxas0YL7HuLgkHBaR14AaABAg,Mbg ga guna buat anak negri mending buat sekolah gratis sampe perguruan tinggi biar generasi bangsa maju seperti negara iran.😅😅,3 days ago,@MuhamadNawawi-j6l,UCwSIYsS7x58afNNaO_YJ3fw,0,,https://yt3.ggpht.com/suBpnxZ92ttCyqbultHnl03EjHjXB8OnLXR2XqoLLzn_aEZIZPeX6yvzLC-D7jTQzK3Edh9B0Q=s88-c-k-c0x00ffffff-no-rj,False,False,1781410685.301213
UgxCImjMcJCxlDYGl7h4AaABAg,MBG hanya meracuni Generasi Muda !! STOP MBG SEKARANG JUGA ✊✊,3 days ago,@emansulaiman2076,UCSW-k45YMpoAftC9pB1FByw,3,,https://yt3.ggpht.com/ytc/AIdro_m2gSlRZ8pnKJyCcGdJLGFQ9gRQp0EvqSYZSulf8MYqwOgLgQf6khYraMqkL0JYWSFS6w=s88-c-k-c0x00ffffff-no-rj,False,False,1781410685.302968
UgxQkFdhLtQfqyxulOZ4AaABAg,Rifuh😂😂😂,3 days ago,@MuhamadNawawi-j6l,UCwSIYsS7x58afNNaO_YJ3fw,0,,https://yt3.ggpht.com/suBpnxZ92ttCyqbultHnl03EjHjXB8OnLXR2XqoLLzn_aEZIZPeX6yvzLC-D7jTQzK3Edh9B0Q=s88-c-k-c0x00ffffff-no-rj,False,False,1781410685.30461
UgwUzB9rQZ9cE7mOsxR4AaABAg,MBG hanya meracuni Generasi Muda !! STOP MBG SEKARANG JUGA ✊✊,3 days ago,@emansulaiman2076,UCSW-k45YMpoAftC9pB1FByw,2,,https://yt3.ggpht.com/ytc/AIdro_m2gSlRZ8pnKJyCcGdJLGFQ9gRQp0EvqSYZSulf8MYqwOgLgQf6khYraMqkL0JYWSFS6w=s88-c-k-c0x00ffffff-no-rj,False,False,1781410685.306171
Ugy3Jw9pCnnfwa_F3K54AaABAg,Mo makan apa korupsi miliaran mo tanah berapa ribu heaktar mo moobil mrek apa mo kapal apa buat kabur ahirnya ketangkap juga klo rayat sudah ngamuk,3 days ago,@sadarsuganda,UCcmeF2CnpsqSx4clXicfn0g,0,,https://yt3.ggpht.com/ytc/AIdro_k6KCWwWWazZDPw7N6gHc5MygbBe9lzbV1nJ1lrTtK3sBtiA9u7vvUL0-Qe0H9JOGkVZw=s88-c-k-c0x00ffffff-no-rj,False,False,1781410685.307669
Ugy2-lGf1GVKIOgryMt4AaABAg,"Ga bakalan mau, mentalnya dah einting",3 days ago,@sujai06,UC6o18qHaZYe0QrUfxJQhLFw,0,,https://yt3.ggpht.com/ytc/AIdro_lKLc1F90KZFoIzXLksvFr_ot_jhDQuWBgbEx03VvCOy3iSeSakR3rodFATvo7yZ7LV3Q=s88-c-k-c0x00ffffff-no-rj,False,False,1781410685.532418
UgzDSRIpIm9hdBHYSC14AaABAg,yg lebih paham makanan anak itu orang tua nya bukan pemerintah,3 days ago,@junmirajudin4500,UCKXB8kUIBhBbMKhiMiXbw5g,7,,https://yt3.ggpht.com/ytc/AIdro_lfbzIvb7wjpFXO4c5JaFIH-iRw1HD7CxibeoVgEo8S2A=s88-c-k-c0x00ffffff-no-rj,False,False,1781410685.53536
Ugx6VKCIkhj97-_LpSx4AaABAg,"pemerintah haruslah menurunkan harga bbm pertamax. periksa pertamina, menteri esdm pak kpk, bpk, jaksa, menteri keuangan karena sudah buat demo mahasiswa dan masyarakat.",3 days ago,@AgusSiagian-t4d,UC4bEJ0wd28TB5oemSP5uoTA,0,,https://yt3.ggpht.com/ytc/AIdro_li0yM6cYLIOWjD11MRFrJBTyO1UpGuxl0HXyI_Shaix_AohWC1X6iVYA2plRVEmtsyaw=s88-c-k-c0x00ffffff-no-rj,False,False,1781410685.538281
UgyAi_LeSC-Xs39P-bl4AaABAg,Org2 DPR ngeles mullu krena merasa terlibat usut tuntas. 😂,4 days ago,@mohmukhtar6832,UCgS33M1GJ4n_4Su74LDVTAA,0,,https://yt3.ggpht.com/5R_Ch4ykp9a_jtWfilb1i-PsYkJutHrMaegdfqh3FrZgW_92rtYYRSRohLoynT0C95lqHZuiRpw=s88-c-k-c0x00ffffff-no-rj,False,False,1781324285.540731
Ugyv_PUV8lAzm1xEYYB4AaABAg,Irma chaniago,4 days ago,@aryphotbaharuddin2392,UC49YMK6qE7_qpH_d28qFopQ,0,,https://yt3.ggpht.com/ytc/AIdro_lDdcsfAVvig0wRi9sA5cuv-86pM-eWE_6olZ-emhY=s88-c-k-c0x00ffffff-no-rj,False,False,1781324285.542367
UgzOAE5MylVsA0zQI5h4AaABAg,"Ahahaha 😂 kalah pilpres, tunggu 2029 lah kita bertarung kembali",4 days ago,@paguyubanandisoehandi4763,UCTTZenxborXR1t4BjhRK6Hg,0,,https://yt3.ggpht.com/ytc/AIdro_kglgpQS8r4K4o1Y9zv8vya5REvU-EBGW__XOAfQ2eU4A=s88-c-k-c0x00ffffff-no-rj,False,False,1781324285.543922
UgwE_60bY1XsH4MeEI54AaABAg,Sebenar klo DPR g usah maen MBG cukup mengawasi  so Al nya klo DPR yg maen susah di awasi,4 days ago,@samlombok9680,UCTlfL-bmUuwOZYVEl16BtnA,0,,https://yt3.ggpht.com/ytc/AIdro_nuNlfceTDiBSTQUhxQ56YDJFbBu1DjRfTpJMFP6ck9D0x3tsglom8eMUA2blBLpRVU8w=s88-c-k-c0x00ffffff-no-rj,False,False,1781324285.545451
UgxRJz4HDQVxDKcoLY94AaABAg,Gara gara MBG siswa banyak yang keracunan. Lebih baik MBG lebih baik di hentikan. Dulu gak ada MBG masih bisa makan juga sehat sehat selalu,4 days ago,@kamajipky,UC_wtV34Ouugm2YmmTkG_Dyw,0,,https://yt3.ggpht.com/ytc/AIdro_nsfGFsbaHSbTLifCZmZLSQh4d3zAo1XgmnUx_83QntWXFEjGEIgc2HdDAASDqDN5QGQQ=s88-c-k-c0x00ffffff-no-rj,False,False,1781324285.546917
UgwXtRIYGoLJNriWhet4AaABAg,Saya curiga perusak perusuh ada di balik GEN98 buat bersembunyi,4 days ago,@MakSum-l5z,UCZztkV9K0T2vxFP-sLyUpRA,0,,https://yt3.ggpht.com/ytc/AIdro_mNEAv5MPjwUYT_oMN-I_oKxZXRDcwTzQ5m2dLC8BLZIN_r2XL_arB8rM0NkGGWBLQJXQ=s88-c-k-c0x00ffffff-no-rj,False,False,1781324285.548416
UgzbmWlupIClz27filx4AaABAg,Ahh massaa gak tau,4 days ago,@harryjend2325,UC9YTHgqW7r7lUB_to7mwOiQ,0,,https://yt3.ggpht.com/ytc/AIdro_nw-WftQf3es8x7d5bOT2iK7tbU98t4TVnp5EpY4qPylzA=s88-c-k-c0x00ffffff-no-rj,False,False,1781324285.549833
UgyICWd_SaCL3XDIl_Z4AaABAg,"Politisi apaan???
Mereka hanya penjilat dan penikmat kekuasaan, penipu rakyat
Mereka hanya manut sama dan nurut sama ketua partainya, rakyat cuma diperas suara dan berlaku seolah2 mewakili rakyat
Giliran kebongkar baru sok sok jd pahlawan, kemarin mereka diam saja soal mbg dan koperasi merah putih",4 days ago,@MishbahST,UCjYL2NlEfTOT7-MvUp1-6Ow,0,,https://yt3.ggpht.com/aqMZNlci1l3KfH__v0teg1INKddfq5Y2TOROwfNw-F-_hg9KFtNF3DvWt0xSJZVtcU6nyj_fzik=s88-c-k-c0x00ffffff-no-rj,False,False,1781324285.551309
UgzqLFsYjTnd83bW5tl4AaABAg,Sony termasuk Pelaku utama Berkepala dua. Ngerampok Kenyang diam. Ketangkep Teriak.,4 days ago,@SutrisnoWatih,UCYK-CWcOyxE6ruDNoJBj9Vw,0,,https://yt3.ggpht.com/ytc/AIdro_n-ipYGNyWfz12ONyTS5rSab8KjOyO2zchxWqeHFrPUeLIIa2HS4OmlreGaAFKDd_6j1g=s88-c-k-c0x00ffffff-no-rj,False,False,1781324285.552694
Ugy_dJA0-HazYAbaBwF4AaABAg,Kalau koruptor gk d hukum mati susah bangsa Indonesia mau sejahtera khusus kaya saya rakyat kecil,4 days ago,@sicaycokeofficial,UCGPJrOPblqTc5MfyKMyu8MA,0,,https://yt3.ggpht.com/wGurmjm-nEYhCKtE1Cdt8KKmlqNgcdk1ESMUdvMyVatlX5faDI7HJxpGQsRiqcCnoy9W4gV-=s88-c-k-c0x00ffffff-no-rj,False,False,1781324285.554154
Ugwe05hZBG3F6jLqSB94AaABAg,"Udah jelas2 jadi Bancakan korupsi, malah bahas undang2, ini udah melenceng jauh dari stunting, harusnya di stop udah programnya tanpa cacicu!!",4 days ago,@aizhumix,UClUPTsAB0DS1ecfXsIIgGOQ,0,,https://yt3.ggpht.com/L94CKMdWFbvABdYP2cV_rWPCEYuaIoX8_CNPp_XimzqRG8tN9CXaY4SQuncygtzHYqpwf6nixzc=s88-c-k-c0x00ffffff-no-rj,False,False,1781324285.555587
UgzVDyXHx6x0bJiehPF4AaABAg,Dpr juga bermain,4 days ago,@taufikrachman1230,UCGTky6oCZsiWik8gHYVRtRQ,0,,https://yt3.ggpht.com/ytc/AIdro_lobEygh6O_Bjl7h7mr4MTRESHAyLTBfmIrqCBX7xUBostd5FaRyhFqYGRxUGQnwchWjQ=s88-c-k-c0x00ffffff-no-rj,False,False,1781324285.557062
Ugxou_5SgiY9T_wZJuJ4AaABAg,"Giji dari mana giji buat siapa makanan yang bergiji itu kaya apa , kyknya guji yg terkandung dlm makanan program itu mungkin lbih kurang dari 10% sya pikir sayang uang ratusan T di hambur2kan gak karuan.",4 days ago,@HalwaTuzahra-ke1ty,UCDlA90D1mdWCZ8muQuH85tA,0,,https://yt3.ggpht.com/ytc/AIdro_kDVWTVor4oDMnrA8JSn1QfWKy679_pAFdisj868GXmAFhdW5SbK7lG9s-tsd8cKauiOQ=s88-c-k-c0x00ffffff-no-rj,False,False,1781324285.558454
UgxHLLFh5r_mt6JRqLR4AaABAg,DPR bajingan semuanya sudah sekongkol.,4 days ago,@fahrezaahmad9387,UCsnwGt53Wo_JR0f-I08J6CQ,0,,https://yt3.ggpht.com/ytc/AIdro_m-_ASn5kJM3ePEa6X0rdJUFk5UGm4hzBqy1V8BKGfSfUU=s88-c-k-c0x00ffffff-no-rj,False,False,1781324285.559836
Ugx5IvTcQ5Uj50YyFhx4AaABAg,Nggak bermanfaat,4 days ago,@SukmaAnto-b6o,UCRpjwSFQl9-9AHMo25ui93A,0,,https://yt3.ggpht.com/ytc/AIdro_mbdw79JGc5mlEFb4L_fDS_eNfnZ3cB5TODqlDQLt_5YWQ-7_FLklstw7UB2tMe0YfK6w=s88-c-k-c0x00ffffff-no-rj,False,False,1781324285.561264
Ugy6xYQ-RuqPzlDOxI54AaABAg,ini angota dewan penjilat jg ni ms gak tau tentang mbg,4 days ago,@moysessimamora2070,UCiDkXUFDOaSJnCjvaa9dpDQ,0,,https://yt3.ggpht.com/ytc/AIdro_k18TQOefWzLa5SvdJmEE0dDZLfk4am4CaTqv-UUpCP4ll3lucs6Ttsxlbnh6UOy4Y8dw=s88-c-k-c0x00ffffff-no-rj,False,False,1781324285.56264
UgzXkRZvSce9fP-A7Jp4AaABAg,"Tni,polri,mengamankan ,menjaga, bukan bisnis mbg, dpr,hanya mewakili ,bukan untuk bisnis di mbg ,,akhirnya jd orang rakus2,,,,,,",4 days ago,@elislismayati1127,UCAFmEbuJIOvhAPn1UaDdt6A,0,,https://yt3.ggpht.com/ytc/AIdro_nAunhKPhJdcrvyysN6O8lqSjfWqR4SICgSa6UR2a4l5K0=s88-c-k-c0x00ffffff-no-rj,False,False,1781324285.564028
Ugw_LjCDVN8GXUG5KkR4AaABAg,"Jika para korupsi bisa dihukum mati seperti Negara China, saya yakin Indonesia bisa maju seperti Negara China juga.",4 days ago,@ElyasTokan,UCo4wbogp4jDyJufMNwOPoVA,1,,https://yt3.ggpht.com/ytc/AIdro_kJUedU2WqwDpcrsmQAb-qEVpLxsjEuxfEMLyaoJb0l-nhb-fCqU55-F6mWWnxz_ZaYDQ=s88-c-k-c0x00ffffff-no-rj,False,False,1781324285.785049
Ugwfm9z9cn4Zl5KepNl4AaABAg,"hukum udah tegak,,cuman manusianya yang miring😂😂😂",4 days ago,@itelrs4-r5b,UCEvIg7biGsDuCQ9spxdMniA,0,,https://yt3.ggpht.com/ytc/AIdro_lgdpvA_04LCOKPWe3I1YeEhJYaqtWqlJB3_w5Y-SM9NcuZbAEzUhZriSocRQguAqTgkA=s88-c-k-c0x00ffffff-no-rj,False,False,1781324285.786688
UgxFnMzxDbgqGH_wXtx4AaABAg,Di hentikan aja pak MBG itu.,4 days ago,@PakDarman-w5k,UCcoQkbjmrUlIiRMlw6IgOMQ,4,,https://yt3.ggpht.com/ytc/AIdro_lXZATiSU94AudKCeqOS-aak7Qi50J9-N9s4qqnF2E7CRmgta6gS959E91ZM-ms0kpswQ=s88-c-k-c0x00ffffff-no-rj,False,False,1781324285.788188
UgxdDkrSxskBqyGAveF4AaABAg,Dpr gk mau ikut sistim nya gmna. Yg penting dapat jatah.,4 days ago,@lukmanaja8006,UC2sXBj5QtGKXfVOQ7DI9YHg,0,,https://yt3.ggpht.com/ytc/AIdro_mlM2rOTyqxACneFkeLw4Oer-_wIIq2wxw6V6CgSpw=s88-c-k-c0x00ffffff-no-rj,False,False,1781324285.789656
UgwnXdcxRGwVVvFizil4AaABAg,MBG di stop siswa TDK ada yg teriak teriak kelaparan!!!,4 days ago,@YonoHeto,UCzQkRnZFpTdhAOQGt9NN5dg,0,,https://yt3.ggpht.com/ytc/AIdro_mS_CCK-QXw5Ab053XYwPFS2OCJIhM__ZIyQCZzNXZysj7xsL0hhcV-s6JSg44FmwyM0A=s88-c-k-c0x00ffffff-no-rj,False,False,1781324285.791134
UgwY3sjIcJXvx2PitiJ4AaABAg,Cara cepat kaya raya kongkalikong berjamaah merampok uang uang rakyat,4 days ago,@benibeni7457,UCyKUYJqnrB_2aDGYPownAQA,0,,https://yt3.ggpht.com/ytc/AIdro_l6LfiGUOovI1gGphSJuRe0J78AzT4UMRYC_hyCjtiSi8XqkNILzrxpVmBSvC9ns51YqA=s88-c-k-c0x00ffffff-no-rj,False,False,1781324285.792611
UgxCfaqjdkh96NU6QO94AaABAg,"MBG HARUS LANJUT TERUS
BAGAMANA NASIB YAYASAN PENGELOLA, NASIB OWNER MODAL MEREKA BESAR LHO",4 days ago,@PoliTron-v2y,UCsnyOnyZx-R6vBbMa0TeLQg,0,,https://yt3.ggpht.com/ytc/AIdro_lImWjpMrIvdRovD-M6t404B4iy4JtBgKSvugbuhj_RH1T6wD48Xs1RhVDJF9ywMr1Udg=s88-c-k-c0x00ffffff-no-rj,False,False,1781324285.794049
UgyZG8_yujUlAE8Xgyd4AaABAg,Menit 15:00 kayaknya udah ga masuk akal karena bawa malaikat,4 days ago,@TheDigidonk,UC6ohNExKDDDb8r9tGECnDjQ,0,,https://yt3.ggpht.com/ytc/AIdro_kDxr5mjway_d5LL8dA4XaxMxOKk57Y__xtpdk_U6286Q=s88-c-k-c0x00ffffff-no-rj,False,False,1781324285.795479
Ugw-hsYbVmBmRo4U1ZZ4AaABAg,Setuju tutup aja mbg biar aman,4 days ago,@nelyyuhana4999,UCNItixfXMq7-yDlpAz6XrTQ,0,,https://yt3.ggpht.com/ytc/AIdro_lmfMlm7mvgCBaKxr28ToxC0pRlCwZwL1OH3sMsflQPBOitVI7HouPqTrq8uBQXl6I5tA=s88-c-k-c0x00ffffff-no-rj,False,False,1781324285.796922
UgyIZKMBWldHK7-M3mR4AaABAg,Itu si Irma Pelaku,4 days ago,@irmanbagoseng9642,UC00clurs65LGbjjfTzticdQ,0,,https://yt3.ggpht.com/ytc/AIdro_nFdJ8XCuQ5aiTtWeRuNWBTuEvQGrckMo6rrrH9HwT29Lg=s88-c-k-c0x00ffffff-no-rj,False,False,1781324285.798383
Ugw2Fsny8tjLtShKE454AaABAg,Nih nenk nenek masih ada?,4 days ago,@BryanAdita,UCh30Sfcf4UX8niwnU_aNdLw,0,,https://yt3.ggpht.com/ytc/AIdro_nSNiYSvPvCCpOaA3XQDR5Z1JbETTCUrC0epju2BYRcUAhWBpYB6ETxcv4epfmtCNjofw=s88-c-k-c0x00ffffff-no-rj,False,False,1781324285.7998
UgymO_150BkYAb2RQLp4AaABAg,"Coba dipikir pakai akal sehat, DPR itu fungsi pengawasan, kalau pengawasan ikut proyek pemerintah jadi pelaksana maka fungsi pengawasan nya itu akan bias dan gagal. 

Maka nya hati nurani dipakai jangan jadi tumpul. Percuma punya jabatan cuma kagak kerja",4 days ago,@FebianLim-v2r,UCccqUFsQYfmrnk2I1at9_kw,0,,https://yt3.ggpht.com/ytc/AIdro_nLfOnFMQ6NzSrw2H6I0IxTOTRaFU4KZF3Ivl1BybLM4uIzdNMIJ_YKaZy2rosNSpTifw=s88-c-k-c0x00ffffff-no-rj,False,False,1781324285.801237
UgwGmMQbGqLWU7JdiRp4AaABAg,"Memang Indonesia ini  adalah negara rajanya korupsi sedunia, lihat saja apapun jenis kegiatan yg menyangkut kegiatan negara dan perintahkan apalagi dalam peluang penerimaan pegawai negeri  KKN luar biasa terjadi. Memang Indonesian  ini rajanya para Koruptor. Pantas negara Indonesia ini di juluki Negara paling korup sedunia.",4 days ago,@Drs.Jalaluddin,UCdLwfnWSDjMzPFYr7UP0-Vg,0,,https://yt3.ggpht.com/ytc/AIdro_mmsD-lV1KwwETxT6mmremZdbV8RUlIGafNT-jYKHLRNAtUV3Th-FV9QR6jqDcCNsX9gA=s88-c-k-c0x00ffffff-no-rj,False,False,1781324285.802683
Ugxp61Ly5IENs7CD20l4AaABAg,"Kami yakini Irma terlibat,,dan harus di usut,,",4 days ago,@IrwanHasyim-v6v,UCURIYR6vtQMnZNU8EpWOJPg,0,,https://yt3.ggpht.com/ytc/AIdro_k_YYK3DguaTmEf0OS9ni-p8B3OjUgYPwUVGcv44bnzgXOkhkPcnYEaaiqygACONf8Oaw=s88-c-k-c0x00ffffff-no-rj,False,False,1781324285.804083
Ugxpb51KXos739mTMEl4AaABAg,"Dari bahasa tubuh ibu Irma kemungkinan terlibat,,",4 days ago,@IrwanHasyim-v6v,UCURIYR6vtQMnZNU8EpWOJPg,0,,https://yt3.ggpht.com/ytc/AIdro_k_YYK3DguaTmEf0OS9ni-p8B3OjUgYPwUVGcv44bnzgXOkhkPcnYEaaiqygACONf8Oaw=s88-c-k-c0x00ffffff-no-rj,False,False,1781324285.805459
Ugz397KBjTiDkF5Dk7l4AaABAg,DPR apa gunanya kau,4 days ago,@agusramlan2697,UCFSvCBRbNZ6Qh4k_9KTUVNA,0,,https://yt3.ggpht.com/ytc/AIdro_n2udBzeYBteVO94AOvACDKqyHN4sBTqV2YenVzO3Y2Ic5h7sd9c1UhQi-g7V9kvb_L3A=s88-c-k-c0x00ffffff-no-rj,False,False,1781324285.806947
UgynnxkNhLkC1XZflmJ4AaABAg,Mas guntur keren banget,4 days ago,@khaerusholeh1702,UCodDvL8DS346WGSiSuH_efA,0,,https://yt3.ggpht.com/THviFpJVpXPoZsDMZO7k1io2jJlzwGanL-H6lI435J98LSyolXKV70bV70-hPDugTdgnpPRD=s88-c-k-c0x00ffffff-no-rj,False,False,1781324285.808398
Ugxo7heG5LojmdkufmF4AaABAg,"Ini politisi PDI masalah korupsi bawa2 malaikat,, malaikat mana yg mau korupsi kalau malaikat tidak takut sama Tuhannya bukan malaikat itu iblis",4 days ago,@Noval_cat,UCQDht55U35mZ33YwgdDO53A,0,,https://yt3.ggpht.com/rYnugQgEC8k9BQXvQXxW7eWK3mEigB8OC3vbpiIv2dzeZoDlH65Ze5BalDE8m4kOzOpOwrDe=s88-c-k-c0x00ffffff-no-rj,False,False,1781324285.809827
Ugwjfvfw3eCctSFv7sl4AaABAg,Mau cuci tangan semua DPR,4 days ago,@ErwinUmar-xx2vy,UCGihF_4KDrMuIWINqfEizvw,0,,https://yt3.ggpht.com/ytc/AIdro_nLaihxDFVmnJ3BNrRAmxQrbA_mCKWJCT4LKngxCiB_0GgMeT12zvtvULsylDTrrmZaZg=s88-c-k-c0x00ffffff-no-rj,False,False,1781324285.811274
UgycRThANjVHcg47bwR4AaABAg,"PDIP bisa banget positioning nya, mendadak nyebrang jauh",4 days ago,@gunsafandi2957,UCA0LTJ5v26dT29BJOVfReqw,0,,https://yt3.ggpht.com/ytc/AIdro_kpG-t8mMHCon-VSeSSc4-KbPIpjD2YCWNLt-ErA5jbn3w=s88-c-k-c0x00ffffff-no-rj,False,False,1781324285.812648
UgzpBKrLt0zbCbkhj954AaABAg,"GUNTUR GUNTUR cuma anggota PDIP bukan anggota DPR miskin literasi, kalo lu di posisi penguasa pemerintah 95% melakukanya JANGAN MUNAFIK lah lah wong org PDIP banyak yg punya dapur lihat aja nanti sony sanjaya buka bukaan 😅😅😅",4 days ago,@Geo_id-t3f,UC3cE7Cp-4dmvKzxQKJ3MmyQ,0,,https://yt3.ggpht.com/ytc/AIdro_nNCj9e3sfGZVg1xsdbHt-uD6kBuYJTAVVSDVOdMAPzqPs=s88-c-k-c0x00ffffff-no-rj,False,False,1781324286.032529
UgyTap5Q8WnrSgH_T394AaABAg,"KALO RAKYAT PEMBAYAR PAJAK
JANGAN CUMA PANJA APA PANSUS APA HAK ANGKET HAK PELET HAK KOPET HAK SANTET AH KECIL
RAKYAT CUMA MANUT SUDAH DAPAT SEMBAKO PANSOS DAN SERANGAN JAKPAR
HHHH NEPALKAN AJA ORANG ORANG KOROP BIN DHOLIM 😊😊😊",4 days ago,@PurwantoDewanto,UCBpi-iuzUQBlGprGPsrL5ow,0,,https://yt3.ggpht.com/ytc/AIdro_l1zU22StKNf871dicTQBDk4x19Yspedvo2dT3lgfSr6SUuLOsP9TA7e55SMaN_kxlqmQ=s88-c-k-c0x00ffffff-no-rj,False,False,1781324286.034153
UgwrA-aahduew6Yld-p4AaABAg,Ema caniago ternyata maling,4 days ago,@prasetyoendarw3279,UCJ7DIKiAWruuos-jKgueviA,0,,https://yt3.ggpht.com/ytc/AIdro_kj_gGcVnp5NtslU3iupS3u_g0JyKU0YHhcFuPe_GJ_qWg=s88-c-k-c0x00ffffff-no-rj,False,False,1781324286.035618
UgyKRCT4G0H-TD1Kqcl4AaABAg,"Bapak yg dari DPR yg laki laki ini, sepertinya berpihak pada MBG, seolah olah jadi pengacara MBG.",4 days ago,@Oppo-l3o2d,UCs-7piVri6n0SuHj0hSXe0A,0,,https://yt3.ggpht.com/ytc/AIdro_newj8FI17quPWU25QV_GFxmnAGM6OrT2V97zq2b27Fos25nnbbNbcnySm1XhYTELgi9Q=s88-c-k-c0x00ffffff-no-rj,False,False,1781324286.037059
UgznnJ-GmsGjtrCGtwV4AaABAg,Merrasa sakti karena menganggap semua lini  sudah kebagian yang akan menjadi benteng  pembela bila ada yang mengkritik,4 days ago,@fajar554,UCA22LBdJgSsT5I42nbDeqlA,0,,https://yt3.ggpht.com/ytc/AIdro_kvCsxlylSArSliPeSvgrf-EeKFKuO6INbICZhS0ipNRDs=s88-c-k-c0x00ffffff-no-rj,False,False,1781324286.038504
UgyU3trPZFuQ-6v6xA54AaABAg,SIBUK URUS DAPUR,4 days ago,@KaspulAnwar-t1j,UC8k9-iNEuQ3z7cV9FS2t2lw,0,,https://yt3.ggpht.com/4oCdSk1L-tmIBe3H3iG-t_mavkJdXAq5apNaM1CoHs-_FpzcEExLo4YOpFu_hC5nP315B1AC=s88-c-k-c0x00ffffff-no-rj,False,False,1781324286.040004
UgxSDAdIJKCrVj0XtPJ4AaABAg,KEWAJIBAN UTAMA PARA APARAT PEMERINTAH KALAU PUNYA SPPG AKAN TERPINGGIRKAN,4 days ago,@KaspulAnwar-t1j,UC8k9-iNEuQ3z7cV9FS2t2lw,0,,https://yt3.ggpht.com/4oCdSk1L-tmIBe3H3iG-t_mavkJdXAq5apNaM1CoHs-_FpzcEExLo4YOpFu_hC5nP315B1AC=s88-c-k-c0x00ffffff-no-rj,False,False,1781324286.041455
Ugx4UUol-TEIOf7rucJ4AaABAg,"GAK ADIL NEGARA KALAU BEGITU
HANYA PIHAK2 TERTENTU YANG BISA PUNYA SPPG KALAU PEEMRINTAH IKUT PUNYA SPPG",4 days ago,@KaspulAnwar-t1j,UC8k9-iNEuQ3z7cV9FS2t2lw,0,,https://yt3.ggpht.com/4oCdSk1L-tmIBe3H3iG-t_mavkJdXAq5apNaM1CoHs-_FpzcEExLo4YOpFu_hC5nP315B1AC=s88-c-k-c0x00ffffff-no-rj,False,False,1781324286.0429
UgwVVZ0Y6yhJGIiwPmN4AaABAg,"Bu Irma,cucu saya dibekasi juga bawa taperware utk bawa pulang MBG nya,tapi gak dimakan(dibuang,kadang bau aneh😂) karena dia bilang enakan masakan Utinya(neneknya)
Bawa taperware GK jadi ukuran MBG itu berhasil dan manfaat ya",4 days ago,@jefrisafrudin2123,UC-RS0b1800VBynY0-IiI4BQ,0,1,https://yt3.ggpht.com/ytc/AIdro_l6E4VQ5bSVUWr3a5HiE1HkjB5QbGNJGEkKp-IAXGU=s88-c-k-c0x00ffffff-no-rj,False,False,1781324286.044322
UgzkSCF2CZ4173w_-Ct4AaABAg,Dia bertiga pelaku,4 days ago,@Marpaung143,UCBRiRxP2JjIvlMjCONcASVg,0,,https://yt3.ggpht.com/6_hyHmtlQs20NOUVXLqaM3sVqUR65_NOx8mD71x8m-FplCtIE5ACbEjG1DZ1a0NnqcJFud5kjQ=s88-c-k-c0x00ffffff-no-rj,False,False,1781324286.045754
UgzW2kkG5zQ-9gW5s5h4AaABAg,"Buk yg perlu di kontrol, pelaksanaan Perpres, sesusaingak dengan yg dilaksanakan. Itu tugas DPR buk.",4 days ago,@Oppo-l3o2d,UCs-7piVri6n0SuHj0hSXe0A,0,,https://yt3.ggpht.com/ytc/AIdro_newj8FI17quPWU25QV_GFxmnAGM6OrT2V97zq2b27Fos25nnbbNbcnySm1XhYTELgi9Q=s88-c-k-c0x00ffffff-no-rj,False,False,1781324286.047171
UgzU3z-KCCTLG4bqd6l4AaABAg,"teru yang approved kan anggaran dari kemenkeu siapa yak ?
selama dana gak di approved ya gak akan cair, 
masa gak ada apprvoval berlapis ??? kalah sama swasta",4 days ago,@mrah3562,UCcBb86gYG5YyZtJId9-HQEQ,0,,https://yt3.ggpht.com/QKVFHmr8w-OhIemLFj1rLrIJ5sJYsvBuBFuFWYe_kdOYT0EB7FlSpkAWOYpieiBHYJ1KiTxC=s88-c-k-c0x00ffffff-no-rj,False,False,1781324286.048594
UgzML17CIQfY9TVFHRx4AaABAg,Siapapun boleh kata irma karena irma cantiago punya brp sppg,4 days ago,@jakatingkir137,UC1Q0DeXJsO1SKigbThoo3iw,0,,https://yt3.ggpht.com/ytc/AIdro_kjUVrqCB6UWF75gLzU932nE3hFxWgq9DnF2J5ZgTdjAIb7ONkpz4bBRKOhrX02vgoUJA=s88-c-k-c0x00ffffff-no-rj,False,False,1781324286.050033
UgwUC0tgFF4O-6Fdlfh4AaABAg,"DPR terlalu banyak aturan, yang dibuat alasan, sehingga menyulitkan rakyat kalau ada masalah begini. DPR ini kesannya makin jauh dari jangkauan rakyat. padahal kalau ada peluang korupsi mereka rebutan untuk dapat bagian. parah",4 days ago,@andre_543-s7j,UCms2kPDcEJaAQFMli7DquMQ,0,,https://yt3.ggpht.com/VXP9Dl1E-PMIUcoDh66ByLoMvgNT_GoYBhxGvlUYorG_GcDDgZ_DFYu-29nyrYYXj_BRmO6e=s88-c-k-c0x00ffffff-no-rj,False,False,1781324286.05148
Ugxx-QzvmgXRn2U5z114AaABAg,"Banyak orang pinter di negara ini secara teori, tapi banyak orang bodoh menerapkanya",4 days ago,@MamingMing-o1l,UCpScG92LF5fB4gIs6QDGK3w,0,,https://yt3.ggpht.com/ytc/AIdro_mzwk73fmnfDwFs4aca8l6kkQx6GyTAVAtENSyHlH_Zex_oOyaCVbcQl_w7mzDMX7MLRg=s88-c-k-c0x00ffffff-no-rj,False,False,1781324286.052953
UgwValNI5bGy4bjNTnN4AaABAg,"MBG adalah Proyek bagi bagi uang rakyat buat pendukung Pemerintah 2029 berkedok Makan Gizi.  20% buat makanan, 80% buat koruptor 😂😂😂",4 days ago,@teddy-y7o,UC9JF_d2RzfVpRmSUjR9898Q,0,,https://yt3.ggpht.com/ytc/AIdro_kiE8Br4e-8yu4POEnhTCOca59YkXMWPVAA95AjO82ww8G_mQeVI6M1wKrGyNZhKuYEpw=s88-c-k-c0x00ffffff-no-rj,False,False,1781324286.054464
Ugz5fbln4cQjWwDYlu54AaABAg,STOP MBG CUMA BUAT BANCAKAN ELIT,4 days ago,@wahyunovandi6427,UCYIBLuvmJmEH9Cyi6ic_L6Q,0,,https://yt3.ggpht.com/ytc/AIdro_nV0InkwIFg80OaA_B2CGHysV4pS1qu5-m0iUYCcETTV0k=s88-c-k-c0x00ffffff-no-rj,False,False,1781324286.055926
UgywhJRIUAv9zoZ-Nxp4AaABAg,Ni siapa orang nglantur ini ngomong. Ngomongnya tidak sesuai dengan realita saat ini.,4 days ago,@Oppo-l3o2d,UCs-7piVri6n0SuHj0hSXe0A,0,,https://yt3.ggpht.com/ytc/AIdro_newj8FI17quPWU25QV_GFxmnAGM6OrT2V97zq2b27Fos25nnbbNbcnySm1XhYTELgi9Q=s88-c-k-c0x00ffffff-no-rj,False,False,1781324286.057377
Ugx6oc01wBNXFSGFjz14AaABAg,Argumen irma sangat lembut tdk kayak biasanya..jgn2 ada indikasi  irma  kesangkut,4 days ago,@cr0w766,UCjshyZ0-Gc7Ylilflmlga-g,0,,https://yt3.ggpht.com/q2xZ3BIrsHG50vmeTYCEey5Ck76K_7MnmNQNJKX4IGzibNRzURP9PL8NTy9QfZGle2ulOz4H=s88-c-k-c0x00ffffff-no-rj,False,False,1781324286.058777
UgyYpgbV_LQ9gTsY3Eh4AaABAg,"Bu Irma kok bilang ""jangan mengaburkan masalah utamanya""
Masalah utamanya adalah uang MBG ini dijadikan Bancakan korupsi oleh kalian yg disebut oleh si Sony itu,ayo buktikan kalau kalian bersih",4 days ago,@jefrisafrudin2123,UC-RS0b1800VBynY0-IiI4BQ,0,,https://yt3.ggpht.com/ytc/AIdro_l6E4VQ5bSVUWr3a5HiE1HkjB5QbGNJGEkKp-IAXGU=s88-c-k-c0x00ffffff-no-rj,False,False,1781324286.060223
UgwVVZ0Y6yhJGIiwPmN4AaABAg.AXz9-jogjbZAXz9m5mX5CX,"Bagus berarti anda orang mampu, yang sy ga suka dari anda MEMBUANG makanan 🤦‍♀️, di sisi lain orang miskin jangankan makanan hanya bau sedikit yg sudah di tempat sampah aja di pungutin buat dimakan 🤦‍♀️🤦‍♀️🤦‍♀️",4 days ago,@Geo_id-t3f,UC3cE7Cp-4dmvKzxQKJ3MmyQ,0,,https://yt3.ggpht.com/ytc/AIdro_nNCj9e3sfGZVg1xsdbHt-uD6kBuYJTAVVSDVOdMAPzqPs=s88-c-k-c0x00ffffff-no-rj,False,True,1781324286.21209
Ugw-7IKWHQy5PqIOXd14AaABAg,"Beredar masih ada 26 orang, gw gak yakin bakal nambah, kalau berkurang dari 26 mungkin, anggap aja nyebut 26 orang kemarin keceplosan",4 days ago,@HeruPrabu,UClGWWAPyyzHWG4IhK-6xpww,0,,https://yt3.ggpht.com/RU9xNw2fJMHS8Zm7yeqaEJLRh5vMrmkpMED-OjAimV-nnFBM2P-phsuXU6sWCh4tqsyMV8Jkuw=s88-c-k-c0x00ffffff-no-rj,False,False,1781324286.419645
UgyFd9EVvYXHVqWsul14AaABAg,"Susah kalau ada kepentingan disitu, jelas   ndak mungkin netral. Takut ndak ada sudah cuannya.",4 days ago,@jokosudarmanto8873,UCiebKWNcXNXkexlSbSp7rHw,0,,https://yt3.ggpht.com/ytc/AIdro_nEo5a-XBvgX1QBhht_1VfUY9g2gzNJOqyAQD_L9oo=s88-c-k-c0x00ffffff-no-rj,False,False,1781324286.421281
UgxgwT5IVCjoCSIMdnZ4AaABAg,mungkin yg dimaksud ngga tau barangnya tau uangnya,4 days ago,@taufanputranto5447,UCpdLFQ-TDrZz8uHhikvP8aQ,1,,https://yt3.ggpht.com/ytc/AIdro_kb8S97nbVtONnO9Vk2MWqgen9aOAMjHT_eerbJdkg=s88-c-k-c0x00ffffff-no-rj,False,False,1781324286.422736
UgynORELAYAFKbJbGwR4AaABAg,"Persokongkolan para elit politik, cuma Anies yg bersih dari korupsi 👍",4 days ago,@amirruddin126,UCZ-m16EsNpfDUuwOZ2uq9Jg,0,,https://yt3.ggpht.com/70CsgNnbxhGw9v-L0NdGRM35wfRW57kzncZJVf-XKep9CbJAOLlDBG13FsSZWuwELoBxaMhJ=s88-c-k-c0x00ffffff-no-rj,False,False,1781324286.424185
Ugy39F60sqgPV6Eb-gF4AaABAg,PDIP numpang di ombak orang lain.,4 days ago,@yovisun222,UCN3tAT1NJA-hzCwQ0X5D-Sg,0,,https://yt3.ggpht.com/ytc/AIdro_n7xX6OUuZxKF28W-R8YIMw99ULB1IPOq-mQYxOWzM=s88-c-k-c0x00ffffff-no-rj,False,False,1781324286.425642
UgwKOdiIvC_ZLzhlVMV4AaABAg,"Sebaiknya MBG dan KDMP dihentikan untuk selamanya, karena ini menghambur hamburkan uang rakyat yang dikelola pemerintah, karena dua duanya tidak efektif. Klir itu.",4 days ago,@nusantaraproperty3352,UCK1qlcVqGF3XglhTQWTF8Tw,0,,https://yt3.ggpht.com/ytc/AIdro_mQPSrH_ciG7qqWxXbvLdt-yOWg8iIxIJ94kZavog4xQVh7F-Pwyaiwm5oLdrxwNC7pVw=s88-c-k-c0x00ffffff-no-rj,False,False,1781324286.427086
UgwrEHDwcCodCWHF34p4AaABAg,KLO ga mau di hnti kan harus nya kompak siswa atau dri sekolah pada menolak,4 days ago,@MidiAtarmidi,UCwp8W3rS_ZrVRZjgjFIbKIw,1,,https://yt3.ggpht.com/ytc/AIdro_kIQd925lZn3kNvSQBuSIvxotU3QPyWJUGr6nl8J4Bbkl1bcFpzgHabStJf-LedxUFwQA=s88-c-k-c0x00ffffff-no-rj,False,False,1781324286.428517
UgzD9QFbrwfjfznMYWV4AaABAg,"Kalay komisi 9 ga tau, berarti fungs pengawasannya dimana?",4 days ago,@samueron,UCdN1kidWXRML3lp4dLEqA5w,0,,https://yt3.ggpht.com/ytc/AIdro_np8k_kGAmqk983-G0t0spv-nnvDaP9vWk7pHFZlAs=s88-c-k-c0x00ffffff-no-rj,False,False,1781324286.429912
UgyYm3C_9Tbw2eF__BZ4AaABAg,Baju pink sudah salah ngeyel salah tetap salah,4 days ago (edited),@AbdiSbastianofficial,UC3F5YY9j8Wp2GUFms13YtZg,0,,https://yt3.ggpht.com/2HNc2afO4BiaabxDxXoedVPPE8LfiboSAEGoJVydrynWRMIPWKuaVjiqRiODwbNm69RqfOcR=s88-c-k-c0x00ffffff-no-rj,False,False,1781324286.431397
UgyUfw-0nRUDS3KpwdJ4AaABAg,"Buat apa diadakan MBG cuma sarang korupsi, negri ini sdh darurat korupsi krn awalnya pembiaran utk jebakan 🙏",4 days ago,@amirruddin126,UCZ-m16EsNpfDUuwOZ2uq9Jg,0,,https://yt3.ggpht.com/70CsgNnbxhGw9v-L0NdGRM35wfRW57kzncZJVf-XKep9CbJAOLlDBG13FsSZWuwELoBxaMhJ=s88-c-k-c0x00ffffff-no-rj,False,False,1781324286.432825
UgwYuUIC4_y_qf_KI194AaABAg,"Terlalu sakti ya Bu?

Ya angket dong Bu.",4 days ago,@AkynConque4,UCDOtsiTji2N5wBTsL-w8SSw,0,,https://yt3.ggpht.com/ytc/AIdro_mIq3VHfPUrGhS9seKsJqeGzc2vC6doz0-nM2OENLkRxafGhMnaFzOjB0stCwcIPBngbw=s88-c-k-c0x00ffffff-no-rj,False,False,1781324286.434238
UgxkwZFO4ZXOixb0Eq94AaABAg,"Korupsi KDMP jauh lebih besar d bandingkan program MBG, pembangunan gerai dn pengadaan mobil informasi publik korupsinya sekitar rp 1 m milyard kali 80.000 desa, kerugian keuangan negara bs mencapai 80 triliun, krn pinjaman DANANTARA d kembalikan dati APBN.",4 days ago,@Bambangsuroso-o2i,UCU7qXm0rlEogHlkW20xANdg,0,,https://yt3.ggpht.com/ytc/AIdro_m2g__-AwGH6u1SreUmeLJsbDUdg8YZ10Q5tzJdqWSe_Y4L-l6LGvHa66Ro1s_bmfGeFw=s88-c-k-c0x00ffffff-no-rj,False,False,1781324286.43565
UgxeTc1c3-q5vGSmDwp4AaABAg,Gak ada manfaatnya stop mbg,4 days ago,@LennySialalhisidabutar,UCdvCRlDopr7kTONUbtyyuxg,0,,https://yt3.ggpht.com/ytc/AIdro_lDxJM6E-idm3SnDrGSZhhFBZ86cYvNwm709qLUMNfuJ88H4QqPg4TZLcXzk54QlooBwg=s88-c-k-c0x00ffffff-no-rj,False,False,1781324286.437063
UgyFHCZuHsaI2IIcZXd4AaABAg,"Program nya bagus, tapi pengawasan nya lemah. Artinya perlu pengawasan yg ketat karena rawan di korupsi",4 days ago,@BINTAN_CCTV,UCoUP4zXB765D4E1gFWu13lA,0,,https://yt3.ggpht.com/ZwmFLFZf26hlBR6gxN6CN-GVIifcJI-v_KbYePCCJ6yl-Sk9T5WEF-3h9vVRI_nXCxSuZfT5=s88-c-k-c0x00ffffff-no-rj,False,False,1781324286.438513
UgwBne4UeXtPK1MreMF4AaABAg,Bang Ray Rangkuti si coklat dan loreng ikut mengawal kemenangan 02 direkayasa.,4 days ago,@SuharnoSuharno-c6l,UCoLqQYAcYpxWEvxWCnRaz8Q,0,,https://yt3.ggpht.com/ytc/AIdro_mhpdt52gf-ewuMICMSpf58jqqKXetktX-rAgmJkXZktJrVu4vDkBYngfAtIfmb6uJy3w=s88-c-k-c0x00ffffff-no-rj,False,False,1781324286.439898
UgwmdjHXI59ZJd8vmbh4AaABAg,"Soal gizi bukan BGN yg atur ,ada pihak kesehatan yg tau tentang gizi",4 days ago,@LennySialalhisidabutar,UCdvCRlDopr7kTONUbtyyuxg,0,,https://yt3.ggpht.com/ytc/AIdro_lDxJM6E-idm3SnDrGSZhhFBZ86cYvNwm709qLUMNfuJ88H4QqPg4TZLcXzk54QlooBwg=s88-c-k-c0x00ffffff-no-rj,False,False,1781324286.441347
Ugz_qcCsvb7I-xvNILN4AaABAg,"Yg bilang hapus mbgtu rata 2 orng kaya
 Kasian yg membutuhkan",4 days ago,@sumiyatijingglong6495,UCFbQG7JuzXIAw2Asyr0AgeA,0,,https://yt3.ggpht.com/ytc/AIdro_nlBilyjMA1U52oKK26XZ_UcnniCFBmVBEaZcWRZocnDN18ZKMnESUSGCHsm8S0Thv9RQ=s88-c-k-c0x00ffffff-no-rj,False,False,1781324286.442833
UgwJCzxx22oS4wVszqd4AaABAg,Ga bisa dibedakan mana pemerintah mana anggota DPR jawabannya glagapan ga mungkin ga tau semua dah tau rekam jejaknya,4 days ago,@AcengYusup-j9z,UCtP9EK05fAegFHN6uwllODQ,0,,https://yt3.ggpht.com/ytc/AIdro_nzf_38osY0eh7aPQbfKu6wRof-DTAs7pSaNm9ZMqGPUJFfWyS5SFzzSHFBOz2qGsV8gw=s88-c-k-c0x00ffffff-no-rj,False,False,1781324286.444263
UgycqJZriNcDnPD8F6N4AaABAg,"MBG gak ada gizi pak ,stop mbg",4 days ago,@LennySialalhisidabutar,UCdvCRlDopr7kTONUbtyyuxg,0,,https://yt3.ggpht.com/ytc/AIdro_lDxJM6E-idm3SnDrGSZhhFBZ86cYvNwm709qLUMNfuJ88H4QqPg4TZLcXzk54QlooBwg=s88-c-k-c0x00ffffff-no-rj,False,False,1781324286.445658
UgzGYy0vRcrSrdRPL-54AaABAg,"Heran sama DPR, bukannya mau jadi penyeimbang pemerintah malah kesannya jubir pemerintah",4 days ago,@ahmadwilda1514,UC9rcp0QQ6_UXrxGj4pmaWmQ,34,1,https://yt3.ggpht.com/ytc/AIdro_mQMlwuqfyiCoWDb3jchvpnEF_GUGBbqdRZZy7paBg=s88-c-k-c0x00ffffff-no-rj,False,False,1781324286.447055
UgzGYy0vRcrSrdRPL-54AaABAg.AXz46mihJflAY1WJ_aP7iC,Yang penting tetap fokus pada hal-hal yang bermanfaat dan berdampak positif untuk masyarakat 🙌,2 days ago,@AsmalaSYakil-fn8oy,UCQ1aagQcXCYE2HISXKUoGlg,0,,https://yt3.ggpht.com/feD2LBe2x8qdKtxY_XUqkAFwFmWqU9QcdpqQZmw2ZT-K1d-b72WgIZPXwSx22bAHSco4Fu1DAw=s88-c-k-c0x00ffffff-no-rj,False,True,1781497086.604736
UgwbGYM5LFZkQS5pd_p4AaABAg,"KH. Abdurrahman Wahid dilengserkan MPR karena bansos, sekarang yg maling uang rakyat APBN / MBG terus memaksakan tuk jalan.",4 days ago,@SuharnoSuharno-c6l,UCoLqQYAcYpxWEvxWCnRaz8Q,0,,https://yt3.ggpht.com/ytc/AIdro_mhpdt52gf-ewuMICMSpf58jqqKXetktX-rAgmJkXZktJrVu4vDkBYngfAtIfmb6uJy3w=s88-c-k-c0x00ffffff-no-rj,False,False,1781324286.817582
UgxqNqDK7ySC6yhH5N14AaABAg,Yg bilang MBG tu orang mampu ya wajar lah minta di hapus,4 days ago,@sumiyatijingglong6495,UCFbQG7JuzXIAw2Asyr0AgeA,0,,https://yt3.ggpht.com/ytc/AIdro_nlBilyjMA1U52oKK26XZ_UcnniCFBmVBEaZcWRZocnDN18ZKMnESUSGCHsm8S0Thv9RQ=s88-c-k-c0x00ffffff-no-rj,False,False,1781324286.819226
Ugx328YN_GNEzAGTUeh4AaABAg,"GERWANI GAK PANTAS DIAJAK DISKUDI ,PANTASNYA DI EKSEKUSI",4 days ago,@Kusuma-b3u,UC8vRdbt5RecN_zVv7Yuqq4g,0,,https://yt3.ggpht.com/ytc/AIdro_kgo5-MnM8oZR7nY16V-tDL5_A6dKIJoQqTwiqSgTbZYwwthXx2pd4s6k-o2cXayo3jJA=s88-c-k-c0x00ffffff-no-rj,False,False,1781324286.820736
Ugy9xwrzEia34TsbM-54AaABAg,"Rakyat kita masih butuh MBG
Kami sarankan lanjut terus",4 days ago,@sumiyatijingglong6495,UCFbQG7JuzXIAw2Asyr0AgeA,0,,https://yt3.ggpht.com/ytc/AIdro_nlBilyjMA1U52oKK26XZ_UcnniCFBmVBEaZcWRZocnDN18ZKMnESUSGCHsm8S0Thv9RQ=s88-c-k-c0x00ffffff-no-rj,False,False,1781324286.82221
UgyMatvhLlHG7fKnXmd4AaABAg,Ilmu ndompleng biar di sebut pro ràkyat,4 days ago,@syafiqkhairynasywan9223,UCseqk31QBUnezP8N9bH9gIw,0,,https://yt3.ggpht.com/ytc/AIdro_naO-4sl0iNRVIYMFKE_1w3KRZjdoujRE8fqBUpRMF4hqBpAhmO9ovoOzKerN1x_oFJ6Q=s88-c-k-c0x00ffffff-no-rj,False,False,1781324286.823612
UgwjqZNGeKq4TS8a4l14AaABAg,"Setuju Program Prioritas dengan anggaran Sangat Besar Kok tata kelolanya Seperti itu 
Baik nya di stop saja MBG",4 days ago,@petrusatot6370,UCJxDrcG_pu32H6uKfPHtwjg,0,,https://yt3.ggpht.com/lnxobiNJeA8KWmCisIBvHQ28FydG_Yf8n8ilkQCdICG_zfAR9Fw8gfI2nGzZuxgoYDgdiPUxlg=s88-c-k-c0x00ffffff-no-rj,False,False,1781324286.825011
UgwQcewjqhEy9hmGP3F4AaABAg,"Bukan pengalihan isu Suryani ,memang fakta terjadi",4 days ago,@LennySialalhisidabutar,UCdvCRlDopr7kTONUbtyyuxg,0,,https://yt3.ggpht.com/ytc/AIdro_lDxJM6E-idm3SnDrGSZhhFBZ86cYvNwm709qLUMNfuJ88H4QqPg4TZLcXzk54QlooBwg=s88-c-k-c0x00ffffff-no-rj,False,False,1781324286.826472
Ugw3t_8ND3GIXhWM9FB4AaABAg,Logika warasmu suryani  layak kah anggota dewan polisi TNI ikut punya dapur,4 days ago,@LennySialalhisidabutar,UCdvCRlDopr7kTONUbtyyuxg,0,,https://yt3.ggpht.com/ytc/AIdro_lDxJM6E-idm3SnDrGSZhhFBZ86cYvNwm709qLUMNfuJ88H4QqPg4TZLcXzk54QlooBwg=s88-c-k-c0x00ffffff-no-rj,False,False,1781324286.827895
UgwhJmtU1J3G1HdejjZ4AaABAg,"Fokus untuk daerah 3 T, sekolah2 di ygy gak usah,sudah kaya2 didini",4 days ago,@mamileo-w9r,UC13LYayb8xj0uFQvN1yef4w,0,,https://yt3.ggpht.com/ytc/AIdro_m1EEJmb4AB8E_nD2eq-iMSjmxR3lNZovQx_YA7vAqDi3v7-00Cbm8bWsbU_5uzAC5PLA=s88-c-k-c0x00ffffff-no-rj,False,False,1781324286.829327
UgyaAHyak0U7Vy6GZeh4AaABAg,menyala pdip,4 days ago,@CandraHacker,UCMXEQRwAXZNSMBZ9KPNQG9g,0,,https://yt3.ggpht.com/ytc/AIdro_nr9xE_2vBhbh6K--Fq-aive21XyEQnu2y02BiS_JoIPeuEzrRmJAz6CHewA8Z5_h4Pew=s88-c-k-c0x00ffffff-no-rj,False,False,1781324286.830744
Ugyylsi9943aGMQ8THl4AaABAg,"Bgn tutup, diaudit dulu",4 days ago,@mamileo-w9r,UC13LYayb8xj0uFQvN1yef4w,0,,https://yt3.ggpht.com/ytc/AIdro_m1EEJmb4AB8E_nD2eq-iMSjmxR3lNZovQx_YA7vAqDi3v7-00Cbm8bWsbU_5uzAC5PLA=s88-c-k-c0x00ffffff-no-rj,False,False,1781324286.832342
Ugz4mHmyD5r_dj7w5zh4AaABAg,Kembalikan anggaran pendidiikan,4 days ago,@fredyantoni4296,UCgL0RrMjFA3deSK2R-S8D2A,13,,https://yt3.ggpht.com/pHsCbAs3edi00xNfL2cnHJCEj1dGK4Zr6joac_UlBrYQ_0Ew7-xgtWuPj4qBYNFWGdY9Qm5wSA=s88-c-k-c0x00ffffff-no-rj,False,False,1781324286.833861
UgxY32jtqTcFlWJLwJx4AaABAg,"Di pemilu 2029 nanti hai seluruh rakyat Indonesia jangan pilih DPR yg berasal dari Parpol koalisi  Prabowo/ Gerindra seperti; Golkar,PAN, Demokrat, Nasdem, PKS dll krn partai2 8ni sekongkol utk berkorupsi berjemah dan balas budi Prabowo via MBG",4 days ago,@SiusHibur,UCUMqqY3ia7evJ3ORog0S71w,0,,https://yt3.ggpht.com/ytc/AIdro_mJWnsy-4D0HHK7e70lAjKZZtXkBBcCBOJGArgGB83flQAgJc3mP46709hKr12KPbfx0A=s88-c-k-c0x00ffffff-no-rj,False,False,1781324286.835386
UgyJR2qnjy78FTa0mrl4AaABAg,Siapa yg percaya penegak saat ini,4 days ago,@LennySialalhisidabutar,UCdvCRlDopr7kTONUbtyyuxg,0,,https://yt3.ggpht.com/ytc/AIdro_lDxJM6E-idm3SnDrGSZhhFBZ86cYvNwm709qLUMNfuJ88H4QqPg4TZLcXzk54QlooBwg=s88-c-k-c0x00ffffff-no-rj,False,False,1781324286.836809
UgylpBdfLXTgRO8xbtx4AaABAg,Ngeles Lo!!!!!,4 days ago,@taufikibrahim3760,UCoGslbEajj0ReEXCXzferOA,0,,https://yt3.ggpht.com/ytc/AIdro_kK0rTXH0iAhfdEWqWsqLAEGPbYq8CeENXScyAktzU=s88-c-k-c0x00ffffff-no-rj,False,False,1781324286.838543
UgzJQ81aMSf-fH97wPJ4AaABAg,Anggota DPR jadi kerjanya apa. Kalau masalah ini ngk tau??? Koplak,4 days ago,@taufikibrahim3760,UCoGslbEajj0ReEXCXzferOA,0,,https://yt3.ggpht.com/ytc/AIdro_kK0rTXH0iAhfdEWqWsqLAEGPbYq8CeENXScyAktzU=s88-c-k-c0x00ffffff-no-rj,False,False,1781324286.840272
Ugznhj9tbayTRt0-B2h4AaABAg,Stop mbg,4 days ago,@LennySialalhisidabutar,UCdvCRlDopr7kTONUbtyyuxg,0,,https://yt3.ggpht.com/ytc/AIdro_lDxJM6E-idm3SnDrGSZhhFBZ86cYvNwm709qLUMNfuJ88H4QqPg4TZLcXzk54QlooBwg=s88-c-k-c0x00ffffff-no-rj,False,False,1781324286.841794
UgyQEzqFtwUKCoMqvl14AaABAg,Yang pasti hentikan MBGyg tdk bergunq,4 days ago,@ArlongMaifa,UCi2t1wacs2KVzDlQs5qPUqA,1,,https://yt3.ggpht.com/ytc/AIdro_lE-2v4pt1Am5Vt4Pedf4xjFjaVCExlg_cJVl7OY2xcwvV1BhXRzUSHIHLwFa5dONFuTw=s88-c-k-c0x00ffffff-no-rj,False,False,1781324286.843316
UgwB9q4TUL5J1BOYEcJ4AaABAg,ray sotoy di sikat omongan bu irma jawabannya glagepan😂,4 days ago,@ekadianawati2569,UCceh_qavWK39QwCHyI-fszg,0,,https://yt3.ggpht.com/ytc/AIdro_km7EmAMYuCmaYGUTs9Jv6Wu5Gf1qZAjetgu032wHk=s88-c-k-c0x00ffffff-no-rj,False,False,1781324286.844787
UgwMrie4mEueHwgup8l4AaABAg,"Sebaiknya pemerintah mendengar masukan dari akademi, rakyat sehingga apa pun pelaksanaan ya berjalan dg lancar dan memuaskan",4 days ago,@kabaygemes8234,UCrBFn34PVK4vGPVUwXDqP2A,0,,https://yt3.ggpht.com/ytc/AIdro_lWxs76FWK3zH4OnQKAfU05BzT8Ao-KUCqwhdh5X6s4POOHta4ToH0skn4tyf_yydneLw=s88-c-k-c0x00ffffff-no-rj,False,False,1781324286.846262
UgwoKfcFNW54KOsRdPl4AaABAg,Cedas bang guntur mantap,4 days ago,@nurulhartono9922,UC35ccXWPVQZtvcX08IYnuOA,0,1,https://yt3.ggpht.com/ytc/AIdro_kFTlnMhsSeRGQoSxA1H2wlITZyxvt8JucZs8fv4u9qVtA=s88-c-k-c0x00ffffff-no-rj,False,False,1781324287.06262
UgyIL6f7MgHNwLWMrE54AaABAg,Nenek plin plan carmuk?,4 days ago,@jitotanaman6665,UCTsEDSvwubOEqHobb4U3pTg,0,,https://yt3.ggpht.com/ytc/AIdro_mnHqUY0FTKsamoZjH0P9tQoBWlZXzGsND_80ZbUCQumHxnzproI3u1-WllQUnlU-r34g=s88-c-k-c0x00ffffff-no-rj,False,False,1781324287.064246
Ugzq9WWegeQotOK0Ocd4AaABAg,"Betull pak hentikan dulu di hentikan dulu setuju biar dak caruk marut
Terus hukuman para koruptor di pertegas selama hukum lemah pejabat"" melakukan korupsi ,,karena sudah kebiasaan",4 days ago,@SitiHerminaRita,UCGj17fI_oGooRUwjGflttfw,0,,https://yt3.ggpht.com/ytc/AIdro_nlBilyjMA1U52oKK26XZ_UcnniCFBmVBEaZcWRZocnDN18ZKMnESUSGCHsm8S0Thv9RQ=s88-c-k-c0x00ffffff-no-rj,False,False,1781324287.06571
UgxdEOBxjP-7zv1KhBZ4AaABAg,"Guntur Romli perlu belajar dulu wawasan supaya bertambah luas MPG itu sangat bagus dan mulia, yg salah itu tatakelolanya.",4 days ago,@WarnoWarno-z7z,UCBT7FsgunOgjv9MMIcyv34A,0,,https://yt3.ggpht.com/-K4G6egAtDY1xWEgsEx8ldrnuOW8SLI9TFeKVxoSNZznmeTPbfG3QCKbxU4YWySKPdfU9MeTkQ=s88-c-k-c0x00ffffff-no-rj,False,False,1781324287.067153
UgxfV3IiQIlr9b8L4mJ4AaABAg,Komentar si Irma ini nyaris tak ada isinya atau bobotnya,4 days ago,@wilmarmanurung7410,UC1apUebWqjgz17KYTk9ub0Q,0,,https://yt3.ggpht.com/ytc/AIdro_llTMdHzxHX4z8bCSrFmaK3eSCNRKXJS2ONYW4eNXpoHuk=s88-c-k-c0x00ffffff-no-rj,False,False,1781324287.068565
UgzpbxS1ALHMX4UOCsR4AaABAg,Irma tak nyenyak tidur,4 days ago,@birulaut9829,UCnkhVJJ2t8fGc_5jzogyjEQ,2,,https://yt3.ggpht.com/ytc/AIdro_l8eo8-U6Hq182HvGSivhWsfhg3pOCinNGPXomA3iYdj_2Aq9hR3pP-TUmOw-mA8K_Hzw=s88-c-k-c0x00ffffff-no-rj,False,False,1781324287.070027
UgzvpPp-s-P6EkGBdgh4AaABAg,"Membelit-belit aja jawaban anggota DPR ini, to point aja ya membentuk Panja DPR. Omon2 lagi.",4 days ago,@sulaimanhambali4910,UCo6mtyI6D60-scgT8jgUvhQ,0,,https://yt3.ggpht.com/ytc/AIdro_nPnBZuLHLJmAERVJI0HIbogvg13TUtF3LGebWr3dQ=s88-c-k-c0x00ffffff-no-rj,False,False,1781324287.071757
Ugy4WeiV4YN1IlANXlB4AaABAg,Korea semua org ini,4 days ago,@ricardlorenzodalo7882,UCW6kieXaOvpuP8xizuqgn0A,0,,https://yt3.ggpht.com/ytc/AIdro_kwplkd6CoP5Je-kRidFvxMt0VMCQ8Fi4ppAqwu0cwEhfs=s88-c-k-c0x00ffffff-no-rj,False,False,1781324287.073479
UgxWtkSNUegyUbjkJF14AaABAg,Stop MBG,4 days ago,@LasumaSuma-y5m,UC40Z1jQe73Rkowe6qN44AlA,0,,https://yt3.ggpht.com/ytc/AIdro_lH1zJmlsA1WqGJZyMpgTbIfXRnmiC714MlofQqnMaTuRgkpG4o42a60HhOGPyJpAPAuA=s88-c-k-c0x00ffffff-no-rj,False,False,1781324287.075007
UgxJojkbez0HDEMtx554AaABAg,"Diskusi kalem standar ga ada greget samasekali. Coba yang diundang Adian,tyo,Andre rosiadi,Fahri hamzah dan Budiman sujatmiko, pasti akan sangat meledak",4 days ago,@Baperan.baperan,UCqTJLF7DKWxgMP5gZOXK-6w,0,,https://yt3.ggpht.com/vfkBB-45nR8mmdXJFyk0G4reqzAKkyNhzxAFUgNIRYbuDmeBTttJNXkaVczF07huxStfnNiowQ=s88-c-k-c0x00ffffff-no-rj,False,False,1781324287.076507
UgxMQIwRGvdDxaXuRK94AaABAg,"Kenapa klu pemimpin punya niat baik membantu orang miskin slalu d tentang, apa ngk bolek di bantu yg miskin, klu ada unsur korupsi,ya d tangkap, dana haji aja d korupsi,",4 days ago,@sunadibodong2779,UCal-_rQQg_LJEC4TDeQc62Q,0,,https://yt3.ggpht.com/ytc/AIdro_m0i8BCXU5QJ96qWp5KhfB3_MfWMG08HcuDX8tgVkk=s88-c-k-c0x00ffffff-no-rj,False,False,1781324287.077951
Ugy4Dtr_LzhFJqwkbTJ4AaABAg,Cek ibu Irma,4 days ago,@LasumaSuma-y5m,UC40Z1jQe73Rkowe6qN44AlA,0,,https://yt3.ggpht.com/ytc/AIdro_lH1zJmlsA1WqGJZyMpgTbIfXRnmiC714MlofQqnMaTuRgkpG4o42a60HhOGPyJpAPAuA=s88-c-k-c0x00ffffff-no-rj,False,False,1781324287.079439
UgxfAOolatz22Tg5mkZ4AaABAg,MBG lanjut..kasihan anak yg selama ini udh merasakan. Apa lagi anak anak kita yg tinggal di pedesa an,4 days ago,@F.SehatCapah,UClKaExQuemVyruVKpuY0c9Q,0,,https://yt3.ggpht.com/ytc/AIdro_ls0vhWs4kqy-095ZwSEOKuRHtVtFFeSy6EKZThk5nR5Rjjb1uecFchqRpuGMVIzmHYcw=s88-c-k-c0x00ffffff-no-rj,False,False,1781324287.080885
UgzO_Q21dt4RSVejxL94AaABAg,DPR edan tidak pro rakyat secara ikhlas,4 days ago,@jacksugiharto4978,UCSE3wyIkzCkdFBmNgPS8g6A,1,,https://yt3.ggpht.com/ytc/AIdro_l8eo8-U6Hq182HvGSivhWsfhg3pOCinNGPXomA3iYdj_2Aq9hR3pP-TUmOw-mA8K_Hzw=s88-c-k-c0x00ffffff-no-rj,False,False,1781324287.082346
UgzSz5fTt38WfhtdWIR4AaABAg,Baiknya kalo cerdas berikan solusi bila yakin program ini bagus. Kalo bubarin itu bukan solusi. Masalah akan tetap ada,4 days ago,@medicaenglish8912,UCr-Oirb3liNZYk21wGXeX8g,0,,https://yt3.ggpht.com/402EUS74bwcF87CcjpujuD3rWzuQWlHGDM4yVyuNsS7RiYIfdLgPfSni4YE_MgNU13ZW1qTS1w=s88-c-k-c0x00ffffff-no-rj,False,False,1781324287.083766
UgwhOlCF7JeYEe0hhXl4AaABAg,pelaku utama y Adalah yg punya ide 😂😂 Krn sebelum masuk k bawahan y d crop dlu olh kepala y,4 days ago,@amynarendranarendra3126,UCFGXIpn6GObtuzZQhpAMwnQ,0,,https://yt3.ggpht.com/CnTnvN7CGx4YM3uiltHaL3imDBYEcvTeCXGgdLRJ0cyZGen5hjfuiO223b4tZkZcVXAYnpurcw=s88-c-k-c0x00ffffff-no-rj,False,False,1781324287.085168
UgyufQRrD03wd1BwoMd4AaABAg,Politisi tuli baru pada keluar..kemana aja kalian selama ini ??,4 days ago (edited),@yogunstory,UCYIzsxVQU7WU_GeNhI6ZTyA,4,,https://yt3.ggpht.com/TvP-jAzCORk39U9YjAogcSmjRHOaeiHki1OfwrjLPGki9JwzLYFl7_kMH-neeBUlOAGukWbZ9g=s88-c-k-c0x00ffffff-no-rj,False,False,1781324287.086617
Ugw6F76QYwLmOjh3uCp4AaABAg,Harusnya anak sekolah yang protes MBG di ttp. Ini mlh pejabat yah ketar ketir klw mbg di ttp,4 days ago,@nurhayatinur3764,UCJ5abiyGrBpQB9gTDgqUkWA,0,,https://yt3.ggpht.com/ytc/AIdro_mNXt9Izt4NFzvNHypf2q6eumQcACIPwmZ09G1Wcdk=s88-c-k-c0x00ffffff-no-rj,False,False,1781324287.088007
UgwQTnmyElvQPWzzVFF4AaABAg,Nyanyian soni penting bagi penyidik lo pak.,4 days ago,@Anoman-c7x,UCvD0ol7qCuHsai_epThZHPw,0,,https://yt3.ggpht.com/ytc/AIdro_ka_OJb0XNJYDEohFXLN9aw8SQx2wooMyAYwzwnScVwBS5AeOdo4U3-cDL-EXswMyKilw=s88-c-k-c0x00ffffff-no-rj,False,False,1781324287.089406
UgxgCZcynSjti_aPQKR4AaABAg,Irma Chaniago sekarang bukan perwakilan rakyat tp perwakilan pemerintah. Uang dan kekuasaan memang membuat manusia ini berubah jadi rusak berat. Go to hell anggota DPR kayak begini,4 days ago,@williaviary,UC10SBGFMg4l4sI8jlJo4HLw,1,,https://yt3.ggpht.com/8fYDzduHZHlPWFpVz5DHyPhowjpaA0BbwPSrZZ2OBzUCI-BWncfF9Mwpr7ONR0eXFL5qVKJVcCo=s88-c-k-c0x00ffffff-no-rj,False,False,1781324287.09085
UgwoKfcFNW54KOsRdPl4AaABAg.AXz20ias0IQAY0jPqm49QE,"Elit bengak bengok, bawah meraup untung. 😂😂😂",3 days ago,@SNgarwi,UCb6gmS9FCKMfoFCWJhA7bAQ,0,,https://yt3.ggpht.com/a99Ap4sKXkuYSY-fu889MXfCO-DUNS9RIgOoA2MYy16JXH1EITba0vp3zKtyRYcg8y5VPh9mdA=s88-c-k-c0x00ffffff-no-rj,False,True,1781410687.236897
Ugwby_hAoBYjpt88CYJ4AaABAg,"bu irma biasanya bicaranya lantang sekarang cuma secara normatif, dari suaranya pun bergetar, dari situ orang bisa menilai kalau ada yg janggal dari dia",4 days ago,@muhammadiqbalramadhan2936,UC0ztQ2eUPkIBFCEBBAQ4OPg,0,,https://yt3.ggpht.com/ytc/AIdro_mdiF-4bSUk7A9lL5SE9ReKZwq6YJ_y5eWeaRfOMHxUD0U=s88-c-k-c0x00ffffff-no-rj,False,False,1781324287.436513
Ugyei-Smlzkwp2MvVzt4AaABAg,"Usut irma, bila terlibat berikan sangsi dipecat dr dpr dan dipenjarakan",4 days ago,@3dison...62,UC-32hAZBaVmQr5ap64d5yHA,0,,https://yt3.ggpht.com/SEBaEcVTnK3I7ab8gI7lzmdpR2-Xa8GI2QIH4J33BP4jAg0YGCMTmGG5bDCJmK8b9c7bMHmDmg=s88-c-k-c0x00ffffff-no-rj,False,False,1781324287.438157
UgzfDNXm1TnqIsNxWaF4AaABAg,"Mestinya sebelum dtt perpres, ada kajian, perencanaan tata kelola yg mendalam, sosialisasi dulu, dari sisi ketersediaan anggaran dan lain lainnya, mestinya ada pilot proyek dulu, contoh 1 propinsi, penerima manfaatnya hanya 1 kabupaten, hanya utk anak SD  saja,  Bukan lantas SD, SMP, SMA dll langsung digenjot 80 juta, dg anggaran jumbo 335 trilyun.  Katanya Prabowo sudah lama menjadi rakyat RI, kok gak paham budaya mental pejabatnya seneng Korupsi? Saya curiga mungkin Prabowo ingin punya nafsu berkuasa lagi di 2029 - 2035  ?",4 days ago,@zerolicargon3668,UClGZpMS9VehRkMTc7A1UCuA,0,,https://yt3.ggpht.com/ytc/AIdro_kv7TrzuMjTfd2j2tshcVhwP6eR5WFOrsdoQA1WZhw=s88-c-k-c0x00ffffff-no-rj,False,False,1781324287.43963
Ugy48BxVe26XGh1cAAF4AaABAg,Prettt,4 days ago,@RudyRudy-d6r,UCPaX71bqNSBi_sBPb8cj_gA,0,,https://yt3.ggpht.com/ytc/AIdro_kVt-2KnstlTCEKQNERtFu1r0nkoGfCbDaBeHqzzAeOW6FjInY1ji4XDCDXS_eKGhY0Pw=s88-c-k-c0x00ffffff-no-rj,False,False,1781324287.441134
Ugxnaq8fOL7objxBMA94AaABAg,Saya bertimakash. Kepda pmrintah Anak saya mendapatkan MBG❤,4 days ago,@Umulanjum,UCoMQFI5-lDV70yZXX2uerWQ,0,,https://yt3.ggpht.com/ytc/AIdro_lD_ypsCyxblvBwjl1q7aOrh_bKpJSqnXajZQPbt52EIso64rs9I94PkYHOWxw2wPixxA=s88-c-k-c0x00ffffff-no-rj,False,False,1781324287.44256
UgwUKn1yvWJEM1doG9R4AaABAg,"Irma nggedabrus, muak lihat orang ini.",4 days ago,@suheriyanto5707,UCUnT_52LXA0RiQW5rzUMouw,0,,https://yt3.ggpht.com/ytc/AIdro_kphE5FRETOzAjH8DcUw5jGGR3c4yCxzAoJwmq6bQg=s88-c-k-c0x00ffffff-no-rj,False,False,1781324287.444011
Ugx9r0a-Ew57AXqsBf94AaABAg,"Klu pun kata 2 Sony Sanjaya  itu bnr nm 2 yg di sebut terlibat dlm kss mbg hrs di usut tuntas dong,itu ntk menunjukan keseriusan pemerintah Brantas koroptor jgn cmn OMON 2 doang,",4 days ago,@PakWan-n6v,UCc9fw-UcVs13nbeE2FzcGsA,0,,https://yt3.ggpht.com/ytc/AIdro_kWs6MD0bSk1KdmkOUxJW6iMA_nWBCZ2RLISTc023pUH-y7G0XJUN9DGZy6oFjSPt-GnA=s88-c-k-c0x00ffffff-no-rj,False,False,1781324287.445442
UgyM3f9K7vF7cuwm8xV4AaABAg,DPR ini jawabannya muter2 menghindar dugaan terseret MBG,4 days ago,@BudiSubandrio-r2t9k,UCn6ts0-t7A1tWzqn-xs7EWQ,1,,https://yt3.ggpht.com/ytc/AIdro_nWyPWxkLouOOka6GuHM8izDlE_yXnC5xTup5HP8T7CMeTZxq27qge_MoyYv6lzf2FRtw=s88-c-k-c0x00ffffff-no-rj,False,False,1781324287.446878
UgxHcdJO4w6zBns6fKt4AaABAg,Program ga bermanfaat,4 days ago,@RusdiAnto-m2h,UCIdcu2n9IrQzzhEEkNJwphA,0,,https://yt3.ggpht.com/lpGodHxzZUbmL5A5lzlBEvKUUM5gJ5I99amCh3Vme4F1mPfh_IVcNMqbe7Ccsa4twXrp5YMKGA=s88-c-k-c0x00ffffff-no-rj,False,False,1781324287.44831
UgweGRk16-8P2BUutuJ4AaABAg,si irma lagi,4 days ago,@sukasuka7684,UC2vbJmSMOvnS0W8IJ9hjWkQ,0,,https://yt3.ggpht.com/ytc/AIdro_nelKhw_xGBGmVWdYpX1pXeJMTQSgkNshVzZOCiGFZt2AQ=s88-c-k-c0x00ffffff-no-rj,False,False,1781324287.44971
UgxlRlL6YIPyasvm4Kp4AaABAg,"Lalu apa kalian mikir rakyat biasa bisa bikin dapur, ngoceh aja",4 days ago,@samsulhamdi83,UCSZDo1HE1vCa14IAyWptB2g,1,,https://yt3.ggpht.com/Ho2nA4qcKrumJeT_4PSnX3iEVtcwjI1xsJXC8Bf4to630CyyEUAiNY5C9oLz59G1uEMGEsGRfOc=s88-c-k-c0x00ffffff-no-rj,False,False,1781324287.451156
Ugz7dibCvdJHs-En-IZ4AaABAg,"Irma  sbg anggota DPR, terkesan lari lari / lempar tanggung jawab.",4 days ago,@zerolicargon3668,UClGZpMS9VehRkMTc7A1UCuA,0,,https://yt3.ggpht.com/ytc/AIdro_kv7TrzuMjTfd2j2tshcVhwP6eR5WFOrsdoQA1WZhw=s88-c-k-c0x00ffffff-no-rj,False,False,1781324287.452586
UgxplQgi2nJWRNLux6N4AaABAg,"Kita butuh mama gufron saat2 speeti ini ,,coba undang mama gufron 😂",4 days ago,@FataFata-n6s,UCFxWEpgZ3_-PBYpuWuWOvTg,0,,https://yt3.ggpht.com/ytc/AIdro_laoHJQg-n_An94bJD6j3ILXycSdvBx0YXfxlXWtc1Mr2V3bk0SO228QvSY7VRnLoNjdg=s88-c-k-c0x00ffffff-no-rj,False,False,1781324287.454035
UgzIUXIZZCt7LJCZQXZ4AaABAg,Apakah setiap sekolah SD sampai SMA itu anak yang kurang GIZI lebih banyak dari pada yang tidak kurang bergizi. Sehingga semua harus diberikan. Harusnya dibuat dulu data setiap sekolah baru dilaksanakan. Sehingga tepat sasaran. Saya mantan guru SMP. Ditempat saya sekarang semua dapat MBG. Padahal siswa yang kurang mampu paling 50 anak dari 450 siswa. Berarti tidak tepat sasaran.,4 days ago,@rapelpasaribu7912,UCPvGvpKEVLu92TEoCWYptxQ,0,,https://yt3.ggpht.com/FyIrouS2woLCYeFHoDdaE6lgxCm5qgLk6sjJxuVzkW0I_Zil0PEqqfXlX8nY1qAOcLbtgbvrMQ=s88-c-k-c0x00ffffff-no-rj,False,False,1781324287.455446
UgwQBZBZvSgJnyzrOsF4AaABAg,saya si berharap yg memilih pemimpin harus bertanggu kawab,4 days ago,@sugandirohamin8464,UCdtJ2P-HxPhyna-WH8pH7Ig,1,,https://yt3.ggpht.com/ytc/AIdro_kEKsLfXiVNcCgr_7aI7q0bdPDoAEh3lc-9eQVRv-zU-ho=s88-c-k-c0x00ffffff-no-rj,False,False,1781324287.456888
Ugwn1EQNG1szHIVwbtJ4AaABAg,Pintar omon-omon bpk kemeja merah😂,4 days ago,@MuhammadIqbal-lo4cr,UCaZFw8zfNiJ2aZuL-qYkurw,0,,https://yt3.ggpht.com/ytc/AIdro_nxUWxVjwuDPwaQyQxVxaAB2zcfS2CLje7B2Clq1RU=s88-c-k-c0x00ffffff-no-rj,False,False,1781324287.458305
UgwchnX-ca8lAblHMNt4AaABAg,"Si irma pasti nolak buat di hentikan,mungkin dia nyaman makan keuntungannya 😄😆😀",4 days ago,@IkbalIkbaljaenuri,UClum-nXPPf8WBA-NoPo955w,0,,https://yt3.ggpht.com/ytc/AIdro_l01BbL5lABX-SbH32JPbtxYFTw0q_8IG6OWmxVRCh7FG4ikXjaFwgCw3dicMdaW20FGg=s88-c-k-c0x00ffffff-no-rj,False,False,1781324287.459702
UgxQ_aEjaLY1C0PBqL54AaABAg,"Segera hentikan MBG,karna banyak makanan yg mubadzir,makanan tidak layak,memperkaya orang kaya",4 days ago,@IkbalIkbaljaenuri,UClum-nXPPf8WBA-NoPo955w,3,,https://yt3.ggpht.com/ytc/AIdro_l01BbL5lABX-SbH32JPbtxYFTw0q_8IG6OWmxVRCh7FG4ikXjaFwgCw3dicMdaW20FGg=s88-c-k-c0x00ffffff-no-rj,False,False,1781324287.461067
UgzUqNierXOtznZeuPV4AaABAg,"Satu kata, Hentikan MBG dan Koperasi Merah Putih karena menjadi sarang korupsi kelas kakap. Menghambur hamburkan uang Rakyat Indonesia.",4 days ago,@pangeranbagus8547,UCCvAU5yWkITej9vjceHfreQ,1,,https://yt3.ggpht.com/ytc/AIdro_kN2z0XFU_282I2Zhg15LlbfZu12e93ijnizB_Ql8Eqjg=s88-c-k-c0x00ffffff-no-rj,False,False,1781324287.462453
UgxMjoA1zEX9sMSHI1Z4AaABAg,Uang di berikan ortu antisipasi disebabkan masih budaya korup di pejabat merajalela.,4 days ago,@flower224-e4s,UCtOFYSTuy4Y6s2RzrncF7og,0,,https://yt3.ggpht.com/ytc/AIdro_lJ7pdISsCJ2n7uUDdHWEC4ktIfbXMkja3H03kPTAyn4WfCGqHOMRs05gN1Q0ZRnzGPAw=s88-c-k-c0x00ffffff-no-rj,False,False,1781324287.463869
UgzW9X53rKYCDfjhyBh4AaABAg,Apa arti efesiensi jika hasil efesiensi dipergunakan untuk membuka badan dan lembaga baru🇮🇩💥,4 days ago,@aminamin6703,UCsZhcMsdlqBgBh9jAv7An9w,0,,https://yt3.ggpht.com/ytc/AIdro_li0yM6cYLIOWjD11MRFrJBTyO1UpGuxl0HXyI_Shaix_AohWC1X6iVYA2plRVEmtsyaw=s88-c-k-c0x00ffffff-no-rj,False,False,1781324287.663202
UgyAsYxM6BL2vSWbvP54AaABAg,Guntur ini siapa? Jadi caleg tdk pernah berhasil,4 days ago,@mulyonomulyono2386,UC32Bdg0JgBQwX0oQUbpgpog,0,,https://yt3.ggpht.com/ytc/AIdro_mc4Y9gQCEiemTFxftMBzkVs4f2dFVKIi2EzfEXVVougJ-byH1unVlcX4jadECPvzh2lg=s88-c-k-c0x00ffffff-no-rj,False,False,1781324287.66482
Ugx5AHd1IgIWfcqwLnZ4AaABAg,DPR sama saja. DPR itu Sekutu rezim,4 days ago,@FaizAbdulhanan,UCemd9JDcnpM-b98HjyjVCJg,0,,https://yt3.ggpht.com/g9pKFeK5h7x6SEnnHRUK-fw7CMvwLb_e-gPvnwoZKow9nyqqtfoZa8tQsv0d31XnBPIQ9GOuWQ=s88-c-k-c0x00ffffff-no-rj,False,False,1781324287.666314
UgzDPstfjqUlAIihysp4AaABAg,"MBG itu program yang bagus jika penerima manfaatnya memang yg berhak. Masalahnya selama ini MBG pun di terima anak orang kaya. 
Disini kecewa dengan dpr yg tidak kritis terhadap progran MBG, malah DPR jadi buzzer MBG",4 days ago,@LapanlapanDuasatu,UCnUmtwvo8zP9wVSg6S1PLeg,0,,https://yt3.ggpht.com/ytc/AIdro_kGbzuHsf8CGdiFeKVM3TKi9r4JmymtqTsx0WMjsLQvZuItYdhl3_7MMdXoz9-I9Xxg9g=s88-c-k-c0x00ffffff-no-rj,False,False,1781324287.667751
Ugzin1id7EHtDrMEUMV4AaABAg,Rakyat minta MBG di hentikan.tidak tepat sasaran,4 days ago,@cahangon9511,UCFs-1pBERp4BcIaCy1bHu5A,0,,https://yt3.ggpht.com/ytc/AIdro_l7LMZaWarCXAsP2XwWGdeIaCkpdDxvcXYIP6xk1w9hxro=s88-c-k-c0x00ffffff-no-rj,False,False,1781324287.669184
UgyMyuI1y-yi2-xXjiJ4AaABAg,Mantap bang guntur bubarkn aj biar gk konflik,4 days ago,@SitiFatimatuszahro-f6d,UC_g1mVz7gvNT9Mek5h5lc-w,0,,https://yt3.ggpht.com/ytc/AIdro_ln-9HYXgytSDFQbDRDb_rgH6bzytH6hE2dknWeVZrk6K8go1x19Eeds3jB779sjKtoDw=s88-c-k-c0x00ffffff-no-rj,False,False,1781324287.670649
Ugy4VfjTr8IJY_uuH9t4AaABAg,Yg namanya bantuan hrs btul2 memperhatikn kondisinya sprt ap org kaya juga dpt berarti itu sdh gk sesuai dg aturan,4 days ago,@SitiFatimatuszahro-f6d,UC_g1mVz7gvNT9Mek5h5lc-w,0,,https://yt3.ggpht.com/ytc/AIdro_ln-9HYXgytSDFQbDRDb_rgH6bzytH6hE2dknWeVZrk6K8go1x19Eeds3jB779sjKtoDw=s88-c-k-c0x00ffffff-no-rj,False,False,1781324287.672049
UgyGJYop8tuhsRMQiK54AaABAg,"Masa iya DPR sampe tdk tahu😅😅
Kacau jg ya DPR tdk ada gunakan",4 days ago,@AbdulQodir-v2y,UCNcrRU6UnVgyvOv5IwwYfWw,0,,https://yt3.ggpht.com/ytc/AIdro_meYAh6NPkc3qZ9RQbztfozX2jknUqc69hcasQTLZa7CCWY6MHmzRI1I6I59gYFhEiQXA=s88-c-k-c0x00ffffff-no-rj,False,False,1781324287.673452
UgyCFi7QdvP5MqsM1d54AaABAg,Ini org ngotot maunya ap mau terima setoran biar gk tibet gk usah d lanjutkn,4 days ago,@SitiFatimatuszahro-f6d,UC_g1mVz7gvNT9Mek5h5lc-w,0,,https://yt3.ggpht.com/ytc/AIdro_ln-9HYXgytSDFQbDRDb_rgH6bzytH6hE2dknWeVZrk6K8go1x19Eeds3jB779sjKtoDw=s88-c-k-c0x00ffffff-no-rj,False,False,1781324287.67485
UgzzlPvvdlOX-Va4L914AaABAg,Irma sdri bermain di dlm situ wong pya catering juga,4 days ago,@naiyyaaurra3892,UCy4bLIwIEyyp0-HLSHmWVEw,0,,https://yt3.ggpht.com/GKsG_puHrJQN80q6v4_hlvxYx8EJMg3JvSSxHU4Lz-4SjECZekRQruzIfl4HTj5ejoK9fObOKQ=s88-c-k-c0x00ffffff-no-rj,False,False,1781324287.676303
UgwrSvT9a5-ipr-BxLl4AaABAg,Nasib negeriku semakin mawut morat marit,4 days ago,@naiyyaaurra3892,UCy4bLIwIEyyp0-HLSHmWVEw,0,,https://yt3.ggpht.com/GKsG_puHrJQN80q6v4_hlvxYx8EJMg3JvSSxHU4Lz-4SjECZekRQruzIfl4HTj5ejoK9fObOKQ=s88-c-k-c0x00ffffff-no-rj,False,False,1781324287.677722
Ugyce4skWXlLKrcE5Kd4AaABAg,Bongkar   uqng rakyat  di pertamina  yg  hilang  1000 triliun  ini moment  uang   rakyat  kembali,4 days ago,@djawutema8778,UCyWWf_BMtFMtA--PrxhkvLQ,0,,https://yt3.ggpht.com/ytc/AIdro_mO-FmweL8y1uNqqNcUDZ4M2Un4LX2rU-rFLpju9-lPnEwniZbZVQiSSLxwVY_IJGv2Ww=s88-c-k-c0x00ffffff-no-rj,False,False,1781324287.6791
UgzRQnzfk8GUeSzNL8Z4AaABAg,Mbg sangat penting dan dirasakan baik oleh masyarakat khususnya didaerah kepulauan yg awalnya kurang makan buah dan susu dll maka bs menikmati itu semua ❤,4 days ago,@masrianto58,UCxNZpZAKlinA_miKCir_O8A,0,,https://yt3.ggpht.com/ytc/AIdro_k0PVo4Ayjzf9FlRcdjZAQYBwK430_hLvWlP9jgikQjC65W-ONDWjkk4dykteuHJ96HgQ=s88-c-k-c0x00ffffff-no-rj,False,False,1781324287.680557
Ugz-wVex8V6nZAC8XwF4AaABAg,Baru kli ini gw setuju dg PDI-P,4 days ago,@cuenkriyanto238,UCsIaC8UnOZZpTLNDi1-wq7A,0,,https://yt3.ggpht.com/ytc/AIdro_l45VF5PYQsaQ94_bPnUtqatsMk2G0ckLhuSXq-3G0=s88-c-k-c0x00ffffff-no-rj,False,False,1781324287.681965
UgyhEbjxvx6rsasD-XJ4AaABAg,omong kosong semua! rakyat rugi bayar pajak!,4 days ago,@ricoyusuf,UCxUd6VpgOQgKmzuNxAJzcjg,0,,https://yt3.ggpht.com/HIqrWpYhmm1oXM81JQQeZOks3SoAiDJXRgZKluMfw9w3A2HRk2flth4tBuHX0Xrxn3Lxt-HIDlg=s88-c-k-c0x00ffffff-no-rj,False,False,1781324287.68348
Ugyo_SVgVJmjrbLdN594AaABAg,Bukak aj pk sony sp org besar biar fair biar publik tau,4 days ago,@SitiFatimatuszahro-f6d,UC_g1mVz7gvNT9Mek5h5lc-w,0,,https://yt3.ggpht.com/ytc/AIdro_ln-9HYXgytSDFQbDRDb_rgH6bzytH6hE2dknWeVZrk6K8go1x19Eeds3jB779sjKtoDw=s88-c-k-c0x00ffffff-no-rj,False,False,1781324287.685038
Ugyu_a7Q6I5q0mIz8qN4AaABAg,irma kaya orang kekenyangan,4 days ago,@sitomenggolo6108,UCQ0BKA5yyIoGJf8FOzseGuQ,0,,https://yt3.ggpht.com/ytc/AIdro_mus6xybW3jPiRscZFxnkTu6ZF64FjmTIk7hdrFUC4=s88-c-k-c0x00ffffff-no-rj,False,False,1781324287.686508
UgwqsfKvBg7mH7fsuZd4AaABAg,"selagi petinggi polisi masih itu itu jg hukum gak bakal seperti dulu lagi,",4 days ago,@muslanhabib6739,UCTBNaBPoXrDkw5tg7x2eOBw,9,1,https://yt3.ggpht.com/ytc/AIdro_ntK0O8iWRDM4ty29sFkFCqkx05AN3MZdYnODC6cr3y-5s=s88-c-k-c0x00ffffff-no-rj,False,False,1781324287.688019
UgyrNkOyJ16dLtwgqFV4AaABAg,setuju 100 persen MBG harus dihentikan. kerna MBG hanya menyuburkan korupsi.MBG hanya mempertahankan korupsi dan membahayakan seperti keracunan dsb.,4 days ago,@ekafransiska10,UCJ6olGKHfY9HP_iCvVB5PXg,0,,https://yt3.ggpht.com/ytc/AIdro_kt0wnOoqNACdVhHsdQf_yZPkVBzDrX7BRiY2jTtVDOXrYywiQ3lY1e9zMrnsjbItrmbg=s88-c-k-c0x00ffffff-no-rj,False,False,1781324287.689528
Ugxxumg9Y9xWLqvZu2J4AaABAg,Sarang ya maling mbg,4 days ago,@YudiSetiawan-p3j,UCKxgZYRZtsBLD6DVBZ6w2ZQ,0,,https://yt3.ggpht.com/ytc/AIdro_nOdM3ViStZOOIkAhZQairhZV_oWjhXnOfhG2SNmu0tH8n2nVSO2lfB6G-4u0gI2rrX4w=s88-c-k-c0x00ffffff-no-rj,False,False,1781324287.690993
UgwqsfKvBg7mH7fsuZd4AaABAg.AXyvCn3ZV3fAY1VfK1g1d1,"Kalau turun langsung ke lapangan, kerasa banget kok kalau MBG ini ngebantu gizi anak sekolah",2 days ago,@dessymega6879,UC_f8ZcKwb3urbfoEn0mN6MQ,0,,https://yt3.ggpht.com/ytc/AIdro_lDvXsKa5T55uq1vpP347NtVX9wtWP8dJXcCnvDS9Cw5g=s88-c-k-c0x00ffffff-no-rj,False,True,1781497087.847091
UgwBrigzvtmD336ex-R4AaABAg,"Mereka yg ngotot bela MBG karna ikut nguntal cuannya,makanya hanya rakyat yg waras yg mrnolak MBG.",4 days ago,@kinhong1174,UC_X7sUNQvIKjx-cM8hcOnSg,0,,https://yt3.ggpht.com/Zq1unoXhWDaF3wbAjUgljsv6jbNtAHJjkOhRU8K28jV9k46QrTPaI1nNU_fG8xP74fzcHYNh1g=s88-c-k-c0x00ffffff-no-rj,False,False,1781324288.189379
Ugx3k28-GdSRQJ9kUe54AaABAg,"DPR berbelit belit panja ,hak angket prettttt",4 days ago,@cahangon9511,UCFs-1pBERp4BcIaCy1bHu5A,0,,https://yt3.ggpht.com/ytc/AIdro_l7LMZaWarCXAsP2XwWGdeIaCkpdDxvcXYIP6xk1w9hxro=s88-c-k-c0x00ffffff-no-rj,False,False,1781324288.192196
UgyItdVjxc4OXP5mhJZ4AaABAg,Tdk usah banyak debat gk ad gunanya lbh baik hentikn biar tdk banyak problematika d negara ini,4 days ago,@SitiFatimatuszahro-f6d,UC_g1mVz7gvNT9Mek5h5lc-w,0,,https://yt3.ggpht.com/ytc/AIdro_ln-9HYXgytSDFQbDRDb_rgH6bzytH6hE2dknWeVZrk6K8go1x19Eeds3jB779sjKtoDw=s88-c-k-c0x00ffffff-no-rj,False,False,1781324288.194833
Ugym5u58cXxEMvgyKrF4AaABAg,"Giliran ketangkep semua cuci tangan,ga tau lah apalah alesannya.sbnernya gampang,bgn itu kan ga pegang duit,nah usut aja siapa yg cairin duitnya,trus cari aliran dana 3 orang itu kemana aja.tapi jngan aparat kita yg usut,klo bisa pihak luar yg usut krna percuma aparat kita udh dpet jatah semua",4 days ago,@renaldieka4541,UCluOw69OB6qZPYg7jzvjw4Q,0,,https://yt3.ggpht.com/ytc/AIdro_kaOFVzFs506RuP-WqJORRujQRNtRixN-3PjX70lGQ=s88-c-k-c0x00ffffff-no-rj,False,False,1781324288.197429
UgxH3taZGUTszaZfv1J4AaABAg,Tapi Pdip ngotot  bgn di hentikan,4 days ago,@Ernawati-z4s,UCgxALyzDzjwmdIZcBo4Q8Ew,0,,https://yt3.ggpht.com/kcBNdmxktXN3VoLknqRwYJn0S6QJZNgacWV51j6FjNGoFZBx0QIz2dfZTRdZW7QX-bqfNA9WKg=s88-c-k-c0x00ffffff-no-rj,False,False,1781324288.199997
UgzwDIrtOCuKW4843-h4AaABAg,Hentikan MBG harga mati !!!,4 days ago,@firdausikbal-f6j,UCQLgq7KOc4AQupGn6kxqmWQ,0,,https://yt3.ggpht.com/ytc/AIdro_lm4VMk7Qso1_vYb3u_ODv_RH1wPRllzZa5EboBt0WxJ4CsNnaBk3JwKLyHgv661mb1CA=s88-c-k-c0x00ffffff-no-rj,False,False,1781324288.20255
UgyP4nVkGqlO6L4fDz54AaABAg,"ini barusan Nek Irma defensif, biasanya dia paling lantang dan merasa paling benar. Ketika MBG terbukti korup, jadi ayam sayur.",4 days ago,@basirwahyu,UCdiEKfP97R6Wg12O9EeX5ug,1,,https://yt3.ggpht.com/-5Xl_BIs_LJS0KydMUnHQT2mAmTIb3_xjqDNNrfEuzsFPVjUPbISY3V1JhufjXXxHsqIUpf-ri8=s88-c-k-c0x00ffffff-no-rj,False,False,1781324288.205059
Ugw5PgEBDJSCOTGAa2h4AaABAg,Yg nm nya dpr gk usah nunggu petinggi bgn menghadao tp fungsinta pengawasan gk d laksanakan krn proyek ini bagi2 jatah,4 days ago,@SitiFatimatuszahro-f6d,UC_g1mVz7gvNT9Mek5h5lc-w,0,,https://yt3.ggpht.com/ytc/AIdro_ln-9HYXgytSDFQbDRDb_rgH6bzytH6hE2dknWeVZrk6K8go1x19Eeds3jB779sjKtoDw=s88-c-k-c0x00ffffff-no-rj,False,False,1781324288.207598
Ugzl8mFRD5Egxq82-5V4AaABAg,Emang harus dinepalkan semuanya biar bersih bersih kalau nggak begini begini terus negeri ini karena eksekutif legislatif yudikatif sudah keenakan selama ini memakan uang rakyat baik yg halal apalagi yg haram karena yg haram ini luar biasa besarnya,4 days ago,@mangbewok-e5v,UCLMRcpFUr6Hw_SWknD1W04A,0,,https://yt3.ggpht.com/ytc/AIdro_m5a--2A0kSHPJTmfOyUzuJsCLEPkIBtYWgE0oYhjOZ492NqXOSvIXaZ7Lf_tvLkIVHtA=s88-c-k-c0x00ffffff-no-rj,False,False,1781324288.210146
UgyZdwhQx0yBjIJeFFl4AaABAg,Bpk ini d tnya Benjamin koq jwabny mbulettt aja,4 days ago,@masyanto9022,UCkH-ulI6MeIIMN5GavRrsMA,0,,https://yt3.ggpht.com/ytc/AIdro_mNkj4pW6jUvChG4gBzsrYlBtzdpsU-SuNMu6MPKVmDoCxY2_D05vAOfPJE2IATJUm0Sw=s88-c-k-c0x00ffffff-no-rj,False,False,1781324288.212641
Ugwuv08kRWeLempxFLJ4AaABAg,Takut dibubarkan walaupun program sudah sakit itu Krena yg mndukung itu dapat untung,4 days ago (edited),@agusdediana8571,UCq-pMGKJqpTLifQwMLLgpHQ,0,,https://yt3.ggpht.com/bm1lcgIKpSXa2EHJMOy6dhEipykTtkxSOZs8pKAdbbV76ablwwHvp3nxyvCbaMovpU6sICUD=s88-c-k-c0x00ffffff-no-rj,False,False,1781324288.215147
Ugx--SNx9sB6ov2NHIl4AaABAg,Buang2duit aja MBG,4 days ago,@SolehAdromi,UCnv_yOyw95lxkU2VUa_kxcA,0,,https://yt3.ggpht.com/ytc/AIdro_kN0vHjIDhTA7B0t2l-8jw4du0Fp3Q4NWDxREtZ0wG6prM4O5dykKEJAxt14lhBl9HMMQ=s88-c-k-c0x00ffffff-no-rj,False,False,1781324288.217703
Ugw1qrwwDRpx0_mJvMd4AaABAg,DPR Itu Cuma Mentingin Diri Mereka Sendiri! Yg Penting Cuan Ngalir,4 days ago,@MasAgus_Motovlog,UCXasvKj1tDQfArCjEMXubhg,0,,https://yt3.ggpht.com/Pc95mxQ3DCq7WgAJcw49Jg1BlWEuLUElEvaqzkrTUGuF50RcJAGfoia1s3a_hfMJxaHlq9LK=s88-c-k-c0x00ffffff-no-rj,False,False,1781324288.220236
Ugx3Ui1FMfeVE0tfiTp4AaABAg,Hentikan MBG sementara sambil mengatur agar sumbangan makan siang anak langsung ditransfer ke orang tua yg bersangkutan drpd dikorup oleh para pelaksana lapangan.,4 days ago,@JosepHayon-o8n,UCuxPAY6w0chajzjfqQWoVqg,0,,https://yt3.ggpht.com/ytc/AIdro_lOLm-ghLUyNeR63dHQLSJT7oFA7-F0BvqAJOjYEsiDZh4OjaFpfbdHReaGhCF6aq9AXw=s88-c-k-c0x00ffffff-no-rj,False,False,1781324288.222819
UgwLaT2Zo3z8JgEJca54AaABAg,Dpr partainya pemerintah semua cm PDIP..mkny rame2 Bancakan,4 days ago,@chrisopherfarrell6880,UCYvTOsS4ABMAYiVEQoAGiKQ,0,,https://yt3.ggpht.com/5aXu2d0wXeAxckM4xTBtr2y-jMesZe06-UX2qTuLtFlM7sfY3uon13H3--SH0m5m_CuiaDuT=s88-c-k-c0x00ffffff-no-rj,False,False,1781324288.225367
Ugx5UTJ7p3HKiYaezEZ4AaABAg,"Apalagi anak saya itu 
Tulisan lama sembuhnya 
Nggak usah dapur mbg lagi ya 
Pasti aja ibu itu uang buat anak buat masak gitu ya",4 days ago,@MulyaniAni-t6z,UC2LZJw41mwII8Ew0tqNF9NA,0,,https://yt3.ggpht.com/ytc/AIdro_najrNirkES91uW9O1x7uafNumbXLKuwgH-mLyamJqgfhwuBIDWRZGGBzH6fCNh-gOl0g=s88-c-k-c0x00ffffff-no-rj,False,False,1781324288.22796
Ugwy-FBKOkjFlLXZgWJ4AaABAg,Sembako masih MAHAL 😂😂😂😂,4 days ago,@SandySaputra-d1h,UCxNtr3daboGOakI8vnckNRw,0,,https://yt3.ggpht.com/ytc/AIdro_nlK0XZCHPihWVQ4ZXtf5b8YpsaViKGdlcNQOujPdbuOV75OJmCMvjy0UMhDlldDDfeTw=s88-c-k-c0x00ffffff-no-rj,False,False,1781324288.230518
Ugww0b4syI-3V5uj4Y54AaABAg,"ini angota DPR dr gerinda ini baca undang undang terus,jelas yg masalah itu undang undangnya itu yg ngak benar.",4 days ago,@andi3482,UCSxIQ31IKl80qRWdc_19_YA,0,,https://yt3.ggpht.com/ytc/AIdro_nATaj_XyZ449yTpyY9GNkkpedOEjet8B9ru95ikqwS3Mf-MXvcS1UlV0t6a5VEu6AwMQ=s88-c-k-c0x00ffffff-no-rj,False,False,1781324288.233027
UgwRbLNw3NIUiXXXaxl4AaABAg,"MALING PASTI AKAN TETAP MEMPERTAHANKAN BGN TETAP BERJALAN SIAPAPUN DIA,",4 days ago,@donaldsamusamu7324,UCo1NNa0AnGgJ-Z4uZUWTtbg,0,,https://yt3.ggpht.com/XHAUDisXf53PUpHtX9xzhc39_yam5QGYcbxXEeYlFUHbF7vGNwZ9JXPAtBJBUQrwFQHclkanSw=s88-c-k-c0x00ffffff-no-rj,False,False,1781324288.235608
UgwyulTkggCDkcq6FkF4AaABAg,salahnya dpr klo di undang ke tv gk mau mngkritisi mslh mbg yg ada sllu mndkung apa yg di lkukan pmerintah.pdhl rakyat sllu teriak pdhl dpr itu kpanjangan dr rakyat,4 days ago,@andre-b4r,UCA902YuYpeRLzxoQ1PLUiVg,0,,https://yt3.ggpht.com/ytc/AIdro_mfv_9D5lFrDYWWLk4uDmKsOty7BRN5E_1eqYKXLg6MJJUmka2sWCUdxdxgz9b7_Aefdw=s88-c-k-c0x00ffffff-no-rj,False,False,1781324288.238128
UgywscWq2eZjgjEhtt54AaABAg,"Kalau diteruskan MBC ini 
Enak orang tukang masak gitu ya tentang korupsi menghitung 
Udah digaji masih juga ambil 
Warna untuk anak sekolah buat dia sendiri ya kan 
Siapa kerja di dapur gitu",4 days ago,@MulyaniAni-t6z,UC2LZJw41mwII8Ew0tqNF9NA,0,,https://yt3.ggpht.com/ytc/AIdro_najrNirkES91uW9O1x7uafNumbXLKuwgH-mLyamJqgfhwuBIDWRZGGBzH6fCNh-gOl0g=s88-c-k-c0x00ffffff-no-rj,False,False,1781324288.448524
UgxfeuwwCWKy4H-agJt4AaABAg,Mendingan uang aja kasih ke orang tua murid biar dia masa,4 days ago,@MulyaniAni-t6z,UC2LZJw41mwII8Ew0tqNF9NA,0,,https://yt3.ggpht.com/ytc/AIdro_najrNirkES91uW9O1x7uafNumbXLKuwgH-mLyamJqgfhwuBIDWRZGGBzH6fCNh-gOl0g=s88-c-k-c0x00ffffff-no-rj,False,False,1781324288.451271
UgxdZzZlmuISe5vSyDl4AaABAg,"Assalamualaikum 🙏
Maaf kalau aku masuk lagi
Katanya menunya daging 
Tapi tidak ada menunya daging 
Dananya katanya rp15.000 
Untuk makanan anak sekolah gitu ya kan 
Nggak ada 15000 

Cuman 8000",4 days ago,@MulyaniAni-t6z,UC2LZJw41mwII8Ew0tqNF9NA,0,,https://yt3.ggpht.com/ytc/AIdro_najrNirkES91uW9O1x7uafNumbXLKuwgH-mLyamJqgfhwuBIDWRZGGBzH6fCNh-gOl0g=s88-c-k-c0x00ffffff-no-rj,False,False,1781324288.453845
UgwxVd5kYSHLyjr257R4AaABAg,"Setujuuuu, kalau Indonesia mau selamat dari kehancuran maka MBG dan kopdes harus dihentikan.",4 days ago,@sumastutininung-vg6oc,UC9OjFYRUaMZNM60PXpzXh1w,0,,https://yt3.ggpht.com/ytc/AIdro_momCzWinqemrHVRkrALpkqOgWMuuCZmQETvZkxuCGOrH4d_knhnFbGxobnamVu-3gWDA=s88-c-k-c0x00ffffff-no-rj,False,False,1781324288.45644
UgwG0pXZJjrUfZdw6bN4AaABAg,setuju MBG dihentikan dulu sampai kasus korupsinya selesai dan semua yg terlibat dihukum seberat2nya kalau hukumannya ringan lebih baik programnya dihapus saja,4 days ago,@mochmuchtar7196,UCRHAfsRZz7PB3nsBbsahYTw,0,,https://yt3.ggpht.com/ytc/AIdro_muheUz8s2I3ModlLXM0_182XTBU3R5Gb85OwLynMs=s88-c-k-c0x00ffffff-no-rj,False,False,1781324288.458996
UgwXLfmlh-uXJQ0iry54AaABAg,"Bu irma, masak DPR gk tau sih ,ttg belanjanya BGN antara lain motor listrik, kaos kaki, tab dll, kan berita nya sdh se viral itu di berbagai media, taroh lah DPR gk dpt laporan, tp anda"" kan pasti liat media ?",4 days ago,@lismaniarlis8156,UC1q3_foXK8jS3HqWAu_kIuA,0,,https://yt3.ggpht.com/ytc/AIdro_nvfehXB-NvmdgSmeANzqSIRo4QZYD9ylRW7JKj9QU=s88-c-k-c0x00ffffff-no-rj,False,False,1781324288.461541
UgzNqBwphjOjRLbmV7x4AaABAg,"Guntur kalau ngpmong jgn asal bunyi, bilang kok ke Malaikat segala ,kamu yg sebenarnya kalau di BGN yg korupsi",4 days ago,@saepudinanwar4364,UCl5lYQBpXPY0p2hN8IXVsGA,0,,https://yt3.ggpht.com/ytc/AIdro_lPQU3bi2kvRhJUPJAtyfsrOv4TeihttkVedAYDYw=s88-c-k-c0x00ffffff-no-rj,False,False,1781324288.46402
Ugwd3TuzSh9_laXzled4AaABAg,"Percuma mendengar perdebatan tidak bermutu ini, disisi lain mahasiswa sedang berjuang disisi lain sedang memainkan lawak di kursi. Kalau kalian peduli, turunlah ke jalan, suarakan aspirasi kalian, mana yang katanya punya jutaan masa? Mana yang sering berdebat keadilan? Mereka hanya menonton dan sok bagaikan pahlawan nantinya. Sia sia juga memperjuangkan keadilan kalau rakyatnya masih tidur dalam bansos",4 days ago,@DeryUtube,UCmGK2ULHMbecv4CkwZ0yejQ,0,,https://yt3.ggpht.com/ytc/AIdro_n4wJ1o745a8pX0WITv50Uujw4uXvzulMVIepHG4zeFQ8-oJCV9hJ7hsVaXbntXvYzOwA=s88-c-k-c0x00ffffff-no-rj,False,False,1781324288.466543
UgwCvtuhZahBwLU7SzN4AaABAg,"Baru bilang IRMA tidak tau ANGGARAN PENGADAAN MOTOR LISTRIK dll,tapi sekarang RDP tentang pengadaan TITIK MBG.",4 days ago,@jabangunlumbanbatu9112,UC95QiQ763La6SvlA-eXWfPQ,0,,https://yt3.ggpht.com/ytc/AIdro_lXX-GJ9s7lq3HpugzyEi-ByBhYq7RUb2tM4DjW4A=s88-c-k-c0x00ffffff-no-rj,False,False,1781324288.469056
UgxMwbjpRAPRgiOS12Z4AaABAg,Irma Suryani itu disebut dalam daftar sbg orang terlibat korupsi BGN,4 days ago,@arieabidin1960,UCN2Cium9yjgcvYfi0EnFYyA,0,,https://yt3.ggpht.com/ytc/AIdro_mH1Tpr8U8lqA07zKVaEwncibzA44_aa2H21yGr7ns0gn0=s88-c-k-c0x00ffffff-no-rj,False,False,1781324288.471587
UgzrqM5DMGnD4y24mXF4AaABAg,Irma coba cuci tangan😂,4 days ago,@usyusolliyah2552,UCb3UEbUPUytiRnsafoqNysA,0,,https://yt3.ggpht.com/ytc/AIdro_mepZNFg0IkDgvVhDWwJ-etfN9-p-jFIuO69t8K727MQtN4q3ixeitoQ27z3kNlE3ybXw=s88-c-k-c0x00ffffff-no-rj,False,False,1781324288.474107
UgzhN1b1LrWP2blHDQ54AaABAg,Wanita tua ini adalah TERMUL yg loyal kpd majikanya jadi anggota DPR bkn karena dipilih tp menggantikan anggota yg meninggal.,4 days ago (edited),@didikdoang7628,UCjMJcw5xIHCPF2aDL1Hju5Q,0,,https://yt3.ggpht.com/ytc/AIdro_mmsD-lV1KwwETxT6mmremZdbV8RUlIGafNT-jYKHLRNAtUV3Th-FV9QR6jqDcCNsX9gA=s88-c-k-c0x00ffffff-no-rj,False,False,1781324288.476618
UgzW_WPGPpyt2papVA14AaABAg,Trik koruptor,4 days ago,@nawwwwrrr11,UCe_1_6IlSZDxMLjqav-u0Zg,0,,https://yt3.ggpht.com/S7IJmuzSy6z90IZ8l1fez1MvwQG1R41n-hE_VJ01FLd1rmaePU0s657khMlGW59nSbBLPp62mg=s88-c-k-c0x00ffffff-no-rj,False,False,1781324288.47915
UgwovwEU-b3MXiFLY3F4AaABAg,Ada yg disebut tuh namanya yg dudukk,4 days ago,@joshuaouououooo,UCLKIXwlvnyBRrCeu1NzcIcA,1,,https://yt3.ggpht.com/ytc/AIdro_kO0hT88X5uNeDF4Vk2Gz-6nexqp9pW-oDxilm26H6BEDVQUcUE-XCc4jqVuqTompVXlg=s88-c-k-c0x00ffffff-no-rj,False,False,1781324288.481699
UgwqPZMq8j8LG6dcjk94AaABAg,Mbg itu mau merampok negara jelas jelas sarang korupsi,4 days ago,@RedmiiSembilana-e3r,UCNsJ-mIraqgbha7fEgrDuBA,0,,https://yt3.ggpht.com/ytc/AIdro_nG4SbiRinF1vfW-o9Rnw5llJVk7TkcI6fsy_QOXjoibee1KSsh76gul9To0U7W2NWuBQ=s88-c-k-c0x00ffffff-no-rj,False,False,1781324288.484221
Ugxffns0-kDyScO_5lZ4AaABAg,"Prabowo itu bodoh, buktinya dia di tipu anak buahnya, buktinya dia menyuruh korupsi dengan brutal sampai gampang di buka.",4 days ago,@Bocahtuanakal-vd6tj,UCCw5zka0YcaGZVYTCqHJCfQ,0,,https://yt3.ggpht.com/gerICN_8Qraw_oTowF2r3HpbIvxl40HHaJ7v0TRNH49bZ7smtDOLtjHNlaztjGcVOsOmzHn-QQ=s88-c-k-c0x00ffffff-no-rj,False,False,1781324288.486779
Ugw1rvtJZQegl_nOump4AaABAg,Mana suaranya si irma biasa paling lantang mungkin dia punya banyak dapur.,4 days ago,@Chanelllminecraft,UCyi45KFnKTJ6EiLL4Bn7GCA,0,,https://yt3.ggpht.com/xTA27yS1qeoNzMuxWXdwTiwWjOWDEZZzk-RndLI3z9kSOTotgflZ2HgDU7T8z7aMRVA6oNs3U4k=s88-c-k-c0x00ffffff-no-rj,False,False,1781324288.489327
Ugxt06LKXIcJ6sfTrcZ4AaABAg,Ssya orang kampung sudah tidak percaya kalau penegak hukum bisa Tuntas. Karena sudah di beli sama Penguasa.,4 days ago,@pondoksukiyono7425,UCKOJoExvky0K_eTQ3MwyvqQ,0,,https://yt3.ggpht.com/ytc/AIdro_kmx1FCLXTfVGWmLXqNbp4LdUBWe3thPdSvvJdnYVk=s88-c-k-c0x00ffffff-no-rj,False,False,1781324288.491844
UgycFZEU3rMC6rUnGvB4AaABAg,Segera hentikan mbg dan kopdes juga,4 days ago,@KoesNoyyayaya-l4o,UC5iZUkmRvNNrzxU5_eBFGZA,0,,https://yt3.ggpht.com/ytc/AIdro_lry5t2S9CBkuXn7Kq1b9WOi6QeOlVNz7kq18pNWnkNZ_GIVopzjXPkqp_Y2rf2p4WTSA=s88-c-k-c0x00ffffff-no-rj,False,False,1781324288.494372
UgxVfqCSZ0czrHW5C-d4AaABAg,Yang kekeh lanjut kan MBG  Irma sama dondong 🤑🤑🤑,4 days ago,@JokoBimo-l5u,UChNMT5GN8qs7YuhdkRy6WoQ,1,,https://yt3.ggpht.com/ytc/AIdro_m3yH3CkDYbBlrEro0QnKb_ItobeFHLwKuQcGuP0f6Bn7OoKZ8W5OF5gGcuK2Gkd9LxEg=s88-c-k-c0x00ffffff-no-rj,False,False,1781324288.496858
Ugy2cTiwkoffWdfL6rh4AaABAg,Cobaklu pmrnth mau stop mbg slm 1 THN alihkan smntra dna itu untuk pendidk dan kshtn LBH brmnpt mna mbg dgn kshtn dan pendidkn,4 days ago,@athavivo6191,UCIi8gXZWXMqDOwUYYvCSOtA,0,,https://yt3.ggpht.com/ytc/AIdro_kn8eqFlf996whuV57ByKTlEVZ7Dl0XweEeHsGFgAc=s88-c-k-c0x00ffffff-no-rj,False,False,1781324288.725386
Ugw-_RB7TSKa-NLsxex4AaABAg,Setuju mbg dihentikan❤,4 days ago,@budionospd6902,UCLF1GuNM2zI0BGeWRM9Lbnw,0,,https://yt3.ggpht.com/ytc/AIdro_lNznVcdj6RgWlMITZux-KikIs_u6LwG3hD7quO7m4=s88-c-k-c0x00ffffff-no-rj,False,False,1781324288.72843
UgzwIPdwl6KXWdT1Zip4AaABAg,IRMA CHANIAGO ikut menikmati UANG KORUPSI MBG  kenapa di undang?,4 days ago,@Tujuh_Enam,UCKVsWL0GCi4Mc_6W6DgZjFA,0,,https://yt3.ggpht.com/q-mK8EQtVAnaZ5x0b5OKMM43lHoVATDX0fdWPy4PPh1Icbm4xPtt5iHYvAE_kolRXyQclHYRAsU=s88-c-k-c0x00ffffff-no-rj,False,False,1781324288.731573
UgykHX80vOAC7aNzBVF4AaABAg,Dpr sama pemerintahan kali ini sama sama buruknya.,4 days ago,@RadenWah,UCsnBRYQF3bV97CzkM9rp88w,8,1,https://yt3.ggpht.com/ytc/AIdro_lTsn_SEf4XL2vXIaaoqLUud5NQ9oq-8qVva6nli6qHfYKIw450e_k2BCXQMQ4EGZfOvw=s88-c-k-c0x00ffffff-no-rj,False,False,1781324288.734408
UgzZqb7GFdYko7nuWct4AaABAg,Jangan hentikan dulu tapi diberhentikan seterusnya masih banyak kebutuhan sekolah yg harus lebih diperhatikan,4 days ago,@MansurSur-j9t,UCvECSVi8sGE2bcjvCqjf6ig,0,,https://yt3.ggpht.com/ytc/AIdro_kAvXwKhF9W-758960a9XjLrXxvSdrZkX4XZl0vZ0CotMcCwuJe0HKveyMX8NMWQ9UFfw=s88-c-k-c0x00ffffff-no-rj,False,False,1781324288.737471
UgzGNPCSm8C0MSyAfnZ4AaABAg,Jd president itu tidak boleh salah sekali melakukan kesalahan besar turunkan saja Prabowo si tua Bangka ini,4 days ago,@MasyharZuhri,UCJHOf1jUPMJBUI3ek_lehTA,0,,https://yt3.ggpht.com/ytc/AIdro_najrNirkES91uW9O1x7uafNumbXLKuwgH-mLyamJqgfhwuBIDWRZGGBzH6fCNh-gOl0g=s88-c-k-c0x00ffffff-no-rj,False,False,1781324288.740239
UgwYXyjj075lOWX_teV4AaABAg,Hentikan MBG. plis,4 days ago,@dedensofyan2374,UC90YaOMNEQ2q_aigrYSzhuQ,6,,https://yt3.ggpht.com/ytc/AIdro_l3TcUivru79CrE_SZ5mC0eScBYLIxW-mfc0LZWCC0xS-yy=s88-c-k-c0x00ffffff-no-rj,False,False,1781324288.743399
Ugx2BVWNMT3HWCnzdVJ4AaABAg,Karena sakti atau karena ketidakmampuan kalian sebagai wakil rakyat yg diamanahkan/ dimandatkan rakyat sebagai penyambungan aspirasi ratusan juta rakyat Indonesia,4 days ago,@AshalnilManto-x7m,UCCErhtgz1ve4NcvisYNZe7A,0,,https://yt3.ggpht.com/ytc/AIdro_lN1r14JyVE1HV827fOA4jwcUpML9JATe2vub3wBZwgdO1_u1mEpcWHSejRd9oj5lcaaA=s88-c-k-c0x00ffffff-no-rj,False,False,1781324288.746172
UgyiCcZPcMr5ISEotvF4AaABAg,Inilah akibat hukum kelontong di Indonesia korupsi di mana mana,4 days ago,@yandisetiawan7352,UCYa_3aBnDlDoBmzxpmjL7oA,0,,https://yt3.ggpht.com/ytc/AIdro_k2R4gOzj0DsreLUb4kJ-3QT_RJonCM46s3u0VdSDzVQ_aqrvfIIZb1V__Snx8UK1XO4A=s88-c-k-c0x00ffffff-no-rj,False,False,1781324288.748848
UgxC0tEr2CCgMiCqBlB4AaABAg,"Irma itu bukan wakil rakyat, tapi juru bicara pemerintah",4 days ago,@herbinpurba3891,UChPvakjuwb7AEBOI1zidf1g,0,,https://yt3.ggpht.com/ytc/AIdro_kG9PQdth9ApOZpEycGp_ATzLznKetnvVxZrx3Ij6kaUL8=s88-c-k-c0x00ffffff-no-rj,False,False,1781324288.751844
UgywhKgUuFUxa5ynmhN4AaABAg,Sekarang dewan yg punya dapur ketar ketir,4 days ago,@yendiyanto2053,UClBdhaKdRDhCD23cG2MuYyw,14,1,https://yt3.ggpht.com/ytc/AIdro_kE6ZzqZ3-DzXge8NlyWa98fhIOwcbiizKy2PKyTps=s88-c-k-c0x00ffffff-no-rj,False,False,1781324288.754823
UgxB57-v4GQnh902SdB4AaABAg,Saatnya abaikan  gambar calon DPR untuk pemilu mendatang,4 days ago,@TamilaMila-q7h9l,UCvXWYk1ibtVgc7GGKANRAVw,0,,https://yt3.ggpht.com/ytc/AIdro_nx8c7Jb0sMw6ZStsZpUJ5Dy3MnYIzX_xUUxojKiQOYGENs9Hpuyzos6JpVufDaxlWPYQ=s88-c-k-c0x00ffffff-no-rj,False,False,1781324288.757523
UgyYWF8s-MwumlFs7dx4AaABAg,Semangat buat BGN yang selalu update kebijakan demi hasil maksimal,4 days ago,@yura_velisha,UCjWKzUkU7sl7MMmcYcfnO2g,0,,https://yt3.ggpht.com/Q2WPU825j1J8NLBzVVTpbbP-ubsUwPElyhUJP6kjuGJjt3lGvhCPJeai-eMA00xXzWSlB6M0aFU=s88-c-k-c0x00ffffff-no-rj,False,False,1781324288.760059
UgyDfNZK6OjqkAmD_tl4AaABAg,Nama lo dah ada di daftar irma😮,4 days ago,@kulitrodek5621,UCR4hSNB_96GKtBSeyx44VTg,0,,https://yt3.ggpht.com/2um1v8RV4DKV2uTAaEepsFqP1Yte8jVdOuSHz9m3qLz6gh5k6MOkInq9xqk59RYyytH819pkGw=s88-c-k-c0x00ffffff-no-rj,False,False,1781324288.76266
UgwnO-LJtqgjyQDCWkl4AaABAg,"Dari pada ribut trus, ada baik nya dana di lemparkan ke kantin tiap2 sekolah",4 days ago,@SamuelMooy-y6o,UC0l0uwxL569fIZujE5fKJNQ,0,,https://yt3.ggpht.com/ytc/AIdro_nlK0XZCHPihWVQ4ZXtf5b8YpsaViKGdlcNQOujPdbuOV75OJmCMvjy0UMhDlldDDfeTw=s88-c-k-c0x00ffffff-no-rj,False,False,1781324288.76521
UgybL46RWYT2IshDzBx4AaABAg,"SDM nya rendah dicekoki MBG aja sudah Oke gas oke gas oke gas , ga tau dampaknya kemana mana",4 days ago,@riswan7256,UCsN13YZmwrumN2a4ARteETA,0,,https://yt3.ggpht.com/ytc/AIdro_l5w7pzKzYkU93UoytvP-pDQ6QkN_Hjpo40VZ2poKg=s88-c-k-c0x00ffffff-no-rj,False,False,1781324288.76768
UgymUkaLL0_3ykcIAvN4AaABAg,Si Irma itu punya catering.,4 days ago,@Chanelllminecraft,UCyi45KFnKTJ6EiLL4Bn7GCA,3,1,https://yt3.ggpht.com/xTA27yS1qeoNzMuxWXdwTiwWjOWDEZZzk-RndLI3z9kSOTotgflZ2HgDU7T8z7aMRVA6oNs3U4k=s88-c-k-c0x00ffffff-no-rj,False,False,1781324288.770169
UgyfkLJ7i7LuySU0uYt4AaABAg,"Hapus MBG
mending gratisin listrik  450,  900  &  1300  watt",4 days ago,@harissuratman9093,UCJEpGGCPf3hedpzjugc4Tvg,0,,https://yt3.ggpht.com/ytc/AIdro_npcUR6XsdtEyWk5O0DUPbiBwaX_JeUikuODvjwubz_UpOPbxUG2HLiUrAGCHsdKbjT0g=s88-c-k-c0x00ffffff-no-rj,False,False,1781324288.77261
UgwO0swLDlIOgT8WRoR4AaABAg,Kok enak bubar bubar mbg yg sudah jalan hanya u kepentingan politik praktis yg dibubarkan orang yg korupsi yg kirupsi dihukum mati itu yg boleh betul gak gaes betul gak masarakat 🤣🙈,4 days ago,@suyoso145,UCzOV3ae2iJFvp-2nCNUNhGw,0,,https://yt3.ggpht.com/ytc/AIdro_kN0vHjIDhTA7B0t2l-8jw4du0Fp3Q4NWDxREtZ0wG6prM4O5dykKEJAxt14lhBl9HMMQ=s88-c-k-c0x00ffffff-no-rj,False,False,1781324288.775366
UgyKAChD3AVmx_BL44V4AaABAg,Mana mungkin Pengkianat2 Penjahat2 mengaku di 26 nama2 yg disebut Soni Sanjaya.,4 days ago,@FransSeman,UCjfgrUQw7AmC-CDiNEEKC6Q,0,,https://yt3.ggpht.com/ytc/AIdro_mA2AVFV-qavNRylO-8a4Gy-Z6PmCR1F_ZClH9D2RWiGO4aLpoBwvnFubP3fe06ChSeLA=s88-c-k-c0x00ffffff-no-rj,False,False,1781324288.777855
UgykHX80vOAC7aNzBVF4AaABAg.AXyrkYBxLNXAY0izkuy5xv,Lo ama aja menghina DPR dr PDIP dong.,3 days ago (edited),@SNgarwi,UCb6gmS9FCKMfoFCWJhA7bAQ,0,,https://yt3.ggpht.com/a99Ap4sKXkuYSY-fu889MXfCO-DUNS9RIgOoA2MYy16JXH1EITba0vp3zKtyRYcg8y5VPh9mdA=s88-c-k-c0x00ffffff-no-rj,False,True,1781410688.928289
UgywhKgUuFUxa5ynmhN4AaABAg.AXyr-rd39QsAY154DOhrdY,😂😂😂settingan bro,2 days ago,@bryanbudiprasetyo8817,UC4ja22spIZ9idUZ4x2RAjEA,0,,https://yt3.ggpht.com/NNmrjt8TkN85gsdlZ_maEpj50gXvNITMLXLn0SCtD5zrCwkuAWhntrOPS4AndOQe3KNjASarTiI=s88-c-k-c0x00ffffff-no-rj,False,True,1781497089.09504
UgymUkaLL0_3ykcIAvN4AaABAg.AXyqXGep_G1AY0itJD1GCB,Kader PDI lebih banyak,3 days ago,@SNgarwi,UCb6gmS9FCKMfoFCWJhA7bAQ,0,,https://yt3.ggpht.com/a99Ap4sKXkuYSY-fu889MXfCO-DUNS9RIgOoA2MYy16JXH1EITba0vp3zKtyRYcg8y5VPh9mdA=s88-c-k-c0x00ffffff-no-rj,False,True,1781410689.262388
UgzZi9-MNFmQH-WVxYV4AaABAg,Kocak ini DPR,4 days ago,@caloninvestorcrypto,UCrgj03kUMiKMCzCqp3_P7Nw,0,,https://yt3.ggpht.com/ytc/AIdro_mFwh2IrAgSRZ0bfsBI6zmAunMhdQdLYWio4gGzQHiQAgS8RJeBxykBSv3CKlCmqo2Z-A=s88-c-k-c0x00ffffff-no-rj,False,False,1781324289.494073
Ugy6MSBn5cHipZPgrCh4AaABAg,MBG : Makanan Bekas Genderuwo.,4 days ago,@jangkrikkebon8657,UCtJLu0LdczdxpnRVTBIUDzw,0,,https://yt3.ggpht.com/ytc/AIdro_mhsmnYE8s43yKvrOUEuO15ubUhsinTg2sCvnzOqI9_bv10vBFKsBHnJGDP5ESWQFEWmg=s88-c-k-c0x00ffffff-no-rj,False,False,1781324289.496953
UgwyluyhlM0xN9Dg6QN4AaABAg,Ngomong gampang.hentikan2 mbg.kopdes.terus pekerjs2 yg sudah masuk bekerja mau dikemakan dancuk.bertambah pengangguran lg.yg seharusnya dihentikan orang2 yg koruptor lol,4 days ago,@andriansulistianto5262,UCxsS_6lkgRT-_4P1BXL__WA,0,,https://yt3.ggpht.com/ytc/AIdro_lJ-4EQg053DmvdqQvt1u8ygFY-SKyWYZVMiCiihUI=s88-c-k-c0x00ffffff-no-rj,False,False,1781324289.49967
Ugyll95-39mUATqBeGZ4AaABAg,Pak guntur ini asal nyinyir saja hehehhhh,4 days ago,@kinayahchannel8621,UCE5BLrud0RbByU_KS626bMQ,0,,https://yt3.ggpht.com/ytc/AIdro_m4BoGqa_L9iYvwttJ-etH_fbBrsl9XFywmRjyZp4gPcw=s88-c-k-c0x00ffffff-no-rj,False,False,1781324289.502391
UgzEaJeHdTX3P8mFsE14AaABAg,Yg di hentikan yg korupsi MBGnya baik di dapurnya sudah diaudit semua  pejababt yg main main dengan apbn segera di adili.,4 days ago,@MOHSOLIHIN-ez1sr,UCbqhT1mMXsOp4FFPlKGa64A,0,,https://yt3.ggpht.com/ytc/AIdro_mNEAv5MPjwUYT_oMN-I_oKxZXRDcwTzQ5m2dLC8BLZIN_r2XL_arB8rM0NkGGWBLQJXQ=s88-c-k-c0x00ffffff-no-rj,False,False,1781324289.504981
UgzD-jIQgLPxNPQeYLl4AaABAg,Ray rakunti sok  cerdas dalam hal  program pemerintah .tapi jelas cari panggung .dia exstrimis pembangkang nkri.,4 days ago,@MamanSuryaman-n9s,UCojLWRmatf2VSyPYW9vkJtw,0,,https://yt3.ggpht.com/ytc/AIdro_nWBkhs3XZcENi1MSPCdcXzpUjnMm2sZJbVobSifX-nvmmNb8bXfpOmj_RTnLGbL03qbA=s88-c-k-c0x00ffffff-no-rj,False,False,1781324289.507717
UgyH0m0boKHVlPuP_gR4AaABAg,"LOH KOK ANGGOTA DEWAN MALAH BELA BELA NIH,,, DIMANA FUNGSI PENGAWASANNYA, KATANYA ""KECOLONGAN""",4 days ago,@harrymc144,UCm-pGGx1zPLcc4_s58waJsg,0,,https://yt3.ggpht.com/ytc/AIdro_korTawLvL-PgwJncnNJ4PJVKA9PyFOtHZsQy8fo8M=s88-c-k-c0x00ffffff-no-rj,False,False,1781324289.510557
Ugyo-eDFKH8E7pP_U_F4AaABAg,Stop Mbg,4 days ago,@ariantopasaribu6176,UCtT6Jomyy0-tacrL7fv7Z7g,0,,https://yt3.ggpht.com/ytc/AIdro_kuiMYStSTr4Hhx3OOVD7fF8iFt4bWYRbS0UZEdpg=s88-c-k-c0x00ffffff-no-rj,False,False,1781324289.513179
UgxE1381XCpMCwdpEwx4AaABAg,"Polisi, TNI, anggota DPR pengelola dapur MBG.",4 days ago,@enditsugriyandi9836,UCUH4xIuHAMQSgduom2qTntQ,0,,https://yt3.ggpht.com/ytc/AIdro_n-xBYLVhf2bcqUUnglmWppkXCvDVfyn05VLXqe0YI=s88-c-k-c0x00ffffff-no-rj,False,False,1781324289.515865
UgyrZupX8MrM5Zezb914AaABAg,"Ternyata yg lapar dan sasaran program mereka di Pemerintah dan DPR, karena semuanya habis habisan mempertahankan MBG harus tetep jalan. Padahal saya rakyatnya yg penerima bantuan berharap stop dulu. Evaluasi dan cek kondisi keuangan negara. Setelah urusan hukum selesai. Khusus kan utk daerah tertinggal dan tingkatkan menunya",4 days ago,@NtongPermana,UCfk8hsJdOJ-NnOsilyKl2zw,0,,https://yt3.ggpht.com/ytc/AIdro_mvRD3li-d41yRn_E5Os_4vOsBVZjneUdJDuG7vaq5mQf2ukH8_J5e7d4ICjs5ajyz-7g=s88-c-k-c0x00ffffff-no-rj,False,False,1781324289.518632
Ugz_dqOVp5isTqAwSz94AaABAg,"Mantap untuk yg pro pemerintah , terutama untuk uni Irma 😎👍👍👍",4 days ago (edited),@ayiayi8933,UCC7Q1OrBpUwqathl6lIQLZg,0,,https://yt3.ggpht.com/ytc/AIdro_lE-2v4pt1Am5Vt4Pedf4xjFjaVCExlg_cJVl7OY2xcwvV1BhXRzUSHIHLwFa5dONFuTw=s88-c-k-c0x00ffffff-no-rj,False,False,1781324289.521375
UgxNYgqrq6H8WeY3g9R4AaABAg,"Irma gk garang kayak dulu,,bisa juga Irma ikut menikmati aliran mbg,,kelihatan banyak ngelesnya,,",4 days ago,@Marwan123-y4e,UCc_4T4lrAvdQ58iImOXxMew,0,,https://yt3.ggpht.com/ytc/AIdro_m5evfCF_YxC_lDCZai6PdDPi8RLB_PVhrL3a1ARTLFBM2x9-KClsWFWW2FfUzwIrVBkQ=s88-c-k-c0x00ffffff-no-rj,False,False,1781324289.523933
Ugx2qpIWmlLU0U2IGMR4AaABAg,Ini akibat salah pilih 🤣,4 days ago,@bglg8631,UC1kK2Nn71uWXvZSwe592rDA,9,2,https://yt3.ggpht.com/ytc/AIdro_kx7LRXG9JxEQPwGG5Y-3-amHKIcX2nDJF5PElO758mf4e-_81WiP_1aIdW3MoO0j1Pgg=s88-c-k-c0x00ffffff-no-rj,False,False,1781324289.527032
UgyBDe_dDMgqsNkd5sl4AaABAg,"Ke tiga tersangka ini adalh Korban dr sebuah keputusan ,,, Bingung dengerin argomenya para politikus NEGERI ini,,,,,, wuuuueeeeeeerkkkkkkkkkkkk",4 days ago,@syafarass,UCflYGq0JmE3DX02oxfgEt0A,0,,https://yt3.ggpht.com/-bU5F-coCSC6fCLuZgMVQMHHKkCYLB0mMg50BcNnoV_UbHUACkKxh7DsVQCwPEAWegfJrC0yUA=s88-c-k-c0x00ffffff-no-rj,False,False,1781324289.532035
UgyEP312D-3y_F6yNjZ4AaABAg,Badut Irma paniiiiikkkkkk,4 days ago,@jerichomanurung5067,UCtCg7IHy_2GzBsaM4Y5xXHg,0,,https://yt3.ggpht.com/ytc/AIdro_n5CE76MVQkMhu6a4iK8az9kQPv_kPr-iuQ5nXhdG29qrENWaHeBnsbgnZdiKIuS-Wfkw=s88-c-k-c0x00ffffff-no-rj,False,False,1781324289.534626
Ugy7yVKklmJqe-D5XGh4AaABAg,hentikan MBG koreksi audit para memain,4 days ago,@mayorbasyir5096,UC-KCa3aFtzlX4_kPA1ZU-og,38,3,https://yt3.ggpht.com/ytc/AIdro_m1khCA2174ulCuKtqj1CNi4w0XzNYUtrBaCSpSKz1C1Q=s88-c-k-c0x00ffffff-no-rj,False,False,1781324289.537209
UgxOsap5bfbnct_FN354AaABAg,Rasax kita sbg warga negara hilang kepercayaan terhadap pemerintah apalagi yg namax dpr udah basi.,4 days ago,@animationanakanakkartun,UCCmuPknVK6X7dmxuxeJMY8w,0,,https://yt3.ggpht.com/g9IYDGRp27brj7auCXD6tZ0FVO9uWWTwgAkpsdhnADj3FxTa1vcYhOQl8t9zYteHrIwebpuuCw=s88-c-k-c0x00ffffff-no-rj,False,False,1781324289.539749
UgzbMxtxeaJteJAkUAh4AaABAg,Stop mbh. Anak toh masih bisa diberi mkn oleh ibu bapaknya,4 days ago,@usmanprawirakusumah7924,UCeOM7c3cP1N4MD5Dc0XzY4Q,0,,https://yt3.ggpht.com/ytc/AIdro_ldcrULDxeY6hZQ4VN_YMu2cirEWCvA_8puRcMgdlNgzNMh3QVfcibGQymN3VK_re_FvA=s88-c-k-c0x00ffffff-no-rj,False,False,1781324289.542394
Ugyh3d40APbdB10UTHN4AaABAg,Indonesia akan bubar pada tahun 2030 berdasarkan pidato Prabowo.,4 days ago,@TUANAYUNG-h8e,UC-F925EdzvuX1iSTjXcCSnw,0,,https://yt3.ggpht.com/ytc/AIdro_lCz-5s9xX2KhaXt-SgRQrSh7xSIu9Mi5iKddZZLTjvY5aH0-HZod53kfuRV4K-zm-cvg=s88-c-k-c0x00ffffff-no-rj,False,False,1781324289.544991
UgxDcYe-uEclUkYzBKR4AaABAg,Percuma Wowo komentar Brantas korupsi tapi malah tambah berjamaah korupsi nya,4 days ago,@usmanprawirakusumah7924,UCeOM7c3cP1N4MD5Dc0XzY4Q,0,,https://yt3.ggpht.com/ytc/AIdro_ldcrULDxeY6hZQ4VN_YMu2cirEWCvA_8puRcMgdlNgzNMh3QVfcibGQymN3VK_re_FvA=s88-c-k-c0x00ffffff-no-rj,False,False,1781324289.547551
Ugx2qpIWmlLU0U2IGMR4AaABAg.AXyp6UPtaPDAY-Ug9UqhG7,"Aku enggak salah pilih keluarga besar ku semua petani,sekarang makmur panen melipah harga sesuai 😊",3 days ago,@SerOt-f3c,UCnex5ylnZv7p-5HDEToXGyw,1,,https://yt3.ggpht.com/ytc/AIdro_n-ipYGNyWfz12ONyTS5rSab8KjOyO2zchxWqeHFrPUeLIIa2HS4OmlreGaAFKDd_6j1g=s88-c-k-c0x00ffffff-no-rj,False,True,1781410689.706724
Ugx2qpIWmlLU0U2IGMR4AaABAg.AXyp6UPtaPDAY-YQ6uGL-1,Akibat kalah pilpres jadi nglantur😂😂😂,3 days ago,@SamianMian-dz8kj,UCNBPmYvrGjLmHwxIxU4UWqA,1,,https://yt3.ggpht.com/ytc/AIdro_mA5iYFWQWr-erQfOrpRSPi7uAL1ykOBKRSbPBDp88Z1xyBT7Je5IKp6_AckwgwsDEc-Q=s88-c-k-c0x00ffffff-no-rj,False,True,1781410689.708733
Ugy7yVKklmJqe-D5XGh4AaABAg.AXyooKPVhQzAY19-gD0b8O,Jangan mudah terprovokasi konten di media sosial.,2 days ago,@WisangGeni-c2p,UCCpoKRnic99Myp677l32Jlg,1,,https://yt3.ggpht.com/Itc9R0WkuFD5CztcQ4s8MLlde9qa0hM8hn6U5e9bR75UdXu1FHMpEzx7d8p2oLIMYjWJM_UU5g=s88-c-k-c0x00ffffff-no-rj,False,True,1781497089.862276
Ugy7yVKklmJqe-D5XGh4AaABAg.AXyooKPVhQzAY-j2c5qjfS,B o d o,3 days ago,@MiftahulHudaSlametRiady,UCpRgsysH8NkEgWkO1XnnB8A,0,,https://yt3.ggpht.com/ytc/AIdro_kIQd925lZn3kNvSQBuSIvxotU3QPyWJUGr6nl8J4Bbkl1bcFpzgHabStJf-LedxUFwQA=s88-c-k-c0x00ffffff-no-rj,False,True,1781410689.863953
Ugy7yVKklmJqe-D5XGh4AaABAg.AXyooKPVhQzAY8RXbcTsOF,Klo berhenti akan smakin kacau,1 hour ago,@yani33,UCFTRXOnKL8dMEzeAMENYHng,0,,https://yt3.ggpht.com/ytc/AIdro_kQZ52bxrztcJU6PjMZ8ZhP6_BhJ_Rj4MY3zG-K0Pk=s88-c-k-c0x00ffffff-no-rj,False,True,1781666289.86564
Ugx7AfAw1jQwPnrNP4N4AaABAg,pelakunya salah satu lagi duduk disitu!!!!!!,4 days ago,@bistro888,UCdWhsPLJ9HNcxyvAeOx4izw,0,,https://yt3.ggpht.com/ytc/AIdro_maWKN-3ZRdA27re9wgBvB70K8waIXEMVfjW_RrUmz9-64=s88-c-k-c0x00ffffff-no-rj,False,False,1781324290.081547
UgwdKsS3ObWq0UZrAoB4AaABAg,"bagi yang merasakan manfaat MBG pasti tidak menginginkan dihentikan/dibubarkan, tapi diperbaiki manajemennya. perbaiki yang sudah ada, secara bertahap, mungkin berkembang dengan model percontohan dg standar kesehatan yang benar, terus berkembang sampai semua tercapai dengan tetap melakukan evaluasi dan audit manajemen secara ketat.kontrak  titik operasionalnya juga tidak boleh permanen, usaha ini tidak bisa 1 atau 2 tahun, mungkin diproyeksi lebih dari periode kepemimpinan persiden. karena sifatnya proyek strategis maka perlu pertimbangan dengan memanfaatkan lembaga"" negara yang berhubungan, agar auditnya lebih mudah. niat sudah sesuai UUD, operasional tidak boleh asal jalan. proyek strategis bukan proyek bisnis, tetapi proyek perjuangan untuk kesejahtraan, dzalim dan haram hukumnya yang memanfaatkan proyek tersebut untuk kebutuhan bisnis, apalagi sampai niat dikorupsi. kejahatan yang perlu diperhatikan dalam hukum kriminal negara kita.",4 days ago,@dilive-38i,UCHjMm9IHhx7F0gIaMWeVg_w,0,,https://yt3.ggpht.com/ytc/AIdro_kKGuxq0xLmNoPFuKzdCavnOP8et_KoSHHTQDLegY-8eryukYQSqeYbGM7U3tHwzBuIlg=s88-c-k-c0x00ffffff-no-rj,False,False,1781324290.083164
Ugx9v1iGvyYm1rqMbE94AaABAg,"Pelaku utama korupsi mbg itu dari atas sampe bawah, dikira di dapur kaga banyak korupsi apa, sekelas air galon aja di markup",4 days ago,@firmanmaulanasidiq1603,UC_QGE-4c9u-Vbaxtt3tfS6Q,13,3,https://yt3.ggpht.com/cBojBqfRE5vZt3P85sFPPmrcRrRb1e481NReDB38vdTTp3oYOBA87FjdCF0Wt6sir7HwsgaAdQ=s88-c-k-c0x00ffffff-no-rj,False,False,1781324290.084704
Ugx_yvG9ZZfucuIjYyt4AaABAg,"MBG, kopdes hentikan, kampung nelayan merah putih sepertinya ok",4 days ago,@soedartojaya8438,UCTtmQ9cpW8cUrsgX2vGFTAg,0,,https://yt3.ggpht.com/ytc/AIdro_m0yAy8nJ4CTs0IB5ndZJWuM8rZ1oJR2WHqjmdrGsY=s88-c-k-c0x00ffffff-no-rj,False,False,1781324290.08621
UgyDtsaa4zQCvhUcj2d4AaABAg,Jangan jangan DPR banyak mempunyai dapur,4 days ago,@HendraWinarno-l4n,UCm1eWIL9R8LQIULtD9HAChw,0,,https://yt3.ggpht.com/ytc/AIdro_kGJzQne4tLxXgvjd2qdB4-ZxFvdKrEml04CMC_OW9Qbpq0uVjTTkyvuZ_aG_JA0VwRMg=s88-c-k-c0x00ffffff-no-rj,False,False,1781324290.087712
UgwUVAw3_i-oB2eT_tp4AaABAg,Irma gelisah😂,4 days ago,@simpangdotkom856,UCND9eSR9aQ5z1q0oaDZQ2Yw,1,,https://yt3.ggpht.com/ytc/AIdro_kIRZPqoViEC5IM-Fh-SLHvQZAZMVlsngM_W-g57-U=s88-c-k-c0x00ffffff-no-rj,False,False,1781324290.089175
UgzUDzNTL-JpnbW3P2d4AaABAg,Jgn dong MBG ditutup kn SDH enk mengalir semua prpol dpt jtah klu di hntikn kadihn cuannya hilng.klu bicara krupsi .bukn hl Bru ngra knoha memng ngar krup.poroyek mn yg tdk di krupsi lembaga mna yg tdk di krupsi.dn hji sjh di krup.😂.krupsi SDH mmbudaya. Hukum APHny jug Sam krup lngkp SDH wjr ngar ini di sbut ngra pling korup di dunia.jgn harap rkyt akn sjtra.,4 days ago,@nelazahra431,UChwLI7_HxcITtgzkTCZGnRQ,0,,https://yt3.ggpht.com/8m1QKlyqaCnoDKZoUssA5NSa3hGBFv2js9c98DIRpiqIyxPH8kY04ZDYv758shgHm0e9L5rQm8g=s88-c-k-c0x00ffffff-no-rj,False,False,1781324290.090617
Ugzy2UQ9eyy7fNPEe9p4AaABAg,Negara Sudah Hancur - lebur Oleh Keserakahan Segelintir Dan Rejim Yang Tidak Bertanggung Jawab Atas Darah Dan Air Mata Rakyat 😂😂,4 days ago,@MahrumIqbal,UCWVG6khwl46XMH2GmlUWOCw,0,,https://yt3.ggpht.com/ytc/AIdro_kAvXwKhF9W-758960a9XjLrXxvSdrZkX4XZl0vZ0CotMcCwuJe0HKveyMX8NMWQ9UFfw=s88-c-k-c0x00ffffff-no-rj,False,False,1781324290.092003
UgxL2hA5gUaom_VuV354AaABAg,"""DPR MERASA KECOLONGAN""
ARTINYA ADA ""MALING"" AYO DPR BERANI GAK??",4 days ago,@harrymc144,UCm-pGGx1zPLcc4_s58waJsg,0,,https://yt3.ggpht.com/ytc/AIdro_korTawLvL-PgwJncnNJ4PJVKA9PyFOtHZsQy8fo8M=s88-c-k-c0x00ffffff-no-rj,False,False,1781324290.093452
Ugy8sNNm090i_YvJKb54AaABAg,"Cara pandang pasti beda karena ada kepentingan disitu. Saran aja, program MBG tetap jalan namun dibutuhkan perbaikan sistem pengelolaan. Pengawasan ketat untuk meminimalkan kebocoran anggaran. Proses hukum yang menimpa pimpinan MBG dibuka secara transparan. 😊😊😊",4 days ago,@IdrDepok,UCrKCplV9duOWO0kAFEUHDbQ,0,,https://yt3.ggpht.com/ytc/AIdro_n-5Uyy4uBf1cepaJOjOz08ZJYmQ28dvmHuEThaoTdfRc9dbQYzmqUndF_0hW2OfKNQ5g=s88-c-k-c0x00ffffff-no-rj,False,False,1781324290.095432
UgzLQ4WzKRRlV_g_ABV4AaABAg,Konstitusi sampai Uu untuk memberikan oelayanan jesehatan ada sudah di uu tentang rskyat sehat. Dasar dpr maunya mengelak begitu saja.,4 days ago,@karinapramesti775,UCaIlCZ1n31ElAk06lx-NJrg,0,,https://yt3.ggpht.com/ytc/AIdro_mwGrtRbD-70ozm7It0ZYp4jElP6amYOR6NhJacRE0=s88-c-k-c0x00ffffff-no-rj,False,False,1781324290.096939
UgweXsvgoSb-YjLOZvl4AaABAg,Bubar kan MBG dan koprasi merah putih program tempat korupsi uang negara jgn di habirkan BBM naik lah rakyat tercekik tutup wowo,4 days ago,@KusradiRahayu-s5d,UCnRbKKvodVXN9lYiUk1SpQA,0,,https://yt3.ggpht.com/ytc/AIdro_n7417ek-18wzJI3ZENBm0JLEsWrCcksbQ7WKdHv1tzFUdXjGULqP2rM3Knc8d3lEC4qw=s88-c-k-c0x00ffffff-no-rj,False,False,1781324290.0985
UgyLAiUz-lq_niHJQEl4AaABAg,"Termul"" Memang hebat daya rusaknya",4 days ago,@arethaputri5360,UCIOUdvI76ZoA-Db3TKUiu_A,0,,https://yt3.ggpht.com/d67BOQnXuHGF1ydMdpz-S9zgvqNP3mq8HeA-NnLYHp6gLO2MlO2kgDlJW3LE8pE2VnbVa-ktKyw=s88-c-k-c0x00ffffff-no-rj,False,False,1781324290.100006
UgyW0ueTFdRhIf3SM-94AaABAg,Efisiensi omon omon,4 days ago,@arethaputri5360,UCIOUdvI76ZoA-Db3TKUiu_A,0,,https://yt3.ggpht.com/d67BOQnXuHGF1ydMdpz-S9zgvqNP3mq8HeA-NnLYHp6gLO2MlO2kgDlJW3LE8pE2VnbVa-ktKyw=s88-c-k-c0x00ffffff-no-rj,False,False,1781324290.101446
UgxTClLB_1vIXRLv2Hl4AaABAg,Kalau kepentingan rakyat jangan mundur sedikit pun.MBG jalan terus.,4 days ago,@muhammadaliali3370,UCNrv-XMZXMMNMKvcNAfKNnw,0,,https://yt3.ggpht.com/ytc/AIdro_kfSx8jvrZ9JHqF-SjBMeTCbF3CtEu22olRPVCsVtM=s88-c-k-c0x00ffffff-no-rj,False,False,1781324290.102989
UgyNvqkZD_j3Zdw0_Zh4AaABAg,Gerakan Indonesia korupsi Raya (gerinda,4 days ago,@bahrulhuda8894,UCnGK1LipNsjcWodUd8mgsng,0,,https://yt3.ggpht.com/fQK2MNezq8d1fyDdCMmpt_--ZrDmJrkDJ-DIPQ4FwBMkzHuhtKz_WIExSq2z8QD5iRjdvPRe=s88-c-k-c0x00ffffff-no-rj,False,False,1781324290.104687
UgzvYRM5E3sJ6-whhPx4AaABAg,Yang di buat MBG dan koperasi merah putih itu tidak ada membuat masyarakat senang kalau mau membantu rakyat cukup pendidikan gratis dan berobat gratis itu sudah cukup untuk mensejahterakan rakyat,4 days ago,@DinDin-tn2bw,UCdNgk5oaZtJWYSLSR0HfOrw,0,,https://yt3.ggpht.com/ytc/AIdro_mO-FmweL8y1uNqqNcUDZ4M2Un4LX2rU-rFLpju9-lPnEwniZbZVQiSSLxwVY_IJGv2Ww=s88-c-k-c0x00ffffff-no-rj,False,False,1781324290.106176
UgyFBc8rYhNIciEeDdF4AaABAg,"Usut tuntas. Irma dan lainnya yg diduga terlibat hrs diusut tuntas. Jangan hanya panda berkelit. Diskusinya kayak gak nyambung, pak F Gerindra, gatal di kepala, garuknya di pantat""",4 days ago (edited),@martendonmanggaraintt9053,UCp3C7uFIxgkbhSW78Pfo0aQ,0,,https://yt3.ggpht.com/QENqhCbb7T0fi9V4NLjX8D6dS7PzUMYDkgejUPxvjxuv7xRjsfddL08Daf01Gy7j6ohPu3HW=s88-c-k-c0x00ffffff-no-rj,False,False,1781324290.107632
UgzLzoIsxDd0iTQO5Nl4AaABAg,Sidanang itu memang di utus untuk mengkorupsi dana bgn,4 days ago,@ariantopasaribu6176,UCtT6Jomyy0-tacrL7fv7Z7g,0,,https://yt3.ggpht.com/ytc/AIdro_kuiMYStSTr4Hhx3OOVD7fF8iFt4bWYRbS0UZEdpg=s88-c-k-c0x00ffffff-no-rj,False,False,1781324290.109048
Ugys61DbyOmTdyYtYlB4AaABAg,Dpr kok hanya mengundang lu siapa wakil rakyat maunya di kursi anda?,4 days ago,@karinapramesti775,UCaIlCZ1n31ElAk06lx-NJrg,0,,https://yt3.ggpht.com/ytc/AIdro_mwGrtRbD-70ozm7It0ZYp4jElP6amYOR6NhJacRE0=s88-c-k-c0x00ffffff-no-rj,False,False,1781324290.110493
Ugx9v1iGvyYm1rqMbE94AaABAg.AXyoDVJ2mHNAY-MVmpEdgi,trus dipindah kemana duitnya? ditempat lain aman ta?,3 days ago (edited),@bornsevenam,UCmxmdVK4-7C3ScblcI7efmg,0,,https://yt3.ggpht.com/8NHtS34ZMbA9Xd5W8Je-vI-4k7yFXhMjcebK6s7B24p0Z2qU1xEbpd8QxlHIEh7clAhTaJAT=s88-c-k-c0x00ffffff-no-rj,False,True,1781410690.273571
Ugx9v1iGvyYm1rqMbE94AaABAg.AXyoDVJ2mHNAY-S_oasbi3,"saya keja di mbg dibagian cuci ompreng tempat makan aja bisa korupsi, yang seharusnya saya cuci 5000 ompreng,.saya hanya memcuci 2000 ompreng tapi di tetap dihitung 5000 , sehingga saya dapat bayaran penuh 120 ribu sehari.",3 days ago,@ghosha_arghanfa2845,UCq_wJSJTVlgDXyI1PqOFEfg,0,,https://yt3.ggpht.com/gIyLW0uATB8L6YxkfLXz8bhfRfmvvElo9lxoOeaeB0rMMiPuHdSutVjEWdbELfrAolUv7KZR=s88-c-k-c0x00ffffff-no-rj,False,True,1781410690.275203
Ugx9v1iGvyYm1rqMbE94AaABAg.AXyoDVJ2mHNAY0YO3lp_n8,​ @ghosha_arghanfa2845 ngibul kau mana ad 5000 kau,3 days ago,@ciwonkgeming2113,UChRSQ6TJgr4Ezmy3OJH-fcg,0,,https://yt3.ggpht.com/ytc/AIdro_meS5GdsZ1-uqSg6O0w2Dw-pXMsGaBUkiGGADEw-kw=s88-c-k-c0x00ffffff-no-rj,False,True,1781410690.276684
Ugy75iusPHUw90tci6t4AaABAg,jangan banyak omong/pintar2anomong /0monh dpaang. Ayo kerja ikhlas dan keras sbg wakil Rakyat.,4 days ago,@faficdul8511,UCWupwjJTbf6QYAI9og2nq0g,0,,https://yt3.ggpht.com/ytc/AIdro_n0y7gQRfVAFAYJQ5hMD52qqTgZyonaPYRZQYeGI4Y=s88-c-k-c0x00ffffff-no-rj,False,False,1781324290.487616
Ugwr_P58CFnPoYPtF7h4AaABAg,"KLO MBG MAU DITERUSUN ,GUNAKAN DUIT PRIBADI PARA PEJABAT..JANGAN CARI UNTUNG MULU",4 days ago,@ramenryan8162,UCZjec1xY46IGi1RUszCikZw,0,,https://yt3.ggpht.com/ytc/AIdro_lawf9yWTQpDKE0MLo3587nhlwH_ppxDQse0Bw_-WWV25kHUsQnoRSTBnBBFdxj69wZBg=s88-c-k-c0x00ffffff-no-rj,False,False,1781324290.489295
UgwwsHBWctq7rMAB_g94AaABAg,Sudah saat nya masuk bui,4 days ago,@yatirohaeti9959,UC1wk7FqiaqDc4_N_4zPfulA,0,,https://yt3.ggpht.com/ytc/AIdro_l1MztshHxTMv4jLtfDNo9hOFqOfhgb6MH89OhlOpE=s88-c-k-c0x00ffffff-no-rj,False,False,1781324290.490873
UgwFMrLlEHV1jui4cMd4AaABAg,Dpr mengelaknya menyalahka diri sendiri. Katanya diundang gak datang kaki lu? Dpr bukan wakil kepentingan rakyat.,4 days ago,@karinapramesti775,UCaIlCZ1n31ElAk06lx-NJrg,0,,https://yt3.ggpht.com/ytc/AIdro_mwGrtRbD-70ozm7It0ZYp4jElP6amYOR6NhJacRE0=s88-c-k-c0x00ffffff-no-rj,False,False,1781324290.492376
UgyKS3XGGf1Ld4sSK-t4AaABAg,Hidup rabowo,4 days ago,@RinduAlam-tx7mr,UCuj2PBq-Gtqr1CjMS18Qxbw,0,,https://yt3.ggpht.com/ytc/AIdro_lp9OQ-_ykMGuXZ9KrcKyPSm9kA9vB9cMF5T5UXie-0OmMMmgygTjG1BuATiGxiSrkuCQ=s88-c-k-c0x00ffffff-no-rj,False,False,1781324290.493846
Ugz6myIghkf43v4CbX14AaABAg,tuh buk irma sudah ngaku tata kelolanya MBG yang salah= yang sudah pemerintah ngaku salah saja 1 tuntutan mahasiswa terkabulkan,4 days ago,@sobrialfikri6329,UCrayET2tQKmxVN_IW5jiI-A,4,1,https://yt3.ggpht.com/ytc/AIdro_lQN8wvCmFF2xeADCcSRygCADAbs6l2DY8EmnO-yc4=s88-c-k-c0x00ffffff-no-rj,False,False,1781324290.495291
UgzfcfXuyIlJRzqPADd4AaABAg,Fokus Ama sepatu Irma  goyang terus 😅,4 days ago,@IrawanOke-u6f,UC0ZyyE5XtW83ZxOAQye-qzw,0,,https://yt3.ggpht.com/ytc/AIdro_kWGOY2zL43BkQohHAF2ubCG6ZxCBJ3MFVPoRSNnCPL3skEILciTq3Gatqql3ZDXtWv5A=s88-c-k-c0x00ffffff-no-rj,False,False,1781324290.496715
UgzikyRfGeNCfQEmrat4AaABAg,Irma tidak selatang sewaktu berdebat dengan roky gerung ada apa ya?????,4 days ago,@agungjaya-z1l,UC0bow3CTCSkGARZBSp9tmrw,0,,https://yt3.ggpht.com/ytc/AIdro_mdraRvtsV7TrcgRRHdsLXJvpS8Uj_E1Vt05uArdqaJOb_-NkpcjOwq2BAVlmg5I3L81w=s88-c-k-c0x00ffffff-no-rj,False,False,1781324290.498184
UgyRMiYyMmpDBgUxWq94AaABAg,Mgkn pimpinan kita gak mau menjilat ludah sendiri saat janji kampanye. Walaupun banyak janji lain yg gak terealisasi. Kl mau efisien MBG diarahkan ke anak2 stunting atau keluarga miskin.,4 days ago,@hasanariyant5900,UCJm9dh7CXZnukajjmJlgNhQ,0,,https://yt3.ggpht.com/ytc/AIdro_ksl1yAyl22-U9Ed0cc6le_zlBpaezR6se5PqmqVV0=s88-c-k-c0x00ffffff-no-rj,False,False,1781324290.499616
Ugxcn8dChVAlOj8CHcd4AaABAg,"MBG ITU IBARAT NAFSU BESAR TENAGA GAK ADA 
ANGGRAN NYOMOT SANA-SINI HASILNYA APA?",4 days ago,@rosikhinkhin4598,UCv6I8U67rjdoLlMBChbTP-Q,0,,https://yt3.ggpht.com/ytc/AIdro_lAyCmPuPTcTtYpOA4QnUiNiel5MSi2UOypDgNoiTtaAGtGVrLt1wtS6foazk69LW0x-w=s88-c-k-c0x00ffffff-no-rj,False,False,1781324290.501026
Ugw5hNjJ81YmRGpgFIB4AaABAg,Orang bodoh pun udah tau kalau mbg itu sarang korup,4 days ago,@WahyuIlahi-wr3sq,UCfvv0KgpSFtTOpbEsQRjW1w,1,,https://yt3.ggpht.com/ytc/AIdro_lVWraBn0a1sEA_1KpW2SM4uJwy_8yOlTYSuYPSgISNHCLQwyyu6T_DJvcGl5Wq2SmwtA=s88-c-k-c0x00ffffff-no-rj,False,False,1781324290.502555
UgxLlMHbLRLChKGxZ5l4AaABAg,"Terbukti KKN 
MBG program gagal",4 days ago,@tokoabankps,UCutPvlXqlx5cSwbQdsCttHQ,0,,https://yt3.ggpht.com/jIBNCN1NiNntEjlgGcbzo8_xsB6n7FLU4X_uKlE6V1m_TzS0tQMLkvk3xlZHINtZ-5UQrgY_Dg=s88-c-k-c0x00ffffff-no-rj,False,False,1781324290.503985
Ugz8HUWKRJH-Xo3Q3AJ4AaABAg,Dokumen yg dinotariskan  di RUSIA bukan SENJATa ya bro? 🤗🤗🤗,4 days ago,@ekayonosuwito3298,UCEIZb5rjXaGyLh2Ddwhea-A,0,,https://yt3.ggpht.com/ytc/AIdro_k171yMDtn8o398C3lxd39OcZg4d7MFhNvJGfTuGHa2Zi2ow4EOwQv8jolERX9FY3-O3w=s88-c-k-c0x00ffffff-no-rj,False,False,1781324290.505402
UgxTMIKkaJIqkgumYTt4AaABAg,STOPMBGKDMP sarang korupsi,4 days ago,@aqilaliya,UCQi93AouNlK-jxFpXltFTNw,0,,https://yt3.ggpht.com/ytc/AIdro_nuvcJa157FF0MjgDUKeSX8Gc-qgWjfzjS7opakwsb0mQ=s88-c-k-c0x00ffffff-no-rj,False,False,1781324290.506786
UgxeBxsTxgTVFlptiXJ4AaABAg,Gak ada UU Bung Kamrus😂😂😂,4 days ago,@RudiUsman-vv6iu,UCqf_qoQwbs82eZKoSQ_3spQ,0,,https://yt3.ggpht.com/ytc/AIdro_lawf9yWTQpDKE0MLo3587nhlwH_ppxDQse0Bw_-WWV25kHUsQnoRSTBnBBFdxj69wZBg=s88-c-k-c0x00ffffff-no-rj,False,False,1781324290.508217
UgxZPf3dxV0TqZcOosV4AaABAg,"Bagaimana mau koordinasi dgn DPR,  mereka juga bagian dari pembagian dapur sppg",4 days ago,@LuckyLukmanSofyanLucku,UC6iQnmEH-Y0mVFUlJL4Tvzg,0,,https://yt3.ggpht.com/ytc/AIdro_md5VUxzH5yjyJv_IEGemehUPXnmQvty_gdK0OWc6XAOS-XVJ0B1M0OaXt1Bsp6kPB0PA=s88-c-k-c0x00ffffff-no-rj,False,False,1781324290.509637
Ugxy1Fen9L3-z4_BBot4AaABAg,Memangnya institusi penegak hukum yang bobrok harus di hormati prrrrreeeeettttt,4 days ago,@saiful3056,UCFTfYBZJtXpAXJb8Hgr5mqQ,0,,https://yt3.ggpht.com/ytc/AIdro_nsvxE6kTcid2ClD6q2FmV3Ok4mWnsh9UkpyDihNIc=s88-c-k-c0x00ffffff-no-rj,False,False,1781324290.511059
UgywDUQxEAb89J1IEXB4AaABAg,Males lihat si irma sering membela ke doliman di dalam negeri mauoun luar negei seperti membela jokiwi israrl istana dan perampok2,4 days ago,@emastur9487,UCJtHj1GNdq6WTLLFMQoADbg,0,,https://yt3.ggpht.com/ytc/AIdro_kFKyUfpTt-g7ZZ-6LZ1sANP6791YgWTIsbAPxggknb2p4vMYee8SivclGdDEQnvFVPyg=s88-c-k-c0x00ffffff-no-rj,False,False,1781324290.512584
UgxNVVJ72FwSJDcFUtB4AaABAg,"sama sekali tidak tau DPR nya , berhenti kan lah fungsi pengawasannya, jadi DPR ngawasi perogram dan kegiatan saja masak isinya tak tau sama sekali bikin bingung rakyat beri  gajinya gedegede",4 days ago,@sobrialfikri6329,UCrayET2tQKmxVN_IW5jiI-A,0,,https://yt3.ggpht.com/ytc/AIdro_lQN8wvCmFF2xeADCcSRygCADAbs6l2DY8EmnO-yc4=s88-c-k-c0x00ffffff-no-rj,False,False,1781324290.514018
Ugzu70unRTR6bFrZAtR4AaABAg,"Alhamdulillah banyak pejabat di negeri ini yang berbakat jadi rampok,maling uang rakyat.",4 days ago,@LaluahmadiAhmadi,UCNzCKjQZLSBewvnJdJGNPgQ,0,,https://yt3.ggpht.com/ytc/AIdro_nZhB8D-pmLw0DqfYYSJFmO6XZZYdn3UbwQeS1q0z1D58l2icD3fRIfUNwuWHdj8M2-MA=s88-c-k-c0x00ffffff-no-rj,False,False,1781324290.51547
Ugz6myIghkf43v4CbX14AaABAg.AXylsrFKtN6AY-YkUD9_pZ,"Mahasiswa bukan mahasiswa, klo mahasiswa otaknya cerdas klo otaknya cerdas yg didemo DPR agar DPR mau mngesahkan RUU perampasan aset koruptor, km tau knpa mahasewa ga berani mlakukan itu, klo mahasiswa harusnya berani dong",3 days ago,@SamianMian-dz8kj,UCNBPmYvrGjLmHwxIxU4UWqA,0,,https://yt3.ggpht.com/ytc/AIdro_mA5iYFWQWr-erQfOrpRSPi7uAL1ykOBKRSbPBDp88Z1xyBT7Je5IKp6_AckwgwsDEc-Q=s88-c-k-c0x00ffffff-no-rj,False,True,1781410690.669007
UgxkB7shm25szAhlLUp4AaABAg,"Ohh Irma terlibat juga ya, punya dapur berapa dia? Usutlah sampai tuntas.",4 days ago,@supriyosakiyo2996,UCSsM-uBorpO2HQxonY39aNg,0,,https://yt3.ggpht.com/ytc/AIdro_lNdzbPs-Ne1tTz0pdVonz7-rdGgfeOwkwQo4TZBfU=s88-c-k-c0x00ffffff-no-rj,False,False,1781324290.889344
Ugx8joXqK7cm3Wc2ehl4AaABAg,Penerbitan Perpres MALING BGN menjadikan pelaksana MBG RAMPOK SEMUA,4 days ago,@BagongSaleh-e2w6f,UCIfqyMkVBcq8hspAQNT7TLA,1,,https://yt3.ggpht.com/ytc/AIdro_kOb7QQDcZFwpMIdd9bTrXMar1ggASA-XZvBJ1dsoZ7ILZXnMflzIOdl1i8MGKOzZIN6g=s88-c-k-c0x00ffffff-no-rj,False,False,1781324290.890985
UgzoO54giLmwsSYGjY94AaABAg,"kecolongan maling terus so dk da pengawasan, pejabat keknya tidur",4 days ago,@Redmi14c-w9o,UC5idvKCuPno7jlG42DRnD7Q,0,,https://yt3.ggpht.com/ytc/AIdro_lTsn_SEf4XL2vXIaaoqLUud5NQ9oq-8qVva6nli6qHfYKIw450e_k2BCXQMQ4EGZfOvw=s88-c-k-c0x00ffffff-no-rj,False,False,1781324290.892523
Ugyq0G8qVRH-CrRPEO54AaABAg,Irma suryani bilang gak tau padahal dia anggota dpr😅😅😅,4 days ago,@kusnankarangsono4273,UCJiEBQe_C3ZWWmDFgzRKuJA,0,,https://yt3.ggpht.com/ytc/AIdro_mGIPYihAGM7162vaGqzCRkHhUv2z8LAB5gvYTnKuw=s88-c-k-c0x00ffffff-no-rj,False,False,1781324290.893953
UgzZKNu4G2-gwTot9NJ4AaABAg,Maling di Indonesia memang ada uwang pasti menang  rakyat  sudah muak kelakuan penguwasa hanya omon omon merubah ada pengawas juga orang diya malah pemborosan sudahlah stop mbg .rakyat setuju .malingnya banyak dipengaruhi mbg,4 days ago,@RakimanSuryati-y1u,UC-RX88_ngRyPwhUI4wnp9JA,0,,https://yt3.ggpht.com/ytc/AIdro_lBG4Q2j7htJbxg-phr_qVcAKlNOGbhJhWBe0SkBAuX3EdiRFA_mJUmpSD86gxTbRG5GQ=s88-c-k-c0x00ffffff-no-rj,False,False,1781324290.895382
UgyLWmMY_8rXdV7lwaR4AaABAg,"Rendang basi, bagian dr semua ini🤮",4 days ago,@Andi-o6w1c,UClI5u8L8_9l9ZCdYozl3gNw,0,,https://yt3.ggpht.com/ytc/AIdro_ka_OJb0XNJYDEohFXLN9aw8SQx2wooMyAYwzwnScVwBS5AeOdo4U3-cDL-EXswMyKilw=s88-c-k-c0x00ffffff-no-rj,False,False,1781324290.896778
UgxBweVXAVex_OgpILx4AaABAg,Bang Ray Keren❤❤❤🎉,4 days ago,@RudiUsman-vv6iu,UCqf_qoQwbs82eZKoSQ_3spQ,0,,https://yt3.ggpht.com/ytc/AIdro_lawf9yWTQpDKE0MLo3587nhlwH_ppxDQse0Bw_-WWV25kHUsQnoRSTBnBBFdxj69wZBg=s88-c-k-c0x00ffffff-no-rj,False,False,1781324290.898235
UgxvysxIeqegLjF5CUh4AaABAg,Irman.bilang.mbg.sangat.bermampat.apa.nya.mampaat.pahamu.itung.yg.jd.korban.yg.mati.k.racunan.buaha.buahan.banyak.yg.buruk.yg.bgs.duit.nya.br.sehat,4 days ago,@HmahdiDunang,UCx7EiAde1gMjXksL3afCEQA,0,,https://yt3.ggpht.com/ytc/AIdro_lL3a2p2kIBbgir_m-rckUr5pkGbwR1ycPtuGmQT3WUuLmQz_5O7czOh4UrUqhwiCJ0IA=s88-c-k-c0x00ffffff-no-rj,False,False,1781324290.899685
UgzluBhoGmEp6oYlvEZ4AaABAg,"Jangan dihentikan mbg, rakyat baru menikmatu sedikit saja sudah di utak atik.",4 days ago,@panjoelgdt,UCQhk5w3x8ANRO_hJAHOy3SA,1,1,https://yt3.ggpht.com/ytc/AIdro_mx80Rxz8fd367lRxIMJBjmdiOo2qrF6dGxX6XEcfyFJw=s88-c-k-c0x00ffffff-no-rj,False,False,1781324290.901553
UgzSYM_2wcfq9yvqJ094AaABAg,"Aslinya dpr juga orang !!! tapi jiwa oportunis tetap ada kalau perlu bermunafik , yg penting untung , dukung , apalagi duwitnya gede dan rutin !!!",4 days ago,@agustinusrachmiyono1721,UC9S23gcUkqR8V2av-m5xvTg,0,,https://yt3.ggpht.com/ytc/AIdro_labR8XHf25dYP9GzwhB6QWmJ7pNhevqt-fq-RiR7s=s88-c-k-c0x00ffffff-no-rj,False,False,1781324290.904786
Ugy__QwOR5ui8rT1obN4AaABAg,MBG jadi lahan korupsi. Stop MBG. Titik.  !,4 days ago,@putrirezeki5732,UCpWOYdODYIPST805MZZq06w,0,,https://yt3.ggpht.com/ytc/AIdro_lqisVU7qeV3AE671DfumRpfKysALTC-sbA7XC5b0eejA=s88-c-k-c0x00ffffff-no-rj,False,False,1781324290.907987
UgwY3Itd4SDdi0fIUu54AaABAg,Stoppp mbg,4 days ago,@FinMatilde,UCoXg0ZZ7NMBAYvGqpvLhrZQ,0,,https://yt3.ggpht.com/ytc/AIdro_nEK1kbF7CC8jzmxy5AOsGznV0V8U7waLwCm7EBugLuJA6Zhn2wYaW4DejMrvW3aNbXFg=s88-c-k-c0x00ffffff-no-rj,False,False,1781324290.910748
Ugz2yB8KfLh_2iC2JXR4AaABAg,wkwkwk 2029 DPR & MBG total tutup terlalu kòng kalikòng musang berbulu ayam,4 days ago,@Andri67-v7z,UC_NdHPeCnrI-BvyxWQjgs9w,0,,https://yt3.ggpht.com/ytc/AIdro_nHNmhgK4mtwlkvbYzWQNsHe7dvV4nJKisK6SmVW8O7u9Pa8T0cWxyinae9f8_eisKzEw=s88-c-k-c0x00ffffff-no-rj,False,False,1781324290.91274
Ugx4bhF8U7HLd9cN_vJ4AaABAg,Stop MBG karena sdh begitu banyak menguras keuangan Negara dan banyak jadi bancaan korupsi berjamaah,4 days ago,@ghurobachannel4739,UCgRTESGPws21-T8vcxbq42Q,0,,https://yt3.ggpht.com/ytc/AIdro_k677mSp99eQLr7FsOn8SbJzT1Sa1nMUvkJX4qCvn0aPNaZ3xuiM4eKIIzArYaFWYy_8g=s88-c-k-c0x00ffffff-no-rj,False,False,1781324290.914728
UgwWgpb_qNMRlu2W9ox4AaABAg,Dpr fraksi gerinda bertele tele,4 days ago,@DianaNadifa-e3k,UCO9b_8h08wEV_UMNcKrWEng,0,,https://yt3.ggpht.com/ytc/AIdro_koRtQTuIwjQ4FP3RZVg1uE66PaOdUeqFgH8lWkw-1bt37GjlJuRBJ7yTL7l5mFm3VeNQ=s88-c-k-c0x00ffffff-no-rj,False,False,1781324290.916347
UgzaWE8RSp89Yb10EjV4AaABAg,Ga ada yg berani kalau sudah TNI dan polri mau masuk ke BGN.karena dikasi aturan yg memungkinkan untuk mereka ikut punya SPPG.setelah mereka ikut ke dalam tidak ada yg berani ngapa ngapain karena negara ini sudah bobrok.,4 days ago,@dibalikpersepsi5667,UChcTVOeT5PVH9V7IwkVkNOQ,0,,https://yt3.ggpht.com/TThsRUsarfGVuygyADRfUnWhbnvIiTuuzb8MjFvMDVZEXhukNX7wLgX2kKQ7AkJNyPZiCXi-=s88-c-k-c0x00ffffff-no-rj,False,False,1781324290.917855
UgzaivMUtywjTgLBr-F4AaABAg,Stop MBG. Titik  !,4 days ago,@putrirezeki5732,UCpWOYdODYIPST805MZZq06w,10,1,https://yt3.ggpht.com/ytc/AIdro_lqisVU7qeV3AE671DfumRpfKysALTC-sbA7XC5b0eejA=s88-c-k-c0x00ffffff-no-rj,False,False,1781324290.91946
UgyEu4W2nLqO5OVNfhB4AaABAg,Semua hilang ingatan host Krn dindingnya tebal sekali,4 days ago,@Khairi-qf4no,UCi4YlP2csB0qcAXmJMpHlCA,0,,https://yt3.ggpht.com/ytc/AIdro_k9UxnvSEs8JwuJDQ-mV6u1Ei1FmVZ81IqmMkbvtyEEUuGBEHgOsXdETp1IQUaanB9mRA=s88-c-k-c0x00ffffff-no-rj,False,False,1781324290.920924
UgzaHunSpFevWdHF86x4AaABAg,"kader Gerindra Kamarusman ini selalu hindari. sudah jelas BGN bermasalah secara nasional kok masih mutar mutar ayat, pasal dll. seharusnya Gerindra terdepan bongkar kasus korupsi ini.",4 days ago,@konstansokon7298,UC4x_n-pumrrcrPTDJpOfGMA,0,,https://yt3.ggpht.com/ytc/AIdro_n7417ek-18wzJI3ZENBm0JLEsWrCcksbQ7WKdHv1tzFUdXjGULqP2rM3Knc8d3lEC4qw=s88-c-k-c0x00ffffff-no-rj,False,False,1781324290.922361
UgyLzfSk8_L88N3IYJ14AaABAg,"semua saling menjatuhkan yg pro dan yg TDK pro,saya sebagai rakyat kecil hanya cuman cuman ketawa,hhhhh,es to entekno dwet ,modar gak di gowo ok slm dari Banyuwangi orang kampung,",4 days ago,@Jadi-e1n,UChydqpgKJPGaunbK5k8lFGw,0,,https://yt3.ggpht.com/ytc/AIdro_k65DZsAHQBUnAuOxSZT7r9fAk4iy8_eNYr_aT6LrBfoCwrcS85Lh9VOPaGRI17GotdtA=s88-c-k-c0x00ffffff-no-rj,False,False,1781324290.923801
UgzluBhoGmEp6oYlvEZ4AaABAg.AXyjGE_cLhiAY-2LFEaOJ-,Pastinya kamu juga menikmati.,3 days ago,@madedani2243,UCgGFgCQEwvAVMB2Ezm-Y7wg,0,,https://yt3.ggpht.com/ytc/AIdro_nO5_AnrR5wC3yikrkeRVMEqqK2JYLnvMQub5cKxd-mCQNDacSpJv5wGRkTMh4pgO6TqQ=s88-c-k-c0x00ffffff-no-rj,False,True,1781410691.099637
UgzaivMUtywjTgLBr-F4AaABAg.AXyiQ9hKhATAY2QEUTGXDD,Betul,2 days ago,@faridaa4154,UCWx15i2UhBFL6zJYQFo5Rgw,0,,https://yt3.ggpht.com/ytc/AIdro_nu4um11rwC9fO44IHLbYPsU1jWi9cPbJsXtFTQbFw=s88-c-k-c0x00ffffff-no-rj,False,True,1781497091.251763
UgwAFyCcocLo5AT77fd4AaABAg,Kalau dpr tidak tau masalah pemerintahan kerja apa dia dpr tidak bermanfaat telinganya ditutup dan matanya buta sudahlah dpr katanya pengawas pemerintah  wakil rakyat hanya pandai bicara saja dpr ngotot,4 days ago,@RakimanSuryati-y1u,UC-RX88_ngRyPwhUI4wnp9JA,0,,https://yt3.ggpht.com/ytc/AIdro_lBG4Q2j7htJbxg-phr_qVcAKlNOGbhJhWBe0SkBAuX3EdiRFA_mJUmpSD86gxTbRG5GQ=s88-c-k-c0x00ffffff-no-rj,False,False,1781324291.441424
Ugx8EHqdxYKECPcOIhR4AaABAg,"Mau dibutin bgn tidak masalah, tp kalau bisa mgb jangn dihetikan, untuk kami dipelosok itu sangat membantu, bahkan dikampung ada murud yg sudah putus sekolah maduk sekolah lg, karna dulunya arg tua tidak mampu kasih bekal makanan tiap hari,, karna sekolah jauh, dan itu vima salah satu cntoh",4 days ago,@BisriBisri-d6w,UCFf4oBG-xj2cmV-VCOLtRfg,0,,https://yt3.ggpht.com/ytc/AIdro_nSY3SKVIB-lh59yGyZKnSBMStdyKAx-ey6Y__AoaVIck-hLXmMGqnd_XiRQfZveTs5Jg=s88-c-k-c0x00ffffff-no-rj,False,False,1781324291.443065
UgxpicqlQv9sl0hnWFZ4AaABAg,"Kan. Ada. Juknis. Bacakan. Semua
Pak. Kalai. Belum. Masuk. Pengusulan. Itu. Itu. Menyala. Gunakan. Weweng. Bonar. Itu. Selosaikan. Dulu. Masaalah. Penyalagunaan. Weweng",4 days ago,@Riders-e8u,UCKajgyan9seJ64u_AcfE9eA,0,,https://yt3.ggpht.com/ytc/AIdro_lawf9yWTQpDKE0MLo3587nhlwH_ppxDQse0Bw_-WWV25kHUsQnoRSTBnBBFdxj69wZBg=s88-c-k-c0x00ffffff-no-rj,False,False,1781324291.444596
UgwLRmYLlHxxg01Fajd4AaABAg,Coba Pak Kapolri tindak  tegas 4 oknum Sat Res Narkoba  di Polres Buru Polda Maluku yg menggelapkan BB Narkoba,4 days ago,@rizkyarianto2762,UC9GVEwiD2k1IMiiVsA4moAg,0,,https://yt3.ggpht.com/ytc/AIdro_ktgf3psRkAgKqgtBrHqhFCpTwn8CtlBGMPzkRqQ28gVAm_OArHXAgXv_ztPUnBWg1sIA=s88-c-k-c0x00ffffff-no-rj,False,False,1781324291.44606
UgwKZSJkAlWT21WMINF4AaABAg,Lahan korupsi mbg,4 days ago,@antonpunggelan2694,UCWqY-qRYPTKZaxIgVC6usnw,0,,https://yt3.ggpht.com/ytc/AIdro_najXonFPUHbIhdnuXGIYDxZKsT6kh-CdXizzqYtvlKhw=s88-c-k-c0x00ffffff-no-rj,False,False,1781324291.447587
UgzwKCU9iBUlBRtrK-d4AaABAg,Daripada masalah berlarut-larut dan carut-marut koncinya Stop dulu MBG.,4 days ago,@djayatinggi9004,UCL-Ffqd_meX3C2n0YbOJ7aA,0,,https://yt3.ggpht.com/ytc/AIdro_kjorD5wGpc4W2vNI6Sif_eP75yAgGBQShO0NkhWECqJw=s88-c-k-c0x00ffffff-no-rj,False,False,1781324291.449071
UgwvUGbS6K1bOeqsmAF4AaABAg,Nepalkan aj negara Indonesia ni sdh tdk jelas negara Indonesia.,4 days ago,@hilangggg,UCtpAli7VDQTEW1O1C4n5f6w,0,,https://yt3.ggpht.com/ytc/AIdro_n_xxfm6_vrG59vky8ooeH4fonyvrqX2dZdAb5YEHnDWQkB1u_El5vKApzpBqDSIL5sLw=s88-c-k-c0x00ffffff-no-rj,False,False,1781324291.450536
UgzwiSRUURLDQehPU614AaABAg,Stop MBG karena sdh begitu banyak menguras keuangan Negara dan banyak jadi bancaan korupsi berjamaah,4 days ago,@ghurobachannel4739,UCgRTESGPws21-T8vcxbq42Q,0,,https://yt3.ggpht.com/ytc/AIdro_k677mSp99eQLr7FsOn8SbJzT1Sa1nMUvkJX4qCvn0aPNaZ3xuiM4eKIIzArYaFWYy_8g=s88-c-k-c0x00ffffff-no-rj,False,False,1781324291.452026
UgymQ9uVQGLavuOQuy54AaABAg,Negara sudah maju malah kembali ke jaman 60 an rakyat sudah nggak kelaparan malah diberi makan mending digunakan yg lebih bermanfaat,4 days ago,@WardiPetengan,UCDmzejo32T5BDrNd5GLhUBA,0,,https://yt3.ggpht.com/ytc/AIdro_kyKYN6nMKhyF6lfsxaBhBggLTm_UXP4uFvN9PMRyshUwp-sjIgLnMzEEoqVfCofXlIcQ=s88-c-k-c0x00ffffff-no-rj,False,False,1781324291.453466
UgyB5KU7VmLsnlukhHN4AaABAg,Tdk mungkin APBN keluar duit dpt tdk tau.,4 days ago,@hilangggg,UCtpAli7VDQTEW1O1C4n5f6w,0,,https://yt3.ggpht.com/ytc/AIdro_n_xxfm6_vrG59vky8ooeH4fonyvrqX2dZdAb5YEHnDWQkB1u_El5vKApzpBqDSIL5sLw=s88-c-k-c0x00ffffff-no-rj,False,False,1781324291.454873
UgwmrKk51oPW5LwE8Nl4AaABAg,"Coba cek makanan yg disajikan di daerah2,,,sesuai atau melenceng,,,akan terjawab MBG ini layak diteruskan atau dihentikan,,,,rakyat sudah banyak yang mengeluh,,cek dan cek bila ingin buktinya",4 days ago,@imamsyafii4893,UCBlafg0D2zCRxgKE6v4yDtA,0,,https://yt3.ggpht.com/ytc/AIdro_lLRfiXmZ6TgJHKZ6IAbGouVs_OpebTfpDaf4qzALc=s88-c-k-c0x00ffffff-no-rj,False,False,1781324291.4563
Ugws7f7c6rkjlHNZOwh4AaABAg,MBG Mas bahlil ganteng,4 days ago,@antonpunggelan2694,UCWqY-qRYPTKZaxIgVC6usnw,0,,https://yt3.ggpht.com/ytc/AIdro_najXonFPUHbIhdnuXGIYDxZKsT6kh-CdXizzqYtvlKhw=s88-c-k-c0x00ffffff-no-rj,False,False,1781324291.457736
UgwVnBzoM-ChPWvsYap4AaABAg,Stop mbg,4 days ago,@IwanRiefsal,UCQekPf8O79kCSGYidAi7jDQ,0,,https://yt3.ggpht.com/ytc/AIdro_nbIRpRoYqRgJ2spNIQtwabq6ir18ziB_GIrg8eyjIddwsRWvvxJsp8Y8bqRYKGYd7v5A=s88-c-k-c0x00ffffff-no-rj,False,False,1781324291.459149
UgwsWmB8cWN6pkC91I54AaABAg,Itu. Menyimpang. Kurung. Pelakunya. Pqk. Sony. Memang. Salah. Kalau. Tidak. Melalui. Dpr.,4 days ago,@Riders-e8u,UCKajgyan9seJ64u_AcfE9eA,0,,https://yt3.ggpht.com/ytc/AIdro_lawf9yWTQpDKE0MLo3587nhlwH_ppxDQse0Bw_-WWV25kHUsQnoRSTBnBBFdxj69wZBg=s88-c-k-c0x00ffffff-no-rj,False,False,1781324291.460534
UgwpNqYQd4LTlAkpRe14AaABAg,Wong cilik mbg diberi tidak minta akan melawan rakyat kecil siapapun lawan sudah tandai wong cilik.,4 days ago,@SN_xzz_Bill,UC5eFfPGQJhaMVgQa0aWczIA,0,,https://yt3.ggpht.com/BCl9mRHCxzp5XoFQY-ijksK65IKvNlsS9VHltGOv6j9Loqf3atyw0tuu1RJyOdZcEvqOkIEjFw=s88-c-k-c0x00ffffff-no-rj,False,False,1781324291.461898
Ugy38pMl7iA15Ou1ar14AaABAg,Stop MBG,4 days ago,@hasanwassri5222,UCeTSAj-mNgBabAws_weqwxw,0,,https://yt3.ggpht.com/ytc/AIdro_lL3a2p2kIBbgir_m-rckUr5pkGbwR1ycPtuGmQT3WUuLmQz_5O7czOh4UrUqhwiCJ0IA=s88-c-k-c0x00ffffff-no-rj,False,False,1781324291.463317
UgxcYcDhTNQh_akWuFN4AaABAg,Hentikan sementara MBG untuk  pengumpulan data dan  mengevaluasi.,4 days ago,@sutarmanyohanes967,UC0-6ENpyfWcrUKSRF9uug7Q,0,,https://yt3.ggpht.com/ytc/AIdro_lKwbuoOqIsXrvIF4JD_Ut1Q0BL1VFyU3L6VvjN3w=s88-c-k-c0x00ffffff-no-rj,False,False,1781324291.464705
Ugw3MpebtBl43BzeHsl4AaABAg,Hentikan MBG saya rakyat tidak suka MBG,4 days ago,@KacamataOptik-n8y,UCmh49FpLHTBZ6xr6ldS5m-A,0,,https://yt3.ggpht.com/ytc/AIdro_mo-ngw2iXTjilc4X3R9TWfKMVubJaaWmP-E9AYx2N-KkwGfZ7Ck2wgooJGVstqf0wbRw=s88-c-k-c0x00ffffff-no-rj,False,False,1781324291.46609
UgzYqY5IwH_KFaPwa-l4AaABAg,Mungkin Mksdx PDIP maunya internet gratis👎,4 days ago,@kaltogarisi-i7y,UCUh1wmjnBUPHlgNVLvsSN7A,0,,https://yt3.ggpht.com/ytc/AIdro_lY-WlVQVBSwguFVjuw3CNdGawGncCilmsM3nDdhLsiSSmgjMtxyovSm_gQEg5cZWbjTw=s88-c-k-c0x00ffffff-no-rj,False,False,1781324291.467519
UgzOdnTfVtZXsURR-Wx4AaABAg,Katanya bu tadi ga tau ga fi ajak ngomong,4 days ago,@Dikdikbpjs,UCx2o9lkBJhs2bUuavMsWTVQ,0,,https://yt3.ggpht.com/ytc/AIdro_nkwyjNjXiTbomljA7uogixZrzODDBJARZoRWe5u8Oz1e7OolmJA7H9ZsVkbBDlarhMIg=s88-c-k-c0x00ffffff-no-rj,False,False,1781324291.468933
Ugwn5iHMSQBgJpmKHK14AaABAg,Irma tdk betul dia selalu membels kepenting privadi dan kelompok dia bukan wakil rakyat dia mewakili kepentingan kelompok nya sendiri fungsi pengawasan sebagai anggota Dewan/ DPR  ko tdk fijalankan hanya ngeles tdk tahu. Apa kerjanya di byr olehbuang rakyat malah ikutan. Karma nanti coba di tunggu Waktunya.,4 days ago,@Andri02-w2n,UCGk1fsaI4xTTULYHc8d5mug,0,,https://yt3.ggpht.com/ytc/AIdro_lImVEFshLCzwKPwsKil_wI44W3fLO5VgHisdM_-Jtm5ZMsPSMXFTRot9-tSU3zW38Ftw=s88-c-k-c0x00ffffff-no-rj,False,False,1781324291.711548
Ugz2qf2msoU2RITtAwV4AaABAg,Irma Chaniago harus diperiksa !,4 days ago,@johari122,UC-5Bo8RhiU3qHzsJ9W3S86w,0,,https://yt3.ggpht.com/ytc/AIdro_nVsmiZJdEGRZvNrJrDmQQw03vH7bYesSeup4kEC2M=s88-c-k-c0x00ffffff-no-rj,False,False,1781324291.714426
UgzHjAl2fYYWDV4pwal4AaABAg,"Maju PDI P, TUTUP MBG",4 days ago,@raigunawan4374,UCORhQNMR9lnE7v65_CHYoOA,0,,https://yt3.ggpht.com/ytc/AIdro_nAU0DMeV3CH5AizDG2VszzjSsEU-TmdZH1fRg1p3_QDg=s88-c-k-c0x00ffffff-no-rj,False,False,1781324291.717062
UgyNXNPp2RZAFHS46yd4AaABAg,Ruwet kabeh,4 days ago,@ryansibeh9449,UCNPaf9HslNX5aprJEYBD6Lw,0,,https://yt3.ggpht.com/FKtpI9ywQyy7_i5dDxO97PPhnQnhP3rJgdFXv9FPL3tUzhEqOkjYiUsQEHkaSyUByoSv_SDLbzc=s88-c-k-c0x00ffffff-no-rj,False,False,1781324291.719886
UgytZGy53yGaoQ8K5hV4AaABAg,"Bagi2 kue,,,",4 days ago,@winarnowinarno9109,UCRVv7GqbQ2524A_7c0XW5ZA,0,,https://yt3.ggpht.com/ytc/AIdro_mzksONrz3OSuVyyUUITS-9yLU_QutU4tCOAyRp5DM_vrG8UFaU5FJrp_beNznUEi3uUg=s88-c-k-c0x00ffffff-no-rj,False,False,1781324291.722679
Ugxby116woElsAM7kRh4AaABAg,"YANG DIHENTIKAN ITU KORUPSINYA / DIBERANTAS ,BUKAN PROGRAMNYA YANG DIHENTIKAN ! HUKUM MATI BERANI NGGAK SERTA DIMISKINKAN !",4 days ago,@yosomunandar5356,UCXzVENxUTfllUckpk23MN3A,10,8,https://yt3.ggpht.com/ytc/AIdro_kHj9nqpXnFDhEREGYNzCu-o1X56TCYliH-F5EEJWPvAANcainiV0EAKhWxMDpWdctw5Q=s88-c-k-c0x00ffffff-no-rj,False,False,1781324291.725502
Ugy_OuhOWOaZy21qq2p4AaABAg,Ayo ayo irma ketahuan cari selamat sendiri - sendiri kapoook deh,4 days ago,@muhlishoiruddin2017,UCEsvANPRAPIMqCpJxdR-MJQ,0,,https://yt3.ggpht.com/ytc/AIdro_m72khPTWPbBkylGXoPcXyK2BIyLehpJj4HPkNZFEc=s88-c-k-c0x00ffffff-no-rj,False,False,1781324291.728302
Ugwoq4kZUtfLeU685jZ4AaABAg,"PDIP seperti ""Parang tajam dua sebelah"",memanfaatkan situasi untuk menikam pemerintah dari belakang.""",4 days ago,@FianneKarundeng,UClO5igh1ger4Lge4Z0gHo0A,0,,https://yt3.ggpht.com/ytc/AIdro_lb-lBb6-rl_rxGgAnDeW8EvJQjI_nH6RhaFU61qkNyLtqKelCNJ2fbVBeKGbbGsTR3ag=s88-c-k-c0x00ffffff-no-rj,False,False,1781324291.730843
Ugwhuv8J3mzE5R9TODd4AaABAg,STOP MBG mending anggaranya di berikan ke GURU honorer,4 days ago,@adriantoanto5390,UCYM1yJxbwBD0z8vmrXoX9RA,0,,https://yt3.ggpht.com/WhahIlq2Zsnc0LzCBvfXKih4VIohF6yXlUawawSehTFZLCJM2_oV5ZEXWT65BgUB0QnIGUC8i3M=s88-c-k-c0x00ffffff-no-rj,False,False,1781324291.732633
UgziCX6bLEohUih5Cqh4AaABAg,DPR perlu minum jamutolak angin😂,4 days ago,@heriwahyudi-6321,UC1zBLj940RO_WiFGwKwgogg,0,,https://yt3.ggpht.com/ytc/AIdro_nAt6g6WaKLnrN3laVMdZGBKMMxqX-BzkMoyE5xwPrSmvVSfviAg4AXAEXzSqB9NDNuyg=s88-c-k-c0x00ffffff-no-rj,False,False,1781324291.734213
UgyJyD48eUiH60Y9DiN4AaABAg,"Tidak tabu itu bisnis dpr,,1000 persen",4 days ago,@winarnowinarno9109,UCRVv7GqbQ2524A_7c0XW5ZA,0,,https://yt3.ggpht.com/ytc/AIdro_mzksONrz3OSuVyyUUITS-9yLU_QutU4tCOAyRp5DM_vrG8UFaU5FJrp_beNznUEi3uUg=s88-c-k-c0x00ffffff-no-rj,False,False,1781324291.735745
UgzDI4R03gekbhOjq3t4AaABAg,Kenyataannya tidak semua orang bisa mempunyai dapur MBG. Karena ada jual beli dalam dapur MBG oleh orang yang berwenang. Pelaksanaan MBG dan koperasi merah putih membuka jalan korupsi.,4 days ago,@umbarwati4308,UCEwYiggyrcNSbmSYuarJdQQ,0,,https://yt3.ggpht.com/ytc/AIdro_mepZNFg0IkDgvVhDWwJ-etfN9-p-jFIuO69t8K727MQtN4q3ixeitoQ27z3kNlE3ybXw=s88-c-k-c0x00ffffff-no-rj,False,False,1781324291.737274
Ugx6KHL4c6KKqRT1gRV4AaABAg,Itu bisnis dpr bos,4 days ago,@winarnowinarno9109,UCRVv7GqbQ2524A_7c0XW5ZA,0,,https://yt3.ggpht.com/ytc/AIdro_mzksONrz3OSuVyyUUITS-9yLU_QutU4tCOAyRp5DM_vrG8UFaU5FJrp_beNznUEi3uUg=s88-c-k-c0x00ffffff-no-rj,False,False,1781324291.738708
UgzkjxsYBH0lOnvI7nB4AaABAg,Hutang modal ke bank siapa yang nanggung mereka kan modalnya daribpinjaman bank .bank bangkrut dong ga ada yang bayar,4 days ago,@SusilawatiNani,UC5dJZTCDTOY9hQqT9ZC2Gtw,0,,https://yt3.ggpht.com/ytc/AIdro_mhpdt52gf-ewuMICMSpf58jqqKXetktX-rAgmJkXZktJrVu4vDkBYngfAtIfmb6uJy3w=s88-c-k-c0x00ffffff-no-rj,False,False,1781324291.740174
UgzSu_nGU6vboVJRWXZ4AaABAg,Omongan orang dpr apa bisa dipercaya?????,4 days ago,@beluga7911,UC_lkF77P0XxP914sE9x9BCg,0,,https://yt3.ggpht.com/BMVGb5Oz5R1A5RZoznQVu1_UNT9OJeF2BjZ4zdwdrtsV4wM4GXLxg_QLMw4uSLRJ3dJQ1Ii_=s88-c-k-c0x00ffffff-no-rj,False,False,1781324291.741602
Ugy2LXOIkvY_nlzMLnN4AaABAg,IRMA C JADI GARONG MBG.,4 days ago,@AngwarHelmifauziah,UCeuOCzqaYHXBMdD0QI0NJgg,0,,https://yt3.ggpht.com/ytc/AIdro_li0yM6cYLIOWjD11MRFrJBTyO1UpGuxl0HXyI_Shaix_AohWC1X6iVYA2plRVEmtsyaw=s88-c-k-c0x00ffffff-no-rj,False,False,1781324291.743009
Ugzj8u6JIXQZW2_RNv94AaABAg,nama irna sy gk suka.pemallas dan ngeyel kaya orang mabuk,4 days ago,@sitirahayuni7527,UCk7vWWtz0O5tvVy67SMYuYw,0,,https://yt3.ggpht.com/ytc/AIdro_ny7aHgmX6uDzNt52cGMBooyurEscf89_TbwRUS2ns=s88-c-k-c0x00ffffff-no-rj,False,False,1781324291.744414
UgwW8o3A2QACtXklRAF4AaABAg,HALLO. HALLO BAGAIMANA ITU UU PERAMPASAN ASET ASET PARA KORUPTOR KORUPTOR DI NKRI SAMPAI SEKARANG JUGA BELUM. DI LAKUKAN WALAH WALAH,4 days ago,@JELLYSISCHA,UClHcA8o5LH8VAnJTIKhuFSA,1,,https://yt3.ggpht.com/ytc/AIdro_ltIu98QW9aVmbqVxBW_IQi0xR-vFgzH-Rl4Tsb2VD6G1NqCdIv6pqabuAAW4pBrhtoAw=s88-c-k-c0x00ffffff-no-rj,False,False,1781324291.745902
Ugx6Y6fFuo_6M0bHKyd4AaABAg,Gerindra ini cm berteori aja tdk bhas kesubstansinya 👎👎,4 days ago,@ParmadiNagari,UC5EtxaMwBvqNT38RqF7nuhw,0,,https://yt3.ggpht.com/ytc/AIdro_lImWjpMrIvdRovD-M6t404B4iy4JtBgKSvugbuhj_RH1T6wD48Xs1RhVDJF9ywMr1Udg=s88-c-k-c0x00ffffff-no-rj,False,False,1781324291.747357
UgzrualXWtQ3lYRZHWt4AaABAg,MBG emang udah banyak korupsi ganti dengan uang biar lebih membantu rakyat,4 days ago,@DeniDenokDenok,UC0WO0q_nw0pod5xC3vf45OQ,0,,https://yt3.ggpht.com/ytc/AIdro_mrjO9OGCV3s4KL5FAO-JkZCuMMdHk-I8doHCLmp6C9osfz_JqGDDAT1lwVBwdRzZ35_w=s88-c-k-c0x00ffffff-no-rj,False,False,1781324291.748762
Ugxby116woElsAM7kRh4AaABAg.AXyf5BOu0nyAXylhejh0Qf,"hentikan dulu, betul kata mas guntur, persoalan utamanya.pada.program,",4 days ago,@adebahrudin7216,UC_YpEW0X5RsY0L3selMq-YA,2,,https://yt3.ggpht.com/ytc/AIdro_kmIi-bvu7uyShfaR3FhdHW2R3o1ViLxLJ9NGLSN_0=s88-c-k-c0x00ffffff-no-rj,False,True,1781324291.926768
Ugxby116woElsAM7kRh4AaABAg.AXyf5BOu0nyAY0ZCY8Effv,"​ @adebahrudin7216 GUNTUR ITU KELOMPOK POLITIK PILPRES 2029.
MAU PARTAI MERAH KUNING HIJAU DLL,KARENA HUKUM DI INDONESIA TDK MENERAPKAN HUKUMAN MATI BAGI KORUPTOR YA TETEP BANYAK YG MILIH JADI MALING.",3 days ago,@apokattoni,UCPC8dFJD0jP-eBzyLMqOLCg,0,,https://yt3.ggpht.com/vMcOwE6e7UMN6mfHE2Heu3QTryoBLpVGx55GbIG_XZzS_KHYqDT-D-w1eEiXwbeehIoP7aNmPg=s88-c-k-c0x00ffffff-no-rj,False,True,1781410691.928426
Ugxby116woElsAM7kRh4AaABAg.AXyf5BOu0nyAY0jH4uejLx,​ @adebahrudin7216 MBG dihentikan kader PDIP tutup total. 😂😂😂,3 days ago,@SNgarwi,UCb6gmS9FCKMfoFCWJhA7bAQ,0,,https://yt3.ggpht.com/a99Ap4sKXkuYSY-fu889MXfCO-DUNS9RIgOoA2MYy16JXH1EITba0vp3zKtyRYcg8y5VPh9mdA=s88-c-k-c0x00ffffff-no-rj,False,True,1781410691.930137
Ugxby116woElsAM7kRh4AaABAg.AXyf5BOu0nyAXyurGnKKC6,"Mau diganti siapapun pasti ujung.x nanti juga korupsi 
Mati satu tumbuh seribu itulah pedoman kebanyakan seseorang bila menjadi pejabat",4 days ago,@tanlannio6938,UCen_Pjl38hk7UoOK3zKInGg,1,,https://yt3.ggpht.com/ytc/AIdro_kmP7nyM4gnRx4CTesk3wyHW87jADL4y8rMngmqHBU=s88-c-k-c0x00ffffff-no-rj,False,True,1781324291.93166
Ugxby116woElsAM7kRh4AaABAg.AXyf5BOu0nyAXz-Rt5G-Xo,Program mbg sarang korupsi harus di hentikan,4 days ago,@ariyulianto-v2d,UCZ0Vwa4ykXkzbj1JJldMyCA,1,,https://yt3.ggpht.com/ytc/AIdro_k3cVnRdkm0RL47gnFaQ3lcmkDsfIWUnPUeCVOR7tYsdaTnX4uXFrSUUJdG2S8pXIyT8w=s88-c-k-c0x00ffffff-no-rj,False,True,1781324291.933106
Ugxby116woElsAM7kRh4AaABAg.AXyf5BOu0nyAY-X7DLT-1j,"YG BILANG HENTIKAN MBG ITU KARENA KHAWATIR PILPRES 2029.
KARENA PADA FAKTANYA BANYAK MASYARAKAT KECIL YG TERBANTU DENGAN ADANYA MBG.",3 days ago,@apokattoni,UCPC8dFJD0jP-eBzyLMqOLCg,1,,https://yt3.ggpht.com/vMcOwE6e7UMN6mfHE2Heu3QTryoBLpVGx55GbIG_XZzS_KHYqDT-D-w1eEiXwbeehIoP7aNmPg=s88-c-k-c0x00ffffff-no-rj,False,True,1781410691.934536
Ugxby116woElsAM7kRh4AaABAg.AXyf5BOu0nyAY0XN2bphWR,Maling kok kroyokkan 😂,3 days ago,@akusudahtua1929,UCcoimbeZkKpfNMrazKk_-_w,0,,https://yt3.ggpht.com/ytc/AIdro_lE-2v4pt1Am5Vt4Pedf4xjFjaVCExlg_cJVl7OY2xcwvV1BhXRzUSHIHLwFa5dONFuTw=s88-c-k-c0x00ffffff-no-rj,False,True,1781410691.935991
Ugxby116woElsAM7kRh4AaABAg.AXyf5BOu0nyAY0Y_JvZAko,"​ @akusudahtua1929 HELEEEH,BANYAK ORANG COMENT SOK SUCI,TERIAK KORUPTOR,MALING DAN SEBAGAINYA PADAHAL KALAU DIA SENDIRI YG ADA KESEMPATAN YA JADI MALING JUGA.",3 days ago,@apokattoni,UCPC8dFJD0jP-eBzyLMqOLCg,0,,https://yt3.ggpht.com/vMcOwE6e7UMN6mfHE2Heu3QTryoBLpVGx55GbIG_XZzS_KHYqDT-D-w1eEiXwbeehIoP7aNmPg=s88-c-k-c0x00ffffff-no-rj,False,True,1781410691.93743
UgwSxus3aOvgs83V9VJ4AaABAg,Mbg bgn dan kopdes merah putih harus di hentikan atau di tiadakan program unggulan Prabowo Gibran ini menuai kritikan dari seluruh netzen Indonesia,4 days ago,@ZeinAhmad-yk4if,UCadsBocHhQ4G7s9AY-5MOGQ,0,,https://yt3.ggpht.com/ytc/AIdro_kT6LSQl0gkhLGKsnzmh6nCQN_Lse-eHutSqdjFtLQ0DU5jze6nPxZmgeH2QcOJT67YvA=s88-c-k-c0x00ffffff-no-rj,False,False,1781324292.140763
UgwumBpEyvmczrLYQfl4AaABAg,Mbg setop  makanan anak kita sekolah di koropsi lebih baik kasih uang langsung ke anak sekolah buat apa dapur tak guna  biyang masalah,4 days ago,@ZtePlaju,UClugDL7pmZfpQNR-ABvOGrg,0,,https://yt3.ggpht.com/ytc/AIdro_nDXFRPiAuihIvWuQRBKFf5IK5R8M40AQlAZZiolggMwp8ohjxFqxs0Mrk9ANKus05UJg=s88-c-k-c0x00ffffff-no-rj,False,False,1781324292.142405
UgzAmIwgyhkuiVlNVQx4AaABAg,MBG harus dilanjutkan sesuai program politik 2024-2029.,4 days ago,@FianneKarundeng,UClO5igh1ger4Lge4Z0gHo0A,0,,https://yt3.ggpht.com/ytc/AIdro_lb-lBb6-rl_rxGgAnDeW8EvJQjI_nH6RhaFU61qkNyLtqKelCNJ2fbVBeKGbbGsTR3ag=s88-c-k-c0x00ffffff-no-rj,False,False,1781324292.14386
Ugxy3JYVjin0Vi7gsZN4AaABAg,Setop mbg  koropsi yg biyadap berutal  dari pusad hingga desa bah kan makanan  anak kita sekolah di koropsi kan lebih baik kasih uang ke anak sekolah Lang sung tak ada lgi pelantar  mbg biyang permasalahan  semua naik rakyat terjepit,4 days ago,@ZtePlaju,UClugDL7pmZfpQNR-ABvOGrg,0,,https://yt3.ggpht.com/ytc/AIdro_nDXFRPiAuihIvWuQRBKFf5IK5R8M40AQlAZZiolggMwp8ohjxFqxs0Mrk9ANKus05UJg=s88-c-k-c0x00ffffff-no-rj,False,False,1781324292.145305
Ugw2ngb9j2-QrltNomJ4AaABAg,Bagus di tas kertas sja. Syetan bner pra pejabat,4 days ago,@zidan-g3s,UCEPvdshyjrg6pOV5p7dhLGg,0,,https://yt3.ggpht.com/5pAKUctzB3B2XPn6yHdFJ2qF4DG72RSL5SYTmUQQqK1f0WCfMEa3G2xh7DR6BmQIcRF4BiG3=s88-c-k-c0x00ffffff-no-rj,False,False,1781324292.146756
Ugyz59gCyVR3E6On1fl4AaABAg,Partai pendukung pemerintah TDK usah diundang. Toh mereka bukan dewan perwakilan rakyat tapi dewan perwakilan pemerintah.,4 days ago,@muhammadrum6325,UCr9jrknwuaFnU59J5JVjSvA,0,,https://yt3.ggpht.com/ytc/AIdro_kIB5IA6ctvzva_sdiR-wLzAe7GYZepYXonq7FFVmg1fN0SLFqcdgNA01BzkaRlSJ-oHg=s88-c-k-c0x00ffffff-no-rj,False,False,1781324292.148234
UgzK03Ee84fBlnSxj_Z4AaABAg,TAE KUCING😂,4 days ago,@musakkirmardi3891,UClKwjjkdgGBOrVvpaSaHhRw,0,,https://yt3.ggpht.com/ytc/AIdro_mA8JXnrHmAOfJeKwXSANW5VUOAmWL2n1x9U5UBn06ojQ=s88-c-k-c0x00ffffff-no-rj,False,False,1781324292.149638
UgwOngyoC9RTv2ho3jN4AaABAg,Titenono bu..gk kiro akan hentikan mbg..aku yakin sekali,4 days ago,@SalamunAbi,UCH3-AVFrvfOH8fq_JKlEjtw,0,,https://yt3.ggpht.com/ytc/AIdro_n-ipYGNyWfz12ONyTS5rSab8KjOyO2zchxWqeHFrPUeLIIa2HS4OmlreGaAFKDd_6j1g=s88-c-k-c0x00ffffff-no-rj,False,False,1781324292.151082
UgxJCH-tMz1h54Mxf4x4AaABAg,DPR Penjilat Dadan juga ya.,4 days ago,@03-01E,UCojfkseeEMa1QxXaueynYBA,1,,https://yt3.ggpht.com/uf5Zui3YcmnrY0oVLhdXHaIqGlgDhUTGRRgbKK4Xl80wIO5Xqrn-jwb-zSLhTNYv8aUoksy9HA=s88-c-k-c0x00ffffff-no-rj,False,False,1781324292.152499
UgzRYNPesP4hgi5159h4AaABAg,Waduh para pejabat sdh gak punya malu kalau lihat duit evesiensi omon omon peraturan hanya di jadikan tumpukan buku,4 days ago,@sulaimansulaiman4216,UCHpDL2ahbhF7MWp67sEu2wQ,0,,https://yt3.ggpht.com/ytc/AIdro_neAWLH7sZOed0nxggmhltv1elkeHlOQumeJrdVd-uJprIR_0tQYDxrh34wywukW1kbeQ=s88-c-k-c0x00ffffff-no-rj,False,False,1781324292.153904
Ugxqykqb2XtOPAzhu4h4AaABAg,"dpr mo di peraya bohhhong mulu,,,,hahahaha",4 days ago,@SEMUEL-e7l,UC32UhlnKXNCLsb_o8LQ8U0w,0,,https://yt3.ggpht.com/HNxFDJAmYtzO28UaDp06NmzCqbogCjLtvzQz0JWwLV1w3DycUduWIvRPkfjIKf6_IHs-lRkFXw=s88-c-k-c0x00ffffff-no-rj,False,False,1781324292.155323
Ugz_8378BtYagmOs1W54AaABAg,"Tempat korupsi rame""",4 days ago,@sartinitini6475,UCxDYhF1AW7RtFhTUDTjAmRg,0,,https://yt3.ggpht.com/ytc/AIdro_nnWyI9ZIwY8XwzFa-TgG_Z95jdIMXQuPsgareOa-NCcu6-s_gUG77pfFi_biP2zhc2jQ=s88-c-k-c0x00ffffff-no-rj,False,False,1781324292.156764
UgwrYJjMAF2uoK30aCZ4AaABAg,Iya kopdes juga sama harus di usut,4 days ago,@aksosumarno4069,UCqUvYe6TO98KgSeJov_GAtg,11,,https://yt3.ggpht.com/ytc/AIdro_kv5PfSssIhohDmtwtBfFtCUxho4kO-iOzwenV-jgIeO1Q=s88-c-k-c0x00ffffff-no-rj,False,False,1781324292.158197
Ugyc9bTEAdmu693_yM54AaABAg,"PDI-P dari dahulu jangan percaya seperti ""parang tajam dua sebelah"", masalah diam""mereka terjun utk memperbesarkan situasi.",4 days ago,@FianneKarundeng,UClO5igh1ger4Lge4Z0gHo0A,0,,https://yt3.ggpht.com/ytc/AIdro_lb-lBb6-rl_rxGgAnDeW8EvJQjI_nH6RhaFU61qkNyLtqKelCNJ2fbVBeKGbbGsTR3ag=s88-c-k-c0x00ffffff-no-rj,False,False,1781324292.159605
UgxYUK850foAdMEbWHt4AaABAg,inilah potret hukum indonesia bagai mana mau efensensi kalau mbg menjadi ssumber korupsi yg  bersruktur,4 days ago,@SukardiMNur,UCPBPrjQSrlzsHqRku6Rc_yA,0,,https://yt3.ggpht.com/ytc/AIdro_meLtS1C8gl1i7ctdw977aqXq65ZlRYz3nJcpNHxhajLNpRpb2AVHlBghoDuIef2xu6gQ=s88-c-k-c0x00ffffff-no-rj,False,False,1781324292.160986
Ugxpds8UDcI4Tb16W4Z4AaABAg,Nenek sihir gemetar,4 days ago,@asepwawan1654,UCSeI10jWrEbk37dyk7_vWsA,0,,https://yt3.ggpht.com/ytc/AIdro_myIRyT23tjEXFfOeKItM9euDw7v3pEvawddg1fexyvH0Q=s88-c-k-c0x00ffffff-no-rj,False,False,1781324292.162489
UgxFgWENnVj8WvC-pbJ4AaABAg,Ngomong epesiensi.gimana jln jalan dengan bunda Teddy ke luar negeri.ulang THN buat apa ke negara,4 days ago,@OnansyahSiregar,UC8751qKEfNb4v_W900ck1dQ,0,,https://yt3.ggpht.com/ytc/AIdro_mvVYUStQIEy-OibsfTRUcgsoyS1DTj49kG2PLGy-9M6V_8NRw5fJw_flGCtv6kGqZesQ=s88-c-k-c0x00ffffff-no-rj,False,False,1781324292.16395
UgzTqFrjfHOHIgVnUEl4AaABAg,Kopdes lebih gila lagi korupsinya,4 days ago,@budiman8053,UCvulzVUppbY-Xx0eYVhc8VA,0,,https://yt3.ggpht.com/YX_8nTaJHYCheXk17pkiNWnBQ5e-U35E8wKSXBI_KBV57uYRYF3AXnuYNA-ZObJoFk2mGRcS=s88-c-k-c0x00ffffff-no-rj,False,False,1781324292.165394
UgzTYwsLRPA21K5HK8p4AaABAg,"Irma makin lemah suaranya, pasti terlibat",4 days ago (edited),@wuwurandreasmarianusmarian362,UCGCgLZjZlKN9Uxr0W2OTBuw,0,,https://yt3.ggpht.com/ytc/AIdro_m7WMkKBaOApHL0W3-YpgUXNFObciJojTP2xZr2Uj7TP3Q=s88-c-k-c0x00ffffff-no-rj,False,False,1781324292.166785
UgxAvou-CpBE2P2veAV4AaABAg,"Harus ada perubahan yang luar biasa dalam pencegahan dan hukuman untuk praktek Korupsi, segera disahkan RUU Perampasan Aset ( dimiskinkan ) oleh DPR. Usulan Hukuman Mati dan Perampasan Aset ( dimiskinkan ), karena Korupsi di negeri ini sudah akut dan luar biasa, rusak negara ini dan menyengsarakan rakyat.",4 days ago,@herrypurnama6302,UCuzF4cZugqTzbx-kh0GvpRg,0,,https://yt3.ggpht.com/ytc/AIdro_lGXZFGsHDZm3CZScNKy1MwZ8nNGqyE4BEiZhFuKIU=s88-c-k-c0x00ffffff-no-rj,False,False,1781324292.16824
UgwgwoCJBfjEZcbtlgp4AaABAg,"Ni DPR mewakili rakyat yg mana!!
Benci banget liat si irma ini 🤬😡",4 days ago,@KidazoApparel,UC8ALJz5kc999De-N68GsI4Q,0,,https://yt3.ggpht.com/Xc3tr_xn38MsKhzZhWyiynLt_2XuLxXt0sD5VBE6CHbv6LG1RbO_HLH389NXZsC28gYlv-rEPz0=s88-c-k-c0x00ffffff-no-rj,False,False,1781324292.369028
Ugxojjw8ah66dzgfniB4AaABAg,mbulet dpr siapa lagi yg mau di arepin 😂,4 days ago,@peeweed1ndo,UC7ZWkoq2N9cNSi8Te90z0uA,0,,https://yt3.ggpht.com/ItsCcoWN3nFpCzhBSvBBXg6YRWzhHwE8OUDnN1dAu8Hl--npF2Q8OOUjlQH8DKSFXJfr_SG9=s88-c-k-c0x00ffffff-no-rj,False,False,1781324292.370662
UgzZNO_eolzSc8nHMPF4AaABAg,Kamrus dan Irma bagus jadi umpan hiu,4 days ago,@KomarudinSalaja-d5h,UCLK6z61jnRWFl3M0zZvYwng,0,,https://yt3.ggpht.com/YrtflBg9JhKY40I0SnU5mtyLDZ7ccUn0oo7j11Z7laxJZueVmhTyGMC_P6jemxonbSDlxTgZjA=s88-c-k-c0x00ffffff-no-rj,False,False,1781324292.372189
UgxJRpLQSPhcChZm0Fx4AaABAg,Pa Rey mantap lanjutkan bang kritiknya utk rakyat,4 days ago,@BinaUsaha-t2d,UCrJk27ZpLfytXoY9gvbHENQ,0,,https://yt3.ggpht.com/ytc/AIdro_mN1c1vzIft5ypy_rAQYCalK0QVpe02f37xaOHq7l5Pqc43B_9OZn0V4qqeYf-bVp7yIQ=s88-c-k-c0x00ffffff-no-rj,False,False,1781324292.373653
UgxU6VYsc8GkwQbD6zN4AaABAg,Lu di dpr. ma a.n wkl.rakyat koq ga berani sama orang² bgn..mundur dah !,4 days ago,@peterali425,UCXq-kxpPBUQpC0RBp-TzfqQ,0,,https://yt3.ggpht.com/ytc/AIdro_lXu0WPAKZ-yH5SnZKCHExCdAJcePDMhjXvJTx1cSpPrDtKH5DKmu4jO0zSfegaYwL4rQ=s88-c-k-c0x00ffffff-no-rj,False,False,1781324292.375058
Ugx_hIiYty3gIcZkkWd4AaABAg,Harus demo orang² yg terlibat harus d tangkap,4 days ago,@umyjumiati4244,UCXUA2W4jblbjrk5KVs3HPaw,0,,https://yt3.ggpht.com/ytc/AIdro_nzgxxXrEGbYwNpnZbbDk9qPPgy-4gJGsrrPmo1BZj1n_0=s88-c-k-c0x00ffffff-no-rj,False,False,1781324292.37652
UgzO9upFKRzYLnqqZPx4AaABAg,"Ibu irma ini ternyata maling jga,mana ada orang mau ngaku.",4 days ago,@umyjumiati4244,UCXUA2W4jblbjrk5KVs3HPaw,0,,https://yt3.ggpht.com/ytc/AIdro_nzgxxXrEGbYwNpnZbbDk9qPPgy-4gJGsrrPmo1BZj1n_0=s88-c-k-c0x00ffffff-no-rj,False,False,1781324292.377957
UgxeNBakAYv9Qsp0f4V4AaABAg,Mereka penikmat korupsi uang rakyat.,4 days ago,@hansye57,UCMjbqQh006PwrFWbeCRiwnQ,0,,https://yt3.ggpht.com/ytc/AIdro_kou3dO5GhrvBQru7jrDY7-p0Ls3-FwpdfJn_A0CdgtFmBIy5ofV2XYbnym-k-Zi8t6WA=s88-c-k-c0x00ffffff-no-rj,False,False,1781324292.379401
UgztTPvX00PDmmEr0zp4AaABAg,Semoga  dengan ijin allah subhanahu wata ala  MBG di hapus   program mubajer   orang di desa2  itu banyak yg  hidup   sulit beli beras saja gk mampu  karena  sulit cari kerja    mereka  tidak  tau  pejabat2  hidup berkecukupan tapi di desa2  banyak yg hidup kekurangn,4 days ago,@AgusMisdar,UCyu5cIwchuvbddDAPid-Fvg,0,,https://yt3.ggpht.com/ytc/AIdro_nzf_38osY0eh7aPQbfKu6wRof-DTAs7pSaNm9ZMqGPUJFfWyS5SFzzSHFBOz2qGsV8gw=s88-c-k-c0x00ffffff-no-rj,False,False,1781324292.380981
UgzS4eCpQshd4tm_vm54AaABAg,MBG sangat penting bagi Indonesia,4 days ago,@GurningSaja,UCSlqoz2WI-CD9c7eLFOQ02Q,0,,https://yt3.ggpht.com/ytc/AIdro_lTjWu-3Nr3rnVWW3pjtTt92B02C81EFsYtH532LAAnVfdL_xLvCVos3GLgui6Fba6opw=s88-c-k-c0x00ffffff-no-rj,False,False,1781324292.382501
UgxXiIOOSSlE_k2uNm14AaABAg,POLITIS I  P. D. I. P   SUDAH KERASUKAN IDE OPEN-SOCIETY NYA george soros 😹❗‼️,4 days ago,@user-dq8bh2du3o,UCX3r59kCXqIJ7CqAl9ZFvTA,0,,https://yt3.ggpht.com/ytc/AIdro_nX4HfiXY6W7mAzsZPP4xrRi4LVwy3DxJ8n5bP9lQBRqqbrj1s=s88-c-k-c0x00ffffff-no-rj,False,False,1781324292.383962
UgwcEwtaqPZ6ZV4YM_54AaABAg,Sulit dikatakan tdk ada kkn jika ada seogng pejabat atau keuarga dekat pejabat telibat dlm mengelola dan memiliki dapur MBG olehnya itu pejabat yg bersanggkutan seharusnya dicopot dr jabatannya agar tdk meimbulkan kecurigaan dikalanga rakyat dan kalau mau jd pengusaha jjgn masuk dipemerintahan,4 days ago,@muhammadarifin8742,UC7vj2zfBHalwhG4HtVxdhRw,0,,https://yt3.ggpht.com/ytc/AIdro_nCtgpNRCAXn_exS990yayOviMU0w5ftjGclNLhsjU=s88-c-k-c0x00ffffff-no-rj,False,False,1781324292.3855
UgxcTL4fp7Miq-K2A-N4AaABAg,"Ketuk palu UU perampasan aset koruptor dulu woii..paling kalian takut to,orang kalian juga bagian dari koruptor.g usah bahas MBG itu program untuk anak anak sekolah yg justru bagus bagi generasi masa depan",4 days ago,@irvanovnovqi301,UCqeduV-4lwDjNmwSHlkaPBA,0,,https://yt3.ggpht.com/ytc/AIdro_l_sgps_Fn2Gm4o0MBC-KpbH376BU2FsS2N44FK9cgKnwM=s88-c-k-c0x00ffffff-no-rj,False,False,1781324292.386958
UgxfIbFS-BCOzO69yWt4AaABAg,"🆘️🇲🇨 Irma itu """"ANGGOTA DPR YG SALAH PILIH OLEH WARGA SUMSEL DAN DIA MERANGKAP BUZZER TERMUL UNTUK MENGHANCURKAN INDONESIA DARI DALAM YG DIGAJI PAKE UANG RAKYAT LEWAT APBN DAN DIA SE-OLAH² WARAS KALAU NAFSU BIRAHINYA TERCAPAI DAN SEJALAN WALAU MELANGGAR HUKUM SEKALIPUN""""",4 days ago (edited),@erismanchairuman9732,UC6M4n02gWqiI2pKaAgn_UsA,1,,https://yt3.ggpht.com/ytc/AIdro_lcA73Vjr4SW6-oUi8SYuRmTO_etkXoDycaSK-O1LU=s88-c-k-c0x00ffffff-no-rj,False,False,1781324292.388403
Ugy_-zmvPIZvaVRHmFp4AaABAg,"MBG buang anggaran dan lahan koropsi,,ngak ada hasilnya ,,banyak anak2 sebgian ngk mengambil",4 days ago,@HusinRazi,UCxxRTd1RQImrBZQJ9mhlmxg,0,,https://yt3.ggpht.com/ytc/AIdro_ndcvfGMjJ5N0T9FGGljlW0MIasnhQ51n8SqWws3I87BZNWS8mHL02lh20MpWB32TlN3A=s88-c-k-c0x00ffffff-no-rj,False,False,1781324292.3899
UgxnCt33mOCFFKFyEDV4AaABAg,DPRD punya dapur aduh negara ini mau kemanakn nama juga proyek,4 days ago,@akusaya126,UCtXFWcvaGOrCW3rfVoH7BHA,0,,https://yt3.ggpht.com/93Plnclo8MbfrwsNHUtZdvkXdWijrefPzk3vGoRStVUJbCs1zB3VMyyJf2julu-CIE590c6D2g=s88-c-k-c0x00ffffff-no-rj,False,False,1781324292.391432
UgxT6Fq62xMuO5AlJCN4AaABAg,Hukum seberat2nya buat yang semua terlibat dalam pelaksanaan MBG ini,4 days ago,@hendra5416,UCZjid_omHssC-qvM_LqWpoQ,0,,https://yt3.ggpht.com/ytc/AIdro_nGcVZ_d-MmHUDPeGIq1PsWSmSTykLn-YWFBeN0RHY=s88-c-k-c0x00ffffff-no-rj,False,False,1781324292.392839
UgwGvOybrC9BQpzFl554AaABAg,"Bulsit kok sanpai g tau, sudah heboh diluar, masak komisi9 diam aja.",4 days ago,@hendra5416,UCZjid_omHssC-qvM_LqWpoQ,0,,https://yt3.ggpht.com/ytc/AIdro_nGcVZ_d-MmHUDPeGIq1PsWSmSTykLn-YWFBeN0RHY=s88-c-k-c0x00ffffff-no-rj,False,False,1781324292.394284
Ugzo4Z5Xj9d01NUBA-J4AaABAg,"tahun 2023, BANSOS 500 TRILYUN  kalian pada diam 😂😂😂😂😂😂
Aneh nya rakyat negri ini",4 days ago,@danuindah8272,UCGG12tePRRVp0rQeQmSV7sg,0,,https://yt3.ggpht.com/ytc/AIdro_m5crZl67MN3JGbdPcmRsGbB-f2hO8QqJLe7aLxaC0nUawTuvvIV-NiUi2gwUX1_Cos2g=s88-c-k-c0x00ffffff-no-rj,False,False,1781324292.395741
UgzQGs5ScJyrb3zqsUZ4AaABAg,HORE SUDAH SAATNYA DPR DINEPALKAN,4 days ago,@ajfishing688,UC_tXB_XVDYa2Hkmp-i4Qv4w,113,20,https://yt3.ggpht.com/8lUoeOe7YoW9aYUrtTmKWe9g4Jk2wNSCCf3BhphUd5R9f18nnDtPvND79SB4np3k86RVcOt5=s88-c-k-c0x00ffffff-no-rj,False,False,1781324292.397183
UgzQGs5ScJyrb3zqsUZ4AaABAg.AXyQGVEWHTxAXziD7UdWix,KITA NEPALKAN ANGGOTA DPR IRMA SURYANI CHANIAGO KASUS PELINDO DAN MBG BONGKAR BIAR TAHU TERMUL PARJOK IRMA SURYANI CHANIAGO DI NEPALKAN.,3 days ago (edited),@wandasuwandaturbadrs.1959,UCidbeQJoBasVN8qi4T08_SA,5,,https://yt3.ggpht.com/iv9D-Y2i6ZyKRRULlJSHC2I4TarCxqNzqntSDIskm2J_ekXC_FNfugwU7gTL-1XY4UHFcFGhhPc=s88-c-k-c0x00ffffff-no-rj,False,True,1781410692.593866
UgzQGs5ScJyrb3zqsUZ4AaABAg.AXyQGVEWHTxAXz8um81gNn,Emang apa masalah di nepal ? Tau ga masalahnya disana ? atau cuma tau rusuhnya doang ?,4 days ago,@Geo_id-t3f,UC3cE7Cp-4dmvKzxQKJ3MmyQ,1,,https://yt3.ggpht.com/ytc/AIdro_nNCj9e3sfGZVg1xsdbHt-uD6kBuYJTAVVSDVOdMAPzqPs=s88-c-k-c0x00ffffff-no-rj,False,True,1781324292.595499
UgzQGs5ScJyrb3zqsUZ4AaABAg.AXyQGVEWHTxAY-Joy3JEqO,Bubarin mbg,3 days ago,@MaslichaIcha7,UCQaVeNRq3XoWUE-h1QY8uIg,0,,https://yt3.ggpht.com/ytc/AIdro_nWBkhs3XZcENi1MSPCdcXzpUjnMm2sZJbVobSifX-nvmmNb8bXfpOmj_RTnLGbL03qbA=s88-c-k-c0x00ffffff-no-rj,False,True,1781410692.597009
UgzQGs5ScJyrb3zqsUZ4AaABAg.AXyQGVEWHTxAY-Tar0oA4Y,Di Syahronikan lagi,3 days ago,@Hermanto06-pc6lz,UCtZQtb9wG1U_d7RhBxSIUSQ,0,,https://yt3.ggpht.com/ytc/AIdro_nKOqIVC_wjCGDpD96rhr1ZSOIcdvmYOi5pFdtljKl4eJy8AVLi8mdgjfZHrXpiFTZecw=s88-c-k-c0x00ffffff-no-rj,False,True,1781410692.598492
UgzQGs5ScJyrb3zqsUZ4AaABAg.AXyQGVEWHTxAY0liTlrlga,Dari dulu gak bisa2 herannya waktu demo dulu untuk meloloskan uu perampasan aset hukum mati koruptor yg digaungkan mahasiswa sampai sekarang diam aja tuh.,3 days ago,@garingaulchanel5863,UClpfKEjykPeFxX5BfUtCBog,0,,https://yt3.ggpht.com/o8FqDll09w42uNRM9laL3GSDhnpK8JVzC2BeSZbuhpyNg-MMwbuC5tWHwetnuR7KKpOjQLgcK1k=s88-c-k-c0x00ffffff-no-rj,False,True,1781410692.599923
UgzQGs5ScJyrb3zqsUZ4AaABAg.AXyQGVEWHTxAY18wJI7WJ6,Bijak menilai konten,2 days ago,@WisangGeni-c2p,UCCpoKRnic99Myp677l32Jlg,0,,https://yt3.ggpht.com/Itc9R0WkuFD5CztcQ4s8MLlde9qa0hM8hn6U5e9bR75UdXu1FHMpEzx7d8p2oLIMYjWJM_UU5g=s88-c-k-c0x00ffffff-no-rj,False,True,1781497092.601337
UgzQGs5ScJyrb3zqsUZ4AaABAg.AXyQGVEWHTxAY1VeQIpf_8,Target utama program ini kan buat nurunin angka stunting demi masa depan bangsa,2 days ago,@dessymega6879,UC_f8ZcKwb3urbfoEn0mN6MQ,0,,https://yt3.ggpht.com/ytc/AIdro_lDvXsKa5T55uq1vpP347NtVX9wtWP8dJXcCnvDS9Cw5g=s88-c-k-c0x00ffffff-no-rj,False,True,1781497092.602771
UgzQGs5ScJyrb3zqsUZ4AaABAg.AXyQGVEWHTxAY2Q3qts0Hy,"​ @dessymega6879 dari dulu yg di bahas setanting"""""" ""tong parah indonesia",2 days ago,@faridaa4154,UCWx15i2UhBFL6zJYQFo5Rgw,0,,https://yt3.ggpht.com/ytc/AIdro_nu4um11rwC9fO44IHLbYPsU1jWi9cPbJsXtFTQbFw=s88-c-k-c0x00ffffff-no-rj,False,True,1781497092.604182
UgzQGs5ScJyrb3zqsUZ4AaABAg.AXyQGVEWHTxAY2VvzQuXUy,"PERCUMA, TIDAK AKAN ADA PERBAIKAN.

1) DPR TIDAK PUNYA POWER UNTUK CHECK and BALANCE, LAH KARENA NEGARA TIDAK MENGANGUT SISTEM OPOSISI seperti di MALAYSIA, UK dll.
2) DPR JUGA MEMPUNYAI SPPG DAN IKUT BERKORUPSI dalam proyek MBG nih sbg pemilik SPPG juga.

Terakhir kok narasumber nya Boyamin Saiman ini org tua yg mengajuakn judicial review ke MK yg meloloskan Gibran.",2 days ago,@anton2011bdg,UC7WAhsg2iUK2D6iuLGhDkrg,0,,https://yt3.ggpht.com/ytc/AIdro_lVU5Y2121-Tebyb0MbSgswIx5X_1eT-7aYPzGOHeg=s88-c-k-c0x00ffffff-no-rj,False,True,1781497092.605575
UgzQGs5ScJyrb3zqsUZ4AaABAg.AXyQGVEWHTxAY6JE-st4ZM,omong doang,21 hours ago,@ashurituban2060,UC_g74o5sRDBNNI6VNPnyhrA,0,,https://yt3.ggpht.com/eEfgmKdPHy1eZ9I6tHppRHtlwN-vrTsKO6hrrjP32zX27iF8okJxO7uxrhFP7Wfus2LFkFqw=s88-c-k-c0x00ffffff-no-rj,False,True,1781594292.607019
UgzQGs5ScJyrb3zqsUZ4AaABAg.AXyQGVEWHTxAY6tZlFzXzt,siap kita nepalkan aja,15 hours ago,@AbinyNaya,UCuoT8P-TprM1DHVtdAt1QCA,0,,https://yt3.ggpht.com/ytc/AIdro_ka_OJb0XNJYDEohFXLN9aw8SQx2wooMyAYwzwnScVwBS5AeOdo4U3-cDL-EXswMyKilw=s88-c-k-c0x00ffffff-no-rj,False,True,1781615892.778073
UgzQGs5ScJyrb3zqsUZ4AaABAg.AXyQGVEWHTxAXyqBjnG0aM,"Prabowo yang di Nepalkan ,",4 days ago,@rushpepen,UC63IKhelHQMT8DVqBSWFxQw,8,,https://yt3.ggpht.com/ytc/AIdro_kfgMIygPyOtTZVFapxyuGWkwuRI9gvQxG-nD2jjwQ7w_Eh=s88-c-k-c0x00ffffff-no-rj,False,True,1781324292.779755
UgzQGs5ScJyrb3zqsUZ4AaABAg.AXyQGVEWHTxAXz--CkAnsa,​ @rushpepen sekalian sama DPR engga guna tu kontitusi,4 days ago,@gatholoco87,UCGbs03nefEESGU5h9OuSVEQ,4,,https://yt3.ggpht.com/l77AYeYUERaoieYcenzf2KVt6kpNUDGJzXD7YfBB3sWUlRnHec848me0Z3CIahPsF_5fXSaG7A=s88-c-k-c0x00ffffff-no-rj,False,True,1781324292.781238
UgzQGs5ScJyrb3zqsUZ4AaABAg.AXyQGVEWHTxAY-AeqqADTT,​ @rushpepen Silahkan kalo mau merasakan kenikmatan jeruji penjara.,3 days ago,@NaziAjihendra,UCIYWxdtzg9rOm0DbNr3L9Ng,1,,https://yt3.ggpht.com/ytc/AIdro_mvRD3li-d41yRn_E5Os_4vOsBVZjneUdJDuG7vaq5mQf2ukH8_J5e7d4ICjs5ajyz-7g=s88-c-k-c0x00ffffff-no-rj,False,True,1781410692.782717
UgzQGs5ScJyrb3zqsUZ4AaABAg.AXyQGVEWHTxAXzp3XxeH57,"​ @rushpepen , orang orang pasukan sakit hati ,kalau bicara asal cuap ,sll bilang Prabowo di nepalkanlah di makjulkNlah ,kalian sll bikin gaduh negara rakyat muak dengan segala kegaduhan ini 🔥🔥🔥",3 days ago,@Flleuretta16,UCfwebgbI14vp7qaO7XZSrog,2,,https://yt3.ggpht.com/E7LyKzSdHblC-RUsHtfZnsSC5KGzFGXT1jf6ZPyQy5Wx1JibfjUKKupU2B2QUICpZXDIPJEew_A=s88-c-k-c0x00ffffff-no-rj,False,True,1781410692.784621
UgzQGs5ScJyrb3zqsUZ4AaABAg.AXyQGVEWHTxAXzQinZgENC,Prabowo di nepalkan boros anggaran,3 days ago,@AdiSaputra-nq9uu,UC8McVED9MnPMZrENOnFYh6g,3,,https://yt3.ggpht.com/ytc/AIdro_mIq3VHfPUrGhS9seKsJqeGzc2vC6doz0-nM2OENLkRxafGhMnaFzOjB0stCwcIPBngbw=s88-c-k-c0x00ffffff-no-rj,False,True,1781410692.786066
UgzQGs5ScJyrb3zqsUZ4AaABAg.AXyQGVEWHTxAY-Aq9UGWRO,​​ @AdiSaputra-nq9uu Ayo silahkan kalo mau merasakan kenikmatan jeruji penjara drun.,3 days ago (edited),@NaziAjihendra,UCIYWxdtzg9rOm0DbNr3L9Ng,1,,https://yt3.ggpht.com/ytc/AIdro_mvRD3li-d41yRn_E5Os_4vOsBVZjneUdJDuG7vaq5mQf2ukH8_J5e7d4ICjs5ajyz-7g=s88-c-k-c0x00ffffff-no-rj,False,True,1781410692.787559
UgzQGs5ScJyrb3zqsUZ4AaABAg.AXyQGVEWHTxAXz0a4wEj_B,"Setuju,ngg ada yg urus rakyat",4 days ago,@LasumaSuma-y5m,UC40Z1jQe73Rkowe6qN44AlA,2,,https://yt3.ggpht.com/ytc/AIdro_lH1zJmlsA1WqGJZyMpgTbIfXRnmiC714MlofQqnMaTuRgkpG4o42a60HhOGPyJpAPAuA=s88-c-k-c0x00ffffff-no-rj,False,True,1781324292.789025
Ugyk3Fnq-rjxL0HmZgF4AaABAg,Dari rekam jejak si Irma ini  adalah salah satu penjilat kekuasan,4 days ago,@KalaShimacraft-y9y,UCSYnTKmvYpZJ1kAb3igfb3A,0,,https://yt3.ggpht.com/zOTv4wUJCN95M28Y60VLFcaQvbM0j5K64MQqzy7MWnLfCZlvVyfkOrV0SYYBxve_wxBH4ixc=s88-c-k-c0x00ffffff-no-rj,False,False,1781324292.996665
UgyB7PH5QmXIJ2skYad4AaABAg,Ada yg bela koruptor di disini parte kebo biasa main licik,4 days ago,@MohSyarief-q3k,UCUP9cgWwjCKyhQMoccsSZxQ,0,,https://yt3.ggpht.com/ytc/AIdro_lPAu5LcUW1h_9K92DDPIFAt7oKeKn1gaScOAfzdeLy0FyHMrhcwYmEo-u21qNz3kJRkA=s88-c-k-c0x00ffffff-no-rj,False,False,1781324292.998339
UgyfKK1rQXgW9bvChWd4AaABAg,Indonesia tak butuh gizi😂,4 days ago,@FadriyahBatam,UCK1_AhKJDFuHj81R9NMHEgg,0,,https://yt3.ggpht.com/ytc/AIdro_nLfOnFMQ6NzSrw2H6I0IxTOTRaFU4KZF3Ivl1BybLM4uIzdNMIJ_YKaZy2rosNSpTifw=s88-c-k-c0x00ffffff-no-rj,False,False,1781324292.999882
UgzmBWhPB-sWfdE-9g14AaABAg,"Program mbg bagus bahkan sangat bagus, tapi orang di lapangan harus di awasi biar gak diseleweng kan oleh oknum 2 maling,",4 days ago,@BangdiKomandan,UCqtImrw2RA_NRvExb67CBLA,0,,https://yt3.ggpht.com/ytc/AIdro_k72kUK-NdEdKfvEjJEUjhKu5jOpxP8mcXuVAfdnchHTvhLLwVeyihENTDtYpKNM5EVmA=s88-c-k-c0x00ffffff-no-rj,False,False,1781324293.001365
UgyoZ2ikG8OIsDaSn2x4AaABAg,"Pejabat sudah banyak yang berbohong, kayaknya DPR SUDAH TIDAK BERFUNGSI SEBAGAI MANA MESTINYA. BANYAK JADI MALING,  KORUPTOR ADALAH PENGHANCUR NEGARA.",4 days ago,@Pramono-p9i,UC5B-0Hi6RQh9hMJCixH_32g,0,,https://yt3.ggpht.com/ytc/AIdro_l2m6xnQIkGIe085t1l3QKu9OLcA7ubGl9YcT6fJ4x_XnEE37zF6vFZuGyS8tIezkPGIA=s88-c-k-c0x00ffffff-no-rj,False,False,1781324293.002795
UgzEOfgsYk_IkFRdO9h4AaABAg,Si Guntur,4 days ago,@erfanibrahim8244,UCfCievL06RqUdVfgTDOal9A,0,,https://yt3.ggpht.com/ytc/AIdro_lzsKjLCdMvCtgW3BGjbNYTxHYhGiaM8uYLyMBN6F1WhWk=s88-c-k-c0x00ffffff-no-rj,False,False,1781324293.004223
UgzY3yI-0cfu_XtFLqB4AaABAg,Dengar om do pak peci jgn lu om do tp kosong solusi.,4 days ago,@restabarus,UCYO9fOqpfJ4WWWBIrSlf5VQ,0,,https://yt3.ggpht.com/9dHtn-PKQImX7mZLXQLbC__2Kwp1gzXwFNPZEKByHicnMJhpVoXj2Ya5F_aIWkmaRsnP6bpT8A=s88-c-k-c0x00ffffff-no-rj,False,False,1781324293.005658
UgwijeamNqtsu6a5ii14AaABAg,"Bkn hentikan tetapi tutup total , masih segar bergizi makanan di rumah , kalau mau lanjut ikuti ide Ahok 🎉",4 days ago,@MarthenElmas-c2o6x,UCd7SlHRhgoVj80L6Ajgv43Q,0,,https://yt3.ggpht.com/ytc/AIdro_nZa2L5tvX7AvSd4Ge5CNES4grhI0iSwAR0FOEKVgy-ONyNf84-qq6U12ADeVbgPcot_Q=s88-c-k-c0x00ffffff-no-rj,False,False,1781324293.007089
Ugw581OpuqrzPJXX5-94AaABAg,"Selama sistem koalisi Partai di DPR-RI / pemerintahan lebih dari 50%, bulsyeeet Indonesia akan bisa maju dan berkeadilan, Tanpa Kontrol dan Pengawasan yg ketat sesuai aturan yg benar",4 days ago,@apolinarisaris4601,UCmyVK5N1siIUlX9_DITOc8A,0,,https://yt3.ggpht.com/ytc/AIdro_mpHRRIi8vZ9zjBHP-7p3IERPSVC5-h3zD6kv1RExL_Sg=s88-c-k-c0x00ffffff-no-rj,False,False,1781324293.008554
UgwGP0AeRipczNcOpFJ4AaABAg,Irma itu mewakili rakyat yg mana,4 days ago,@TayoWoi,UCupUYnXh9-75Z9U6-PfFxuA,1,1,https://yt3.ggpht.com/ytc/AIdro_kZuilMfxj5PImZM1A3I8BnU3xb8QbnaemgnBUQDMYq2DP9oL_IKvimuDh7U2oAw-yNMA=s88-c-k-c0x00ffffff-no-rj,False,False,1781324293.009962
UgyVmXJ8UltqHoPuGVt4AaABAg,hentikan mbg,4 days ago,@warisgayam2158,UCmvleSdI2DdVOxgOp9uxFNA,12,1,https://yt3.ggpht.com/ytc/AIdro_nPJ4joKBNG1QXoFUaaTix47BBZ4PIGkUGACXcHu1D3JB7O_rQyCsb15fk7nwY3T_gC1A=s88-c-k-c0x00ffffff-no-rj,False,False,1781324293.011434
UgzdZWRW7JU50VpaPT54AaABAg,Sapu bersih,4 days ago,@MbahdolDol-k4j,UCvwN3dh06VJtZI4NfMteDpA,2,,https://yt3.ggpht.com/ytc/AIdro_nZa2L5tvX7AvSd4Ge5CNES4grhI0iSwAR0FOEKVgy-ONyNf84-qq6U12ADeVbgPcot_Q=s88-c-k-c0x00ffffff-no-rj,False,False,1781324293.012851
Ugx3311Kj9K3PuarH6B4AaABAg,"Intinya d indonesia kebanyakan korupsi
Ada MBG 
Ada korupsi
G ada mBG pasti ada korupsi
Kpn makmurnya
Yg korupsi golongan bergasi jagi besar",4 days ago,@EdanElingmngkelaken,UC-VOs5yF6SbZekhjAkVWX8Q,0,,https://yt3.ggpht.com/ytc/AIdro_nLaihxDFVmnJ3BNrRAmxQrbA_mCKWJCT4LKngxCiB_0GgMeT12zvtvULsylDTrrmZaZg=s88-c-k-c0x00ffffff-no-rj,False,False,1781324293.014355
UgzVt8ci7kmb1R_NlyN4AaABAg,Irma kok di undang 😂😂😂,4 days ago,@nurmandanhomella8474,UCvgh03AtDU4av9YApfwdtHw,2,,https://yt3.ggpht.com/ytc/AIdro_lMdX7r4pguKJtFA2v5iB4VtkkN20dvaxKtydVVKjU=s88-c-k-c0x00ffffff-no-rj,False,False,1781324293.015792
UgzhBx518dlsxuRgcyp4AaABAg,"Di gaji dari uang rakyat untuk ngoceh, ngibul, bohongi dan memperdaya rakyat untuk kepentingan sendiri dan memperkaya golongan tertentu berbungkus MBG.",4 days ago,@emansulaeman7986,UCV_gZA_G8zarToNMAe4SaAA,0,,https://yt3.ggpht.com/ytc/AIdro_kSCwRPPBlwfeXLjG9xQuYXJcGVjSVA7mn_bic4R2o=s88-c-k-c0x00ffffff-no-rj,False,False,1781324293.017215
UgyMXR2gXOxRFu942Fx4AaABAg,Dg anggaran se banyak itu knp DPR g ngawal dr awal soal MBG itu ??😂,4 days ago,@nurmandanhomella8474,UCvgh03AtDU4av9YApfwdtHw,1,,https://yt3.ggpht.com/ytc/AIdro_lMdX7r4pguKJtFA2v5iB4VtkkN20dvaxKtydVVKjU=s88-c-k-c0x00ffffff-no-rj,False,False,1781324293.018663
UgyH0vTaBxqJ0HV4_YB4AaABAg,Intinya apakah DPR mau ngawal??? 😂😂 Kl saya g yakin 😂😂😂,4 days ago,@nurmandanhomella8474,UCvgh03AtDU4av9YApfwdtHw,1,,https://yt3.ggpht.com/ytc/AIdro_lMdX7r4pguKJtFA2v5iB4VtkkN20dvaxKtydVVKjU=s88-c-k-c0x00ffffff-no-rj,False,False,1781324293.020087
Ugy_PQFQ5fufvphSl6h4AaABAg,Ray Rangkuti hanya ingin masuk ke istana maka vokal. Jika ke istana pasti sakit gigi,4 days ago,@zzzchannel8930,UCfOhBxVPuUkmBBpmdXQA_kg,0,,https://yt3.ggpht.com/ytc/AIdro_kG8lVsU2fJG4iGussh59x8H_wE2JcEdQo5HOKHsyY=s88-c-k-c0x00ffffff-no-rj,False,False,1781324293.021487
UgxhvKWm3sNQIl1WQCh4AaABAg,PHK hanya orang kota orang kampung dan tinggal di pedalaman tidak mengenal phk,4 days ago,@zzzchannel8930,UCfOhBxVPuUkmBBpmdXQA_kg,0,,https://yt3.ggpht.com/ytc/AIdro_kG8lVsU2fJG4iGussh59x8H_wE2JcEdQo5HOKHsyY=s88-c-k-c0x00ffffff-no-rj,False,False,1781324293.022926
Ugw8devMCkh6J4f217B4AaABAg,masalah utama nya yaitu mbg dan kdkmp yg mwmbuat ketidakadilan,4 days ago,@akmalrijal4155,UCe0L2FNit-_QKQJ0zWJz2HQ,0,,https://yt3.ggpht.com/ytc/AIdro_kUkh0vYb70osZfGHczcUImq5m7Eg2wwPwQB6NG_lhhMg=s88-c-k-c0x00ffffff-no-rj,False,False,1781324293.024363
UgwGP0AeRipczNcOpFJ4AaABAg.AXyKIdzVaZkAY-1kvSgrTZ,Irma menutupi kebusukan sendiri,3 days ago,@AhnafRaziqhanan,UCMbOvR6r4l6d6FF1_3kdOkg,0,,https://yt3.ggpht.com/ytc/AIdro_lImVEFshLCzwKPwsKil_wI44W3fLO5VgHisdM_-Jtm5ZMsPSMXFTRot9-tSU3zW38Ftw=s88-c-k-c0x00ffffff-no-rj,False,True,1781410693.196598
UgyVmXJ8UltqHoPuGVt4AaABAg.AXyJ5vIf9DiAY-YJPN3Tpy,Sahkan RUU perampasan aset koruptor biar PDIP miskin,3 days ago,@SamianMian-dz8kj,UCNBPmYvrGjLmHwxIxU4UWqA,1,,https://yt3.ggpht.com/ytc/AIdro_mA5iYFWQWr-erQfOrpRSPi7uAL1ykOBKRSbPBDp88Z1xyBT7Je5IKp6_AckwgwsDEc-Q=s88-c-k-c0x00ffffff-no-rj,False,True,1781410693.371858
UgzMm9XGPA2BL9ocSUd4AaABAg,Setiap mbg di kampung menampung 33 tenaga kerja,4 days ago,@zzzchannel8930,UCfOhBxVPuUkmBBpmdXQA_kg,1,,https://yt3.ggpht.com/ytc/AIdro_kG8lVsU2fJG4iGussh59x8H_wE2JcEdQo5HOKHsyY=s88-c-k-c0x00ffffff-no-rj,False,False,1781324293.566834
UgymZQ5GXhGBP60dT5R4AaABAg,"Orang kampung juga bayar pajak, kenapa setiap kebijakan untuk orang kampung harus di didemo",4 days ago,@zzzchannel8930,UCfOhBxVPuUkmBBpmdXQA_kg,0,,https://yt3.ggpht.com/ytc/AIdro_kG8lVsU2fJG4iGussh59x8H_wE2JcEdQo5HOKHsyY=s88-c-k-c0x00ffffff-no-rj,False,False,1781324293.568491
UgwZUhEimFT6U-b40p94AaABAg,Apakah orang yang menolak mbg mau di kirim ke pedalaman,4 days ago,@zzzchannel8930,UCfOhBxVPuUkmBBpmdXQA_kg,0,,https://yt3.ggpht.com/ytc/AIdro_kG8lVsU2fJG4iGussh59x8H_wE2JcEdQo5HOKHsyY=s88-c-k-c0x00ffffff-no-rj,False,False,1781324293.569957
UgwhdA3J8I1HPrHn4MR4AaABAg,"Saya orang kampung senang dengan adanya mbg dan koperasi, karena anak saya di beri makan dan kesempatan kerja oleh pemerintah",4 days ago,@zzzchannel8930,UCfOhBxVPuUkmBBpmdXQA_kg,0,,https://yt3.ggpht.com/ytc/AIdro_kG8lVsU2fJG4iGussh59x8H_wE2JcEdQo5HOKHsyY=s88-c-k-c0x00ffffff-no-rj,False,False,1781324293.571448
UgwHdkTDI7gxeivtyER4AaABAg,"PDI-P pasti dan pasti tidak akan usul miskinkan koruptor,",4 days ago,@dodododo200,UCyOEpF-hxPsKMSsLAwVenkQ,0,,https://yt3.ggpht.com/ytc/AIdro_mO-FmweL8y1uNqqNcUDZ4M2Un4LX2rU-rFLpju9-lPnEwniZbZVQiSSLxwVY_IJGv2Ww=s88-c-k-c0x00ffffff-no-rj,False,False,1781324293.572898
UgwXsAl5GyQoQ1yNxzN4AaABAg,"Selamat Buat Pendukung Partai Gerindra, Pendukung Si Gemoy Wowo, Dan Para Termul.Kalian Terlibat Menghancurkan Negri Ini.

Mulut Kader Gerindra Itu Manis Bgt Biacaranya Tp Menjengkelkan.🤮🤮🤮🤮🤮",4 days ago (edited),@Secrets-of-Civilization,UCsiqB4oEx8bhyFTDVs1uEag,0,,https://yt3.ggpht.com/qrPcIn0vU0ccRSPdQbFdWTWZWyr8q_r7X9k4UwwqfwV9t1TyvMx9BPp0jSJbatjweYDIXMIH=s88-c-k-c0x00ffffff-no-rj,False,False,1781324293.57439
UgwsgW4v1kWdqXrJD4Z4AaABAg,"udah DPR/MPR fraksinya gerindra terlibat, bohong besar ngak terlibat",4 days ago,@KuyJajan-b5z,UCubZxm5_2YWARwgsmLz0jFA,0,,https://yt3.ggpht.com/ytc/AIdro_n7T2HLU7JQUvDRxPv3L4O8Bt6iJvjdFI3DbJCb2haaET6FyolDnJdpfFCiEZLMcXsZpw=s88-c-k-c0x00ffffff-no-rj,False,False,1781324293.575816
Ugw0gBeUNjvrK1FC1gl4AaABAg,"CATAT : 2 ORANG KAMRU & IRMA ANGGOTA DPR INI TERLIBAT DALAM LINGKARAN BGN.

Mereka akan mati matian tetap membela program MBG!",4 days ago,@Alhmdhulillah,UC2K51bczsW1JNAENM-kYXGQ,0,,https://yt3.ggpht.com/ytc/AIdro_nO5_AnrR5wC3yikrkeRVMEqqK2JYLnvMQub5cKxd-mCQNDacSpJv5wGRkTMh4pgO6TqQ=s88-c-k-c0x00ffffff-no-rj,False,False,1781324293.577237
Ugx0dcSD5__ZYvc4P4d4AaABAg,"Guntur romli saya setuju dengan anda, jangan jangan ini hanya untuk dijadikan bahan tawar menawar saja😅😅",4 days ago,@jalehlah,UCYdUiXpFdgNc6rAsbAMrAYA,0,,https://yt3.ggpht.com/ytc/AIdro_lQzbBJDa0rDEO7QH4ZeEYPV9I6N8MiPQPxdd60wYDYfsQ=s88-c-k-c0x00ffffff-no-rj,False,False,1781324293.578683
UgyW7JnY3N_IifcSA3N4AaABAg,Apa saja dikorupsi,4 days ago,@LutfiaNurita-u3g,UCXrJbIVjF3cuQ_1JV0qMTdw,0,,https://yt3.ggpht.com/ytc/AIdro_kx1S6OCnuVxADs8_eeF8cmwtZB-2mv9KkoBLbifF3_VKFhmKemilEL1SeVcrFS-c7LGQ=s88-c-k-c0x00ffffff-no-rj,False,False,1781324293.580088
Ugw2SGC4HzTZYUFTlX94AaABAg,"MBG sangat penting buat kami di daerah, tolong korupsinya aja yg di hukum",4 days ago,@aswarayi3040,UC1CuiAJpAVotXccaIYBTHcQ,0,2,https://yt3.ggpht.com/ytc/AIdro_nOl1tFdEudsy-fIMFQItCFCGkBwYiwp4ajs2eLVpu2pN0=s88-c-k-c0x00ffffff-no-rj,False,False,1781324293.581502
UgwHocZsFESvF9j8jOV4AaABAg,Brrti anda kan diam saat anda tau bahwa BGN sakti. Lalu apa fungsi anda di gedung itu klw hanya duduk aja.,4 days ago,@jalehlah,UCYdUiXpFdgNc6rAsbAMrAYA,0,,https://yt3.ggpht.com/ytc/AIdro_lQzbBJDa0rDEO7QH4ZeEYPV9I6N8MiPQPxdd60wYDYfsQ=s88-c-k-c0x00ffffff-no-rj,False,False,1781324293.582922
Ugz6Y1QRwFUhbdcaI8V4AaABAg,"Drakor (dpn layar), mereka semua  penikmat  kekuasaan & pemangsa pajak😊",4 days ago,@yuliadi1723,UCqwYQJcDVvWUR_WOWoMZ97g,0,,https://yt3.ggpht.com/ytc/AIdro_mSv556Fyk_lfkQSN4uAPVos9IFpEhQoMwkkCmUS0Y=s88-c-k-c0x00ffffff-no-rj,False,False,1781324293.584395
Ugxu_V7W1ZIfhdQx3694AaABAg,"PDI P itu pahlawan kesiangan, datang ketika seakan² pahlawan,,",4 days ago,@sudirmanboth1749,UCP6NwwsHGfuQYW1kVo3-m_g,0,,https://yt3.ggpht.com/ytc/AIdro_nszccVqxbXipKoilBpJF4W1sStTCDjx90DULtbLBiFnw=s88-c-k-c0x00ffffff-no-rj,False,False,1781324293.585794
Ugz8zv0yR47aK_FThhR4AaABAg,Sumber masalahnya ya prabowo,4 days ago,@irwanfuad2466,UC4putuQd818DgbXM2iZLJNQ,0,,https://yt3.ggpht.com/ytc/AIdro_nTCRmCpUsgUhrwCn3NSgcQUa2ZB0rACom422HYHb0rOVNHIMzfwDs398hR5zZDBa50vg=s88-c-k-c0x00ffffff-no-rj,False,False,1781324293.587199
UgwJO4ZQuT9cC5Z27WJ4AaABAg,"menit 14:59, ngaco banget si, punya otak ga ?",4 days ago (edited),@agungtube5,UCUesRwjbfqi7DJvONn75qnw,0,,https://yt3.ggpht.com/ytc/AIdro_k-ZMZ1gRM1qwITswsAnNquGcVszVYlOYWhPz30eHKRMw2L=s88-c-k-c0x00ffffff-no-rj,False,False,1781324293.588696
UgyK7J6SK4fwGOPyk-h4AaABAg,WHOEVER READ THIS. Jangan pilih lagi GERINDRA!!!,4 days ago,@undersongoenesa8936,UCn8X2DH4XjHiGqDZqmBzo1A,0,,https://yt3.ggpht.com/ytc/AIdro_k1DdVYXMlpk3ZvvtyALyFReRn_U4KTmrqnLU_Wwo8=s88-c-k-c0x00ffffff-no-rj,False,False,1781324293.590214
UgzFRH1ysgFQak4kb154AaABAg,Masalahnya itu bukan program atau proyek Negara tapi korupsinya jadi yang salah adalah sistem hukum bagi pelaku korupsi tidak bisa membuat efek jera kecuali hukum mati,4 days ago,@2mellon479,UCPOvQSZJBcqIHoHc1mzjVRw,0,,https://yt3.ggpht.com/Ga1u5AQ9XJ72g8QpJQJPuenxQ0QWokf9_3FM5IheSJzfSTpsAXCjaSAVD8TxMWoA8nS_4elB=s88-c-k-c0x00ffffff-no-rj,False,False,1781324293.591651
UgysNiPKhvNn0LTxQJ94AaABAg,Membela mati matian ternyata nama irma terdaftar di 26 nama di hp maling mbg,4 days ago,@dndparfum-g6d,UCKv_LJGbJUXXfLSjahPiWOA,0,,https://yt3.ggpht.com/ytc/AIdro_mK3Wp7W1MK4PZRiMyVvuFfQs0WEij_sYam44lxrMWbj_dClY8I2F7GWtAnGtGEcom2LA=s88-c-k-c0x00ffffff-no-rj,False,False,1781324293.593087
UgzcYZjhw0R5iH3Wl1J4AaABAg,Saya juga setuju kalau mbg dihentikan.,4 days ago,@dapurlilik6830,UCw69NID7FGpj0m1CSvrKx2Q,0,,https://yt3.ggpht.com/ytc/AIdro_lIehr3WvY05ogpAtHEeF665YAlaogrduNjDyJmmZ9iGg=s88-c-k-c0x00ffffff-no-rj,False,False,1781324293.594522
Ugw2SGC4HzTZYUFTlX94AaABAg.AXyFAfxpVe2AXywjNbcK0B,Gak penting mending bubarin aja,4 days ago,@Sejoli_Adventure77,UCr0zuycZqS3EXiEwMAJRqoQ,0,,https://yt3.ggpht.com/nmdEFk7ADeg2cqL01dL3sBvW0aSdsaLGRrQ93B3MIsv8k-rx3auRFXFwPnbDHhhvMq0bEQSMJ38=s88-c-k-c0x00ffffff-no-rj,False,True,1781324293.791623
Ugw2SGC4HzTZYUFTlX94AaABAg.AXyFAfxpVe2AXz3WLaqOJM,"​​ @Sejoli_Adventure77 gak bisa lah MBG harus jalan, Korupsi nya yg di berantas.",4 days ago (edited),@aswarayi3040,UC1CuiAJpAVotXccaIYBTHcQ,0,,https://yt3.ggpht.com/ytc/AIdro_nOl1tFdEudsy-fIMFQItCFCGkBwYiwp4ajs2eLVpu2pN0=s88-c-k-c0x00ffffff-no-rj,False,True,1781324293.793343
UgymnNoK6uvY8z2z1AZ4AaABAg,"Dikasih, duwet ke orang tuanya, lebih, bagus, bener, kata, pakahok",4 days ago,@RagilvivoRagil,UCBB6GWToG0nostUH_vvHvhA,0,,https://yt3.ggpht.com/w7PTjuvT8a_KjzoegQtaiF99Nc0bq3ISTmUYL2HQj5pB6qVV_-uhrbv1b9FWwjG5mIEJ_0Z117Y=s88-c-k-c0x00ffffff-no-rj,False,False,1781324294.027411
UgztqbuLGdmdBCk8z_p4AaABAg,SEJAHTERA BUAT PARA KORUPTOR🎉🎉🎉 HUKUMAN RINGAN🎉🎉KELUAR PENJARA JUGA MASIH BANYAK ASET🎉🎉🎉❤❤❤,4 days ago,@MinMin-o3k1p,UCUiKAa9VmtFbTpofSDfCX7Q,0,,https://yt3.ggpht.com/ytc/AIdro_lCcLaQxWcvI2EGO1Yx8JghVogwuIvweQtKO2WljVQO8Z9U-9WIqXep9b4I_4RwnbLfMQ=s88-c-k-c0x00ffffff-no-rj,False,False,1781324294.029055
UgzDBjTYHJRsQrjJqjt4AaABAg,STOP MBG !,4 days ago,@bettatools-b3k,UCfpZeQVVOm0SESp4qoySXJg,0,,https://yt3.ggpht.com/ytc/AIdro_m1cbj27Udj_IzaHVE-Fhcp-WtCXxc0bEwFgMg0QYumWa2vmOshuFn0vHmaiORDL2UjwA=s88-c-k-c0x00ffffff-no-rj,False,False,1781324294.030648
UgxK76XgzGvSKzrWf6p4AaABAg,Klu  debat ada irma tdk selera untuk menonton,4 days ago,@Suwarno-o5f,UCStMMZg6bBf-OlTNyAwIV-g,0,,https://yt3.ggpht.com/ytc/AIdro_n-ipYGNyWfz12ONyTS5rSab8KjOyO2zchxWqeHFrPUeLIIa2HS4OmlreGaAFKDd_6j1g=s88-c-k-c0x00ffffff-no-rj,False,False,1781324294.032136
Ugzw_5LmRa0e0sRdlol4AaABAg,Negara undang undang  gmn JD maling uang rakyat,4 days ago,@ImronKusnan-x7n,UCSxoTb1MhoKd1PmWJOq9jiw,0,,https://yt3.ggpht.com/ytc/AIdro_nbIRpRoYqRgJ2spNIQtwabq6ir18ziB_GIrg8eyjIddwsRWvvxJsp8Y8bqRYKGYd7v5A=s88-c-k-c0x00ffffff-no-rj,False,False,1781324294.033583
UgxdPl2Uxk29lk3m-8Z4AaABAg,"DPRD TK ll, yg ikut di MBG kebanyakan dari partai PDI-P jgn cuci tangan eh PDI-P",4 days ago,@ketutartana5330,UCEzfG34I-R7E5xlY-fz1i8w,0,,https://yt3.ggpht.com/ytc/AIdro_nTfDqleJA2Apy26TzIc-xNoom6XJEd3pkPmU0lnfA=s88-c-k-c0x00ffffff-no-rj,False,False,1781324294.035056
Ugwbm9Wax7i_QdmVVCV4AaABAg,Hentikan gigimu itu soang😂,4 days ago,@mr_wuok,UCyKvGpHHXrVlu0VLEQiu-sA,0,,https://yt3.ggpht.com/262-e8WOs-2KB3NYQfxizA5EsImFnr7LkNRm94ivJErerKWY6hldX7zkOClZcI7eblxKVeHAJU8=s88-c-k-c0x00ffffff-no-rj,False,False,1781324294.036492
Ugx92-gc5-FQTvG1NdV4AaABAg,Muak. Sampah. Busuk,4 days ago,@adamsfdn16,UCKu7Gl-1PSSPxNGJpcxH_nA,1,,https://yt3.ggpht.com/UzTNkLDxStHZrV6fwmJwtwRSezbxPW3P1iRiuIWQkPL4irahd7thCRApwSwFAXY7Nh_Z0HJgRw=s88-c-k-c0x00ffffff-no-rj,False,False,1781324294.037921
Ugw4VrJHA0Tj8PpFbux4AaABAg,Irma dimana selalu menjadi biang kerok penjilat Joko wi,4 days ago,@ImronKusnan-x7n,UCSxoTb1MhoKd1PmWJOq9jiw,0,,https://yt3.ggpht.com/ytc/AIdro_nbIRpRoYqRgJ2spNIQtwabq6ir18ziB_GIrg8eyjIddwsRWvvxJsp8Y8bqRYKGYd7v5A=s88-c-k-c0x00ffffff-no-rj,False,False,1781324294.039408
Ugzn4njz-TomNCSRItV4AaABAg,"ngomong undang undang Mulu ni para anggota DPR tp undang undang nya di tabrak semua emang negara kt ini kebanyakan undang undang sampai"" org biasa bingung masalah undang""",4 days ago,@fendypeace1379,UCYiflvZle925TQaD1TKr_2g,0,,https://yt3.ggpht.com/ytc/AIdro_mfwaNpmb5znCyuRXKvmtjJT5lTwZHykDOMs-tYXtp-7JBG=s88-c-k-c0x00ffffff-no-rj,False,False,1781324294.040844
UgwRGRGH2OM8XWCbPTh4AaABAg,"MBG , maling berkumpul bergizi , jadi yg sehat maling bukan anak sekolah",4 days ago,@ImronKusnan-x7n,UCSxoTb1MhoKd1PmWJOq9jiw,0,,https://yt3.ggpht.com/ytc/AIdro_nbIRpRoYqRgJ2spNIQtwabq6ir18ziB_GIrg8eyjIddwsRWvvxJsp8Y8bqRYKGYd7v5A=s88-c-k-c0x00ffffff-no-rj,False,False,1781324294.042267
UgywLM3SLKmpyGKlisV4AaABAg,"Hati2x irma orang dpr,ri,,irma psti mmbla kolega y,yg sony sebutkn,,heh irma sppg kacau itu berarti bnyk plnggrn",4 days ago,@hasanbasri6826,UCK7U6Bp1hrNuLEZ0TFl6S7Q,0,,https://yt3.ggpht.com/ytc/AIdro_klaSzfRJZzsAq6OKRKvJNwawxJhv61wmf6fQ-PYRk=s88-c-k-c0x00ffffff-no-rj,False,False,1781324294.04369
Ugw90VGdX2q-hyKWv7d4AaABAg,ANGGOTA DEWAN AJA ADA YG PUNYA DAPUR MBG,4 days ago,@alex.sandra009,UCBOrBRuY9xycNJcQVHI59sQ,1,1,https://yt3.ggpht.com/D9trrmnnQPH7S_NlCftfQLH-Vjbl4cIilXaw5CXW8nPqD5Edbib_6cnkPh8lBzjHwAnIlPao=s88-c-k-c0x00ffffff-no-rj,False,False,1781324294.04515
Ugy7oA1hr0ByOz35hfp4AaABAg,Kagak Mungkin BERANI DPR buat Hak Angket..karena mereka Terlibat dalam MBG,4 days ago,@syidadhakim3744,UCX-tToyYt4GcB6kFX9eV-Dw,0,,https://yt3.ggpht.com/ytc/AIdro_mkKnoQtme94g9vLLtZKhHoSyx2knz5z0-Q74Meu28=s88-c-k-c0x00ffffff-no-rj,False,False,1781324294.046552
Ugzfehuf8-ZqeFi9R8x4AaABAg,Maaf janji kampanye dilaksanakan ditentang apalagi tidak dilaksanakan serba salah tuntulah UU perampasan aset bagi koruptor untuk tambahan apbn,4 days ago,@Isyani-j4m,UCkxGMxAZu7fnRzRcZupCAHQ,0,,https://yt3.ggpht.com/ytc/AIdro_nhZbF6KyS20xqBOxCQssP4k_DsHpTo75iLAxJBEBVoA29uk0fv5cejdx87SOdmd9rZAw=s88-c-k-c0x00ffffff-no-rj,False,False,1781324294.048003
Ugx4xfuAKalgOCgr5Kl4AaABAg,"Yg hem merah jambu, jawabnya mutermuter seperti pala puyeng",4 days ago,@teddymahesa2107,UCwYokLMOZQS3FEEiRo0pqhg,0,,https://yt3.ggpht.com/ytc/AIdro_n9fBD2GtBXx2n0jtvURm9ehlus3QE-bV_9ZKZECqTE2g=s88-c-k-c0x00ffffff-no-rj,False,False,1781324294.049569
UgyQ-R3PqReXpmYS4r94AaABAg,"Kalo ngomong sama RG we nyerenteng
Ngomongin korup lembek😅",4 days ago,@apendipendi2124,UCuDC5wzDf7tkZbfRrVku-yg,0,,https://yt3.ggpht.com/ytc/AIdro_mLZH_fqeJDXoeBz8iOxIWFYWnibk-kYjS_zKIAxVM=s88-c-k-c0x00ffffff-no-rj,False,False,1781324294.051028
Ugzel4b-2q4Hr37B6jl4AaABAg,MBG Dan Kopdes Harus Dihentikan Permanen Karna Membuat Negara Dan Rakyat Sengsara,4 days ago,@aliholic9102,UC5wRvg9rSilm_UXP9GMHlMg,0,,https://yt3.ggpht.com/ocFarip-T4uWIy7RlKB4AdvA1nQ4pL4p0VEYCy6v1e5GJRXeOgAgrs4XfwZvheLYV5qAe46b=s88-c-k-c0x00ffffff-no-rj,False,False,1781324294.052456
UgzUgYFtlqTiD8Vbz0R4AaABAg,"Mbg bermafaat gimana,,??? Anak2 yg bawak tuferwer dijadikan alat ukur mbg bermanfaat bagi anak2 ??? Anak2 yg bawak tuferwer itu anak2 yg bawak makanan yg dibikin oleh mak2nya sendiri dari rumah kalik,,,??? Ada2 aja,,,",4 days ago,@syamsulefendy8616,UCt1gPNH_tYLz7TxEnu8CouQ,0,,https://yt3.ggpht.com/ytc/AIdro_ka12kkHb2UHFue2ACXfVnoAkXVHX3NO1MxWAToYKNnPDk=s88-c-k-c0x00ffffff-no-rj,False,False,1781324294.053941
Ugx1U4VqCaeQ9s1npEN4AaABAg,STOP MBG DAN KOPDES GAK GUNAAA,4 days ago,@AbdulMuhyi-g2f,UC6SsrvI37L1rk_sCQyZzV0g,0,,https://yt3.ggpht.com/ytc/AIdro_lN1r14JyVE1HV827fOA4jwcUpML9JATe2vub3wBZwgdO1_u1mEpcWHSejRd9oj5lcaaA=s88-c-k-c0x00ffffff-no-rj,False,False,1781324294.055446
Ugw90VGdX2q-hyKWv7d4AaABAg.AXy9wS0Is4AAXyAHJTSCdW,Anak anggota dewan ada yang punya 40 dapur mbg,4 days ago,@JenggoWinoto,UCNhpwhlAvpnvHgjdYrofeOg,0,,https://yt3.ggpht.com/ytc/AIdro_mXl5vEZetSFCfuG2B7_VLqc38fE5TVJMtL_CGIeMUbdXJf55quvy5KONcX81xCv66Llw=s88-c-k-c0x00ffffff-no-rj,False,True,1781324294.208339
UgxrwYuJKxnPYNELlC94AaABAg,Slama bowo president MBG ttp jalan,4 days ago,@hiburanhp,UCrA_Pr1Fa3MNPC15QxYQSXw,0,,https://yt3.ggpht.com/a4JAYcaO0wXEdphfG6N88lnW_e7Iv_CtCxoenffBAqRwfdqQi5q-18VC11y8__kEAr_pbOlh=s88-c-k-c0x00ffffff-no-rj,False,False,1781324294.419975
Ugwbg5kngFAb3BxruRV4AaABAg,"Nikmati saja kelakuan penguasa yg dimenangkan dengan penuh kecurangan,pasti akan di bela oleh penipu2 ulung",4 days ago,@AgaraMinang,UCAKlQqE0UsL91nKHgDMCBfA,15,,https://yt3.ggpht.com/ytc/AIdro_ka_OJb0XNJYDEohFXLN9aw8SQx2wooMyAYwzwnScVwBS5AeOdo4U3-cDL-EXswMyKilw=s88-c-k-c0x00ffffff-no-rj,False,False,1781324294.421638
UgyAdAOcESJOx8l85LB4AaABAg,Wo alah mbg mbg kok jadi kaco,4 days ago,@akuwan-p6c,UCJUeOBOgF_1I3PSYkCxvPvg,0,,https://yt3.ggpht.com/ytc/AIdro_mfv_9D5lFrDYWWLk4uDmKsOty7BRN5E_1eqYKXLg6MJJUmka2sWCUdxdxgz9b7_Aefdw=s88-c-k-c0x00ffffff-no-rj,False,False,1781324294.423142
UgyHzDy9w103BsePzSB4AaABAg,teruskan mbg setuju,4 days ago,@BallackAnanta,UCKcn5SszygaaQvRgp250YpQ,1,,https://yt3.ggpht.com/ytc/AIdro_k_QNIbHileIvKqR4gskCl20HIQ9fbv-3_dFVp-vWmam75VFD69o7xWdiXX4FHY2gUjrQ=s88-c-k-c0x00ffffff-no-rj,False,False,1781324294.424566
UgyhW45jnV62z_wUE2t4AaABAg,Muter2 aja anggota DPR ini. Gak berani bela rakyat. Omon²,4 days ago (edited),@suparjotour5616,UCv_bq-ht60CNeBa7HMIxNEg,1,,https://yt3.ggpht.com/ytc/AIdro_mwvwH3UdScGQw3nvPAd17zx-OAOYvOOZvBmWYjjzI=s88-c-k-c0x00ffffff-no-rj,False,False,1781324294.425974
UgxY6OCvQuZpLn3-jXR4AaABAg,Makanya sahkan RUU perampasan aset,4 days ago,@EkoPonsel-n9p,UCTpmzHKnS4IJTdJYhdtLmyQ,31,2,https://yt3.ggpht.com/ytc/AIdro_l4aEfh_jJF9zK20QQIgQQyFIda2bzJeFkhVjY6Xs0BwI1bV9Y4Il7Wvg0pj_SFi1Uq-A=s88-c-k-c0x00ffffff-no-rj,False,False,1781324294.427416
UgxNbmQzJu2o66o8pV14AaABAg,Irma kau bicara hukum2 apa???kambinh kau!!,4 days ago,@arabikatipika6927,UCn6e9xEmegKzwMRNFvo4c_w,1,,https://yt3.ggpht.com/ytc/AIdro_mLEChNwe_lx5IJHHpTTyeQDZF6dqNzqdv0qIYwxwOIZFEIqKZ4yJI21xrQfhWDIZaP-Q=s88-c-k-c0x00ffffff-no-rj,False,False,1781324294.428825
Ugx4UvQB1-u1gqi6z1x4AaABAg,TUTUPPPPPPPP MBG,4 days ago,@JejenTasik-v2h,UCvTNeBLkU2EZT5WJEC29Niw,0,,https://yt3.ggpht.com/ytc/AIdro_lm_zOZN6FVCMC9XEgozZJNxopPmyd0qspJwRJFxH0emdOvBN8EgbvmEsBy4G2A8EPFaA=s88-c-k-c0x00ffffff-no-rj,False,False,1781324294.430278
Ugw770PwI2SCzWh5s2x4AaABAg,Saling lepas tanggung jawab 😅😂,4 days ago,@GosMi-x5b,UCgJtjhF0Sxk9y2FNYvLEQwQ,17,,https://yt3.ggpht.com/ytc/AIdro_mxIxgwNJNJ3orBHvpfnvNNq0V7qfF1pIW4p_kgsijc8MqFCxJiW_5VgEl7JcELOv7DGQ=s88-c-k-c0x00ffffff-no-rj,False,False,1781324294.431701
UgxLYKQNBHrU8x9ldW94AaABAg,ngeles kayak bajay,4 days ago,@papillonamm7626,UCcv_gsenV7t_kuQ8Q3yVIAg,0,,https://yt3.ggpht.com/ytc/AIdro_miyTzaARciBoQvf0Pcdhzi58y7cFa1F1M17alETqfhbA=s88-c-k-c0x00ffffff-no-rj,False,False,1781324294.433172
UgyJoqwEJWe-y1O0t014AaABAg,banyak gejolak masalah diindonesia makanya rupiah diinjak injak dollar apa nasib indonesia kedepan ditambah bbm pertamax naik dan masalah korupsi mbg bgn makin lama makin gelap,4 days ago,@eddwin21winaristo14,UC7z-kdlXylM5ynDr7i0NXXg,0,,https://yt3.ggpht.com/ytc/AIdro_lTaXMnHl5ycRM12wip5QSC_0L6EYLJoZU_WM0vnmFvK93hYF87jOMuZAoF0ocTJ3TCig=s88-c-k-c0x00ffffff-no-rj,False,False,1781324294.434572
UgwZReoTBQ7Qne0zBRV4AaABAg,Orang gerindra dlm hatinya hancur bro,4 days ago,@yoyosamsudin9816,UC1vmY6VncEUK89vgSPIc-Bg,0,,https://yt3.ggpht.com/ytc/AIdro_np1QDiJ42duyioVWU2EBqhyKHwkn9OTxEpCSX9n1g=s88-c-k-c0x00ffffff-no-rj,False,False,1781324294.435971
Ugz-y3-2cfdP6oMkRmZ4AaABAg,"Apanya yang bagus buk, contoh cucu saya dapat telor yang sudah
Busuk dan ayamnya juga udah ga
Pres dan bau busuk",4 days ago,@syahrial55,UC7sefZtEjbUKkdl6M3qwl7g,0,,https://yt3.ggpht.com/ytc/AIdro_mbdw79JGc5mlEFb4L_fDS_eNfnZ3cB5TODqlDQLt_5YWQ-7_FLklstw7UB2tMe0YfK6w=s88-c-k-c0x00ffffff-no-rj,False,False,1781324294.437365
UgwLLWm7m0Tf1WeA_Pd4AaABAg,Si Irma ini dari dulu juga ga ada manfaatnya dia cuma kacung si jack,4 days ago,@IrfanSuhendi-k9f,UCv3JIlOrO99ln1b8KdsEoKw,0,,https://yt3.ggpht.com/ytc/AIdro_lU3hPQJmHaeYavudTu3DCCfoQeSHVWfaktHGH8c9YoRYSWG53Wn9Ulm2GaLMldH6Gydg=s88-c-k-c0x00ffffff-no-rj,False,False,1781324294.43882
UgwU23uIs1fwQluCdP54AaABAg,"PDIP kaya partai paling sok bener, inget waktu PDIP berkuasa, kau partai paling bnyk melanggar hukum dan suka menjual aset negara yg paling berharga, yaitu satelit dan BUMN",4 days ago,@aditathiya6383,UCQsLU3yrupPzk5F0vCUMIzA,0,,https://yt3.ggpht.com/ytc/AIdro_nBUiTD1rVB8kwIf8n4kbYlF4wbQ9yr_35VYDGCCyol-Jo=s88-c-k-c0x00ffffff-no-rj,False,False,1781324294.440267
Ugw1i9Ne3DZSvi7rAZR4AaABAg,"ada 16% dapur di tutup, tetapi di tampat kami masih banyak tempat yg mulai dan sedang dalam pembangunan, berarti masalah ini tidak ada kontrol yang ssrius dari pusat",4 days ago,@Prabu-2,UCRLO8eaJhdwfGhUBH4Iwl9Q,0,,https://yt3.ggpht.com/abmeKKCPgu3xhaZCTN5INh2XJ0mazq7rZt9iKQMTgHBWNfW_rOxMrDFbAgV4Ri-LVEpdEJ7aTQ=s88-c-k-c0x00ffffff-no-rj,False,False,1781324294.44177
UgwBSVUxfMziJpaSwHF4AaABAg,Hentikan mpg sekarang juga sudah dari awal mgp itu proyek korupsi,4 days ago,@KiningSelamat,UCN3viD1KLfL_tMxBeKIBv6A,0,,https://yt3.ggpht.com/ytc/AIdro_k9UxnvSEs8JwuJDQ-mV6u1Ei1FmVZ81IqmMkbvtyEEUuGBEHgOsXdETp1IQUaanB9mRA=s88-c-k-c0x00ffffff-no-rj,False,False,1781324294.443272
UgzEfcOzf-ZN3OpmOOx4AaABAg,Hentikan saja MBG .Transferlah uangnya ke mama anak2,4 days ago,@DennyPoluan-xo6ok,UCymadd-3MRph8NyQYIJci_w,0,,https://yt3.ggpht.com/ytc/AIdro_n4wJ1o745a8pX0WITv50Uujw4uXvzulMVIepHG4zeFQ8-oJCV9hJ7hsVaXbntXvYzOwA=s88-c-k-c0x00ffffff-no-rj,False,False,1781324294.444709
UgwDyY0qjhVHvIIvuip4AaABAg,Bergetar suara irma Caniago tidak seperti biasanya lantang bisa dibaca memang beliau terlibat didalam dapur MBG.,4 days ago,@garingaulchanel5863,UClpfKEjykPeFxX5BfUtCBog,125,14,https://yt3.ggpht.com/o8FqDll09w42uNRM9laL3GSDhnpK8JVzC2BeSZbuhpyNg-MMwbuC5tWHwetnuR7KKpOjQLgcK1k=s88-c-k-c0x00ffffff-no-rj,False,False,1781324294.446175
UgxOQKE6va1qOodLNmB4AaABAg,Jangan jangan si I punya sppg jga,4 days ago,@Donalejandrodegidelavega,UCaD1AQuFnLSdPiH7x6L0SQw,0,,https://yt3.ggpht.com/6DyodbP8cdBQk5G31cIvRncdwpiypMttkvz7fMbfsxp-BNSEa6UaDX5OAXIQirLjtQ6OqEfJcg=s88-c-k-c0x00ffffff-no-rj,False,False,1781324294.447572
UgxY6OCvQuZpLn3-jXR4AaABAg.AXy8PbiPWiTAY-YEUzEXo-,Takut neneknya tertangkap,3 days ago,@SamianMian-dz8kj,UCNBPmYvrGjLmHwxIxU4UWqA,0,,https://yt3.ggpht.com/ytc/AIdro_mA5iYFWQWr-erQfOrpRSPi7uAL1ykOBKRSbPBDp88Z1xyBT7Je5IKp6_AckwgwsDEc-Q=s88-c-k-c0x00ffffff-no-rj,False,True,1781410694.611272
UgxY6OCvQuZpLn3-jXR4AaABAg.AXy8PbiPWiTAY2vondEv4u,Harus,2 days ago,@MbahRahmad-v2m,UCxeV5i-DrchIlVVcG7am3lg,0,,https://yt3.ggpht.com/ytc/AIdro_lkd0rxDNf5fMK_UoPYRhOsgwNtwY9ZOs1KY-dpA5QhVhAqxMEwBKhHbjPdHHUvhecsUw=s88-c-k-c0x00ffffff-no-rj,False,True,1781497094.612854
UgwDyY0qjhVHvIIvuip4AaABAg.AXy6CHeYVE8AXzV7PsXjwa,PUNYA DAPUR BANYAK BU IRMA INI MAKANYA GK BIASANYA DIA BICARA,3 days ago,@ASNIINTAN-v6z,UC5YcPUBKl-qFBM007B4HIgw,10,,https://yt3.ggpht.com/ZOP438rCBicrQl87VGkV5bWmSXPyLvVeCa0xvNUq4VNP0CCiC0QngAhI8ALzO6YyCvIebtERzQ=s88-c-k-c0x00ffffff-no-rj,False,True,1781410694.780802
UgwDyY0qjhVHvIIvuip4AaABAg.AXy6CHeYVE8AY-6519ZUAv,Spy negara gk tmbh hncu2n hentikan MBG dnkop desny,3 days ago,@JumakirBerbah,UCco1omNf5pvG3UjpQdRxuYQ,9,,https://yt3.ggpht.com/ytc/AIdro_ltG5Vixvi3d0Yh00mrIlUB2on93_zWY8hkMojmBpX9mvBiNJjt4vNgL5Rn8XCPf9bnFg=s88-c-k-c0x00ffffff-no-rj,False,True,1781410694.783597
UgwDyY0qjhVHvIIvuip4AaABAg.AXy6CHeYVE8AY-HXSKvrfa,Dari dulu ibu Irma itu kalau bicara nampak sekali aura munafik nya,3 days ago,@ElsaUlfa-l2u,UCh1MKCJEpR14hNoff3-2KpQ,5,,https://yt3.ggpht.com/OEQfL68342Xs6YLwCPMFbl6x5LzdLGnrMOeetB-GR-7-bkzCsT62PGw4LTLQfiY18S5_vkSg2q8=s88-c-k-c0x00ffffff-no-rj,False,True,1781410694.786287
UgwDyY0qjhVHvIIvuip4AaABAg.AXy6CHeYVE8AXz1HVhux3r,Aku setuju bg,4 days ago,@LasumaSuma-y5m,UC40Z1jQe73Rkowe6qN44AlA,3,,https://yt3.ggpht.com/ytc/AIdro_lH1zJmlsA1WqGJZyMpgTbIfXRnmiC714MlofQqnMaTuRgkpG4o42a60HhOGPyJpAPAuA=s88-c-k-c0x00ffffff-no-rj,False,True,1781324294.788992
UgwDyY0qjhVHvIIvuip4AaABAg.AXy6CHeYVE8AXzR9VP0vXs,ho oh,3 days ago,@antasena4251,UCLQp4ihoRiaEdcZlLK8pf9A,3,,https://yt3.ggpht.com/XsY-xJkvKFtuxT_5FeFnn7s22KvKdy-nP3IZgSfMaY2ZJwJoJMbjODh_ooinB2EYQ898gG5p9Q=s88-c-k-c0x00ffffff-no-rj,False,True,1781410694.791685
UgwDyY0qjhVHvIIvuip4AaABAg.AXy6CHeYVE8AY0LVQsrmTx,"Wadaah DPR ini,di tantang hak angket ada sj alasan,mereka tahu kalau hk di gulirkan akan membuka kedok mereka sendiri",3 days ago,@mustaripchanel9391,UCtOQq4fg1FQ86CNLBqDNUVw,3,,https://yt3.ggpht.com/Ts5R91DliTMZ2Juct_FDnB8luPiaOXotkxfpGs4mBkFwiru85t80n1kuY18L5x3QgQNvxGGtLQ=s88-c-k-c0x00ffffff-no-rj,False,True,1781410694.794345
UgwDyY0qjhVHvIIvuip4AaABAg.AXy6CHeYVE8AY0kwrqeg_X,Sebetulnya DPR dan MPR gunanya apa kok tdk mengawasi sama sekali,3 days ago,@viviratna4656,UCElv3x3uCnUgCYBOkqPz1yA,2,,https://yt3.ggpht.com/ytc/AIdro_mtr_2iL_Wm60DTdnNGkZ8Rl7GeakDqdPCgss_lveI=s88-c-k-c0x00ffffff-no-rj,False,True,1781410694.796939
UgwDyY0qjhVHvIIvuip4AaABAg.AXy6CHeYVE8AY1R_sB6MsG,Semoga seluruh dapur bgn di sidak semua.,2 days ago,@Soewiknyo,UCAUBdHw0-bT3-ynvl3wCsYA,1,,https://yt3.ggpht.com/ytc/AIdro_naVtQgGqLR2mEJBYsUptJWeahbG_5vnBCPaDOqBcwUdRBL6bJjSCLq-kGRbS6uIBwmZQ=s88-c-k-c0x00ffffff-no-rj,False,True,1781497094.799665
UgwDyY0qjhVHvIIvuip4AaABAg.AXy6CHeYVE8AXz0Llen7B0,"MBG telah membuka hampir 2 juta lapangan kerja, para siswa menyambut gembira MBG.",4 days ago,@nurrohman435,UCGxWCIgevAZZ9e3_NShEdoQ,0,,https://yt3.ggpht.com/ytc/AIdro_n4zPiRoX5nWCCgc6AKBCfeKian80vFYBkNjCp8_Ow=s88-c-k-c0x00ffffff-no-rj,False,True,1781324294.802306
UgwDyY0qjhVHvIIvuip4AaABAg.AXy6CHeYVE8AY-TqlBKgZ5,​ @nurrohman435 Buka lapangan kuruptor iya!😅,3 days ago,@tariku6382,UCqa80PvuQUjioWmE_PrQpzQ,0,,https://yt3.ggpht.com/ytc/AIdro_m0ftrs_xORpUbfm6NbJESAWw9nEQGxNJPOjqPlzA=s88-c-k-c0x00ffffff-no-rj,False,True,1781410694.804805
UgwDyY0qjhVHvIIvuip4AaABAg.AXy6CHeYVE8AY169qdvm7j,Wis bubarno MBG kuwi negoro tentren,2 days ago,@RiniHastuti-wl8lr,UCoXtPXQCzyOy2w8e1bPKuIw,0,,https://yt3.ggpht.com/ytc/AIdro_kNn6ML5JlhLrSoExrtw_OWTxjwv-pPPh8GhTrE49w-bzrwzJrjG1FoMdgRo3BUt4v3Gw=s88-c-k-c0x00ffffff-no-rj,False,True,1781497094.975105
UgwDyY0qjhVHvIIvuip4AaABAg.AXy6CHeYVE8AY1PCbuboqD,Kualitas DPR kita  tidak untuk kesejahteran Rakyat!maen aman untuk personal,2 days ago,@sinau494,UCwSyepB0nwESDhjMOBlt6kg,0,,https://yt3.ggpht.com/IN42IYBovuDNUrKgmSYbCESoX5SJfbvfG8Zp9K2esKr8qk71z04hL9QpCe87WyO6fAmHEHWTDg=s88-c-k-c0x00ffffff-no-rj,False,True,1781497094.976756
UgwDyY0qjhVHvIIvuip4AaABAg.AXy6CHeYVE8AY1VdR1zLwg,"Korupsi oknumnya ya wajib disikat sampai akar, tapi program MBG-nya jangan sampai mandek",2 days ago,@dessymega6879,UC_f8ZcKwb3urbfoEn0mN6MQ,0,,https://yt3.ggpht.com/ytc/AIdro_lDvXsKa5T55uq1vpP347NtVX9wtWP8dJXcCnvDS9Cw5g=s88-c-k-c0x00ffffff-no-rj,False,True,1781497094.978263
UgwDyY0qjhVHvIIvuip4AaABAg.AXy6CHeYVE8AY4nKuV9bu1,Tong kosong keras bunyinya.,1 day ago,@taswinjohan2737,UCwA9dtr4-h0PTmB8CQxgaiA,0,,https://yt3.ggpht.com/ytc/AIdro_lGUGhMiEHGyo4TotC8CTvgIQvQhW2mdgKHH3ykRy4=s88-c-k-c0x00ffffff-no-rj,False,True,1781583494.979727
Ugz1ziAX3_-jqEA_9R14AaABAg,Negara BOBROKKK SEMOGA PERANG TERJADI,4 days ago,@Jhamthawhieghunha,UCq6f4cJoZioCipQgi9wZsQA,0,,https://yt3.ggpht.com/ytc/AIdro_ltG5Vixvi3d0Yh00mrIlUB2on93_zWY8hkMojmBpX9mvBiNJjt4vNgL5Rn8XCPf9bnFg=s88-c-k-c0x00ffffff-no-rj,False,False,1781324295.191078
UgxyEFEAuA3iddRGr5h4AaABAg,"Gag usahlah saling adu argumen
Ini hanya buang"" Tenaga dan waktu sementara korupsinya jalan terus",4 days ago,@syahrial55,UC7sefZtEjbUKkdl6M3qwl7g,0,,https://yt3.ggpht.com/ytc/AIdro_mbdw79JGc5mlEFb4L_fDS_eNfnZ3cB5TODqlDQLt_5YWQ-7_FLklstw7UB2tMe0YfK6w=s88-c-k-c0x00ffffff-no-rj,False,False,1781324295.192712
UgySXi1-8243BZwH1Bp4AaABAg,polisi pny sppg 1500  akal2an  korup,4 days ago,@afidz.hartanto,UCrzzAWG2IwQds5fS64ZyIag,0,,https://yt3.ggpht.com/IA1j9LIWrrybkgBgo6IjqtrwjmC1McHLcwBrGZVuFTZo6DJwTspqwzj2uRYJmoaXidAc_50V=s88-c-k-c0x00ffffff-no-rj,False,False,1781324295.194206
Ugx19orDWd3O5EZNUPN4AaABAg,Sistem mbg itu aneh pakai logika aja 15 ribu per anak 10 perpack dan 2 operasional 3 ribu gaji nah tapi anehnya peraturan dpat untuk perhari 6 juta kan aneh padahal sdh di ambil dari biaya operasional masih untung 6 juta di luar 15 ribu itu,4 days ago,@teguhdn5642,UC8uggwteYmuU6Dfx2TDhwXQ,0,,https://yt3.ggpht.com/ytc/AIdro_lj3OOWf9U8XqxrnWRMGfmmCebDw0uwwsFnSvxneAA=s88-c-k-c0x00ffffff-no-rj,False,False,1781324295.195723
Ugwi9i8SzPXphmFA2Uh4AaABAg,"Ubu Irma jg mwsuk dalam nama iyg disrbut psk soby sanjaya, ibu itma jgn sampai tfk di prises hukum, jgn sampau jrjagung tebang pilih, bagainana dpr mau mengawasi sedangkan dua jg pelakunya kata psk sony; rakyat ingin transparan dan umumkan, krn dpr jg pandai om8n"" ternyata nereka jg terlibat kata oak sony.",4 days ago,@MunassarmuinMunassarmuin,UCYX0oomjcSLMaADyrOlr7tw,1,,https://yt3.ggpht.com/ytc/AIdro_k0PVo4Ayjzf9FlRcdjZAQYBwK430_hLvWlP9jgikQjC65W-ONDWjkk4dykteuHJ96HgQ=s88-c-k-c0x00ffffff-no-rj,False,False,1781324295.197195
UgwFrngrGoYEHyf0j3N4AaABAg,"Kayanya Irma juga akan terlibat , akan ke sebut oleh ss, setuju banget kalau MBG d hapus , Irma "" anak bawa taperwer itu karena makan mbgnya ga pada di makan , d sekolah , kan itu banyak yg d tolak tuh MBG d daerah""  liat d media sosial tuh",4 days ago (edited),@NiaDaniatiDaniati-n1y,UCibRhD-brpP5dZBiKvl7Z9w,0,,https://yt3.ggpht.com/KplLt1CKTF9UtropLAiiT6GrgNAAyukpsiOGky7t_nRvgummJxW-ddtV6u8iP-j61HbXEJoOCbQ=s88-c-k-c0x00ffffff-no-rj,False,False,1781324295.198704
Ugwk3yNl5G4plCuuyL54AaABAg,ha;ah dpr nga mutu,4 days ago,@muhtadigs5183,UCQKj24PEhPnrlXMiB6lIj4A,0,,https://yt3.ggpht.com/ytc/AIdro_laqM_2elDiYI56qljTg7BPPJDVeF9kQkLMyKOhlyEUaib4=s88-c-k-c0x00ffffff-no-rj,False,False,1781324295.200179
Ugz5fFpJLADrezRtMmx4AaABAg,"DPR budek, ga peka terhadap keinginan rakyat. Rakyat tak butuh MBG , tapi hanya butuh lapangan kerja, sekolah gratis, biaya kesehatan gratis, sembako murah,BBM, Listrik murah. KKN diberantas.",4 days ago,@SAHIDINJAKA,UC2NC1rnwxt4u5Se8f9vhwCQ,0,,https://yt3.ggpht.com/ytc/AIdro_l_cdb12iEvfbconWqKW89iqSh69jL-NdmjZIuXCkr9Yg3iLzKFdf8SG32lYrR3AmrM9A=s88-c-k-c0x00ffffff-no-rj,False,False,1781324295.201598
UgzwzGFkXy8hRdTBu7F4AaABAg,Ini anggota DPR punya dapur juga bole cek Jawabarat 😅😅,4 days ago,@arsalmalikarsalmalik3245,UCxj-cajTiZBRaf_FUEWbM8A,0,,https://yt3.ggpht.com/ytc/AIdro_k489dbUjVHiavMXCVBLGMHjuZ1MbGhFgMATRJyE25ZAk1KhQl3s6Hf7REnBDXFhbKjBA=s88-c-k-c0x00ffffff-no-rj,False,False,1781324295.203039
UgwhfwT19qI7_avy-554AaABAg,Memang tdk sia2 bersekolah tinggi lalu jadi dpr mkanya tdk mustahil pandai ngeles demi ikut dapat fee yg besar,4 days ago,@SukardiRiwanto,UCLIe7L6xcesK05p8aeBio9g,0,,https://yt3.ggpht.com/ytc/AIdro_mGCcO77qRAILeeq23h9y6AoVb-S6jhNjs55xh4H1JqzRtYoueMFrSC8S9Y7lZhzF6Tww=s88-c-k-c0x00ffffff-no-rj,False,False,1781324295.204499
Ugydh8LtkXXdlDRY3UJ4AaABAg,narasi 16% yang BODOH😂,4 days ago,@grahaabdy2850,UCe4QRUuqbdWoQKiBaGm-7hw,1,,https://yt3.ggpht.com/ytc/AIdro_mNiAOqpF1QgJff99G01XluZnVatzEKAJ8-5Esqb_YedGs=s88-c-k-c0x00ffffff-no-rj,False,False,1781324295.20591
UgzNBcdDJqHYBbq8aZp4AaABAg,"Sy pengemar Bu Irma, biasanya klo debat sangat mantap .tp kali ini saat bela MBG Bu Irma sangat tertekan karena tidak punya data kuat tuk bela MBG",4 days ago,@AllStore-b2x,UClk77VH5Nw4KmZKDnHMANew,0,,https://yt3.ggpht.com/ytc/AIdro_nHNmhgK4mtwlkvbYzWQNsHe7dvV4nJKisK6SmVW8O7u9Pa8T0cWxyinae9f8_eisKzEw=s88-c-k-c0x00ffffff-no-rj,False,False,1781324295.207336
Ugw4nBmkWXZdsMgYyfR4AaABAg,"Ko anggota DPR dari nasdem ga tau,ini sama aja cuci tangan ✋ pret",4 days ago,@KiumarUmar-d9o,UCbp1iCQrXnTgcFri9odBEdQ,0,,https://yt3.ggpht.com/mlrxbOfN0id0ZdmdO5UIf1G_UazxTD7HJUj0ERY2WQBqRbHcE3NQcF_N8R5MSMTS25frAQNKeA=s88-c-k-c0x00ffffff-no-rj,False,False,1781324295.208726
UgwCh0Pf9zAgPy4OOvF4AaABAg,"Yg punya kepentingan itu yg nikmati uang korupsi dri mbg ,kl siswanya gk seberapa senangnya",4 days ago,@RumahsehatHolistik-k6e,UCeKWa3fKO4V-wRlHgqjLBHA,0,,https://yt3.ggpht.com/4nFA2ZVjFhHeYpV6-SxJbDMw6SITWI09l0YGSqF1OYSaei1xKQBGqrEplPXCuKfHvNAWukrWSUE=s88-c-k-c0x00ffffff-no-rj,False,False,1781324295.210249
UgxTUA5ToL7seHp79SF4AaABAg,"Bu Irma dah tercemar neh, membela teros ngak merasa ada salah, kenapa apa dia sudah merasakan gula2nya????",4 days ago,@ariprachman2644,UC_o_EypB7oAYoAN5bgY5HSA,0,,https://yt3.ggpht.com/ytc/AIdro_kRgDdgaOfkir-9vNagTet9JZCchOTj12DMumEyGBEpPA=s88-c-k-c0x00ffffff-no-rj,False,False,1781324295.211879
UgzjI4kLatKM-p4Cepp4AaABAg,Klau memeng betul di usut dari atas sampai kebawah satu rutan tak muat,4 days ago,@hsbhsb9308,UCDlTBBPH1NF3-TkmoXfEcfQ,1,,https://yt3.ggpht.com/ytc/AIdro_krOvw37jTzdXxKx9LLxqthA0TYsfEMIBqW17GhNiJZj6fAXWZX5VrvzLyMIgKzxEDtDw=s88-c-k-c0x00ffffff-no-rj,False,False,1781324295.213307
Ugyn4b8ELbGxaKh5RgR4AaABAg,Hentikan mbg. Karena ngga dapat titik dapur mbg,4 days ago,@MuhammadFarrel-k8u,UC7Xx1BvW6DwtMpa7DwYuxPg,19,2,https://yt3.ggpht.com/ytc/AIdro_meZQDvkVwIytlz05tUr4sKYRoxduo30MYm6fDWZDFwo5Dx5x44u4bpmQY2f_R4uW4yGQ=s88-c-k-c0x00ffffff-no-rj,False,False,1781324295.214795
UgyZFsRjuCt7K_2OO314AaABAg,Program busuk..MBG dikampung cuma jadi pakan ayam,4 days ago,@AbdulMutakilah,UC3nyNAD2gSPpnlmjR4LmtzA,1,,https://yt3.ggpht.com/ytc/AIdro_nLOZiVoOnOY9sRG6PEfbeJQZgNEc94Ld_-R0YhapW-QHpFlNNHtQIwpPu8VJKX5wVYKg=s88-c-k-c0x00ffffff-no-rj,False,False,1781324295.21631
UgzsknGD-Z1TzKPnKPR4AaABAg,"PDIP minta MBG di hentikan, PDIP takut Kader nya terbongkar Korupsi sebab PDIP termasuk ikut mengelola MBG 😂😂😂",4 days ago,@sonysonysony2744,UCth8gx2cdd_sbFiBh3aTLZQ,0,1,https://yt3.ggpht.com/ytc/AIdro_lyBadPXAsx8g-aaikdJqqSpepd_jgkWwqGfQjyRsRxS_8=s88-c-k-c0x00ffffff-no-rj,False,False,1781324295.21775
UgydtQAyvSRwk9mvBsV4AaABAg,Dana kampanye pilpres 2029-2034,4 days ago,@surabayaproductionshouse3487,UC2q3kyE260Byy4VwT6snqFQ,1,,https://yt3.ggpht.com/Ic3kLhncYigq-9mH1bjXwA-9SmSWgv-9dMnp1UGsfs4FiVyL3DroE9VMsMnm2r87oGMFMC-7_w=s88-c-k-c0x00ffffff-no-rj,False,False,1781324295.21921
Ugyn4b8ELbGxaKh5RgR4AaABAg.AXy4R8O09epAXzCxAidh0a,Biasa partai Mak banteng KLO diluar pemerintah ya bgini 😂😂😂 inget 10tahun yg lalu mic nya aja di matikan,4 days ago,@Familyirsi,UCbRZ6CE-mrBRqJ8sYBJUBpQ,1,,https://yt3.ggpht.com/ytc/AIdro_lglEVmFFvJcGTthjC40ZSDKFEIq_FMcZCu6WFK9q2d4jH4JFUcHxRkgfTb41TbZjELqg=s88-c-k-c0x00ffffff-no-rj,False,True,1781324295.3877
Ugyn4b8ELbGxaKh5RgR4AaABAg.AXy4R8O09epAY-Mez4IYSC,Kader PDIP memang ada instruksi dr partai dilarang keras terlibat pengelolaan MBG.,3 days ago,@aderio6107,UC_-5m-MDmjrKVyBrWSL8u6Q,0,,https://yt3.ggpht.com/ytc/AIdro_k0d1Nurz9CSDVymq2RbZ071Ko9kXrxdJzBtZszJ38=s88-c-k-c0x00ffffff-no-rj,False,True,1781410695.389343
UgzsknGD-Z1TzKPnKPR4AaABAg.AXy4FZC_DX9AXyBJS6pFst,Ngawur,4 days ago,@agushudiyanto7,UCBq5zWMX37f6JKWneYcvSYQ,0,,https://yt3.ggpht.com/ytc/AIdro_k6O_xiIcq8Dvma-4w66_kqHos7ucvnB-VLNzLZcWwnYg=s88-c-k-c0x00ffffff-no-rj,False,True,1781324295.558665
Ugz95TNU6XBlmMHDKVl4AaABAg,"Mana ada ternak melawan/menantang tuannya, pastilah nurut.",4 days ago,@RoniS-s2u,UC_caJSUYo3EOIvkQ9e4gfpA,0,,https://yt3.ggpht.com/ytc/AIdro_lAyCmPuPTcTtYpOA4QnUiNiel5MSi2UOypDgNoiTtaAGtGVrLt1wtS6foazk69LW0x-w=s88-c-k-c0x00ffffff-no-rj,False,False,1781324295.768068
Ugx-mQnaVKUaxl9fZot4AaABAg,EX BOS BGN PELAKU RAMPOK😂😂😂😂,4 days ago,@redylombok6062,UCfhCW6DF0YTcVn2uiYXgBAw,1,,https://yt3.ggpht.com/ytc/AIdro_nBzkUnXW-3ZSG1pEtAW9cvFTW4wYlFCZFgEwnKcTv3mHQ=s88-c-k-c0x00ffffff-no-rj,False,False,1781324295.769673
UgwMYyQrHRU3_ryrxXN4AaABAg,"Irma ngomongnya gelagapan gitu, artinya dia hati2 betul takut ada sangkut pautnya nanti😅😂",4 days ago,@kingfaza1435,UC2WN3J_hEHtsMwytHSJtr4Q,1,,https://yt3.ggpht.com/3EEcXt8izriL2f7D2Q0W9ZPkROnZNsKtGLKsl9DYs7rFDO_srFhZImGRxVb41_DUsgRTmhzgXA=s88-c-k-c0x00ffffff-no-rj,False,False,1781324295.771157
UgzTMq7CKvpZQF4rS0J4AaABAg,Mending BLT,4 days ago,@irfantufar6673,UCLUjGturdRWRzuGwA-4dS9A,0,,https://yt3.ggpht.com/ytc/AIdro_lQgar-DJmOh2EFIhxEX7x0Dg0Wec-2JaR0AH6lbodpsA=s88-c-k-c0x00ffffff-no-rj,False,False,1781324295.772585
UgzkqE9pncp7XyWU5RF4AaABAg,"Segera hentikan MBG dan Kopdes juga.
Rakyat sudah MUAK.",4 days ago,@oneszzzz,UCbiAgZdEe7_5Mwce7qBYlBQ,94,13,https://yt3.ggpht.com/ytc/AIdro_kCSLnBLtrDpMkqCh0e744bR7MRAUsyX-k70KCgwhKqESocJluyUi8KiFgZ_ltjjocmYQ=s88-c-k-c0x00ffffff-no-rj,False,False,1781324295.773995
UgzGRH5Lb7W5lkSxt_V4AaABAg,"Diundang RDP ke DPR gak datang kok dibiarkan, krn banyak anggota DPR yg punya SPPG. Jadi yg biasanya DPR memaksa, tp skrg diam.",4 days ago,@topowiyadi9483,UCrOOjChMFYMvR3jumdePM1A,0,,https://yt3.ggpht.com/ZVRXOE_WznQkd8jjK9Yh7eiLPEyfqhv654LTWBT3WMiU2m3WAb7Kd96SZx0joY5UjGJH4tHYcA=s88-c-k-c0x00ffffff-no-rj,False,False,1781324295.775445
UgxdPzWt_nMlLsHRvm54AaABAg,Orang yg punya mbg makin kaya aja,4 days ago,@ahmadhuda3681,UCndigcTaESwpPTCWUW4s7LA,0,,https://yt3.ggpht.com/nxtPGgVNR3G-S0aczkwOGvHzLhIeia545ZdZUXl2NSoHtYeLdYbXCgPyWS4H9v8H6rqgvnONAA=s88-c-k-c0x00ffffff-no-rj,False,False,1781324295.776852
Ugyqt8sxV6sX6FErj2l4AaABAg,😂😂😂 partai wong iclik 😂😂😂😂,4 days ago,@battleofrash777,UCalECmZ0j1F1k2kWyYGgzCg,0,,https://yt3.ggpht.com/xSn6I-4u8oWi1P6EbkNjdteEMRj0fRlvheQ2HXq27Q_3TPrKrtvE_9XlgNBu19EGSDAXT_O6=s88-c-k-c0x00ffffff-no-rj,False,False,1781324295.778248
UgyBR_YzKQno4QsOFr54AaABAg,"Mana ada yg mau ngaku , apalagi kalau minta gak di kasih bakal mangkir ,namanya orang udah terjerat pasti lah kawan jadi lawan, nama2 yg di ajukan perlulah di periksa secara mendalam dan janganlah penegak hukum masuk amplop",4 days ago,@adeapandi2366,UCsPwRjk-BF7klpaVN_P74ng,0,,https://yt3.ggpht.com/ytc/AIdro_n2udBzeYBteVO94AOvACDKqyHN4sBTqV2YenVzO3Y2Ic5h7sd9c1UhQi-g7V9kvb_L3A=s88-c-k-c0x00ffffff-no-rj,False,False,1781324295.779736
UgxOl4vxlrb5AOb62nJ4AaABAg,Bapak itu sepertinya punya dapur 😏,4 days ago,@dragx6691,UCgh2nWnylj8ZHWRn-LrEmLQ,0,,https://yt3.ggpht.com/1eK0MY4R7EygBsyE83Bap95oMvZzrPZjn-lwfflb0ocyBc3IW2zntkhuN_soHEl_8mwAlJd-qw=s88-c-k-c0x00ffffff-no-rj,False,False,1781324295.781182
Ugya_jfKAnFR9Tb4jdh4AaABAg,GK mungkin dihentikan. Karena bnyak pejabat eksekutif dan legislatif Konoha yg bermain.,4 days ago,@krisnamancing2041,UCeIVKifXFEwXebe387q7JbA,0,,https://yt3.ggpht.com/heDQp7kSSCbxf8YVR3RvxNRZnj0N_ksTwQ1oKXvr9X_vgdCNRYocBJ7_9b9Kuo9_R646mwFo=s88-c-k-c0x00ffffff-no-rj,False,False,1781324295.782754
UgyBdLzgH0lVDXY00fd4AaABAg,Katanya MbG makan bergizi coba anda turun ke desa .mbg hanya di kasih ikan mujair,4 days ago,@ahmadhuda3681,UCndigcTaESwpPTCWUW4s7LA,0,,https://yt3.ggpht.com/nxtPGgVNR3G-S0aczkwOGvHzLhIeia545ZdZUXl2NSoHtYeLdYbXCgPyWS4H9v8H6rqgvnONAA=s88-c-k-c0x00ffffff-no-rj,False,False,1781324295.784558
UgwrjMt53ytdSMp47Px4AaABAg,"Guntur Rommy moncong terlalu Bauk, program MBG sdh tepat tinggal tata kelola",4 days ago,@budimanleneng8779,UCbsoCKJclEH2m31ka3HZpWQ,0,,https://yt3.ggpht.com/ytc/AIdro_mN1c1vzIft5ypy_rAQYCalK0QVpe02f37xaOHq7l5Pqc43B_9OZn0V4qqeYf-bVp7yIQ=s88-c-k-c0x00ffffff-no-rj,False,False,1781324295.786317
Ugycgfmn1gSnZmohwRV4AaABAg,"Banyak ngomong lo semuanya 
Kami ojol 8% aja cuman di janjikan aja
Jgn banyak omon omon",4 days ago,@fajarokimaramsyah6000,UCYvDSuaKGnYqYKeJhO8UTYQ,0,,https://yt3.ggpht.com/ytc/AIdro_mYTYoKF1B7tFs9gD1sl44yurR_Y02Iy7QE6tkZv623fEgSNVDLr4xTAKTESIRb6ryFFg=s88-c-k-c0x00ffffff-no-rj,False,False,1781324295.787866
Ugxew9vL7BqWPD5Cpkt4AaABAg,Kayanya PDIP perlu diselidiki,4 days ago,@wingkywingky1850,UCGPSLqYD7d7nicj5mWdPHng,0,,https://yt3.ggpht.com/ytc/AIdro_kmJcUH170a-8SDsvqUTS2WDgb4fNrHK59gcMYgc2yecSzK=s88-c-k-c0x00ffffff-no-rj,False,False,1781324295.789363
UgwM3SSwRfjolAcgX914AaABAg,MBG dikuasai sektor swasta,4 days ago,@surabayaproductionshouse3487,UC2q3kyE260Byy4VwT6snqFQ,0,,https://yt3.ggpht.com/Ic3kLhncYigq-9mH1bjXwA-9SmSWgv-9dMnp1UGsfs4FiVyL3DroE9VMsMnm2r87oGMFMC-7_w=s88-c-k-c0x00ffffff-no-rj,False,False,1781324295.790814
UgyuuUhbs7Lwi-W_dUx4AaABAg,Hentikan MBG di perkotaan. Lanjutkan yang di desa2 yang sangat terbantu dg MBG,4 days ago,@dekkirmu,UCuFoK0aMpgHqtLI8-1OHVhg,5,,https://yt3.ggpht.com/MTyVZhc3EF927A5med0CGvK6o4j9tMkRE3rk4if1YPSIUMkeBoK4_MhWEhc-RXeFa-5zuWVF=s88-c-k-c0x00ffffff-no-rj,False,False,1781324295.792315
UgxnxkyeP1RUYkjgabB4AaABAg,Bagus telek kebooo   barang itu  hanya 40% yang di makan  60 % cuman di acak acak gak  di makan saya orang tua wali siswa anak saya setiap pagi itu bawa wadah  untuk bawa pulang.  di rumahpun gak di makannn.   Hanya untuk makan ayaaammm biar gemukkk itu nyataaa,4 days ago,@demonyadi3096,UCPfqu8ndAxgrUeGSPZTiIqA,0,,https://yt3.ggpht.com/ytc/AIdro_k2R4gOzj0DsreLUb4kJ-3QT_RJonCM46s3u0VdSDzVQ_aqrvfIIZb1V__Snx8UK1XO4A=s88-c-k-c0x00ffffff-no-rj,False,False,1781324295.793744
UgxcKLkgHgK7wguD66R4AaABAg,Nyesel pilih gerinda,4 days ago,@iwanlumantau7383,UC72ZfXEy9-hQTgJ-SelNx4w,0,,https://yt3.ggpht.com/ytc/AIdro_nYqva1WodyzVtTO5vaW40EMRRKwXG_du8CsPlWLVE=s88-c-k-c0x00ffffff-no-rj,False,False,1781324295.795161
UgyKu5zTyA5Rrl5d0Mx4AaABAg,UUD gk salah,4 days ago,@DaniAditia-i4k,UCzwbsYG61_9lKJ9aHpJtYxw,0,,https://yt3.ggpht.com/ytc/AIdro_nfSppLCD_p_SuXDmSdAE7-9-LGLur8qLGgVYoVEvclLtz-hcyf1aFDVF51ZCP_GaEGag=s88-c-k-c0x00ffffff-no-rj,False,False,1781324295.796607
UgzkqE9pncp7XyWU5RF4AaABAg.AXy3S_jWtWHAXz3kpvSEvi,"MBG harus jalan, Korupsi nya yg diberantas.",4 days ago,@aswarayi3040,UC1CuiAJpAVotXccaIYBTHcQ,4,,https://yt3.ggpht.com/ytc/AIdro_nOl1tFdEudsy-fIMFQItCFCGkBwYiwp4ajs2eLVpu2pN0=s88-c-k-c0x00ffffff-no-rj,False,True,1781324295.965488
UgzkqE9pncp7XyWU5RF4AaABAg.AXy3S_jWtWHAXzPXx4SxsJ,​Bubarin aja udah mbg gk ada manfaatnya,3 days ago,@SuryaniSuryani-x1v,UCnk52u4UL0548aPZjss83Jw,4,,https://yt3.ggpht.com/ytc/AIdro_mGCcO77qRAILeeq23h9y6AoVb-S6jhNjs55xh4H1JqzRtYoueMFrSC8S9Y7lZhzF6Tww=s88-c-k-c0x00ffffff-no-rj,False,True,1781410695.967083
UgzkqE9pncp7XyWU5RF4AaABAg.AXy3S_jWtWHAXzK5Kth13C,"MBG buat apa? Mending duitnya kasih ibunya atau bahan mentah nya kasih ibunya yg masak, karena fakta dilapangan makanan tidak dimakan sama anak2 karena porsinya tak lebih dari makanan warteg kemudian banyak jg yg khawatir bisa keracunan jadi Syg makanan harus terbuang banyak setiap hari.",3 days ago,@lagulamaofficial3088,UCFGlDS89Sdri9uEdiBmKklA,0,,https://yt3.ggpht.com/V8sBu0Tpmf4JYEJah9pfHYq1UUzASzNwkP8rrG72lc5DiVUB84P4Ct1rfBBE9w8-xUUcRLmRRA=s88-c-k-c0x00ffffff-no-rj,False,True,1781410695.968567
UgzkqE9pncp7XyWU5RF4AaABAg.AXy3S_jWtWHAXz86DbnUdX,Kaga usah omon² tetap hentikan MBG,4 days ago,@debo-c9e,UCkfP4cf5VJeR7r4KPNMJ1IA,2,,https://yt3.ggpht.com/ytc/AIdro_mK3Wp7W1MK4PZRiMyVvuFfQs0WEij_sYam44lxrMWbj_dClY8I2F7GWtAnGtGEcom2LA=s88-c-k-c0x00ffffff-no-rj,False,True,1781324295.97019
UgzkqE9pncp7XyWU5RF4AaABAg.AXy3S_jWtWHAXz95tEsKpn,Sama aku juga MUAK ke para PESAKITAN kaya KAU yg bisanya teriak doang 😅😅,4 days ago,@Geo_id-t3f,UC3cE7Cp-4dmvKzxQKJ3MmyQ,1,,https://yt3.ggpht.com/ytc/AIdro_nNCj9e3sfGZVg1xsdbHt-uD6kBuYJTAVVSDVOdMAPzqPs=s88-c-k-c0x00ffffff-no-rj,False,True,1781324295.971656
UgzkqE9pncp7XyWU5RF4AaABAg.AXy3S_jWtWHAXzQVyEOQWj,Irma DPR budek tidak tahu keluhan masyarakat,3 days ago,@AmanNadzir,UCnYoTK8BjXYx6AMSxzJxh1Q,1,,https://yt3.ggpht.com/ytc/AIdro_mIq3VHfPUrGhS9seKsJqeGzc2vC6doz0-nM2OENLkRxafGhMnaFzOjB0stCwcIPBngbw=s88-c-k-c0x00ffffff-no-rj,False,True,1781410695.973186
UgzkqE9pncp7XyWU5RF4AaABAg.AXy3S_jWtWHAXzT98tRTx5,Siap siap nangis para pengusaha dapur MBG 😂😂😅,3 days ago,@makantrusss6339,UCMBfZVRj52YkFvjBFSzGA3w,1,,https://yt3.ggpht.com/6AxmQwWuxNUDh32PMs1pYPbuARaCgpCoWztOseInrJ-8IXCzuJWjhvm_Ik_od2Wv0-NxoCI0=s88-c-k-c0x00ffffff-no-rj,False,True,1781410695.974606
UgzkqE9pncp7XyWU5RF4AaABAg.AXy3S_jWtWHAXz0FuvbYFm,MBG sudah membuka hampir 2 juta lapangan kerja. para siswa menyambut gembira MBG. lalu rakyat mana yg kau bilang muak itu?,4 days ago,@nurrohman435,UCGxWCIgevAZZ9e3_NShEdoQ,0,,https://yt3.ggpht.com/ytc/AIdro_n4zPiRoX5nWCCgc6AKBCfeKian80vFYBkNjCp8_Ow=s88-c-k-c0x00ffffff-no-rj,False,True,1781324295.976104
UgzkqE9pncp7XyWU5RF4AaABAg.AXy3S_jWtWHAXzddZHfR75,Rakyat yg mna bung,3 days ago,@SahabatBerkah-p6g,UClNkBm4Gi9UkR7PyfzIylgg,0,,https://yt3.ggpht.com/ytc/AIdro_ln-9HYXgytSDFQbDRDb_rgH6bzytH6hE2dknWeVZrk6K8go1x19Eeds3jB779sjKtoDw=s88-c-k-c0x00ffffff-no-rj,False,True,1781410695.977526
UgwYJOj4_Rzd7o3waz14AaABAg,"Knp saya merasa ibu irma tidak jujur & gelisah waktu menjawab pertanyaan2 😑😑😑 dari nada & tekanan suara & gestur tubuh nya , pdhal saya bukan ahli gestur tubuh",4 days ago,@elysabethwijaya5687,UCFGVXfLDGZxKGRyDK0UHECw,13,2,https://yt3.ggpht.com/ytc/AIdro_nPMk9YWVTJR0gK01itLcJbpdBUz-lJSsgL1r3Ub_w=s88-c-k-c0x00ffffff-no-rj,False,False,1781324296.194867
Ugzj7RsyRORGx_iX9Et4AaABAg,Yang masih mempertahankan MBG mereka ini takut kehilangan mata pencaharian buat korupsi makanya gimana caranya masih di pertahankan,4 days ago,@keisha-c74,UCHjiSiBe8ucg0S46o3O-rQw,0,,https://yt3.ggpht.com/ytc/AIdro_nhfd1E23j6qheN5Wo09UtkzPgBPrcDF-mfRq2zchyxxSOBHaUWd1nGzrIQTBFZ8tPeUw=s88-c-k-c0x00ffffff-no-rj,False,False,1781324296.196505
UgzJ9Eu2gr48cvnWqyl4AaABAg,yapi penegakan hukum madih tebsng pilih inih konyol,4 days ago,@bagasagng9884,UCChIjDtPgtz5s0gNXJQUwvQ,0,,https://yt3.ggpht.com/tltxXcutpTI_izp57TnXT6mm5g5sBGERFlx1a4ZRyLOykKsP4LNfZhgMYMMIpgNdVDN2JIIu=s88-c-k-c0x00ffffff-no-rj,False,False,1781324296.197983
UgxvIFQ6VMubU5LMW-14AaABAg,"Serius urus negara ini,",4 days ago,@Sulli_anni-wf6xr,UCRl26hIkG6M-rZeBNFL5gzg,0,,https://yt3.ggpht.com/ytc/AIdro_kN0vHjIDhTA7B0t2l-8jw4du0Fp3Q4NWDxREtZ0wG6prM4O5dykKEJAxt14lhBl9HMMQ=s88-c-k-c0x00ffffff-no-rj,False,False,1781324296.199494
UgxGiX2YfyPb0d6Add54AaABAg,Bahasa Mak lampir kata nya tidak bisa di panggil karena sakti jadi klu Mak lampir gak sakti mundur aja jadi dpr jgn semak aja,4 days ago,@MainorBajaklaut,UCSoKAsrFAXOGGfdr1_T56RA,1,,https://yt3.ggpht.com/ytc/AIdro_m5evfCF_YxC_lDCZai6PdDPi8RLB_PVhrL3a1ARTLFBM2x9-KClsWFWW2FfUzwIrVBkQ=s88-c-k-c0x00ffffff-no-rj,False,False,1781324296.200978
UgyygS1f2EzKKjb22Od4AaABAg,"Misi MBG mulia tapi pelaksanaan di makan oleh koruptor bukan di makan oleh stunning. 
Orang kaya dapat tidak apa-apa karena pemerintah harus menegakkan keadilan.  Hanya di sekolah tempat menegakkan keadilan. Di negara maju sudah menjadi keharus memberikan makanan kepada semua siswa tidak membedakan kaya dan miskin. 
Banyak masyarakat belum faham bagaimana menegakkan keadilan bagi seluruh masyarakat Indonesia

Di sekolah anak anak tempat menegakkan keadilan.  Kalau anak kaya ada di sekolah tersebut ada anak yang tidak dapat makanan tapi yang lainnya dapat bagaimana pemikiran anak tersebut ?,",4 days ago (edited),@funandlearningm,UCzv0odQl2oIUx8nWPlXnMTQ,0,,https://yt3.ggpht.com/XxcIfQ4L6T6_AXiWWgRBh1rfv6JN3lT4TjENQwzfgA0DzFa_Lq59QO2jTwLp-_owyu1gTGHm=s88-c-k-c0x00ffffff-no-rj,False,False,1781324296.202494
UgxVcfqJu9lVRnIh8wh4AaABAg,"APAKAH BGN KEPANJANGANNYA BADAN GISI NASIONAL
KL BGT KOK BERI MAKAN
MAKANAN BUSUK.
APA FUNGSI BGN PADA KERJA LIHAT KE BAWAH GA.",4 days ago,@MbahSudiyanto-d2f,UCKJd5c8mV04dOLfLdPNSJtw,0,,https://yt3.ggpht.com/ytc/AIdro_m-wvAwKyNneCMdoErnw329VPrjfATdBmyawkiFTmB0Tmcb0mbPWFH98RzurWL1m0u29A=s88-c-k-c0x00ffffff-no-rj,False,False,1781324296.203911
UgzLw1FZvu0SrOo5_pt4AaABAg,Hentikan MBG 😂,4 days ago,@CHIZ_toolskit,UCo6OMFaWnbwCo6ZdBQLUhSw,0,,https://yt3.ggpht.com/ytc/AIdro_np0SwELVrSHh2_loO9A_7ZOp3plZH1cVFesRZqppk429I=s88-c-k-c0x00ffffff-no-rj,False,False,1781324296.20546
UgxnFuaRg2L1tfWbRbh4AaABAg,Irma Irma dah ketularan 10 + 6 = 17,4 days ago,@setiawan6841,UCGoCK8EK5ICrZKn7v9ki9qg,1,,https://yt3.ggpht.com/ytc/AIdro_nlK0XZCHPihWVQ4ZXtf5b8YpsaViKGdlcNQOujPdbuOV75OJmCMvjy0UMhDlldDDfeTw=s88-c-k-c0x00ffffff-no-rj,False,False,1781324296.206889
UgyUQB0zZi2UejGs7Md4AaABAg,"Irma kok gagap ngomong,jgn jgn emang terbukti ikut korupsi syukur kalau terlibat muaaak lihat muka nya",4 days ago,@majediabbas2918,UCnTPa5pDlB-zWCYDVn_b9mw,0,,https://yt3.ggpht.com/ytc/AIdro_nekB8q9qQkvxNFh6AQQ_FsIwni0pTB38MCQ5UH4Mk=s88-c-k-c0x00ffffff-no-rj,False,False,1781324296.208327
UgzFbd4HSld7dJ2C8m54AaABAg,"Penyakit pembiaran, memang susah dari awal persiapan di korupt untuk menutupi masalah partai politik",4 days ago,@funandlearningm,UCzv0odQl2oIUx8nWPlXnMTQ,11,,https://yt3.ggpht.com/XxcIfQ4L6T6_AXiWWgRBh1rfv6JN3lT4TjENQwzfgA0DzFa_Lq59QO2jTwLp-_owyu1gTGHm=s88-c-k-c0x00ffffff-no-rj,False,False,1781324296.209772
UgzxkHCq9LB4qpc4xC94AaABAg,Setuju program MBG ini dihentikan total,4 days ago,@rakyatindonesia6869,UCpy6YavTsZozEgFEqQzNOeg,0,,https://yt3.ggpht.com/ytc/AIdro_mTDa0LcSjUex8vXaZQ1UT7jd3ZhN-Q4RcfveTV0VOCOQ=s88-c-k-c0x00ffffff-no-rj,False,False,1781324296.211201
Ugz3B8gG79DbrkWpc7J4AaABAg,DPR mbulettt … bolak balik bolak balik 😂,4 days ago,@midder1364,UCbz9iQfBZriC6gM1unIaxuQ,1,,https://yt3.ggpht.com/SNsFpRefS5xgnDB82IHr6D8iG25-CNDFVlHD5RTUcmVGCDhZyvVA3oHI_vx1GHlrmnCKBINTzw=s88-c-k-c0x00ffffff-no-rj,False,False,1781324296.2126
Ugyy5t7kbFckgL2L3Ox4AaABAg,BGN dipanggil DPR pun gamau datang dan DPR tidak bisa memanggil paksa. Artinya BGN itu seperti Istana II,4 days ago,@Metaldar404-e8t,UCSDzBU93VM3vDOlpgTNJ71A,0,,https://yt3.ggpht.com/ytc/AIdro_kIB5IA6ctvzva_sdiR-wLzAe7GYZepYXonq7FFVmg1fN0SLFqcdgNA01BzkaRlSJ-oHg=s88-c-k-c0x00ffffff-no-rj,False,False,1781324296.214013
Ugwnd4i1pl4bmi-Ie4d4AaABAg,"Yang perlu di tangkap Prabowo Gibran,,ini mereka yg buka kotak pandora yg isinya uang raturasn trilliun,,lalu si botak ketua BGN hanya tukang buka kotak,,supaya ratusan koruptor bisa sikat uang nya,,Prabowo Gibran main mainkan uang rakyat,,tangkap emreka",4 days ago,@maruli57,UCZC0_k8Cm3mqhTtAg_OE5IA,0,,https://yt3.ggpht.com/ytc/AIdro_nO5_AnrR5wC3yikrkeRVMEqqK2JYLnvMQub5cKxd-mCQNDacSpJv5wGRkTMh4pgO6TqQ=s88-c-k-c0x00ffffff-no-rj,False,False,1781324296.215454
Ugwhuklo-8PgcCG-DOd4AaABAg,"Yaya klw banyak terlibat orang besar dlm daftar 26 terlibat korupsi, itu mmng yg saling tunjuk pandei bersilat lidah memang mental nya mental busuk semua TDK mengakui kesalahan, itulah bongkar bung Sony agar semua terlibat laporkan aja spy NKRI ini adil dlm penegakan hukum ini membuka pintu Pandora yg banyak omong itulah koruptor perempuan ini, komen",4 days ago,@DarmajiSH-w1d,UCymTzoottKzxzeGrnkTFVUQ,0,,https://yt3.ggpht.com/ytc/AIdro_nd9CUTH_vUS6yLFfCh_EH5NHiIQaskwp1Eiz_BGHeJdhT6LRhIGrQvmGbeGa18USPkig=s88-c-k-c0x00ffffff-no-rj,False,False,1781324296.216829
UgzhDn7Ya9l2nvVH7uJ4AaABAg,"Bagi kau bagus Irma,karena termasuk ikut main disitu",4 days ago,@azizianjabi9982,UCZ3yqJ115KknzUfWlaQ-bXw,59,7,https://yt3.ggpht.com/Sk4cWvWrPVSeMm9alH5_CCN-u6035O-NcM7-t0bPJmrDd3xdEQrJLOX5cytuSoflnigTlg5v0Q=s88-c-k-c0x00ffffff-no-rj,False,False,1781324296.218228
Ugwd9mUICPpwtVKmSCF4AaABAg,PROGRAM MBG SARANG KORUPSI KONGKALIKONG PARA PENJABAT!!,4 days ago,@lisagaming4,UCfi1MFt87vLLKJMI1J5TZdQ,0,,https://yt3.ggpht.com/x3ULd_IjykfOj1dWJghKX54crZqbjWioNS2zQohxlLbDRZxcdyhqMasYmI4zf_X6NqBVATfUIw=s88-c-k-c0x00ffffff-no-rj,False,False,1781324296.219725
UgyvMZHSA1ZFzjiQ8mh4AaABAg,"Mbg perbaiki kalu distop bakal bikin masalh baru ,
Kopdes juga kita liat",4 days ago,@Aldie75,UCOX7zbb572SkynslNc7jFeQ,0,,https://yt3.ggpht.com/s0K0jd6NK5XnZGiuH2FozqIm8xFen37U4YsxTw2jisaOYyDktjBX6xNvZ_ZhTraihhU_D7So=s88-c-k-c0x00ffffff-no-rj,False,False,1781324296.221166
UgwJy-fMzxYBNH358854AaABAg,Program pemenang pemilu harus dijalankan. Program yang kalah pantang dijalankan. Jangan sampai pemilih kecewa loh,4 days ago (edited),@Keano-k8c,UCtFRyYzWUdyCzs0Wok9zvDQ,0,,https://yt3.ggpht.com/ytc/AIdro_ksQQl2B9h3YStUGVnbkEBwQ17nquLWhFzYP0HbtW3Fg4xF0T91e_MyLGpXuaKOx1LlOQ=s88-c-k-c0x00ffffff-no-rj,False,False,1781324296.22259
UgwYJOj4_Rzd7o3waz14AaABAg.AXy2AmTxFVOAXyrApDUTC_,Biasanya suara irma lantang sekali kok sekarang lembek.,4 days ago,@Chanelllminecraft,UCyi45KFnKTJ6EiLL4Bn7GCA,1,,https://yt3.ggpht.com/xTA27yS1qeoNzMuxWXdwTiwWjOWDEZZzk-RndLI3z9kSOTotgflZ2HgDU7T8z7aMRVA6oNs3U4k=s88-c-k-c0x00ffffff-no-rj,False,True,1781324296.374325
UgwYJOj4_Rzd7o3waz14AaABAg.AXy2AmTxFVOAXzy8V1IOuf,Ia kelihatan banget gelisah nya,3 days ago,@WenQ_offical,UCvMPDa0t6FiWoY1QPGDMeAQ,0,,https://yt3.ggpht.com/FK-korkPN1CKacus6mKOOY4pN2tFYcQI9D1h26KwjY67XZHpd-JxCsBPQr11DB2SGiSlsD-c=s88-c-k-c0x00ffffff-no-rj,False,True,1781410696.375939
UgzhDn7Ya9l2nvVH7uJ4AaABAg.AXy1VAY7veDAXzFiyEtoYy,Hati2 fitnah kau.,4 days ago,@novalwaraso3113,UCFqaHU_nrKKs0FMkVF85WDQ,1,,https://yt3.ggpht.com/WDDnfspZfFdilRYOB2ziqhGLI3ZvnMvXQ5wyFZkrzy2TVIHCAUjHrhLYuWQJa0qpXnU5gqGp=s88-c-k-c0x00ffffff-no-rj,False,True,1781324296.543599
UgzhDn7Ya9l2nvVH7uJ4AaABAg.AXy1VAY7veDAXz0KGlJDdf,"MBG telah membuka hampir 2 juta lapangan kerja, para siswa menyambut gembira MBG.",4 days ago,@nurrohman435,UCGxWCIgevAZZ9e3_NShEdoQ,0,,https://yt3.ggpht.com/ytc/AIdro_n4zPiRoX5nWCCgc6AKBCfeKian80vFYBkNjCp8_Ow=s88-c-k-c0x00ffffff-no-rj,False,True,1781324296.545193
UgzhDn7Ya9l2nvVH7uJ4AaABAg.AXy1VAY7veDAXz2fy9pp9f,Siapa yg mendukung pasti dia dpt percikan,4 days ago,@LennySialalhisidabutar,UCdvCRlDopr7kTONUbtyyuxg,2,,https://yt3.ggpht.com/ytc/AIdro_lDxJM6E-idm3SnDrGSZhhFBZ86cYvNwm709qLUMNfuJ88H4QqPg4TZLcXzk54QlooBwg=s88-c-k-c0x00ffffff-no-rj,False,True,1781324296.546699
UgzhDn7Ya9l2nvVH7uJ4AaABAg.AXy1VAY7veDAXzFnflWm5k,​ @LennySialalhisidabutar Sok pinter!,4 days ago,@novalwaraso3113,UCFqaHU_nrKKs0FMkVF85WDQ,1,,https://yt3.ggpht.com/WDDnfspZfFdilRYOB2ziqhGLI3ZvnMvXQ5wyFZkrzy2TVIHCAUjHrhLYuWQJa0qpXnU5gqGp=s88-c-k-c0x00ffffff-no-rj,False,True,1781324296.54815
UgzhDn7Ya9l2nvVH7uJ4AaABAg.AXy1VAY7veDAXz0gw_1oJL,"Iyaaa BGST juga itu org, keliatan bgt cara ngomongnya kalo ada kepentingan dan keuntungan mah, ketakutan banget pundi2nya hilang, UDAH PADA TUA MAKIN RAKUS",4 days ago,@Marko234-z1s,UCkI_U-vguyFp9zLL6oms-DA,1,,https://yt3.ggpht.com/ytc/AIdro_m5evfCF_YxC_lDCZai6PdDPi8RLB_PVhrL3a1ARTLFBM2x9-KClsWFWW2FfUzwIrVBkQ=s88-c-k-c0x00ffffff-no-rj,False,True,1781324296.549594
UgzhDn7Ya9l2nvVH7uJ4AaABAg.AXy1VAY7veDAXzFmEHTYFO,"​ @Marko234-z1s asal tuduh, kelihatan jahatnya hatimu!",4 days ago,@novalwaraso3113,UCFqaHU_nrKKs0FMkVF85WDQ,1,,https://yt3.ggpht.com/WDDnfspZfFdilRYOB2ziqhGLI3ZvnMvXQ5wyFZkrzy2TVIHCAUjHrhLYuWQJa0qpXnU5gqGp=s88-c-k-c0x00ffffff-no-rj,False,True,1781324296.551138
Ugw8780GjGYicG7iVjx4AaABAg,Cuci tangan biar bersih 😂😂😂,4 days ago,@tubagusrahmat3121,UCWVqGAgcj1ThLfcvZEzdg5A,7,,https://yt3.ggpht.com/ytc/AIdro_mB0AEzuPBnHUnbJ05Kn6OFC0GWil99rk2mq0C8tMcOp8jSTPBxtIYFzdnOER1R9KYpvA=s88-c-k-c0x00ffffff-no-rj,False,False,1781324296.745993
Ugxg0lURibonrHlIXWR4AaABAg,"Si Irma juga terlibat dan punya kepentingan juga karena punya dapur MBG juga .anggota DPR yg terkait MBG harusnya gak boleh punya dapur MBG juga. ""KONFILK KEPENYINGAN""",4 days ago,@MrEegoy,UCNruXISTJg8OToWaRnmZf8g,57,8,https://yt3.ggpht.com/5FwN3Q-iToWYrDjQ0W6TMyvdX38mHLo1nUmut4pHF3RCn9rxsJ7U-Wl-V52MLG5ok8UiRLncBsA=s88-c-k-c0x00ffffff-no-rj,False,False,1781324296.747729
UgzQ9uU8XdRMtu86ael4AaABAg,Pak Kamru ini mau menjelaskan pada masyarakat bahwa kentut itu baunya harum dan masyarakat diharapkan bisa memaklumi itu 😂,4 days ago,@sugiantokian6166,UCwk2FZ0JZTUtMRi_rbviEaw,0,,https://yt3.ggpht.com/ytc/AIdro_nUslUbbApXrLcxzX4mtr_Ul1rUuw9RcWk4A0M7Cy8=s88-c-k-c0x00ffffff-no-rj,False,False,1781324296.749248
UgzEvMrqdF3dM4htOdJ4AaABAg,Pekok 10 + 6 = 17. Mau monitor kalau udah jadi arwah.,4 days ago,@menaratinggi2064,UC3TDK5S0Y-ktdZQ3yztCo0A,0,,https://yt3.ggpht.com/ytc/AIdro_m-wvAwKyNneCMdoErnw329VPrjfATdBmyawkiFTmB0Tmcb0mbPWFH98RzurWL1m0u29A=s88-c-k-c0x00ffffff-no-rj,False,False,1781324296.750715
Ugz1gkUdBjhhuGOXI-t4AaABAg,Pertalit 5000 mantap,4 days ago,@DaniAditia-i4k,UCzwbsYG61_9lKJ9aHpJtYxw,0,,https://yt3.ggpht.com/ytc/AIdro_nfSppLCD_p_SuXDmSdAE7-9-LGLur8qLGgVYoVEvclLtz-hcyf1aFDVF51ZCP_GaEGag=s88-c-k-c0x00ffffff-no-rj,False,False,1781324296.752232
UgypDO2vY5zItvv2l2p4AaABAg,Prbwo mlkukn efesiensi anggaran krn lahirnya MBG,4 days ago,@toleponsel22,UCqgdMnOzk-GYVvICgbNwj4A,0,,https://yt3.ggpht.com/7UyHBg9fQARF21nFEfVxPu8pLqtP1J499AQto3Ziplp-ZJDK__vBhUBGL7Gjebw6AsRRKI76VQ=s88-c-k-c0x00ffffff-no-rj,False,False,1781324296.753854
Ugyl7xbseTwK5Gijuq54AaABAg,Manfaat untuk investor dan para penjilat kekuasaan khusus nya para anggota dpr,4 days ago,@HasSantrial,UC_ORcFTwRsgq9jmf85cVDBA,0,,https://yt3.ggpht.com/ytc/AIdro_lHAXskYwYGn2RQiGNHbblD12NIdmx4A2gfMGamOxfH-D6b-sPLkV_0RxCV0PvgSmrPtg=s88-c-k-c0x00ffffff-no-rj,False,False,1781324296.755368
UgwKmFTpwwxd1XPFVMt4AaABAg,Pertamax 8000,4 days ago,@DaniAditia-i4k,UCzwbsYG61_9lKJ9aHpJtYxw,1,,https://yt3.ggpht.com/ytc/AIdro_nfSppLCD_p_SuXDmSdAE7-9-LGLur8qLGgVYoVEvclLtz-hcyf1aFDVF51ZCP_GaEGag=s88-c-k-c0x00ffffff-no-rj,False,False,1781324296.756796
UgyNP1f38bs-ycer9Th4AaABAg,seperti ponspilatus kata  prof Sahetapy hadeh hadeh,4 days ago,@SultanBwi-g5b,UCrJJa8CSOZXTWfqfsRStiXw,0,,https://yt3.ggpht.com/ytc/AIdro_mGCcO77qRAILeeq23h9y6AoVb-S6jhNjs55xh4H1JqzRtYoueMFrSC8S9Y7lZhzF6Tww=s88-c-k-c0x00ffffff-no-rj,False,False,1781324296.758221
UgzKgc7ECvSvW2-_oU54AaABAg,Aneh DPR udah salah ngenyel,4 days ago,@HasSantrial,UC_ORcFTwRsgq9jmf85cVDBA,1,,https://yt3.ggpht.com/ytc/AIdro_lHAXskYwYGn2RQiGNHbblD12NIdmx4A2gfMGamOxfH-D6b-sPLkV_0RxCV0PvgSmrPtg=s88-c-k-c0x00ffffff-no-rj,False,False,1781324296.759755
Ugz6sdNfzMcq_RTDqSV4AaABAg,"Program sudah bagus,oknumnya ga bejus",4 days ago,@NetizenCuap,UCnWc-5C85Kin24VCtz4UVjQ,5,6,https://yt3.ggpht.com/ytc/AIdro_lmfMlm7mvgCBaKxr28ToxC0pRlCwZwL1OH3sMsflQPBOitVI7HouPqTrq8uBQXl6I5tA=s88-c-k-c0x00ffffff-no-rj,False,False,1781324296.761267
UgwnU7MoeuWkrjnzLcd4AaABAg,Jgn bikin program yg kurang bermanfa at,4 days ago,@DaniAditia-i4k,UCzwbsYG61_9lKJ9aHpJtYxw,0,,https://yt3.ggpht.com/ytc/AIdro_nfSppLCD_p_SuXDmSdAE7-9-LGLur8qLGgVYoVEvclLtz-hcyf1aFDVF51ZCP_GaEGag=s88-c-k-c0x00ffffff-no-rj,False,False,1781324296.76272
Ugzjh-5MF9C9mtSHDqB4AaABAg,Hapusssss program MBG secepat cepatnya biar negara lebih tenang sperti sebelumnya,4 days ago,@HendroHamsah,UCvAwvqKg_EjfAU4ZRuwSjqg,0,,https://yt3.ggpht.com/ytc/AIdro_lDi0k5sA9N8V8vVc4bDq8CxvmKSWsNq7RPQmNsvTJ0WigjL7H14K80FAFwLRegWQRu5A=s88-c-k-c0x00ffffff-no-rj,False,False,1781324296.764227
Ugz4zXGm1QoMpwxbGKp4AaABAg,Partai gerinda keliatan banget melindungi BGN yg menjadi CENTRE OF CORRUPTION yang mengeringkan APBN,4 days ago,@Metaldar404-e8t,UCSDzBU93VM3vDOlpgTNJ71A,0,,https://yt3.ggpht.com/ytc/AIdro_kIB5IA6ctvzva_sdiR-wLzAe7GYZepYXonq7FFVmg1fN0SLFqcdgNA01BzkaRlSJ-oHg=s88-c-k-c0x00ffffff-no-rj,False,False,1781324296.765655
UgwR3ZMckgoR12h_bE54AaABAg,Sudahlah program yg rawan dikorupsi hentikan segera,4 days ago,@DaniAditia-i4k,UCzwbsYG61_9lKJ9aHpJtYxw,0,,https://yt3.ggpht.com/ytc/AIdro_nfSppLCD_p_SuXDmSdAE7-9-LGLur8qLGgVYoVEvclLtz-hcyf1aFDVF51ZCP_GaEGag=s88-c-k-c0x00ffffff-no-rj,False,False,1781324296.76703
UgwxkznpiX53CGijeBp4AaABAg,"Mudah""an kebongkar semua 26 org yang di sebut ss agar sama"" di tangkap kejagung biar menikmati enaknya tinggal di hotel prodio.program seharusnya jadi amanah ternyata bikin Bancak,an",4 days ago,@banyulangit1719,UCYZ3dYwPAl1UW_A1MkLVeig,0,,https://yt3.ggpht.com/TNBux9U5aDa_qwL8Ehhdu4VDbyXT1MGLMxEwo1ZJH5NXLjrIzjhKut56rq4NGv27pbuexeBj=s88-c-k-c0x00ffffff-no-rj,False,False,1781324296.768432
Ugysx-swrByEO4OuXEN4AaABAg,BGN (Bikin Gaduh Negara),4 days ago,@DaniAditia-i4k,UCzwbsYG61_9lKJ9aHpJtYxw,0,,https://yt3.ggpht.com/ytc/AIdro_nfSppLCD_p_SuXDmSdAE7-9-LGLur8qLGgVYoVEvclLtz-hcyf1aFDVF51ZCP_GaEGag=s88-c-k-c0x00ffffff-no-rj,False,False,1781324296.769889
Ugwuh80I4LpHTgknNgV4AaABAg,"Kurangi pejalanan luar negeri tapi bicara efficiency tapi president nya keluar negari dalam satu tahun begitu banyak kali dengan rombongan besar lagi,  inilah efficiency ?, dan audit hasilnya apa ?, malah menghasilkan negara pengemis sebagai negara yang kaya kekayaan alamnya.  Menjadi negara di anggapan negara lemah. Inilah tidak mampu management negara agar mampu menjadikan negara yang menjadi negara berpengaruh.
Negara yang menjaga nama negara sendiri tidak usah minta minta ke negara lain untuk investasi ataupun keruk kekayaan alam negara sendiri.
Negara maju akan melihat kestabilan negara tersebut apakah bisa di percaya.
Kekayaan alam seharusnya tidak di umbar untuk negara lain.  Tapi sekarang di keruk oleh negara lain tapi masyarakat masih miskin",4 days ago (edited),@funandlearningm,UCzv0odQl2oIUx8nWPlXnMTQ,0,,https://yt3.ggpht.com/XxcIfQ4L6T6_AXiWWgRBh1rfv6JN3lT4TjENQwzfgA0DzFa_Lq59QO2jTwLp-_owyu1gTGHm=s88-c-k-c0x00ffffff-no-rj,False,False,1781324296.771323
UgwSu3Zy_nuHAsLGral4AaABAg,"Banyak sppg fiktif,selediki siapa yang menerima uang Sppg fiktif tersebut dan hentikan MBG titik.",4 days ago,@KristianMangkubumi-gt2cf,UC0xBxMnUu9NXfvKkRBA2u8w,0,,https://yt3.ggpht.com/ytc/AIdro_kvlWfpFiGDsOuWN8WC7fbTg_M3GnIyZoNdq97hjvUJDaKXfd4Br8mhKtbUbhXvgfORVQ=s88-c-k-c0x00ffffff-no-rj,False,False,1781324296.772733
UgwIHuSzbyrSkjDdV7N4AaABAg,Waduk sia DPR.makan duit haram ga ada manfaatnya,4 days ago,@Jamalludin-yj8hh,UCm4hLBefZ98Vw6G5vOTUu7w,0,,https://yt3.ggpht.com/ytc/AIdro_mZTaHB_dUrjdxVPzWHPSBBiQ8yLcuryhd4EkW86K1c1ICS_z_qpEkyUfbcf4p_XGWlCw=s88-c-k-c0x00ffffff-no-rj,False,False,1781324296.774229
Ugxg0lURibonrHlIXWR4AaABAg.AXy1-P49QFRAXy9uBvU-Y_,"harusx gtu bang, orang2 rakus semua",4 days ago,@ankiestar9106,UCmf3arEYU59znADkh3bcb6w,7,,https://yt3.ggpht.com/ytc/AIdro_mzib2my6-Xz_aMIrEhTEpfqw8GbDgKTwPArUoFFpzgSTc=s88-c-k-c0x00ffffff-no-rj,False,True,1781324296.934424
Ugxg0lURibonrHlIXWR4AaABAg.AXy1-P49QFRAXyLnC7EhBN,​ @ankiestar9106  saya orang kampung bangga anak saya dapat makan dari pemerintah walau menurut standar makan anda kurang baik,4 days ago,@zzzchannel8930,UCfOhBxVPuUkmBBpmdXQA_kg,2,,https://yt3.ggpht.com/ytc/AIdro_kG8lVsU2fJG4iGussh59x8H_wE2JcEdQo5HOKHsyY=s88-c-k-c0x00ffffff-no-rj,False,True,1781324296.936094
Ugxg0lURibonrHlIXWR4AaABAg.AXy1-P49QFRAXyQleycqHv,Semua omongan yang keluar dari katub mulutnya hanya bersifat ngeles dan ngambang.,4 days ago,@tukidinangkamura2354,UCDXIfyHKcu4GCilsdeT04UA,2,,https://yt3.ggpht.com/ytc/AIdro_mRZIbdaPZNzujnv9_aJxiW0La5dqoKit9RxjFSyPswRts=s88-c-k-c0x00ffffff-no-rj,False,True,1781324296.937641
Ugz6sdNfzMcq_RTDqSV4AaABAg.AXy0jvlBut2AXyFhSVspay,"Programnya tidak bagus,memang dirancang untuk korupsi.",4 days ago,@HermainyMar380,UCjmfonZWmgeO04MXmgqXbZg,0,,https://yt3.ggpht.com/_pU6akqdjoTyZXLy15y4245e3wXSpLzFWO0MprIwh1PCKnNqyxHcczjQyegMs6EZq795IT78=s88-c-k-c0x00ffffff-no-rj,False,True,1781324297.105966
Ugz6sdNfzMcq_RTDqSV4AaABAg.AXy0jvlBut2AXyLO4vvium,"​ @HermainyMar380 ga bagus bagi anak anak yang orang tuanya kaya raya tapi bagi anak anak yang tinggalnya di pelosok desa dan pedalaman itu bagus, dan mampu mempekerjakan ribuan rakyat, tinggal benahi oknumnya aja",4 days ago,@LorhunCilor,UCxQgFJ20UOIYaYJBYCerTYg,0,,https://yt3.ggpht.com/ytc/AIdro_lg5FInNAMBFHooMx4oaaqXCTAUEfDySG0cXGXsn1rS9sJe90gEKMH_g7KL4VFPbHCDqQ=s88-c-k-c0x00ffffff-no-rj,False,True,1781324297.107603
Ugz6sdNfzMcq_RTDqSV4AaABAg.AXy0jvlBut2AXywcNHbRcN,Bubarin MBG,4 days ago,@Sejoli_Adventure77,UCr0zuycZqS3EXiEwMAJRqoQ,0,,https://yt3.ggpht.com/nmdEFk7ADeg2cqL01dL3sBvW0aSdsaLGRrQ93B3MIsv8k-rx3auRFXFwPnbDHhhvMq0bEQSMJ38=s88-c-k-c0x00ffffff-no-rj,False,True,1781324297.109129
UgxO6y2GKaq9QygcfA94AaABAg,Laaah anggota DPR dan partai banyak yg punya dapur MBG.,4 days ago,@amsukendro9210,UCL-NKCe4PjKZO_b9qwmlSwg,0,,https://yt3.ggpht.com/ytc/AIdro_n3a_ilT1YKqSmlwNFTFxEFkQNcOhL1LKoOzuUQeT5Fhx8=s88-c-k-c0x00ffffff-no-rj,False,False,1781324297.378209
UgzhVmB6QnoA6RV8BAd4AaABAg,"Stop mbg mas gutur lanjutakan
Banyak ke buang mbgnya",4 days ago,@AsepSaepuloh-n6t,UCBb2ykspyrmZRBE0yEiVJmg,40,1,https://yt3.ggpht.com/ytc/AIdro_l5LLkTg-D-orAjIv3QnONs9TM45y_AotBXm2mRPRn4eltxYktPs1EaE6EeEfGMXSfLHQ=s88-c-k-c0x00ffffff-no-rj,False,False,1781324297.379821
UgzEB-sVmazMyzu2aWJ4AaABAg,"DPR RI pun gak kuasa memanggil kepala BGN😂😂😂
dibilang sakti, what???? 😢",4 days ago,@Mangkhoo,UCegMJaHJSOngj1zZgvnlZ9w,0,,https://yt3.ggpht.com/FO8c_9CZEUGQorkL9jljEhz_4VcpLcW1Ts5TzIK0NN81WR06LKeQPEKMBwTmGAEvr2brQiKN=s88-c-k-c0x00ffffff-no-rj,False,False,1781324297.381313
Ugxt-E2m7iHgWshaTd14AaABAg,Legeslatif tidak tau😂😂😂,4 days ago,@farmlokallokal1444,UCEVYecJTTww549GD3pIt3Ag,0,,https://yt3.ggpht.com/ytc/AIdro_nEK1kbF7CC8jzmxy5AOsGznV0V8U7waLwCm7EBugLuJA6Zhn2wYaW4DejMrvW3aNbXFg=s88-c-k-c0x00ffffff-no-rj,False,False,1781324297.382749
Ugyde4DwJNVIvpjCxSt4AaABAg,"Bu Irma jadi anggota DPR tidak tahu soal pembelian2 yg banyak diketahui rakyat biasa.
Jadi bingung,ini masih Bu Irma yg dulu atau yg ada yg nyamar?",4 days ago,@lianto5985,UCm6giBzAIgbFlId_1FrqM9w,12,,https://yt3.ggpht.com/ytc/AIdro_nip1ZwQV6A9z42JbZcMfo9_051EgPNmXEr5OLTmjI=s88-c-k-c0x00ffffff-no-rj,False,False,1781324297.38419
UgxR9W38UJqqEuXCcJJ4AaABAg,"Tangkap dan proses hukum yang berat jika ada massa/ oknum yang terlibat demonstrasi dan mengarah ke arah anarkis, perusakan fasilitas umum, menyebar fitnah hoax. Tanpa syarat dan tanpa ampun. Demonstrasi yang baik 👍 benar itu yang bermutu, dan positif

Merdeka🇲🇨❤
Persatuan Indonesia❤👍",4 days ago,@Realme.71,UCOr6HMgBjq2zZ4mtaATudoA,0,,https://yt3.ggpht.com/ytc/AIdro_nda3NuW4HXFz11TFja6elUTDgEB9wuwjLWBcCho3VqWai3G3DxOL09_d1cje349l3kKw=s88-c-k-c0x00ffffff-no-rj,False,False,1781324297.385616
UgzYbIAeqrmJHAg770V4AaABAg,Yah maen salah2an dah😂,4 days ago,@nurhidayat-nu2yz,UCuW8OkDxl4IBGUdLv3He4Ug,0,,https://yt3.ggpht.com/ytc/AIdro_lS1B9f-nggR7C-hkgK1q727k7_QrJb-FKicNEmmw74-RnwrHKxXptUAocaePywPzLfnQ=s88-c-k-c0x00ffffff-no-rj,False,False,1781324297.387003
UgwO_kgRn8vriMdKdJd4AaABAg,"Tangkap dan proses hukum yang berat jika ada massa/ oknum yang terlibat demonstrasi dan mengarah ke arah anarkis, perusakan fasilitas umum, menyebar fitnah hoax. Tanpa syarat dan tanpa ampun. Demonstrasi yang baik 👍 benar itu yang bermutu, dan positif

Merdeka🇲🇨❤
Persatuan Indonesia❤👍",4 days ago,@Realme.71,UCOr6HMgBjq2zZ4mtaATudoA,0,,https://yt3.ggpht.com/ytc/AIdro_nda3NuW4HXFz11TFja6elUTDgEB9wuwjLWBcCho3VqWai3G3DxOL09_d1cje349l3kKw=s88-c-k-c0x00ffffff-no-rj,False,False,1781324297.38843
Ugx5CZ_Ep1qI9el4BHp4AaABAg,Hak angket klo ketua umum partai gak setuju mana mau itu anggota DPR.,4 days ago,@arifsudharmono3829,UCTK-tIxIrVhkmK-3GfgmPOw,0,,https://yt3.ggpht.com/SAjGOqE1swBJFiFGIDswFHssdfjijBtLlqjIwCjnw4bPHZa8oiyndkMSQbgLxsVCRMeVU9xkUQ=s88-c-k-c0x00ffffff-no-rj,False,False,1781324297.389831
UgyKgsn1f1lJxEPOKkR4AaABAg,Nama Irma Caniago tertera di 26 nama yang beredar saat ini terlibat korupsi di kasus ini,4 days ago,@azizianjabi9982,UCZ3yqJ115KknzUfWlaQ-bXw,83,15,https://yt3.ggpht.com/Sk4cWvWrPVSeMm9alH5_CCN-u6035O-NcM7-t0bPJmrDd3xdEQrJLOX5cytuSoflnigTlg5v0Q=s88-c-k-c0x00ffffff-no-rj,False,False,1781324297.391243
Ugxdfu8nRWPhw-x3G9d4AaABAg,Percayakah DPR MENGAWASI MASIH PERCAYA AMA DPR,4 days ago,@HasSantrial,UC_ORcFTwRsgq9jmf85cVDBA,0,,https://yt3.ggpht.com/ytc/AIdro_lHAXskYwYGn2RQiGNHbblD12NIdmx4A2gfMGamOxfH-D6b-sPLkV_0RxCV0PvgSmrPtg=s88-c-k-c0x00ffffff-no-rj,False,False,1781324297.39262
Ugxl98LtdESVSNzF12J4AaABAg,Siapa pun boleh wah bahaya ni ibu dewan ini kan penjilat,4 days ago,@HasSantrial,UC_ORcFTwRsgq9jmf85cVDBA,1,,https://yt3.ggpht.com/ytc/AIdro_lHAXskYwYGn2RQiGNHbblD12NIdmx4A2gfMGamOxfH-D6b-sPLkV_0RxCV0PvgSmrPtg=s88-c-k-c0x00ffffff-no-rj,False,False,1781324297.393999
UgzR-0DfOHBFZMtytWt4AaABAg,Yang Jelas Semua Yang Terlibat Adalah Pelaku Utamanya Bahkan Saat Ini Ada Yang Ngaku Gak Punya Dapur Artinya Dapurnya Itu Fiktif Tapi Dapat Dana,4 days ago,@rapi1251,UCCG56tbqV69SxfHdMGTVNig,0,,https://yt3.ggpht.com/ytc/AIdro_kMYxzuoALeklp701_RTTqcGyDmQBNx8RUq7hexDYiJAbjeefA32v6O8iwKUH_tJvomYg=s88-c-k-c0x00ffffff-no-rj,False,False,1781324297.395423
UgydGa_LA4mmC75xrj14AaABAg,"Itu wakil Gerindra kebanyakan teori !
LANGKAH NYATA BUKAN OMON-OMON YG DIBUTUHKAN.",4 days ago,@merdesa,UCgeiYcFGRiSrSSmXhAb8bOg,2,2,https://yt3.ggpht.com/iM1p3lnYDlFnBqUIZ2s0kpQRoDJh2cTxJ8PhgTrDVxqkx0As260Xjs1divO34i4hi_qvXLWrozU=s88-c-k-c0x00ffffff-no-rj,False,False,1781324297.396871
UgxLn7PsJxVY8QhZ-lJ4AaABAg,SKIP KETIKA MULUT PENDUKUNG MBG NGOMONG,4 days ago,@infotapanuliraya2747,UCXzk1pc-e5v1vy3P0-3QxaA,8,,https://yt3.ggpht.com/XD21Ty5zogn86VrRQ4LNwwCRHuTy-Q-el5vdT7fLUBBQAxedKdDJF4SNMwBhJQP582uvlOr0QQ=s88-c-k-c0x00ffffff-no-rj,False,False,1781324297.398311
UgyMUUscBPbJXXABgFh4AaABAg,Banyak tangan kiri di Tivi,4 days ago,@runnrunofficial884,UCYX7_Mh1VbPfD2KkMNikLsw,2,,https://yt3.ggpht.com/kpHRPmy_U2dfS40U_vUxsHp_AUlKt1qkCAqDLLOf0fLLp4RW59SO2Ca_gEcOY4o0FVS7bL8PO6k=s88-c-k-c0x00ffffff-no-rj,False,False,1781324297.399784
UgyO0F2qdAUBcdTAKft4AaABAg,"Sebenarnya program bagus langsung menyentuh lapisan masyarakat dan bisa menggerakan ekonomi daerah. Tapi ya ini program prioritas tanpa pilot project yang langsung digas ribuan sppg dengan dana besar banget, udh tau celah curangnya orang2 di pemerintah masih banyak malah engga dicegah pake kebijakan tegas dulu. Ya jelas dicolong. Idealnya bikin temboknya dulu baru bangun bangunannya, kuatin hukum dan tegas hukumannya baru jalanin itu mbg. Sekarang ini udh jelas2 dikorupsi, kebangetan klo prabowo engga intervensi hukuman berat ke mereka dan lama jalanin prosedur hukumnya.",4 days ago (edited),@Drue0103,UCs8TL3vTv1_FfYhb504wprQ,0,,https://yt3.ggpht.com/xtkF5hUueBwDhVr1TTYnUFTJCAsrxzs9HvUm13-5fPOyNAPATHV00H6fRLMRLsT2s052J9DHbw=s88-c-k-c0x00ffffff-no-rj,False,False,1781324297.401201
UgymGn0dzEdbItjKWGR4AaABAg,DPR CUCI TANGAN,4 days ago,@HasSantrial,UC_ORcFTwRsgq9jmf85cVDBA,1,,https://yt3.ggpht.com/ytc/AIdro_lHAXskYwYGn2RQiGNHbblD12NIdmx4A2gfMGamOxfH-D6b-sPLkV_0RxCV0PvgSmrPtg=s88-c-k-c0x00ffffff-no-rj,False,False,1781324297.402587
Ugws4vsspOTBQ1MYM4B4AaABAg,Irma chaniago katanya di sebut ama jendral sony,4 days ago,@erusaputra948,UCcCOzCxesrTH-cuaoUYNljg,58,4,https://yt3.ggpht.com/ytc/AIdro_lY0tN0no5S270QKyuGuOIyrVewz8xANXwV3jURrbdlBwC1VBdK7P3cWml_ZHfz4S6GOw=s88-c-k-c0x00ffffff-no-rj,False,False,1781324297.403979
UgwcKdsho3u21NkOfup4AaABAg,Ada ko dewan perwakilan bujana megang mbg.,4 days ago (edited),@supermanarman114,UCSUizE36pZ8Wo_Mha_gIJrw,0,,https://yt3.ggpht.com/ytc/AIdro_ncWCZuVwRMQs2H27OH6JPULdd9a3stZbXFpog12ho=s88-c-k-c0x00ffffff-no-rj,False,False,1781324297.405451
UgzhVmB6QnoA6RV8BAd4AaABAg.AXy02fW7grDAY8SgY84lNn,"Berarti salah sasaran, bkn di stop tapi di perbaiki, banyak para penerima manfaat yg bnar bnar membutuhkan , bkn salah program nya tpi salah pelaksanaanya",1 hour ago,@yani33,UCFTRXOnKL8dMEzeAMENYHng,0,,https://yt3.ggpht.com/ytc/AIdro_kQZ52bxrztcJU6PjMZ8ZhP6_BhJ_Rj4MY3zG-K0Pk=s88-c-k-c0x00ffffff-no-rj,False,True,1781666297.555176
UgyKgsn1f1lJxEPOKkR4AaABAg.AXy-PTivOgVAXy2wWp7lAF,"Irma teriak teriak mulu,,tapi ikut makan",4 days ago,@RosiSlononkboy,UCwqFIuPrfqiuyb1PuRLt6xw,5,,https://yt3.ggpht.com/ytc/AIdro_nhoOi8Lhcr7w0l0Ur6N0ern1n6gqe49p8sDZDsXjKezsAllwS3frRAi1p45L_qVDrCfQ=s88-c-k-c0x00ffffff-no-rj,False,True,1781324297.756095
UgyKgsn1f1lJxEPOKkR4AaABAg.AXy-PTivOgVAXzFxEAd4h3,​ @RosiSlononkboy dia mau cuci tangan kayak nya,4 days ago,@ruseliseli5686,UCWeFmPIUdjeL8emze669oKw,0,,https://yt3.ggpht.com/ytc/AIdro_kk2leHYmGt3jlZbvWhnKJDi7EDiLVIT1FzZfyg6kGOrSQ=s88-c-k-c0x00ffffff-no-rj,False,True,1781324297.757747
UgyKgsn1f1lJxEPOKkR4AaABAg.AXy-PTivOgVAXyiEQhfMs1,"Tipikal Netizen Indonesia, sok kritis tapi otaknya kosong hanya asal jeplak 🤣
Aktivis - aktivis juga begitu sok - sok an kritis, saat jadi Pejabat maling juga 🤣🤣🤣",4 days ago (edited),@Omah888,UCQmrKHX1Gcqd3cFxxocShow,1,,https://yt3.ggpht.com/F3HgZZ_k7biLX90KTcR1tp22aHpn4JLg3K-sri9tRYLb3y7ivAb4sH32G2GV05MRtaEMPu0V2A=s88-c-k-c0x00ffffff-no-rj,False,True,1781324297.759289
UgyKgsn1f1lJxEPOKkR4AaABAg.AXy-PTivOgVAXzyEw-2dxu,"​ @Omah888 anda salah satu netijen Indonesia, bisa jadi anda termul yg dpt sembako. 😂😂😂jijik menjijikkan.",3 days ago,@ompung2023,UCQ-GChRHJW0DXn45pjzGi0A,0,,https://yt3.ggpht.com/ytc/AIdro_nuMxXhzihOD2LWO6f2ubDqh1-CddZ3El6PY2cH4hp62orsHLfgccgUJryPjCxoYorJGQ=s88-c-k-c0x00ffffff-no-rj,False,True,1781410697.760747
UgyKgsn1f1lJxEPOKkR4AaABAg.AXy-PTivOgVAXyp7Hcai4_,Aamiin.aamiin.🤲🤲🤲,4 days ago,@Wakput-p8z,UCmF8cAmiLlAoG6QbWh_pcvA,1,,https://yt3.ggpht.com/ytc/AIdro_nNwN3M1NRuI8VqJJoeYZGsBzTA-eRrybR_bgLae8t4q9uss4ZmbKr0OLmr82Sk_0zgHg=s88-c-k-c0x00ffffff-no-rj,False,True,1781324297.7622
UgyKgsn1f1lJxEPOKkR4AaABAg.AXy-PTivOgVAXyqHAG1u2B,Caniago kurang TDK berkoar koar klw ada nama ikut korup,4 days ago,@MangAyo-u8u,UCAIAkeinExQC_IiWVEy078g,1,,https://yt3.ggpht.com/ytc/AIdro_kAvXwKhF9W-758960a9XjLrXxvSdrZkX4XZl0vZ0CotMcCwuJe0HKveyMX8NMWQ9UFfw=s88-c-k-c0x00ffffff-no-rj,False,True,1781324297.763618
UgyKgsn1f1lJxEPOKkR4AaABAg.AXy-PTivOgVAXygn1W5CFM,gudolmu,4 days ago,@Jadi-e1n,UChydqpgKJPGaunbK5k8lFGw,0,,https://yt3.ggpht.com/ytc/AIdro_k65DZsAHQBUnAuOxSZT7r9fAk4iy8_eNYr_aT6LrBfoCwrcS85Lh9VOPaGRI17GotdtA=s88-c-k-c0x00ffffff-no-rj,False,True,1781324297.765179
UgyKgsn1f1lJxEPOKkR4AaABAg.AXy-PTivOgVAXymNdvatwA,Semoga benar,4 days ago,@andrasakra201,UCL7unPeYodubv8ISKuVzxIQ,0,,https://yt3.ggpht.com/IpwT324GNhsM_yevA9sk4qNbNG083tI1gZ3IzStv_AfrbXUBZztDPRlED667XVstICTU11GD0g=s88-c-k-c0x00ffffff-no-rj,False,True,1781324297.766646
UgyKgsn1f1lJxEPOKkR4AaABAg.AXy-PTivOgVAXzGE9MWENv,"Inilah tujuan DPR tidak mau sahkan UU perampasan aset,biar enak bermain korupsi.",4 days ago,@ruseliseli5686,UCWeFmPIUdjeL8emze669oKw,0,,https://yt3.ggpht.com/ytc/AIdro_kk2leHYmGt3jlZbvWhnKJDi7EDiLVIT1FzZfyg6kGOrSQ=s88-c-k-c0x00ffffff-no-rj,False,True,1781324297.768098
UgyKgsn1f1lJxEPOKkR4AaABAg.AXy-PTivOgVAXzLb47jLAm,"Kejadian gayak gini ya masing masing bela diri lah, usut tuntas siapa saja terlibat",3 days ago,@SofiyanNoor-t8j7m,UC2C5vkY-PfbxT3nrkPiiFcA,0,,https://yt3.ggpht.com/ytc/AIdro_kRdiwgGASa43GPYT-c3Z6MApteJOGOBXuLd7u6TpOt2CJm9iQ6p6u16RMmQYwe-Tke3g=s88-c-k-c0x00ffffff-no-rj,False,True,1781410697.769509
UgyKgsn1f1lJxEPOKkR4AaABAg.AXy-PTivOgVAXzeMqsygIb,Semoga berbalik kepada yang ingin penjarakan bapak Roki Gerung amin 🤲,3 days ago,@HaeruddinGopal-i8p,UCR7tE1jscxjicNPr0yvrxtg,0,,https://yt3.ggpht.com/ytc/AIdro_kDVWTVor4oDMnrA8JSn1QfWKy679_pAFdisj868GXmAFhdW5SbK7lG9s-tsd8cKauiOQ=s88-c-k-c0x00ffffff-no-rj,False,True,1781410697.939177
UgyKgsn1f1lJxEPOKkR4AaABAg.AXy-PTivOgVAXy72GRajcs,"Mana daftar 26 yg loe maksud bro?
Bukan ngarang kan?☕🐎",4 days ago,@B4rB4r,UCeH15mf5Zh9PQvTs54RWmaQ,0,,https://yt3.ggpht.com/H3TeXm_0ubevYiXJgASXkFF9HmmVp7GrEAowRZvNcEM1xIL0JBIGGIKZLgj_tYO20dzsmnRxdmU=s88-c-k-c0x00ffffff-no-rj,False,True,1781324297.940774
UgyKgsn1f1lJxEPOKkR4AaABAg.AXy-PTivOgVAXypcYriVTF,​ @B4rB4r ketinggalan berita kau,4 days ago,@anakbaik7168,UC5KDRWinVM7A2H0W9Z5UEig,1,,https://yt3.ggpht.com/ytc/AIdro_lE-2v4pt1Am5Vt4Pedf4xjFjaVCExlg_cJVl7OY2xcwvV1BhXRzUSHIHLwFa5dONFuTw=s88-c-k-c0x00ffffff-no-rj,False,True,1781324297.942274
UgyKgsn1f1lJxEPOKkR4AaABAg.AXy-PTivOgVAXzKJ2C5GZQ,​ @B4rB4r kemana aja kau? Yg tinggal dihutan saja tau.,3 days ago,@PapaYuri,UCqRseJJq93810rF-HvDHF-w,0,,https://yt3.ggpht.com/WVwOT8HgamI7oHMA-1KOb3J4-b6Mh-6bhH7nsy7D9oGkl2VhU-4syMUX7quS7QF7mtIgewEE=s88-c-k-c0x00ffffff-no-rj,False,True,1781410697.94372
UgydGa_LA4mmC75xrj14AaABAg.AXy-79dKzpSAXyAV4FgCBg,"lha dia mungkin salah satu oknumnya, ato bawahan oknumnya",4 days ago,@ervain6969,UCSHaWPy_n83vx-xNzyXESRA,0,,https://yt3.ggpht.com/ytc/AIdro_nuIPOewskAVc-XAIZYk7aqYz8MGDojGhf4eV4TJhjkmPw=s88-c-k-c0x00ffffff-no-rj,False,True,1781324298.099836
UgydGa_LA4mmC75xrj14AaABAg.AXy-79dKzpSAXyCjdIboxU,Dia punya 28 dapur 😁,4 days ago,@dahlanzaini1522,UCY725TL2uo5XiaK-N4tdTgg,0,,https://yt3.ggpht.com/ytc/AIdro_l0xMyrCM0gxlW5zbHUAFDTrm8oLp_ASnQnd98Cnun3iQ=s88-c-k-c0x00ffffff-no-rj,False,True,1781324298.101559
Ugws4vsspOTBQ1MYM4B4AaABAg.AXxzpUmFAwcAXy1oEJl97v,Pantes,4 days ago,@rakyatindonesia6869,UCpy6YavTsZozEgFEqQzNOeg,6,,https://yt3.ggpht.com/ytc/AIdro_mTDa0LcSjUex8vXaZQ1UT7jd3ZhN-Q4RcfveTV0VOCOQ=s88-c-k-c0x00ffffff-no-rj,False,True,1781324298.261352
Ugws4vsspOTBQ1MYM4B4AaABAg.AXxzpUmFAwcAXzhdvQ_FPc,Dy JD makelar SPPG,3 days ago,@BenciKetidakadilan,UCywGWScV2nMr3_9lIK_W8pQ,0,,https://yt3.ggpht.com/ytc/AIdro_kN0vHjIDhTA7B0t2l-8jw4du0Fp3Q4NWDxREtZ0wG6prM4O5dykKEJAxt14lhBl9HMMQ=s88-c-k-c0x00ffffff-no-rj,False,True,1781410698.262983
Ugws4vsspOTBQ1MYM4B4AaABAg.AXxzpUmFAwcAXzkcnLx2ty,Termasuk irma di sebut byk punya dapur,3 days ago,@BurhanNudin-fc5bf,UCs2ztZuhdcEtBVzYN9Fsf8g,0,,https://yt3.ggpht.com/ytc/AIdro_k6E7UTsF655DeERRis1BYvl8uSsF973x_Fdovm3dYObcg6BnyGOi5TiYl_QS1VWQCHTQ=s88-c-k-c0x00ffffff-no-rj,False,True,1781410698.264483
Ugws4vsspOTBQ1MYM4B4AaABAg.AXxzpUmFAwcAXzmCvA9hBv,Sekolah di desa ku gk pernah dpt mbg kemana duit nya,3 days ago,@BurhanNudin-fc5bf,UCs2ztZuhdcEtBVzYN9Fsf8g,0,,https://yt3.ggpht.com/ytc/AIdro_k6E7UTsF655DeERRis1BYvl8uSsF973x_Fdovm3dYObcg6BnyGOi5TiYl_QS1VWQCHTQ=s88-c-k-c0x00ffffff-no-rj,False,True,1781410698.265904
UgySfyn2lWt9JNr0fyJ4AaABAg,Benarkah minta dihentikan? 🙂,4 days ago,@twindark-b6m,UCHtr_8svtKWrUFwVgYg8TdA,0,,https://yt3.ggpht.com/exn_5FqTaALk_Cq85t-lCJmTXuahpvP3FwTSojuYjIGxI-u9l2i3pn992UcF7_LKMb0NcXZfrg=s88-c-k-c0x00ffffff-no-rj,False,False,1781324298.480024
UgxvWSGtdfqqbvmuWKF4AaABAg,"maling mana ada yg ngaku,,,yg kemaren punya dapur kok ramai2 pula ngaku saling ngak punya dapur,,padahal ini lingkaran pejabat semua yg berbuat,,dimana logisnya anda",4 days ago,@syafrideldel5732,UCIDQlBqH86IizhPU8n_OtVw,34,,https://yt3.ggpht.com/5bJFtP3jJwLQkcxPArz5-scYPLXYb3gpdWq7S-KNP5JABsxuFCD45s-vsFpGI9yvzERfHdMQOg=s88-c-k-c0x00ffffff-no-rj,False,False,1781324298.48166
Ugwn1IA5n8The4IfAmB4AaABAg,Boomer oh boomer,4 days ago,@VodkaTitans,UC920ntSE3eJ3xqOBpVHVdzg,1,,https://yt3.ggpht.com/gT9IN2jUJovYmua86DN2cVCEgxJ3BKHDdco5ub1PCjfgJXtxyu8nqA03xyXpHeQiuxWZmH5bhNw=s88-c-k-c0x00ffffff-no-rj,False,False,1781324298.483138
UgyWswm7J9ob_iijGCR4AaABAg,MBG program bagus jangan dihentikan tapi diperbaiki ! Kalau sakit kaki bukan artinya jantung dihentikan ! Kalau hukuman mati bagi pimpinan BGN 3 orang itu saya setuju ! Karena telah gagal hingga Ada MBG yang akibatkan orang meninggal ! Hukuman mati harus wajib bagi koruptor Apalagi yang korupsi anggota polisi/TNI/PNS/Partai ! Wajib hukuman mati !,4 days ago,@Santo-me74n,UC0atYhE_utYUINJ9CER-sow,1,9,https://yt3.ggpht.com/FBwl4bYuvSEM6wAVsxjuGiy9gHU_7A9uSw5fyA1xBa59yYKFwmnE1IpGaPTtqb7yGXtzJqBaHA=s88-c-k-c0x00ffffff-no-rj,False,False,1781324298.484562
UgyflCPP1xii_Z0I4Lh4AaABAg,"Ga akan brani DPR buat angket, orang DPR banyak yg punya yayasan sama dapur ny 😂😂😂 Make segala bilang beli motor ga tau, kan rame di sosmed, udah bener kmrn harus ny rubuhin itu gedung DPR",4 days ago,@derafasya747,UCySlSq7jmp5rxyZkKmIyetQ,0,,https://yt3.ggpht.com/ytc/AIdro_nfSppLCD_p_SuXDmSdAE7-9-LGLur8qLGgVYoVEvclLtz-hcyf1aFDVF51ZCP_GaEGag=s88-c-k-c0x00ffffff-no-rj,False,False,1781324298.48597
UgyXGuEIwpThCOBrAAd4AaABAg,tumben pdip ad bener nya,4 days ago,@sodeiku,UCYF_r8sVab6OHGFdtvlbL8Q,3,2,https://yt3.ggpht.com/YDSTBxfsKTftVF3Rt_YlyaFEH5fEI7SeEV7Uv886e82rW5kvA6A-PnH-_06fLOzoSB7Q_SOWdw=s88-c-k-c0x00ffffff-no-rj,False,False,1781324298.487448
UgyoJod_5-to2FdR7QJ4AaABAg,"Bukan dr Kepala nya yg busuk maka ekornya busuk, dr ide nya saja sdh busuk😂",4 days ago,@AdjiWitjaksono-e4v,UCyZmP9pc6RkkSYpaKuDPAQQ,54,1,https://yt3.ggpht.com/ytc/AIdro_ka_OJb0XNJYDEohFXLN9aw8SQx2wooMyAYwzwnScVwBS5AeOdo4U3-cDL-EXswMyKilw=s88-c-k-c0x00ffffff-no-rj,False,False,1781324298.488901
UgzVsYKe5Nev8nH8ugB4AaABAg,DPR kerjanya tidur maka nya tidak tau,4 days ago,@isaansyori-vl2jq,UCGNbl-c6oA5ADOxV1y5zfKA,69,3,https://yt3.ggpht.com/_JdwFD8w8VFRmLGHIfT3sLTILYoZclHH0ksyqMGCkcNYPEsxiHlm74J8XMC0ncfyoqvQxjMM2g=s88-c-k-c0x00ffffff-no-rj,False,False,1781324298.490337
UgyL4EMkVAdGalS33QR4AaABAg,Mbg dihapus lebih baik BBM tak masalah  bisa naik sepeda,4 days ago,@justinlake2879,UCjbCz9qBecvVRyZnXD0rZLA,0,,https://yt3.ggpht.com/ytc/AIdro_nyMSK3ez99gFBKZt9O6KsRzV0t443nmNVNMK1rjpk=s88-c-k-c0x00ffffff-no-rj,False,False,1781324298.491734
UgzOewVVJi9CT9w81Cp4AaABAg,Jangan mbg aja mohon diperiksa jga kopdes,4 days ago,@AgustinamuliaNurIndah,UCY48PnPgmPP0uzt0HcSfdXw,35,1,https://yt3.ggpht.com/ytc/AIdro_n6ZBBa_3wssvZ-3uYejR-pYif7bZ3F-sJr33JSyktwwYCCLRkkFCHIjZW7Up1yAzVU4w=s88-c-k-c0x00ffffff-no-rj,False,False,1781324298.493202
Ugxhpm1zf5gXghGjwxx4AaABAg,Dasar DPR nggak guna serakah otaknya,4 days ago,@UtomoBudi-wp3lv,UC2M5feWLShYI3_6TzcjgxtQ,0,,https://yt3.ggpht.com/wU4lkUYG8FGa-1JCv5xywkZygiDbl7RRRd1n_2em8B2rvsMH6Z90y6JjqHIchHS2BpqGA6hF=s88-c-k-c0x00ffffff-no-rj,False,False,1781324298.494632
UgxtsLpF0LidwV4gI4h4AaABAg,Tata tertib di semua elemen ada tetapi ada inisiatif Ndak,4 days ago,@MinoSumino-vk5dh,UCuJM6YoaMtPFRwZtQPLCTHA,2,,https://yt3.ggpht.com/ytc/AIdro_m5evfCF_YxC_lDCZai6PdDPi8RLB_PVhrL3a1ARTLFBM2x9-KClsWFWW2FfUzwIrVBkQ=s88-c-k-c0x00ffffff-no-rj,False,False,1781324298.49607
Ugws-FcWTq4WLCrCg-R4AaABAg,PDIP juga sama licik dan korup ketika berkuasa😂,4 days ago,@yudhawiyata7616,UC-uJXI-9DMue6ESi4tyJKTQ,0,,https://yt3.ggpht.com/ytc/AIdro_mIrLnBQJZanWHP-F7WAsqdNT6Y7kNYijjo6vQ7dCw=s88-c-k-c0x00ffffff-no-rj,False,False,1781324298.497497
UgxqbjtHGjlhvfhL5pZ4AaABAg,No Action Talk Only:face-blue-smiling:,4 days ago,@afifega7366,UCFOUlW7S5K9qNOT92XU5euQ,1,,https://yt3.ggpht.com/ytc/AIdro_lO1bg78qyz0HR_ZIH8s5qeSfzYr9fVSd1DukOaqgMnQ42rwYpPYWufcdbL9Z9Zby0O7g=s88-c-k-c0x00ffffff-no-rj,False,False,1781324298.49895
UgxOocey6pl09VC7qiN4AaABAg,Hentikan mbg biar rakyat tenang dan damai.uang rakyat sendiri.di buat slogan makan gratiss.,4 days ago,@putrabaskoro9213,UC7DNpEfDGbgrnKrtTZvXipw,19,7,https://yt3.ggpht.com/ytc/AIdro_nz1Ih0HZrvBLI7l8xNfAE7F7VS0hTOBHmr7JMCjfnhEeA=s88-c-k-c0x00ffffff-no-rj,False,False,1781324298.500414
UgxlmRB-HyT5cnmuX4R4AaABAg,PDIP partainya wong licik,4 days ago,@LalapanRafi-qr9oy,UCZF_gGZZhN28G4JZ61YFNhQ,8,1,https://yt3.ggpht.com/ytc/AIdro_k9XrKEjeqnVQ_ExBSkLiNtUAbq9qlCdjlKe0ywClY98iY03q7dSB_WmMajNAsA2n6ytg=s88-c-k-c0x00ffffff-no-rj,False,False,1781324298.501823
Ugz1fg1Sl3L6eqyS7CJ4AaABAg,Irma itu koruptor nya,4 days ago,@NiaBelia,UCVmhFkcyQ_eQOw1q2GqLGng,61,18,https://yt3.ggpht.com/ytc/AIdro_l3w5pHbAbv1UvTOPK0opzB0B7dPW0ZNUdarnydvhKgG4l6j3Av59TtPzgAeNOLj7pxDQ=s88-c-k-c0x00ffffff-no-rj,False,False,1781324298.503338
UgyWswm7J9ob_iijGCR4AaABAg.AXxzO-NDEdcAXy-6Cpy7UW,Lebih baik pendidikan gratis daripada mbg,4 days ago,@FanbakeryBakery,UCgMDQiY_OX9AKqk4Yo_4arw,1,,https://yt3.ggpht.com/ytc/AIdro_mA2AVFV-qavNRylO-8a4Gy-Z6PmCR1F_ZClH9D2RWiGO4aLpoBwvnFubP3fe06ChSeLA=s88-c-k-c0x00ffffff-no-rj,False,True,1781324298.677955
UgyWswm7J9ob_iijGCR4AaABAg.AXxzO-NDEdcAXy-TI5eMk6, @FanbakeryBakery sedang dibangun juga sekolah rakyat dan itu Pendidikan gratis nantinya 😂🤣😄☮️🇮🇩☯️,4 days ago,@Santo-me74n,UC0atYhE_utYUINJ9CER-sow,0,,https://yt3.ggpht.com/FBwl4bYuvSEM6wAVsxjuGiy9gHU_7A9uSw5fyA1xBa59yYKFwmnE1IpGaPTtqb7yGXtzJqBaHA=s88-c-k-c0x00ffffff-no-rj,False,True,1781324298.679565
UgyWswm7J9ob_iijGCR4AaABAg.AXxzO-NDEdcAXy-c3svkj3,"Pemerintah Indonesia menjamin pendidikan gratis melalui program wajib belajar 12 tahun (SD hingga SMA/SMK) yang didanai melalui APBN dan APBD. Kebijakan ini disalurkan melalui Bantuan Operasional Satuan Pendidikan (BOSP), Kartu Indonesia Pintar (KIP), serta berbagai program gratis di tingkat daerah, termasuk sekolah swasta di beberapa wilayah.",4 days ago,@Santo-me74n,UC0atYhE_utYUINJ9CER-sow,0,,https://yt3.ggpht.com/FBwl4bYuvSEM6wAVsxjuGiy9gHU_7A9uSw5fyA1xBa59yYKFwmnE1IpGaPTtqb7yGXtzJqBaHA=s88-c-k-c0x00ffffff-no-rj,False,True,1781324298.681054
UgyXGuEIwpThCOBrAAd4AaABAg.AXxzGNROSSsAXy0emFN1kD,Cari muka PDI,4 days ago,@MultiNazwa-h5o,UC3hw2NqaO8x9SoCboEwp9jw,0,,https://yt3.ggpht.com/ytc/AIdro_kIQd925lZn3kNvSQBuSIvxotU3QPyWJUGr6nl8J4Bbkl1bcFpzgHabStJf-LedxUFwQA=s88-c-k-c0x00ffffff-no-rj,False,True,1781324298.848139
UgyXGuEIwpThCOBrAAd4AaABAg.AXxzGNROSSsAY-D7u27Iq3,"​ @MultiNazwa-h5o dalangnya PDIP,SDH mau berhasil acak acak,,mulai muncul mereka cari muka,betul nga sih",3 days ago,@edimaryono-s3p,UCxuaKzG499Hu13-JN3Ajc6g,0,,https://yt3.ggpht.com/ytc/AIdro_kDzgS3kIoleYvdPU64nLO3RH8WLzomwn9O2Az4BcQQ_t6oCDgVjevQJvcSRvGs19JuHw=s88-c-k-c0x00ffffff-no-rj,False,True,1781410698.849767
UgyoJod_5-to2FdR7QJ4AaABAg.AXxzFszxcKjAXyMFBxfRYD,MBG Apa yang bagus?,4 days ago,@VanTokoro,UC_3Lf3Z4ceId1YMX5TCi0XA,2,,https://yt3.ggpht.com/UQyh1bYKAI14l75I81W06FSBtw6pzMi5OkORDqY9D2smB3Ymd80HWH9w9ziWWsQZhEtD_pEVRw=s88-c-k-c0x00ffffff-no-rj,False,True,1781324299.023901
UgzVsYKe5Nev8nH8ugB4AaABAg.AXxzFHWmo5SAXyq3BfkOMF,kayaknya kao konsisten untuk merusak sendi 2 bernegara selalu menyerang lembaga DPR kalok lembaga DPR sdh dikuasai pemerintah  suranya juga tidak merubah sesuatu,4 days ago,@gustiayuaprilia8814,UCR-pTROvWWR_hyZ5-J0kvZg,3,,https://yt3.ggpht.com/ytc/AIdro_kxnoMjw3aBUW9YGtqEAXXECR14Xvh5bfmJBFfFmGqa_RY=s88-c-k-c0x00ffffff-no-rj,False,True,1781324299.189329
UgzVsYKe5Nev8nH8ugB4AaABAg.AXxzFHWmo5SAY-2TSFO0jS,"DPR bukan nya tidur, tapi semua partai di DPR pendukung pemerintah, kecuali PDI-P.",3 days ago,@hari_xo123,UC18cy4OANIEeU_pofx25u8A,0,,https://yt3.ggpht.com/ytc/AIdro_nGFFZTZtLgzymsvZFTeGCKJHpO2uQnubBR8G0pWBa50fCm3uXKtZzR9aVoKG-mhec1uA=s88-c-k-c0x00ffffff-no-rj,False,True,1781410699.190995
UgzVsYKe5Nev8nH8ugB4AaABAg.AXxzFHWmo5SAY81Zzeawa8,​ @hari_xo123 tapi menikmati MBG😂😂😂😂,5 hours ago,@BambangWijonarko-j9b,UC-P-AwcPVrXi3K1jRIepA4A,0,,https://yt3.ggpht.com/ytc/AIdro_nSNiYSvPvCCpOaA3XQDR5Z1JbETTCUrC0epju2BYRcUAhWBpYB6ETxcv4epfmtCNjofw=s88-c-k-c0x00ffffff-no-rj,False,True,1781651899.192508
UgzOewVVJi9CT9w81Cp4AaABAg.AXxz4z9e8XTAY-8fowY7cm,"Tunggu Tanggal mainnya,  Bro!",3 days ago,@Arman1522,UCC3L5I4fC7k1r7vC41KU_9A,0,,https://yt3.ggpht.com/5WI2fcz9yH_Ertp8ZdM0UlARlmebHcQXRNAnKMW9RNoGIFi6dKrQ_XD_t3tr_RMa02GdstIS=s88-c-k-c0x00ffffff-no-rj,False,True,1781410699.341326
UgxOocey6pl09VC7qiN4AaABAg.AXxyfbi6TpTAXy0uHnu8og,Betul,4 days ago,@panpora,UC4rY3jj0IOrdBlexoUmeK8w,0,,https://yt3.ggpht.com/ytc/AIdro_lXu0WPAKZ-yH5SnZKCHExCdAJcePDMhjXvJTx1cSpPrDtKH5DKmu4jO0zSfegaYwL4rQ=s88-c-k-c0x00ffffff-no-rj,False,True,1781324299.50313
UgxOocey6pl09VC7qiN4AaABAg.AXxyfbi6TpTAXyBdCJmhYo,😂 rakyat yang mana itu rakyat yang punya uang banyak,4 days ago,@mr_wuok,UCyKvGpHHXrVlu0VLEQiu-sA,0,,https://yt3.ggpht.com/262-e8WOs-2KB3NYQfxizA5EsImFnr7LkNRm94ivJErerKWY6hldX7zkOClZcI7eblxKVeHAJU8=s88-c-k-c0x00ffffff-no-rj,False,True,1781324299.504721
UgxOocey6pl09VC7qiN4AaABAg.AXxyfbi6TpTAXyeTq3I_DS,​ @mr_wuok APBN kn uang rakyat to hny untuk Bancakan org g ad fungsine,4 days ago,@sitisuyiroh1112,UClvt9Xm8-z197QWYDP1tVFg,0,,https://yt3.ggpht.com/ytc/AIdro_ksINlkKSxk1m47a3PSvq-9oosCvxv-hTKUJzGMJycKzw=s88-c-k-c0x00ffffff-no-rj,False,True,1781324299.506248
UgxOocey6pl09VC7qiN4AaABAg.AXxyfbi6TpTAXyKqAlQy4_,Apa kamu mau menjamin ribuan pekerja yang bekerja di MBG itu ??,4 days ago,@LorhunCilor,UCxQgFJ20UOIYaYJBYCerTYg,0,,https://yt3.ggpht.com/ytc/AIdro_lg5FInNAMBFHooMx4oaaqXCTAUEfDySG0cXGXsn1rS9sJe90gEKMH_g7KL4VFPbHCDqQ=s88-c-k-c0x00ffffff-no-rj,False,True,1781324299.507709
UgxOocey6pl09VC7qiN4AaABAg.AXxyfbi6TpTAXyejHNZU4c,​@LorhunCilorlho MBG baru 1 th lbh sedangkan MBG bnyk org kehilangan pekerjaan pekerja kantin dn pekerja msak d sklh swasta yg sblmnya ad MBG mereka krj msak untuk ank sekolah mlh d hentikan Krn ad mbg,4 days ago,@sitisuyiroh1112,UClvt9Xm8-z197QWYDP1tVFg,0,,https://yt3.ggpht.com/ytc/AIdro_ksINlkKSxk1m47a3PSvq-9oosCvxv-hTKUJzGMJycKzw=s88-c-k-c0x00ffffff-no-rj,False,True,1781324299.509126
UgxlmRB-HyT5cnmuX4R4AaABAg.AXxye1Y7yV8AXy9pm2bkSZ,Siapa bilang itu hanya slgan,4 days ago,@JenggoWinoto,UCNhpwhlAvpnvHgjdYrofeOg,0,,https://yt3.ggpht.com/ytc/AIdro_mXl5vEZetSFCfuG2B7_VLqc38fE5TVJMtL_CGIeMUbdXJf55quvy5KONcX81xCv66Llw=s88-c-k-c0x00ffffff-no-rj,False,True,1781324299.653238
Ugz1fg1Sl3L6eqyS7CJ4AaABAg.AXxyZbLhzkyAXy0VRaX4M8,"Heran nya ini orang kok terpilih lagi, yang milihnya goblog apa gimana?",4 days ago,@literasidigital-j7y,UCpaqoGfI62A2gdvhTCgVfRg,8,,https://yt3.ggpht.com/ytc/AIdro_mWSmreY-yaJbi339NmE1KtyAGAjO7l5JPLXiI1Fx4SszdSBe3lfyEBl6Kk3YUpA8kivA=s88-c-k-c0x00ffffff-no-rj,False,True,1781324299.838047
Ugz1fg1Sl3L6eqyS7CJ4AaABAg.AXxyZbLhzkyAXynYw4fVlZ,"​ @literasidigital-j7y hasil pemilu dapat di jual belikan bos,berani bayar,sogok sana sini pasti jadi.",4 days ago,@Sekai.timur_utara,UCYWU5Mixd6kNTF5pPzJKH_g,3,,https://yt3.ggpht.com/85Z98qBb1V07EGMBsz9v8VUst1W3r6MWXEeijdskcCzAKP5KtT-H1zo892fTcAhoL2NRAOX2bQ=s88-c-k-c0x00ffffff-no-rj,False,True,1781324299.841321
Ugz1fg1Sl3L6eqyS7CJ4AaABAg.AXxyZbLhzkyAXywaz9YvjZ,​ @literasidigital-j7y dia itu Paw karena yang terpilih pertama meninggal,4 days ago,@sandestawiliam1319,UCG9kcU2kuoV0JcqyRzXjgDA,1,,https://yt3.ggpht.com/ytc/AIdro_l9J3ipYwdJJSA2v8b3kPEpjE9UQvklkrUkoxB89aBjc1A=s88-c-k-c0x00ffffff-no-rj,False,True,1781324299.844366
Ugz1fg1Sl3L6eqyS7CJ4AaABAg.AXxyZbLhzkyAXxzVyghO8_,SUDAH DARI DULU,4 days ago,@franskurniawan-lw7do,UCSOtHwHueUHFtNUTwr2qA9A,6,,https://yt3.ggpht.com/ytc/AIdro_mA2AVFV-qavNRylO-8a4Gy-Z6PmCR1F_ZClH9D2RWiGO4aLpoBwvnFubP3fe06ChSeLA=s88-c-k-c0x00ffffff-no-rj,False,True,1781324299.847015
Ugz1fg1Sl3L6eqyS7CJ4AaABAg.AXxyZbLhzkyAXy0fNMvmGi,Irma ketar ketir,4 days ago,@wahidwahid-rt3ox,UC-fr1baS3_AtigyvK9nBelA,6,,https://yt3.ggpht.com/ytc/AIdro_l46rRbKv80G4_DPDnhqLB-Nqgl_eOIM6IqAwfk0H4=s88-c-k-c0x00ffffff-no-rj,False,True,1781324299.84985
Ugz1fg1Sl3L6eqyS7CJ4AaABAg.AXxyZbLhzkyAXyDdgegdYO,PDIP juga harus di periksa,4 days ago,@ZudiTuwek-b1r,UC2fNjMboEu97Q8SSiyjlhFg,1,,https://yt3.ggpht.com/ytc/AIdro_nhAX4uk8--6AAwRQ2GbVpFfMBYNQQen_9nswNEw0Zu1RK2Vx9e7Du7VXPpxLb17cq9TQ=s88-c-k-c0x00ffffff-no-rj,False,True,1781324299.852547
Ugz1fg1Sl3L6eqyS7CJ4AaABAg.AXxyZbLhzkyAXys2cB71uy,​ @ZudiTuwek-b1r setuju 100%😂😂,4 days ago,@atiksshantika7159,UCYyq1S54QtZEEhkD0-txcjg,0,,https://yt3.ggpht.com/ytc/AIdro_n1GLXsAN5uy586LwzxgW5A3Fru5vw-mWhvdpCVcIU=s88-c-k-c0x00ffffff-no-rj,False,True,1781324299.854904
Ugz1fg1Sl3L6eqyS7CJ4AaABAg.AXxyZbLhzkyAXyM-18nlx8,"Kenapa anda pada anti mbg, padahal kami orang kampung sangat senang anak saya dapat makan dari pemerintah walau di bawah standar anda",4 days ago,@zzzchannel8930,UCfOhBxVPuUkmBBpmdXQA_kg,1,,https://yt3.ggpht.com/ytc/AIdro_kG8lVsU2fJG4iGussh59x8H_wE2JcEdQo5HOKHsyY=s88-c-k-c0x00ffffff-no-rj,False,True,1781324299.857592
Ugz1fg1Sl3L6eqyS7CJ4AaABAg.AXxyZbLhzkyAXyQnEgyd7O,"​ @zzzchannel8930  kau tak tau berapa bayak kegiatan dan bantuan penting lainnya ditiadakan demi makan gratis.kalau memang perlu makan gratis, tiggal bagi uang saja ke keluarga murid yg benar benar tepat sasaran, malah bisa untuk makan satu keluarga tanpa harus banyak komponen yag terlibat yang ujung ujungnya korupsi",4 days ago,@wiendiyatifoenale9335,UCvnZesRa0WptQP7Z5cRd-ug,2,,https://yt3.ggpht.com/ytc/AIdro_mogpmuEhcCcvn-x_ZiJf5SfIqHG34FrQEZOQfC0J8GUMo=s88-c-k-c0x00ffffff-no-rj,False,True,1781324299.860193
Ugz1fg1Sl3L6eqyS7CJ4AaABAg.AXxyZbLhzkyAXyeApt_0hh,​ @zzzchannel8930 lu bangg ya ank lho hny dpt remekan tp yg bagus dn layak d mkn kou ksihkn sm org yg korupsi,4 days ago,@sitisuyiroh1112,UClvt9Xm8-z197QWYDP1tVFg,0,,https://yt3.ggpht.com/ytc/AIdro_ksINlkKSxk1m47a3PSvq-9oosCvxv-hTKUJzGMJycKzw=s88-c-k-c0x00ffffff-no-rj,False,True,1781324299.862721
Ugz1fg1Sl3L6eqyS7CJ4AaABAg.AXxyZbLhzkyAXyD_FIXKvz,Buktikan dulu bos,4 days ago,@ZudiTuwek-b1r,UC2fNjMboEu97Q8SSiyjlhFg,0,,https://yt3.ggpht.com/ytc/AIdro_nhAX4uk8--6AAwRQ2GbVpFfMBYNQQen_9nswNEw0Zu1RK2Vx9e7Du7VXPpxLb17cq9TQ=s88-c-k-c0x00ffffff-no-rj,False,True,1781324300.02632
Ugz1fg1Sl3L6eqyS7CJ4AaABAg.AXxyZbLhzkyAXzPHx2H-lL,​ @ZudiTuwek-b1r makanya ngikutin berita tuh jgn nanggung udah ada di sebutin yg udah di tangkap,3 days ago,@wahidwahid-rt3ox,UC-fr1baS3_AtigyvK9nBelA,0,,https://yt3.ggpht.com/ytc/AIdro_l46rRbKv80G4_DPDnhqLB-Nqgl_eOIM6IqAwfk0H4=s88-c-k-c0x00ffffff-no-rj,False,True,1781410700.029129
Ugz1fg1Sl3L6eqyS7CJ4AaABAg.AXxyZbLhzkyAXymtnJVOw2,Paham bro,4 days ago,@yatimikha7115,UCmFpeV8NTrhp-nPUL6i0N4g,0,,https://yt3.ggpht.com/ytc/AIdro_k3FddQ4PfTifS6_iuG2V83XUmeEV_uSYth8H8EjiNdZZaRxq6vU6WWACH3QxsfAYN4-A=s88-c-k-c0x00ffffff-no-rj,False,True,1781324300.031756
Ugz1fg1Sl3L6eqyS7CJ4AaABAg.AXxyZbLhzkyAXzKEqqlibd,Ini org bazzer omon omon pengelola MBG,3 days ago,@lagulamaofficial3088,UCFGlDS89Sdri9uEdiBmKklA,0,,https://yt3.ggpht.com/V8sBu0Tpmf4JYEJah9pfHYq1UUzASzNwkP8rrG72lc5DiVUB84P4Ct1rfBBE9w8-xUUcRLmRRA=s88-c-k-c0x00ffffff-no-rj,False,True,1781410700.034289
